
===========================================================================
report_checks -unconstrained
===========================================================================
======================= Typical Corner ===================================

Startpoint: address[4] (input port clocked by clk)
Endpoint: read_data[16] (output port clocked by clk)
Path Group: clk
Path Type: max

Fanout     Cap    Slew   Delay    Time   Description
-----------------------------------------------------------------------------
                          0.00    0.00   clock clk (rise edge)
                          0.00    0.00   clock network delay (propagated)
                          7.60    7.60 ^ input external delay
                  0.05    0.04    7.64 ^ address[4] (in)
     2    0.01                           address[4] (net)
                  0.05    0.00    7.64 ^ input5/A (sky130_fd_sc_hd__buf_8)
                  0.34    0.26    7.89 ^ input5/X (sky130_fd_sc_hd__buf_8)
    10    0.22                           net5 (net)
                  0.39    0.10    7.99 ^ _20043_/A (sky130_fd_sc_hd__or2_1)
                  0.14    0.25    8.24 ^ _20043_/X (sky130_fd_sc_hd__or2_1)
     4    0.01                           _18117_ (net)
                  0.14    0.00    8.24 ^ _20069_/A (sky130_fd_sc_hd__or3b_1)
                  0.06    0.15    8.39 ^ _20069_/X (sky130_fd_sc_hd__or3b_1)
     1    0.01                           _18143_ (net)
                  0.06    0.00    8.39 ^ _20070_/A (sky130_fd_sc_hd__buf_2)
                  0.28    0.29    8.67 ^ _20070_/X (sky130_fd_sc_hd__buf_2)
    10    0.06                           _18144_ (net)
                  0.28    0.01    8.68 ^ _20104_/A (sky130_fd_sc_hd__nor2_1)
                  0.10    0.15    8.83 v _20104_/Y (sky130_fd_sc_hd__nor2_1)
     2    0.01                           _18178_ (net)
                  0.10    0.00    8.83 v _20105_/A (sky130_fd_sc_hd__buf_2)
                  0.12    0.24    9.07 v _20105_/X (sky130_fd_sc_hd__buf_2)
    12    0.05                           _18179_ (net)
                  0.12    0.01    9.07 v _20400_/A (sky130_fd_sc_hd__clkbuf_2)
                  0.08    0.19    9.27 v _20400_/X (sky130_fd_sc_hd__clkbuf_2)
     6    0.02                           _18462_ (net)
                  0.08    0.00    9.27 v _20477_/A2 (sky130_fd_sc_hd__a22o_1)
                  0.05    0.26    9.53 v _20477_/X (sky130_fd_sc_hd__a22o_1)
     1    0.01                           _18535_ (net)
                  0.05    0.00    9.53 v _20478_/C1 (sky130_fd_sc_hd__a221o_1)
                  0.06    0.28    9.82 v _20478_/X (sky130_fd_sc_hd__a221o_1)
     1    0.00                           _18536_ (net)
                  0.06    0.00    9.82 v _20481_/B1 (sky130_fd_sc_hd__a211o_2)
                  0.17    0.48   10.29 v _20481_/X (sky130_fd_sc_hd__a211o_2)
     2    0.06                           _18539_ (net)
                  0.17    0.00   10.30 v _20482_/C1 (sky130_fd_sc_hd__a221o_1)
                  0.11    0.39   10.69 v _20482_/X (sky130_fd_sc_hd__a221o_1)
     1    0.02                           _18540_ (net)
                  0.11    0.00   10.69 v _20483_/D1 (sky130_fd_sc_hd__a2111o_1)
                  0.16    0.44   11.13 v _20483_/X (sky130_fd_sc_hd__a2111o_1)
     2    0.02                           _18541_ (net)
                  0.16    0.00   11.13 v _20484_/A3 (sky130_fd_sc_hd__o31a_4)
                  0.30    0.57   11.71 v _20484_/X (sky130_fd_sc_hd__o31a_4)
     2    0.22                           net52 (net)
                  0.31    0.05   11.75 v output52/A (sky130_fd_sc_hd__clkbuf_4)
                  0.08    0.31   12.07 v output52/X (sky130_fd_sc_hd__clkbuf_4)
     1    0.03                           read_data[16] (net)
                  0.08    0.00   12.07 v read_data[16] (out)
                                 12.07   data arrival time

                         38.00   38.00   clock clk (rise edge)
                          0.00   38.00   clock network delay (propagated)
                         -0.25   37.75   clock uncertainty
                          0.00   37.75   clock reconvergence pessimism
                         -7.60   30.15   output external delay
                                 30.15   data required time
-----------------------------------------------------------------------------
                                 30.15   data required time
                                -12.07   data arrival time
-----------------------------------------------------------------------------
                                 18.08   slack (MET)




===========================================================================
report_checks --slack_max -0.01
============================================================================
======================= Typical Corner ===================================

No paths found.


===========================================================================
 report_check_types -max_slew -max_cap -max_fanout -violators
============================================================================
======================= Typical Corner ===================================

max slew

Pin                                    Limit    Slew   Slack
------------------------------------------------------------
_32453_/A1                              0.75    0.93   -0.18 (VIOLATED)
ANTENNA__32453__A1/DIODE                0.75    0.93   -0.18 (VIOLATED)
_32451_/Y                               0.75    0.93   -0.18 (VIOLATED)
ANTENNA__33376__A0/DIODE                0.75    0.92   -0.17 (VIOLATED)
_33376_/A0                              0.75    0.92   -0.17 (VIOLATED)
_33849_/A0                              0.75    0.92   -0.17 (VIOLATED)
ANTENNA__33849__A0/DIODE                0.75    0.92   -0.17 (VIOLATED)
_28171_/B                               0.75    0.91   -0.16 (VIOLATED)
ANTENNA__28171__B/DIODE                 0.75    0.91   -0.16 (VIOLATED)
_28172_/B                               0.75    0.91   -0.16 (VIOLATED)
ANTENNA__28172__B/DIODE                 0.75    0.91   -0.16 (VIOLATED)
_28170_/X                               0.75    0.91   -0.16 (VIOLATED)
_32425_/A2                              0.75    0.85   -0.10 (VIOLATED)
ANTENNA__32425__A2/DIODE                0.75    0.85   -0.10 (VIOLATED)
_29063_/B                               0.75    0.85   -0.10 (VIOLATED)
_29062_/B                               0.75    0.85   -0.10 (VIOLATED)
ANTENNA__29063__B/DIODE                 0.75    0.85   -0.10 (VIOLATED)
ANTENNA__29062__B/DIODE                 0.75    0.85   -0.10 (VIOLATED)
_29061_/Y                               0.75    0.85   -0.10 (VIOLATED)
_32988_/B                               0.75    0.83   -0.08 (VIOLATED)
ANTENNA__32988__B/DIODE                 0.75    0.83   -0.08 (VIOLATED)
_33254_/A0                              0.75    0.83   -0.08 (VIOLATED)
ANTENNA__33254__A0/DIODE                0.75    0.83   -0.08 (VIOLATED)
ANTENNA__29006__B/DIODE                 0.75    0.83   -0.08 (VIOLATED)
_29006_/B                               0.75    0.83   -0.08 (VIOLATED)
ANTENNA__29005__B/DIODE                 0.75    0.83   -0.08 (VIOLATED)
_29005_/B                               0.75    0.83   -0.08 (VIOLATED)
_32523_/A1                              0.75    0.83   -0.08 (VIOLATED)
ANTENNA__32523__A1/DIODE                0.75    0.83   -0.08 (VIOLATED)
ANTENNA__29448__A/DIODE                 0.75    0.83   -0.08 (VIOLATED)
ANTENNA__29449__A/DIODE                 0.75    0.83   -0.08 (VIOLATED)
_29004_/X                               0.75    0.83   -0.08 (VIOLATED)
_29448_/A                               0.75    0.83   -0.08 (VIOLATED)
_29449_/A                               0.75    0.83   -0.08 (VIOLATED)
_32521_/Y                               0.75    0.83   -0.08 (VIOLATED)
_33784_/A0                              0.75    0.79   -0.04 (VIOLATED)
ANTENNA__33784__A0/DIODE                0.75    0.79   -0.04 (VIOLATED)
_33624_/A1                              0.75    0.79   -0.04 (VIOLATED)
ANTENNA__33624__A1/DIODE                0.75    0.79   -0.04 (VIOLATED)
_30832_/B                               0.75    0.78   -0.03 (VIOLATED)
ANTENNA__30832__B/DIODE                 0.75    0.78   -0.03 (VIOLATED)
_30831_/X                               0.75    0.78   -0.03 (VIOLATED)
_32392_/A0                              0.75    0.77   -0.02 (VIOLATED)
ANTENNA__32392__A0/DIODE                0.75    0.77   -0.02 (VIOLATED)
_32220_/A0                              0.75    0.77   -0.02 (VIOLATED)
ANTENNA__32220__A0/DIODE                0.75    0.77   -0.02 (VIOLATED)
_27404_/B                               0.75    0.77   -0.02 (VIOLATED)
_27403_/B                               0.75    0.77   -0.02 (VIOLATED)
_27979_/A                               0.75    0.77   -0.02 (VIOLATED)
ANTENNA__27404__B/DIODE                 0.75    0.77   -0.02 (VIOLATED)
ANTENNA__27979__A/DIODE                 0.75    0.77   -0.02 (VIOLATED)
ANTENNA__27403__B/DIODE                 0.75    0.77   -0.02 (VIOLATED)
_27980_/A                               0.75    0.77   -0.02 (VIOLATED)
ANTENNA__27980__A/DIODE                 0.75    0.77   -0.02 (VIOLATED)
_27402_/Y                               0.75    0.77   -0.02 (VIOLATED)
output44/A                              0.75    0.75   -0.00 (VIOLATED)
ANTENNA_output44_A/DIODE                0.75    0.75   -0.00 (VIOLATED)
_32287_/A1                              0.75    0.75   -0.00 (VIOLATED)
ANTENNA__32287__A1/DIODE                0.75    0.75   -0.00 (VIOLATED)
_32284_/Y                               0.75    0.75   -0.00 (VIOLATED)
_23141_/A1                              0.75    0.75   -0.00 (VIOLATED)
ANTENNA__23141__A1/DIODE                0.75    0.75   -0.00 (VIOLATED)
_33264_/A0                              0.75    0.75   -0.00 (VIOLATED)
ANTENNA__33264__A0/DIODE                0.75    0.75   -0.00 (VIOLATED)
_33001_/A0                              0.75    0.75   -0.00 (VIOLATED)
ANTENNA__33001__A0/DIODE                0.75    0.75   -0.00 (VIOLATED)
_29195_/B                               0.75    0.75   -0.00 (VIOLATED)
_29194_/B                               0.75    0.75   -0.00 (VIOLATED)
ANTENNA__29195__B/DIODE                 0.75    0.75   -0.00 (VIOLATED)
ANTENNA__29194__B/DIODE                 0.75    0.75   -0.00 (VIOLATED)
ANTENNA__29494__A/DIODE                 0.75    0.75   -0.00 (VIOLATED)
ANTENNA__29495__A/DIODE                 0.75    0.75   -0.00 (VIOLATED)
_29193_/X                               0.75    0.75   -0.00 (VIOLATED)
_29494_/A                               0.75    0.75   -0.00 (VIOLATED)
_29495_/A                               0.75    0.75   -0.00 (VIOLATED)
_20853_/A                               0.75    0.75   -0.00 (VIOLATED)
ANTENNA__20853__A/DIODE                 0.75    0.75   -0.00 (VIOLATED)
ANTENNA__21392__A/DIODE                 0.75    0.75   -0.00 (VIOLATED)
_21392_/A                               0.75    0.75   -0.00 (VIOLATED)

max fanout

Pin                                   Limit Fanout  Slack
---------------------------------------------------------
clkbuf_6_2_0_clk/X                        6     36    -30 (VIOLATED)
clkbuf_6_31_0_clk/X                       6     36    -30 (VIOLATED)
clkbuf_6_1_0_clk/X                        6     34    -28 (VIOLATED)
clkbuf_6_26_0_clk/X                       6     34    -28 (VIOLATED)
clkbuf_6_47_0_clk/X                       6     34    -28 (VIOLATED)
clkbuf_6_15_0_clk/X                       6     32    -26 (VIOLATED)
clkbuf_6_28_0_clk/X                       6     32    -26 (VIOLATED)
clkbuf_6_5_0_clk/X                        6     32    -26 (VIOLATED)
clkbuf_6_0_0_clk/X                        6     30    -24 (VIOLATED)
clkbuf_6_16_0_clk/X                       6     30    -24 (VIOLATED)
clkbuf_6_17_0_clk/X                       6     30    -24 (VIOLATED)
clkbuf_6_20_0_clk/X                       6     30    -24 (VIOLATED)
clkbuf_6_25_0_clk/X                       6     30    -24 (VIOLATED)
clkbuf_6_34_0_clk/X                       6     30    -24 (VIOLATED)
clkbuf_6_35_0_clk/X                       6     30    -24 (VIOLATED)
clkbuf_6_45_0_clk/X                       6     30    -24 (VIOLATED)
clkbuf_6_46_0_clk/X                       6     30    -24 (VIOLATED)
clkbuf_6_58_0_clk/X                       6     30    -24 (VIOLATED)
clkbuf_6_7_0_clk/X                        6     30    -24 (VIOLATED)
clkbuf_6_11_0_clk/X                       6     28    -22 (VIOLATED)
clkbuf_6_23_0_clk/X                       6     28    -22 (VIOLATED)
clkbuf_6_32_0_clk/X                       6     28    -22 (VIOLATED)
clkbuf_6_33_0_clk/X                       6     28    -22 (VIOLATED)
clkbuf_6_40_0_clk/X                       6     28    -22 (VIOLATED)
clkbuf_6_10_0_clk/X                       6     26    -20 (VIOLATED)
clkbuf_6_12_0_clk/X                       6     26    -20 (VIOLATED)
clkbuf_6_18_0_clk/X                       6     26    -20 (VIOLATED)
clkbuf_6_19_0_clk/X                       6     26    -20 (VIOLATED)
clkbuf_6_30_0_clk/X                       6     26    -20 (VIOLATED)
clkbuf_6_36_0_clk/X                       6     26    -20 (VIOLATED)
clkbuf_6_37_0_clk/X                       6     26    -20 (VIOLATED)
clkbuf_6_38_0_clk/X                       6     26    -20 (VIOLATED)
clkbuf_6_39_0_clk/X                       6     26    -20 (VIOLATED)
clkbuf_6_3_0_clk/X                        6     26    -20 (VIOLATED)
clkbuf_6_59_0_clk/X                       6     26    -20 (VIOLATED)
clkbuf_6_9_0_clk/X                        6     26    -20 (VIOLATED)
_42201_/Q                                 6     24    -18 (VIOLATED)
clkbuf_6_13_0_clk/X                       6     24    -18 (VIOLATED)
clkbuf_6_21_0_clk/X                       6     24    -18 (VIOLATED)
clkbuf_6_22_0_clk/X                       6     24    -18 (VIOLATED)
clkbuf_6_24_0_clk/X                       6     24    -18 (VIOLATED)
clkbuf_6_27_0_clk/X                       6     24    -18 (VIOLATED)
clkbuf_6_29_0_clk/X                       6     24    -18 (VIOLATED)
clkbuf_6_43_0_clk/X                       6     24    -18 (VIOLATED)
clkbuf_6_48_0_clk/X                       6     24    -18 (VIOLATED)
clkbuf_6_4_0_clk/X                        6     24    -18 (VIOLATED)
clkbuf_6_56_0_clk/X                       6     24    -18 (VIOLATED)
clkbuf_6_63_0_clk/X                       6     24    -18 (VIOLATED)
clkbuf_6_14_0_clk/X                       6     22    -16 (VIOLATED)
clkbuf_6_44_0_clk/X                       6     22    -16 (VIOLATED)
clkbuf_6_41_0_clk/X                       6     20    -14 (VIOLATED)
clkbuf_6_42_0_clk/X                       6     20    -14 (VIOLATED)
clkbuf_6_61_0_clk/X                       6     20    -14 (VIOLATED)
clkbuf_6_6_0_clk/X                        6     20    -14 (VIOLATED)
clkbuf_6_8_0_clk/X                        6     20    -14 (VIOLATED)
clkbuf_6_49_0_clk/X                       6     18    -12 (VIOLATED)
clkbuf_6_57_0_clk/X                       6     18    -12 (VIOLATED)
clkbuf_3_0_0_clk/X                        6     16    -10 (VIOLATED)
clkbuf_3_1_0_clk/X                        6     16    -10 (VIOLATED)
clkbuf_3_2_0_clk/X                        6     16    -10 (VIOLATED)
clkbuf_3_3_0_clk/X                        6     16    -10 (VIOLATED)
clkbuf_3_4_0_clk/X                        6     16    -10 (VIOLATED)
clkbuf_3_5_0_clk/X                        6     16    -10 (VIOLATED)
clkbuf_3_6_0_clk/X                        6     16    -10 (VIOLATED)
clkbuf_3_7_0_clk/X                        6     16    -10 (VIOLATED)
clkbuf_6_50_0_clk/X                       6     16    -10 (VIOLATED)
clkbuf_6_60_0_clk/X                       6     16    -10 (VIOLATED)
clkbuf_6_62_0_clk/X                       6     16    -10 (VIOLATED)
_21731_/X                                 6     15     -9 (VIOLATED)
_22451_/X                                 6     15     -9 (VIOLATED)
clkbuf_6_51_0_clk/X                       6     14     -8 (VIOLATED)
clkbuf_6_55_0_clk/X                       6     14     -8 (VIOLATED)
_19961_/X                                 6     13     -7 (VIOLATED)
_26951_/X                                 6     13     -7 (VIOLATED)
_28906_/X                                 6     13     -7 (VIOLATED)
_32779_/X                                 6     13     -7 (VIOLATED)
_33622_/X                                 6     13     -7 (VIOLATED)
_35537_/X                                 6     13     -7 (VIOLATED)
_42032_/Q                                 6     13     -7 (VIOLATED)
_42374_/Q                                 6     13     -7 (VIOLATED)
_19962_/X                                 6     12     -6 (VIOLATED)
_19963_/X                                 6     12     -6 (VIOLATED)
_19966_/X                                 6     12     -6 (VIOLATED)
_19968_/X                                 6     12     -6 (VIOLATED)
_19969_/X                                 6     12     -6 (VIOLATED)
_19970_/X                                 6     12     -6 (VIOLATED)
_19986_/X                                 6     12     -6 (VIOLATED)
_19989_/X                                 6     12     -6 (VIOLATED)
_19990_/X                                 6     12     -6 (VIOLATED)
_19993_/X                                 6     12     -6 (VIOLATED)
_19994_/X                                 6     12     -6 (VIOLATED)
_19995_/X                                 6     12     -6 (VIOLATED)
_19997_/X                                 6     12     -6 (VIOLATED)
_19998_/Y                                 6     12     -6 (VIOLATED)
_20004_/X                                 6     12     -6 (VIOLATED)
_20007_/X                                 6     12     -6 (VIOLATED)
_20008_/X                                 6     12     -6 (VIOLATED)
_20013_/X                                 6     12     -6 (VIOLATED)
_20014_/X                                 6     12     -6 (VIOLATED)
_20015_/X                                 6     12     -6 (VIOLATED)
_20016_/X                                 6     12     -6 (VIOLATED)
_20020_/X                                 6     12     -6 (VIOLATED)
_20024_/X                                 6     12     -6 (VIOLATED)
_20025_/X                                 6     12     -6 (VIOLATED)
_20026_/X                                 6     12     -6 (VIOLATED)
_20028_/X                                 6     12     -6 (VIOLATED)
_20029_/X                                 6     12     -6 (VIOLATED)
_20039_/X                                 6     12     -6 (VIOLATED)
_20047_/X                                 6     12     -6 (VIOLATED)
_20050_/X                                 6     12     -6 (VIOLATED)
_20071_/X                                 6     12     -6 (VIOLATED)
_20073_/X                                 6     12     -6 (VIOLATED)
_20101_/X                                 6     12     -6 (VIOLATED)
_20105_/X                                 6     12     -6 (VIOLATED)
_20109_/X                                 6     12     -6 (VIOLATED)
_20115_/X                                 6     12     -6 (VIOLATED)
_20118_/X                                 6     12     -6 (VIOLATED)
_20121_/X                                 6     12     -6 (VIOLATED)
_20126_/X                                 6     12     -6 (VIOLATED)
_20129_/X                                 6     12     -6 (VIOLATED)
_20133_/X                                 6     12     -6 (VIOLATED)
_20142_/X                                 6     12     -6 (VIOLATED)
_20144_/X                                 6     12     -6 (VIOLATED)
_20151_/X                                 6     12     -6 (VIOLATED)
_20152_/X                                 6     12     -6 (VIOLATED)
_20154_/X                                 6     12     -6 (VIOLATED)
_20158_/X                                 6     12     -6 (VIOLATED)
_20159_/X                                 6     12     -6 (VIOLATED)
_20160_/X                                 6     12     -6 (VIOLATED)
_20162_/X                                 6     12     -6 (VIOLATED)
_20163_/X                                 6     12     -6 (VIOLATED)
_20167_/X                                 6     12     -6 (VIOLATED)
_20170_/X                                 6     12     -6 (VIOLATED)
_20173_/X                                 6     12     -6 (VIOLATED)
_20174_/X                                 6     12     -6 (VIOLATED)
_20177_/X                                 6     12     -6 (VIOLATED)
_20183_/X                                 6     12     -6 (VIOLATED)
_20189_/X                                 6     12     -6 (VIOLATED)
_20190_/X                                 6     12     -6 (VIOLATED)
_20193_/X                                 6     12     -6 (VIOLATED)
_20198_/X                                 6     12     -6 (VIOLATED)
_20201_/X                                 6     12     -6 (VIOLATED)
_20202_/X                                 6     12     -6 (VIOLATED)
_20245_/X                                 6     12     -6 (VIOLATED)
_20250_/X                                 6     12     -6 (VIOLATED)
_20279_/X                                 6     12     -6 (VIOLATED)
_20285_/X                                 6     12     -6 (VIOLATED)
_20287_/X                                 6     12     -6 (VIOLATED)
_20646_/X                                 6     12     -6 (VIOLATED)
_20773_/X                                 6     12     -6 (VIOLATED)
_20775_/X                                 6     12     -6 (VIOLATED)
_20776_/X                                 6     12     -6 (VIOLATED)
_20778_/X                                 6     12     -6 (VIOLATED)
_20779_/X                                 6     12     -6 (VIOLATED)
_20780_/X                                 6     12     -6 (VIOLATED)
_20782_/X                                 6     12     -6 (VIOLATED)
_20784_/X                                 6     12     -6 (VIOLATED)
_20789_/X                                 6     12     -6 (VIOLATED)
_20790_/X                                 6     12     -6 (VIOLATED)
_20791_/X                                 6     12     -6 (VIOLATED)
_20792_/X                                 6     12     -6 (VIOLATED)
_20795_/X                                 6     12     -6 (VIOLATED)
_20796_/X                                 6     12     -6 (VIOLATED)
_20799_/X                                 6     12     -6 (VIOLATED)
_20800_/X                                 6     12     -6 (VIOLATED)
_20803_/X                                 6     12     -6 (VIOLATED)
_20804_/X                                 6     12     -6 (VIOLATED)
_20807_/X                                 6     12     -6 (VIOLATED)
_20808_/X                                 6     12     -6 (VIOLATED)
_20811_/X                                 6     12     -6 (VIOLATED)
_20814_/X                                 6     12     -6 (VIOLATED)
_20820_/X                                 6     12     -6 (VIOLATED)
_20823_/X                                 6     12     -6 (VIOLATED)
_20826_/X                                 6     12     -6 (VIOLATED)
_20829_/X                                 6     12     -6 (VIOLATED)
_20832_/X                                 6     12     -6 (VIOLATED)
_20835_/X                                 6     12     -6 (VIOLATED)
_20841_/X                                 6     12     -6 (VIOLATED)
_20844_/X                                 6     12     -6 (VIOLATED)
_20847_/X                                 6     12     -6 (VIOLATED)
_20850_/X                                 6     12     -6 (VIOLATED)
_20853_/X                                 6     12     -6 (VIOLATED)
_20856_/X                                 6     12     -6 (VIOLATED)
_20860_/X                                 6     12     -6 (VIOLATED)
_20863_/X                                 6     12     -6 (VIOLATED)
_20866_/X                                 6     12     -6 (VIOLATED)
_20869_/X                                 6     12     -6 (VIOLATED)
_20872_/X                                 6     12     -6 (VIOLATED)
_20875_/X                                 6     12     -6 (VIOLATED)
_20878_/X                                 6     12     -6 (VIOLATED)
_20884_/X                                 6     12     -6 (VIOLATED)
_20887_/X                                 6     12     -6 (VIOLATED)
_20890_/X                                 6     12     -6 (VIOLATED)
_20893_/X                                 6     12     -6 (VIOLATED)
_20896_/X                                 6     12     -6 (VIOLATED)
_20899_/X                                 6     12     -6 (VIOLATED)
_20901_/X                                 6     12     -6 (VIOLATED)
_20903_/X                                 6     12     -6 (VIOLATED)
_20907_/X                                 6     12     -6 (VIOLATED)
_20966_/X                                 6     12     -6 (VIOLATED)
_20967_/X                                 6     12     -6 (VIOLATED)
_20983_/X                                 6     12     -6 (VIOLATED)
_20992_/X                                 6     12     -6 (VIOLATED)
_20995_/X                                 6     12     -6 (VIOLATED)
_21047_/X                                 6     12     -6 (VIOLATED)
_21062_/X                                 6     12     -6 (VIOLATED)
_21063_/X                                 6     12     -6 (VIOLATED)
_21076_/X                                 6     12     -6 (VIOLATED)
_21079_/X                                 6     12     -6 (VIOLATED)
_21156_/X                                 6     12     -6 (VIOLATED)
_21161_/X                                 6     12     -6 (VIOLATED)
_21164_/X                                 6     12     -6 (VIOLATED)
_21235_/X                                 6     12     -6 (VIOLATED)
_21244_/X                                 6     12     -6 (VIOLATED)
_21247_/X                                 6     12     -6 (VIOLATED)
_21254_/X                                 6     12     -6 (VIOLATED)
_21255_/X                                 6     12     -6 (VIOLATED)
_21327_/X                                 6     12     -6 (VIOLATED)
_21329_/X                                 6     12     -6 (VIOLATED)
_21332_/X                                 6     12     -6 (VIOLATED)
_21337_/X                                 6     12     -6 (VIOLATED)
_21340_/X                                 6     12     -6 (VIOLATED)
_21343_/X                                 6     12     -6 (VIOLATED)
_21346_/X                                 6     12     -6 (VIOLATED)
_21349_/X                                 6     12     -6 (VIOLATED)
_21352_/X                                 6     12     -6 (VIOLATED)
_21356_/X                                 6     12     -6 (VIOLATED)
_21359_/X                                 6     12     -6 (VIOLATED)
_21362_/X                                 6     12     -6 (VIOLATED)
_21365_/X                                 6     12     -6 (VIOLATED)
_21368_/X                                 6     12     -6 (VIOLATED)
_21371_/X                                 6     12     -6 (VIOLATED)
_21374_/X                                 6     12     -6 (VIOLATED)
_21380_/X                                 6     12     -6 (VIOLATED)
_21383_/X                                 6     12     -6 (VIOLATED)
_21386_/X                                 6     12     -6 (VIOLATED)
_21389_/X                                 6     12     -6 (VIOLATED)
_21392_/X                                 6     12     -6 (VIOLATED)
_21395_/X                                 6     12     -6 (VIOLATED)
_21401_/X                                 6     12     -6 (VIOLATED)
_21404_/X                                 6     12     -6 (VIOLATED)
_21407_/X                                 6     12     -6 (VIOLATED)
_21410_/X                                 6     12     -6 (VIOLATED)
_21413_/X                                 6     12     -6 (VIOLATED)
_21416_/X                                 6     12     -6 (VIOLATED)
_21422_/X                                 6     12     -6 (VIOLATED)
_21425_/X                                 6     12     -6 (VIOLATED)
_21428_/X                                 6     12     -6 (VIOLATED)
_21431_/X                                 6     12     -6 (VIOLATED)
_21434_/X                                 6     12     -6 (VIOLATED)
_21437_/X                                 6     12     -6 (VIOLATED)
_21439_/X                                 6     12     -6 (VIOLATED)
_21441_/X                                 6     12     -6 (VIOLATED)
_21474_/X                                 6     12     -6 (VIOLATED)
_21520_/X                                 6     12     -6 (VIOLATED)
_21532_/X                                 6     12     -6 (VIOLATED)
_21533_/X                                 6     12     -6 (VIOLATED)
_21536_/X                                 6     12     -6 (VIOLATED)
_21539_/X                                 6     12     -6 (VIOLATED)
_21576_/X                                 6     12     -6 (VIOLATED)
_21577_/X                                 6     12     -6 (VIOLATED)
_21578_/X                                 6     12     -6 (VIOLATED)
_21579_/X                                 6     12     -6 (VIOLATED)
_21622_/X                                 6     12     -6 (VIOLATED)
_21625_/X                                 6     12     -6 (VIOLATED)
_21673_/X                                 6     12     -6 (VIOLATED)
_21702_/X                                 6     12     -6 (VIOLATED)
_21717_/X                                 6     12     -6 (VIOLATED)
_21719_/X                                 6     12     -6 (VIOLATED)
_21721_/X                                 6     12     -6 (VIOLATED)
_21722_/X                                 6     12     -6 (VIOLATED)
_21732_/X                                 6     12     -6 (VIOLATED)
_21733_/X                                 6     12     -6 (VIOLATED)
_21734_/X                                 6     12     -6 (VIOLATED)
_21737_/X                                 6     12     -6 (VIOLATED)
_21739_/X                                 6     12     -6 (VIOLATED)
_21741_/X                                 6     12     -6 (VIOLATED)
_21743_/X                                 6     12     -6 (VIOLATED)
_21745_/X                                 6     12     -6 (VIOLATED)
_21749_/X                                 6     12     -6 (VIOLATED)
_21785_/X                                 6     12     -6 (VIOLATED)
_21816_/X                                 6     12     -6 (VIOLATED)
_21827_/X                                 6     12     -6 (VIOLATED)
_21830_/X                                 6     12     -6 (VIOLATED)
_21835_/X                                 6     12     -6 (VIOLATED)
_21837_/X                                 6     12     -6 (VIOLATED)
_21840_/X                                 6     12     -6 (VIOLATED)
_21843_/X                                 6     12     -6 (VIOLATED)
_21883_/X                                 6     12     -6 (VIOLATED)
_21912_/X                                 6     12     -6 (VIOLATED)
_21917_/X                                 6     12     -6 (VIOLATED)
_21931_/X                                 6     12     -6 (VIOLATED)
_21935_/X                                 6     12     -6 (VIOLATED)
_21940_/X                                 6     12     -6 (VIOLATED)
_21943_/X                                 6     12     -6 (VIOLATED)
_21946_/X                                 6     12     -6 (VIOLATED)
_21949_/X                                 6     12     -6 (VIOLATED)
_21952_/X                                 6     12     -6 (VIOLATED)
_21956_/X                                 6     12     -6 (VIOLATED)
_21961_/X                                 6     12     -6 (VIOLATED)
_21964_/X                                 6     12     -6 (VIOLATED)
_21967_/X                                 6     12     -6 (VIOLATED)
_21970_/X                                 6     12     -6 (VIOLATED)
_21973_/X                                 6     12     -6 (VIOLATED)
_21977_/X                                 6     12     -6 (VIOLATED)
_21982_/X                                 6     12     -6 (VIOLATED)
_21985_/X                                 6     12     -6 (VIOLATED)
_21988_/X                                 6     12     -6 (VIOLATED)
_21991_/X                                 6     12     -6 (VIOLATED)
_21994_/X                                 6     12     -6 (VIOLATED)
_21996_/X                                 6     12     -6 (VIOLATED)
_21999_/X                                 6     12     -6 (VIOLATED)
_22004_/X                                 6     12     -6 (VIOLATED)
_22007_/X                                 6     12     -6 (VIOLATED)
_22010_/X                                 6     12     -6 (VIOLATED)
_22013_/X                                 6     12     -6 (VIOLATED)
_22016_/X                                 6     12     -6 (VIOLATED)
_22018_/X                                 6     12     -6 (VIOLATED)
_22020_/X                                 6     12     -6 (VIOLATED)
_22023_/X                                 6     12     -6 (VIOLATED)
_22027_/X                                 6     12     -6 (VIOLATED)
_22030_/X                                 6     12     -6 (VIOLATED)
_22099_/X                                 6     12     -6 (VIOLATED)
_22100_/X                                 6     12     -6 (VIOLATED)
_22111_/X                                 6     12     -6 (VIOLATED)
_22114_/X                                 6     12     -6 (VIOLATED)
_22192_/X                                 6     12     -6 (VIOLATED)
_22193_/X                                 6     12     -6 (VIOLATED)
_22194_/X                                 6     12     -6 (VIOLATED)
_22197_/X                                 6     12     -6 (VIOLATED)
_22200_/X                                 6     12     -6 (VIOLATED)
_22273_/X                                 6     12     -6 (VIOLATED)
_22279_/X                                 6     12     -6 (VIOLATED)
_22284_/X                                 6     12     -6 (VIOLATED)
_22288_/X                                 6     12     -6 (VIOLATED)
_22355_/X                                 6     12     -6 (VIOLATED)
_22366_/X                                 6     12     -6 (VIOLATED)
_22369_/X                                 6     12     -6 (VIOLATED)
_22374_/X                                 6     12     -6 (VIOLATED)
_22376_/X                                 6     12     -6 (VIOLATED)
_22379_/X                                 6     12     -6 (VIOLATED)
_22382_/X                                 6     12     -6 (VIOLATED)
_22392_/X                                 6     12     -6 (VIOLATED)
_22423_/X                                 6     12     -6 (VIOLATED)
_22454_/X                                 6     12     -6 (VIOLATED)
_22457_/X                                 6     12     -6 (VIOLATED)
_22469_/X                                 6     12     -6 (VIOLATED)
_22473_/X                                 6     12     -6 (VIOLATED)
_22478_/X                                 6     12     -6 (VIOLATED)
_22481_/X                                 6     12     -6 (VIOLATED)
_22484_/X                                 6     12     -6 (VIOLATED)
_22487_/X                                 6     12     -6 (VIOLATED)
_22490_/X                                 6     12     -6 (VIOLATED)
_22492_/X                                 6     12     -6 (VIOLATED)
_22495_/X                                 6     12     -6 (VIOLATED)
_22500_/X                                 6     12     -6 (VIOLATED)
_22503_/X                                 6     12     -6 (VIOLATED)
_22506_/X                                 6     12     -6 (VIOLATED)
_22509_/X                                 6     12     -6 (VIOLATED)
_22512_/X                                 6     12     -6 (VIOLATED)
_22516_/X                                 6     12     -6 (VIOLATED)
_22521_/X                                 6     12     -6 (VIOLATED)
_22524_/X                                 6     12     -6 (VIOLATED)
_22527_/X                                 6     12     -6 (VIOLATED)
_22530_/X                                 6     12     -6 (VIOLATED)
_22533_/X                                 6     12     -6 (VIOLATED)
_22535_/X                                 6     12     -6 (VIOLATED)
_22537_/X                                 6     12     -6 (VIOLATED)
_22542_/X                                 6     12     -6 (VIOLATED)
_22545_/X                                 6     12     -6 (VIOLATED)
_22548_/X                                 6     12     -6 (VIOLATED)
_22551_/X                                 6     12     -6 (VIOLATED)
_22554_/X                                 6     12     -6 (VIOLATED)
_22556_/X                                 6     12     -6 (VIOLATED)
_22558_/X                                 6     12     -6 (VIOLATED)
_22561_/X                                 6     12     -6 (VIOLATED)
_22565_/X                                 6     12     -6 (VIOLATED)
_22568_/X                                 6     12     -6 (VIOLATED)
_22607_/X                                 6     12     -6 (VIOLATED)
_22638_/X                                 6     12     -6 (VIOLATED)
_22652_/X                                 6     12     -6 (VIOLATED)
_22655_/X                                 6     12     -6 (VIOLATED)
_22660_/X                                 6     12     -6 (VIOLATED)
_22705_/X                                 6     12     -6 (VIOLATED)
_22706_/X                                 6     12     -6 (VIOLATED)
_22734_/X                                 6     12     -6 (VIOLATED)
_22737_/X                                 6     12     -6 (VIOLATED)
_22740_/X                                 6     12     -6 (VIOLATED)
_22798_/X                                 6     12     -6 (VIOLATED)
_22799_/X                                 6     12     -6 (VIOLATED)
_22800_/X                                 6     12     -6 (VIOLATED)
_22815_/X                                 6     12     -6 (VIOLATED)
_22822_/X                                 6     12     -6 (VIOLATED)
_22825_/X                                 6     12     -6 (VIOLATED)
_22879_/X                                 6     12     -6 (VIOLATED)
_22894_/X                                 6     12     -6 (VIOLATED)
_22895_/X                                 6     12     -6 (VIOLATED)
_22906_/X                                 6     12     -6 (VIOLATED)
_22909_/X                                 6     12     -6 (VIOLATED)
_22929_/X                                 6     12     -6 (VIOLATED)
_22959_/X                                 6     12     -6 (VIOLATED)
_22987_/X                                 6     12     -6 (VIOLATED)
_22988_/X                                 6     12     -6 (VIOLATED)
_22991_/X                                 6     12     -6 (VIOLATED)
_22994_/X                                 6     12     -6 (VIOLATED)
_23067_/X                                 6     12     -6 (VIOLATED)
_23074_/X                                 6     12     -6 (VIOLATED)
_23077_/X                                 6     12     -6 (VIOLATED)
_23086_/X                                 6     12     -6 (VIOLATED)
_23147_/X                                 6     12     -6 (VIOLATED)
_23157_/X                                 6     12     -6 (VIOLATED)
_23191_/X                                 6     12     -6 (VIOLATED)
_23192_/X                                 6     12     -6 (VIOLATED)
_23193_/X                                 6     12     -6 (VIOLATED)
_23200_/X                                 6     12     -6 (VIOLATED)
_23201_/X                                 6     12     -6 (VIOLATED)
_23255_/X                                 6     12     -6 (VIOLATED)
_23262_/X                                 6     12     -6 (VIOLATED)
_23315_/X                                 6     12     -6 (VIOLATED)
_23323_/X                                 6     12     -6 (VIOLATED)
_23377_/X                                 6     12     -6 (VIOLATED)
_23397_/X                                 6     12     -6 (VIOLATED)
_23437_/X                                 6     12     -6 (VIOLATED)
_23445_/X                                 6     12     -6 (VIOLATED)
_23446_/X                                 6     12     -6 (VIOLATED)
_23479_/X                                 6     12     -6 (VIOLATED)
_23499_/X                                 6     12     -6 (VIOLATED)
_23559_/X                                 6     12     -6 (VIOLATED)
_23560_/X                                 6     12     -6 (VIOLATED)
_23567_/X                                 6     12     -6 (VIOLATED)
_23581_/X                                 6     12     -6 (VIOLATED)
_23588_/X                                 6     12     -6 (VIOLATED)
_23608_/X                                 6     12     -6 (VIOLATED)
_23681_/X                                 6     12     -6 (VIOLATED)
_23689_/X                                 6     12     -6 (VIOLATED)
_23690_/X                                 6     12     -6 (VIOLATED)
_23710_/X                                 6     12     -6 (VIOLATED)
_23803_/X                                 6     12     -6 (VIOLATED)
_23804_/X                                 6     12     -6 (VIOLATED)
_23811_/X                                 6     12     -6 (VIOLATED)
_23812_/X                                 6     12     -6 (VIOLATED)
_23826_/X                                 6     12     -6 (VIOLATED)
_23833_/X                                 6     12     -6 (VIOLATED)
_23846_/X                                 6     12     -6 (VIOLATED)
_23886_/X                                 6     12     -6 (VIOLATED)
_23926_/X                                 6     12     -6 (VIOLATED)
_23927_/X                                 6     12     -6 (VIOLATED)
_23928_/X                                 6     12     -6 (VIOLATED)
_23935_/X                                 6     12     -6 (VIOLATED)
_23989_/X                                 6     12     -6 (VIOLATED)
_23996_/X                                 6     12     -6 (VIOLATED)
_24016_/X                                 6     12     -6 (VIOLATED)
_24029_/X                                 6     12     -6 (VIOLATED)
_24036_/X                                 6     12     -6 (VIOLATED)
_24049_/X                                 6     12     -6 (VIOLATED)
_24050_/X                                 6     12     -6 (VIOLATED)
_24057_/X                                 6     12     -6 (VIOLATED)
_24058_/X                                 6     12     -6 (VIOLATED)
_24098_/X                                 6     12     -6 (VIOLATED)
_24131_/X                                 6     12     -6 (VIOLATED)
_24151_/X                                 6     12     -6 (VIOLATED)
_24171_/X                                 6     12     -6 (VIOLATED)
_24179_/X                                 6     12     -6 (VIOLATED)
_24213_/X                                 6     12     -6 (VIOLATED)
_24233_/X                                 6     12     -6 (VIOLATED)
_24240_/X                                 6     12     -6 (VIOLATED)
_24253_/X                                 6     12     -6 (VIOLATED)
_24260_/X                                 6     12     -6 (VIOLATED)
_24293_/X                                 6     12     -6 (VIOLATED)
_24301_/X                                 6     12     -6 (VIOLATED)
_24322_/X                                 6     12     -6 (VIOLATED)
_24342_/X                                 6     12     -6 (VIOLATED)
_24415_/X                                 6     12     -6 (VIOLATED)
_24423_/X                                 6     12     -6 (VIOLATED)
_24457_/X                                 6     12     -6 (VIOLATED)
_24524_/X                                 6     12     -6 (VIOLATED)
_24537_/X                                 6     12     -6 (VIOLATED)
_24545_/X                                 6     12     -6 (VIOLATED)
_24546_/X                                 6     12     -6 (VIOLATED)
_24547_/X                                 6     12     -6 (VIOLATED)
_24560_/X                                 6     12     -6 (VIOLATED)
_24567_/X                                 6     12     -6 (VIOLATED)
_24580_/X                                 6     12     -6 (VIOLATED)
_24587_/X                                 6     12     -6 (VIOLATED)
_24660_/X                                 6     12     -6 (VIOLATED)
_24661_/X                                 6     12     -6 (VIOLATED)
_24668_/X                                 6     12     -6 (VIOLATED)
_24669_/X                                 6     12     -6 (VIOLATED)
_24749_/X                                 6     12     -6 (VIOLATED)
_24769_/X                                 6     12     -6 (VIOLATED)
_24782_/X                                 6     12     -6 (VIOLATED)
_24789_/X                                 6     12     -6 (VIOLATED)
_24830_/X                                 6     12     -6 (VIOLATED)
_24850_/X                                 6     12     -6 (VIOLATED)
_24863_/X                                 6     12     -6 (VIOLATED)
_24889_/X                                 6     12     -6 (VIOLATED)
_24897_/X                                 6     12     -6 (VIOLATED)
_24898_/X                                 6     12     -6 (VIOLATED)
_24904_/X                                 6     12     -6 (VIOLATED)
_24919_/X                                 6     12     -6 (VIOLATED)
_24965_/X                                 6     12     -6 (VIOLATED)
_24976_/X                                 6     12     -6 (VIOLATED)
_24977_/X                                 6     12     -6 (VIOLATED)
_24992_/X                                 6     12     -6 (VIOLATED)
_25013_/X                                 6     12     -6 (VIOLATED)
_25059_/X                                 6     12     -6 (VIOLATED)
_25070_/X                                 6     12     -6 (VIOLATED)
_25085_/X                                 6     12     -6 (VIOLATED)
_25086_/X                                 6     12     -6 (VIOLATED)
_25091_/X                                 6     12     -6 (VIOLATED)
_25106_/X                                 6     12     -6 (VIOLATED)
_25107_/X                                 6     12     -6 (VIOLATED)
_25164_/X                                 6     12     -6 (VIOLATED)
_25179_/X                                 6     12     -6 (VIOLATED)
_25200_/X                                 6     12     -6 (VIOLATED)
_25257_/X                                 6     12     -6 (VIOLATED)
_25272_/X                                 6     12     -6 (VIOLATED)
_25278_/X                                 6     12     -6 (VIOLATED)
_25293_/X                                 6     12     -6 (VIOLATED)
_25334_/X                                 6     12     -6 (VIOLATED)
_25335_/X                                 6     12     -6 (VIOLATED)
_25339_/X                                 6     12     -6 (VIOLATED)
_25350_/X                                 6     12     -6 (VIOLATED)
_25365_/X                                 6     12     -6 (VIOLATED)
_25386_/X                                 6     12     -6 (VIOLATED)
_25443_/X                                 6     12     -6 (VIOLATED)
_25458_/X                                 6     12     -6 (VIOLATED)
_25474_/X                                 6     12     -6 (VIOLATED)
_25475_/X                                 6     12     -6 (VIOLATED)
_25479_/X                                 6     12     -6 (VIOLATED)
_25480_/X                                 6     12     -6 (VIOLATED)
_25536_/X                                 6     12     -6 (VIOLATED)
_25551_/X                                 6     12     -6 (VIOLATED)
_25557_/X                                 6     12     -6 (VIOLATED)
_25572_/X                                 6     12     -6 (VIOLATED)
_25644_/X                                 6     12     -6 (VIOLATED)
_25665_/X                                 6     12     -6 (VIOLATED)
_25666_/X                                 6     12     -6 (VIOLATED)
_25722_/X                                 6     12     -6 (VIOLATED)
_25723_/X                                 6     12     -6 (VIOLATED)
_25727_/X                                 6     12     -6 (VIOLATED)
_25729_/X                                 6     12     -6 (VIOLATED)
_25730_/X                                 6     12     -6 (VIOLATED)
_25731_/X                                 6     12     -6 (VIOLATED)
_25733_/X                                 6     12     -6 (VIOLATED)
_25734_/X                                 6     12     -6 (VIOLATED)
_25738_/X                                 6     12     -6 (VIOLATED)
_25752_/X                                 6     12     -6 (VIOLATED)
_25753_/X                                 6     12     -6 (VIOLATED)
_25761_/X                                 6     12     -6 (VIOLATED)
_25762_/X                                 6     12     -6 (VIOLATED)
_25765_/X                                 6     12     -6 (VIOLATED)
_25779_/X                                 6     12     -6 (VIOLATED)
_25785_/X                                 6     12     -6 (VIOLATED)
_25826_/X                                 6     12     -6 (VIOLATED)
_25873_/X                                 6     12     -6 (VIOLATED)
_25882_/X                                 6     12     -6 (VIOLATED)
_25884_/X                                 6     12     -6 (VIOLATED)
_25885_/X                                 6     12     -6 (VIOLATED)
_25886_/X                                 6     12     -6 (VIOLATED)
_25926_/X                                 6     12     -6 (VIOLATED)
_25929_/X                                 6     12     -6 (VIOLATED)
_25937_/X                                 6     12     -6 (VIOLATED)
_25950_/X                                 6     12     -6 (VIOLATED)
_25957_/X                                 6     12     -6 (VIOLATED)
_25967_/X                                 6     12     -6 (VIOLATED)
_25979_/X                                 6     12     -6 (VIOLATED)
_25980_/X                                 6     12     -6 (VIOLATED)
_25982_/X                                 6     12     -6 (VIOLATED)
_25989_/X                                 6     12     -6 (VIOLATED)
_26005_/X                                 6     12     -6 (VIOLATED)
_26026_/X                                 6     12     -6 (VIOLATED)
_26032_/X                                 6     12     -6 (VIOLATED)
_26039_/X                                 6     12     -6 (VIOLATED)
_26073_/X                                 6     12     -6 (VIOLATED)
_26074_/X                                 6     12     -6 (VIOLATED)
_26085_/X                                 6     12     -6 (VIOLATED)
_26103_/X                                 6     12     -6 (VIOLATED)
_26108_/X                                 6     12     -6 (VIOLATED)
_26118_/X                                 6     12     -6 (VIOLATED)
_26136_/X                                 6     12     -6 (VIOLATED)
_26146_/X                                 6     12     -6 (VIOLATED)
_26166_/X                                 6     12     -6 (VIOLATED)
_26198_/X                                 6     12     -6 (VIOLATED)
_26199_/X                                 6     12     -6 (VIOLATED)
_26200_/X                                 6     12     -6 (VIOLATED)
_26203_/X                                 6     12     -6 (VIOLATED)
_26204_/X                                 6     12     -6 (VIOLATED)
_26211_/X                                 6     12     -6 (VIOLATED)
_26219_/X                                 6     12     -6 (VIOLATED)
_26231_/X                                 6     12     -6 (VIOLATED)
_26276_/X                                 6     12     -6 (VIOLATED)
_26288_/X                                 6     12     -6 (VIOLATED)
_26295_/X                                 6     12     -6 (VIOLATED)
_26305_/X                                 6     12     -6 (VIOLATED)
_26318_/X                                 6     12     -6 (VIOLATED)
_26334_/X                                 6     12     -6 (VIOLATED)
_26374_/X                                 6     12     -6 (VIOLATED)
_26383_/X                                 6     12     -6 (VIOLATED)
_26411_/X                                 6     12     -6 (VIOLATED)
_26432_/X                                 6     12     -6 (VIOLATED)
_26467_/X                                 6     12     -6 (VIOLATED)
_26477_/X                                 6     12     -6 (VIOLATED)
_26478_/X                                 6     12     -6 (VIOLATED)
_26490_/X                                 6     12     -6 (VIOLATED)
_26506_/X                                 6     12     -6 (VIOLATED)
_26518_/X                                 6     12     -6 (VIOLATED)
_26534_/X                                 6     12     -6 (VIOLATED)
_26546_/X                                 6     12     -6 (VIOLATED)
_26583_/X                                 6     12     -6 (VIOLATED)
_26620_/X                                 6     12     -6 (VIOLATED)
_26632_/X                                 6     12     -6 (VIOLATED)
_26648_/X                                 6     12     -6 (VIOLATED)
_26661_/X                                 6     12     -6 (VIOLATED)
_26677_/X                                 6     12     -6 (VIOLATED)
_26689_/X                                 6     12     -6 (VIOLATED)
_26705_/X                                 6     12     -6 (VIOLATED)
_26717_/X                                 6     12     -6 (VIOLATED)
_26773_/X                                 6     12     -6 (VIOLATED)
_26787_/X                                 6     12     -6 (VIOLATED)
_26800_/X                                 6     12     -6 (VIOLATED)
_26801_/X                                 6     12     -6 (VIOLATED)
_26821_/X                                 6     12     -6 (VIOLATED)
_26834_/X                                 6     12     -6 (VIOLATED)
_26853_/X                                 6     12     -6 (VIOLATED)
_26865_/X                                 6     12     -6 (VIOLATED)
_26888_/X                                 6     12     -6 (VIOLATED)
_26889_/X                                 6     12     -6 (VIOLATED)
_26896_/X                                 6     12     -6 (VIOLATED)
_26902_/X                                 6     12     -6 (VIOLATED)
_26903_/X                                 6     12     -6 (VIOLATED)
_26905_/X                                 6     12     -6 (VIOLATED)
_26909_/X                                 6     12     -6 (VIOLATED)
_26917_/X                                 6     12     -6 (VIOLATED)
_26928_/X                                 6     12     -6 (VIOLATED)
_26939_/X                                 6     12     -6 (VIOLATED)
_26946_/X                                 6     12     -6 (VIOLATED)
_26947_/X                                 6     12     -6 (VIOLATED)
_26962_/X                                 6     12     -6 (VIOLATED)
_26973_/X                                 6     12     -6 (VIOLATED)
_26983_/X                                 6     12     -6 (VIOLATED)
_26984_/X                                 6     12     -6 (VIOLATED)
_26985_/X                                 6     12     -6 (VIOLATED)
_26996_/X                                 6     12     -6 (VIOLATED)
_27006_/X                                 6     12     -6 (VIOLATED)
_27013_/X                                 6     12     -6 (VIOLATED)
_27053_/X                                 6     12     -6 (VIOLATED)
_27073_/X                                 6     12     -6 (VIOLATED)
_27074_/X                                 6     12     -6 (VIOLATED)
_27107_/X                                 6     12     -6 (VIOLATED)
_27108_/X                                 6     12     -6 (VIOLATED)
_27135_/X                                 6     12     -6 (VIOLATED)
_27148_/X                                 6     12     -6 (VIOLATED)
_27155_/X                                 6     12     -6 (VIOLATED)
_27168_/X                                 6     12     -6 (VIOLATED)
_27195_/X                                 6     12     -6 (VIOLATED)
_27228_/X                                 6     12     -6 (VIOLATED)
_27229_/X                                 6     12     -6 (VIOLATED)
_27236_/X                                 6     12     -6 (VIOLATED)
_27237_/X                                 6     12     -6 (VIOLATED)
_27238_/X                                 6     12     -6 (VIOLATED)
_27239_/X                                 6     12     -6 (VIOLATED)
_27241_/X                                 6     12     -6 (VIOLATED)
_27251_/X                                 6     12     -6 (VIOLATED)
_27254_/X                                 6     12     -6 (VIOLATED)
_27259_/X                                 6     12     -6 (VIOLATED)
_27266_/X                                 6     12     -6 (VIOLATED)
_27282_/X                                 6     12     -6 (VIOLATED)
_27294_/X                                 6     12     -6 (VIOLATED)
_27295_/X                                 6     12     -6 (VIOLATED)
_27310_/X                                 6     12     -6 (VIOLATED)
_27312_/X                                 6     12     -6 (VIOLATED)
_27323_/X                                 6     12     -6 (VIOLATED)
_27400_/X                                 6     12     -6 (VIOLATED)
_27402_/Y                                 6     12     -6 (VIOLATED)
_27410_/X                                 6     12     -6 (VIOLATED)
_27423_/X                                 6     12     -6 (VIOLATED)
_27424_/X                                 6     12     -6 (VIOLATED)
_27440_/X                                 6     12     -6 (VIOLATED)
_27444_/X                                 6     12     -6 (VIOLATED)
_27460_/X                                 6     12     -6 (VIOLATED)
_27479_/X                                 6     12     -6 (VIOLATED)
_27497_/Y                                 6     12     -6 (VIOLATED)
_27498_/X                                 6     12     -6 (VIOLATED)
_27520_/X                                 6     12     -6 (VIOLATED)
_27523_/X                                 6     12     -6 (VIOLATED)
_27543_/X                                 6     12     -6 (VIOLATED)
_27562_/X                                 6     12     -6 (VIOLATED)
_27563_/X                                 6     12     -6 (VIOLATED)
_27593_/Y                                 6     12     -6 (VIOLATED)
_27597_/X                                 6     12     -6 (VIOLATED)
_27605_/X                                 6     12     -6 (VIOLATED)
_27613_/X                                 6     12     -6 (VIOLATED)
_27618_/X                                 6     12     -6 (VIOLATED)
_27622_/X                                 6     12     -6 (VIOLATED)
_27628_/X                                 6     12     -6 (VIOLATED)
_27638_/X                                 6     12     -6 (VIOLATED)
_27641_/X                                 6     12     -6 (VIOLATED)
_27643_/X                                 6     12     -6 (VIOLATED)
_27649_/X                                 6     12     -6 (VIOLATED)
_27651_/X                                 6     12     -6 (VIOLATED)
_27657_/X                                 6     12     -6 (VIOLATED)
_27660_/X                                 6     12     -6 (VIOLATED)
_27665_/X                                 6     12     -6 (VIOLATED)
_27668_/X                                 6     12     -6 (VIOLATED)
_27681_/X                                 6     12     -6 (VIOLATED)
_27682_/X                                 6     12     -6 (VIOLATED)
_27684_/Y                                 6     12     -6 (VIOLATED)
_27686_/X                                 6     12     -6 (VIOLATED)
_27692_/X                                 6     12     -6 (VIOLATED)
_27696_/X                                 6     12     -6 (VIOLATED)
_27701_/X                                 6     12     -6 (VIOLATED)
_27705_/X                                 6     12     -6 (VIOLATED)
_27707_/X                                 6     12     -6 (VIOLATED)
_27712_/X                                 6     12     -6 (VIOLATED)
_27719_/X                                 6     12     -6 (VIOLATED)
_27735_/X                                 6     12     -6 (VIOLATED)
_27739_/X                                 6     12     -6 (VIOLATED)
_27747_/X                                 6     12     -6 (VIOLATED)
_27756_/X                                 6     12     -6 (VIOLATED)
_27757_/X                                 6     12     -6 (VIOLATED)
_27760_/X                                 6     12     -6 (VIOLATED)
_27764_/X                                 6     12     -6 (VIOLATED)
_27766_/Y                                 6     12     -6 (VIOLATED)
_27771_/X                                 6     12     -6 (VIOLATED)
_27772_/X                                 6     12     -6 (VIOLATED)
_27773_/X                                 6     12     -6 (VIOLATED)
_27775_/X                                 6     12     -6 (VIOLATED)
_27781_/X                                 6     12     -6 (VIOLATED)
_27792_/X                                 6     12     -6 (VIOLATED)
_27803_/Y                                 6     12     -6 (VIOLATED)
_27852_/X                                 6     12     -6 (VIOLATED)
_27860_/X                                 6     12     -6 (VIOLATED)
_27870_/Y                                 6     12     -6 (VIOLATED)
_27878_/X                                 6     12     -6 (VIOLATED)
_27886_/X                                 6     12     -6 (VIOLATED)
_27888_/X                                 6     12     -6 (VIOLATED)
_27907_/X                                 6     12     -6 (VIOLATED)
_27925_/X                                 6     12     -6 (VIOLATED)
_27929_/Y                                 6     12     -6 (VIOLATED)
_27952_/X                                 6     12     -6 (VIOLATED)
_27953_/X                                 6     12     -6 (VIOLATED)
_27955_/X                                 6     12     -6 (VIOLATED)
_27961_/X                                 6     12     -6 (VIOLATED)
_27963_/X                                 6     12     -6 (VIOLATED)
_27975_/X                                 6     12     -6 (VIOLATED)
_27976_/X                                 6     12     -6 (VIOLATED)
_27978_/X                                 6     12     -6 (VIOLATED)
_27985_/X                                 6     12     -6 (VIOLATED)
_27991_/X                                 6     12     -6 (VIOLATED)
_27992_/X                                 6     12     -6 (VIOLATED)
_27994_/Y                                 6     12     -6 (VIOLATED)
_28050_/Y                                 6     12     -6 (VIOLATED)
_28056_/X                                 6     12     -6 (VIOLATED)
_28058_/Y                                 6     12     -6 (VIOLATED)
_28085_/X                                 6     12     -6 (VIOLATED)
_28091_/X                                 6     12     -6 (VIOLATED)
_28107_/X                                 6     12     -6 (VIOLATED)
_28110_/X                                 6     12     -6 (VIOLATED)
_28124_/Y                                 6     12     -6 (VIOLATED)
_28159_/X                                 6     12     -6 (VIOLATED)
_28178_/X                                 6     12     -6 (VIOLATED)
_28184_/X                                 6     12     -6 (VIOLATED)
_28185_/X                                 6     12     -6 (VIOLATED)
_28193_/X                                 6     12     -6 (VIOLATED)
_28194_/X                                 6     12     -6 (VIOLATED)
_28195_/Y                                 6     12     -6 (VIOLATED)
_28199_/X                                 6     12     -6 (VIOLATED)
_28216_/X                                 6     12     -6 (VIOLATED)
_28217_/X                                 6     12     -6 (VIOLATED)
_28218_/X                                 6     12     -6 (VIOLATED)
_28243_/X                                 6     12     -6 (VIOLATED)
_28244_/X                                 6     12     -6 (VIOLATED)
_28258_/X                                 6     12     -6 (VIOLATED)
_28259_/X                                 6     12     -6 (VIOLATED)
_28274_/X                                 6     12     -6 (VIOLATED)
_28293_/X                                 6     12     -6 (VIOLATED)
_28294_/X                                 6     12     -6 (VIOLATED)
_28297_/X                                 6     12     -6 (VIOLATED)
_28298_/X                                 6     12     -6 (VIOLATED)
_28318_/X                                 6     12     -6 (VIOLATED)
_28354_/X                                 6     12     -6 (VIOLATED)
_28366_/X                                 6     12     -6 (VIOLATED)
_28367_/X                                 6     12     -6 (VIOLATED)
_28370_/X                                 6     12     -6 (VIOLATED)
_28379_/X                                 6     12     -6 (VIOLATED)
_28398_/X                                 6     12     -6 (VIOLATED)
_28411_/X                                 6     12     -6 (VIOLATED)
_28415_/X                                 6     12     -6 (VIOLATED)
_28417_/X                                 6     12     -6 (VIOLATED)
_28429_/X                                 6     12     -6 (VIOLATED)
_28430_/X                                 6     12     -6 (VIOLATED)
_28443_/X                                 6     12     -6 (VIOLATED)
_28453_/X                                 6     12     -6 (VIOLATED)
_28481_/X                                 6     12     -6 (VIOLATED)
_28511_/X                                 6     12     -6 (VIOLATED)
_28524_/X                                 6     12     -6 (VIOLATED)
_28529_/X                                 6     12     -6 (VIOLATED)
_28593_/X                                 6     12     -6 (VIOLATED)
_28601_/X                                 6     12     -6 (VIOLATED)
_28620_/X                                 6     12     -6 (VIOLATED)
_28674_/X                                 6     12     -6 (VIOLATED)
_28686_/X                                 6     12     -6 (VIOLATED)
_28708_/X                                 6     12     -6 (VIOLATED)
_28712_/X                                 6     12     -6 (VIOLATED)
_28726_/X                                 6     12     -6 (VIOLATED)
_28739_/X                                 6     12     -6 (VIOLATED)
_28742_/X                                 6     12     -6 (VIOLATED)
_28753_/X                                 6     12     -6 (VIOLATED)
_28792_/X                                 6     12     -6 (VIOLATED)
_28797_/X                                 6     12     -6 (VIOLATED)
_28817_/X                                 6     12     -6 (VIOLATED)
_28820_/X                                 6     12     -6 (VIOLATED)
_28824_/X                                 6     12     -6 (VIOLATED)
_28840_/X                                 6     12     -6 (VIOLATED)
_28850_/X                                 6     12     -6 (VIOLATED)
_28872_/X                                 6     12     -6 (VIOLATED)
_28876_/X                                 6     12     -6 (VIOLATED)
_28878_/X                                 6     12     -6 (VIOLATED)
_28891_/X                                 6     12     -6 (VIOLATED)
_28892_/X                                 6     12     -6 (VIOLATED)
_28896_/X                                 6     12     -6 (VIOLATED)
_28902_/X                                 6     12     -6 (VIOLATED)
_28912_/X                                 6     12     -6 (VIOLATED)
_28915_/X                                 6     12     -6 (VIOLATED)
_28918_/X                                 6     12     -6 (VIOLATED)
_28922_/X                                 6     12     -6 (VIOLATED)
_28929_/Y                                 6     12     -6 (VIOLATED)
_28963_/X                                 6     12     -6 (VIOLATED)
_28971_/Y                                 6     12     -6 (VIOLATED)
_28989_/X                                 6     12     -6 (VIOLATED)
_29002_/X                                 6     12     -6 (VIOLATED)
_29004_/X                                 6     12     -6 (VIOLATED)
_29019_/X                                 6     12     -6 (VIOLATED)
_29021_/X                                 6     12     -6 (VIOLATED)
_29040_/X                                 6     12     -6 (VIOLATED)
_29058_/X                                 6     12     -6 (VIOLATED)
_29163_/X                                 6     12     -6 (VIOLATED)
_29164_/X                                 6     12     -6 (VIOLATED)
_29178_/X                                 6     12     -6 (VIOLATED)
_29183_/X                                 6     12     -6 (VIOLATED)
_29193_/X                                 6     12     -6 (VIOLATED)
_29212_/X                                 6     12     -6 (VIOLATED)
_29215_/X                                 6     12     -6 (VIOLATED)
_29222_/X                                 6     12     -6 (VIOLATED)
_29230_/X                                 6     12     -6 (VIOLATED)
_29287_/X                                 6     12     -6 (VIOLATED)
_29429_/X                                 6     12     -6 (VIOLATED)
_29458_/X                                 6     12     -6 (VIOLATED)
_29515_/X                                 6     12     -6 (VIOLATED)
_29518_/X                                 6     12     -6 (VIOLATED)
_29544_/X                                 6     12     -6 (VIOLATED)
_29545_/X                                 6     12     -6 (VIOLATED)
_29563_/X                                 6     12     -6 (VIOLATED)
_29619_/X                                 6     12     -6 (VIOLATED)
_29641_/X                                 6     12     -6 (VIOLATED)
_29661_/X                                 6     12     -6 (VIOLATED)
_29685_/X                                 6     12     -6 (VIOLATED)
_29688_/X                                 6     12     -6 (VIOLATED)
_29689_/X                                 6     12     -6 (VIOLATED)
_29694_/X                                 6     12     -6 (VIOLATED)
_29695_/X                                 6     12     -6 (VIOLATED)
_29707_/X                                 6     12     -6 (VIOLATED)
_29711_/X                                 6     12     -6 (VIOLATED)
_29720_/X                                 6     12     -6 (VIOLATED)
_29732_/X                                 6     12     -6 (VIOLATED)
_29741_/X                                 6     12     -6 (VIOLATED)
_29744_/X                                 6     12     -6 (VIOLATED)
_29762_/X                                 6     12     -6 (VIOLATED)
_29765_/X                                 6     12     -6 (VIOLATED)
_29786_/X                                 6     12     -6 (VIOLATED)
_29789_/X                                 6     12     -6 (VIOLATED)
_29839_/Y                                 6     12     -6 (VIOLATED)
_29870_/X                                 6     12     -6 (VIOLATED)
_29905_/X                                 6     12     -6 (VIOLATED)
_29908_/X                                 6     12     -6 (VIOLATED)
_29922_/X                                 6     12     -6 (VIOLATED)
_29929_/X                                 6     12     -6 (VIOLATED)
_29947_/X                                 6     12     -6 (VIOLATED)
_29955_/X                                 6     12     -6 (VIOLATED)
_29975_/X                                 6     12     -6 (VIOLATED)
_29988_/X                                 6     12     -6 (VIOLATED)
_30003_/X                                 6     12     -6 (VIOLATED)
_30010_/X                                 6     12     -6 (VIOLATED)
_30022_/X                                 6     12     -6 (VIOLATED)
_30035_/X                                 6     12     -6 (VIOLATED)
_30057_/X                                 6     12     -6 (VIOLATED)
_30061_/X                                 6     12     -6 (VIOLATED)
_30071_/X                                 6     12     -6 (VIOLATED)
_30077_/X                                 6     12     -6 (VIOLATED)
_30100_/X                                 6     12     -6 (VIOLATED)
_30106_/X                                 6     12     -6 (VIOLATED)
_30110_/X                                 6     12     -6 (VIOLATED)
_30113_/X                                 6     12     -6 (VIOLATED)
_30177_/X                                 6     12     -6 (VIOLATED)
_30185_/X                                 6     12     -6 (VIOLATED)
_30197_/X                                 6     12     -6 (VIOLATED)
_30226_/X                                 6     12     -6 (VIOLATED)
_30233_/X                                 6     12     -6 (VIOLATED)
_30234_/X                                 6     12     -6 (VIOLATED)
_30257_/X                                 6     12     -6 (VIOLATED)
_30271_/Y                                 6     12     -6 (VIOLATED)
_30273_/X                                 6     12     -6 (VIOLATED)
_30285_/X                                 6     12     -6 (VIOLATED)
_30308_/Y                                 6     12     -6 (VIOLATED)
_30323_/X                                 6     12     -6 (VIOLATED)
_30350_/X                                 6     12     -6 (VIOLATED)
_30357_/X                                 6     12     -6 (VIOLATED)
_30400_/X                                 6     12     -6 (VIOLATED)
_30415_/X                                 6     12     -6 (VIOLATED)
_30417_/X                                 6     12     -6 (VIOLATED)
_30448_/X                                 6     12     -6 (VIOLATED)
_30488_/X                                 6     12     -6 (VIOLATED)
_30548_/X                                 6     12     -6 (VIOLATED)
_30557_/X                                 6     12     -6 (VIOLATED)
_30608_/X                                 6     12     -6 (VIOLATED)
_30627_/Y                                 6     12     -6 (VIOLATED)
_30628_/X                                 6     12     -6 (VIOLATED)
_30633_/X                                 6     12     -6 (VIOLATED)
_30644_/X                                 6     12     -6 (VIOLATED)
_30744_/X                                 6     12     -6 (VIOLATED)
_30758_/X                                 6     12     -6 (VIOLATED)
_30826_/X                                 6     12     -6 (VIOLATED)
_30849_/X                                 6     12     -6 (VIOLATED)
_30888_/X                                 6     12     -6 (VIOLATED)
_30891_/X                                 6     12     -6 (VIOLATED)
_30896_/X                                 6     12     -6 (VIOLATED)
_30903_/X                                 6     12     -6 (VIOLATED)
_30921_/X                                 6     12     -6 (VIOLATED)
_30922_/X                                 6     12     -6 (VIOLATED)
_30950_/X                                 6     12     -6 (VIOLATED)
_31042_/X                                 6     12     -6 (VIOLATED)
_31067_/X                                 6     12     -6 (VIOLATED)
_31078_/X                                 6     12     -6 (VIOLATED)
_31089_/X                                 6     12     -6 (VIOLATED)
_31095_/X                                 6     12     -6 (VIOLATED)
_31096_/X                                 6     12     -6 (VIOLATED)
_31139_/X                                 6     12     -6 (VIOLATED)
_31147_/Y                                 6     12     -6 (VIOLATED)
_31151_/X                                 6     12     -6 (VIOLATED)
_31155_/Y                                 6     12     -6 (VIOLATED)
_31165_/X                                 6     12     -6 (VIOLATED)
_31169_/X                                 6     12     -6 (VIOLATED)
_31174_/Y                                 6     12     -6 (VIOLATED)
_31176_/X                                 6     12     -6 (VIOLATED)
_31179_/X                                 6     12     -6 (VIOLATED)
_31189_/X                                 6     12     -6 (VIOLATED)
_31210_/X                                 6     12     -6 (VIOLATED)
_31214_/X                                 6     12     -6 (VIOLATED)
_31240_/X                                 6     12     -6 (VIOLATED)
_31245_/Y                                 6     12     -6 (VIOLATED)
_31268_/X                                 6     12     -6 (VIOLATED)
_31277_/X                                 6     12     -6 (VIOLATED)
_31286_/X                                 6     12     -6 (VIOLATED)
_31290_/X                                 6     12     -6 (VIOLATED)
_31291_/X                                 6     12     -6 (VIOLATED)
_31293_/X                                 6     12     -6 (VIOLATED)
_31294_/X                                 6     12     -6 (VIOLATED)
_31300_/X                                 6     12     -6 (VIOLATED)
_31315_/Y                                 6     12     -6 (VIOLATED)
_31323_/X                                 6     12     -6 (VIOLATED)
_31330_/X                                 6     12     -6 (VIOLATED)
_31340_/Y                                 6     12     -6 (VIOLATED)
_31358_/Y                                 6     12     -6 (VIOLATED)
_31371_/Y                                 6     12     -6 (VIOLATED)
_31387_/X                                 6     12     -6 (VIOLATED)
_31402_/Y                                 6     12     -6 (VIOLATED)
_31420_/Y                                 6     12     -6 (VIOLATED)
_31433_/X                                 6     12     -6 (VIOLATED)
_31439_/X                                 6     12     -6 (VIOLATED)
_31447_/X                                 6     12     -6 (VIOLATED)
_31451_/X                                 6     12     -6 (VIOLATED)
_31466_/X                                 6     12     -6 (VIOLATED)
_31472_/X                                 6     12     -6 (VIOLATED)
_31473_/X                                 6     12     -6 (VIOLATED)
_31480_/X                                 6     12     -6 (VIOLATED)
_31496_/X                                 6     12     -6 (VIOLATED)
_31501_/Y                                 6     12     -6 (VIOLATED)
_31528_/X                                 6     12     -6 (VIOLATED)
_31534_/Y                                 6     12     -6 (VIOLATED)
_31553_/X                                 6     12     -6 (VIOLATED)
_31567_/X                                 6     12     -6 (VIOLATED)
_31570_/X                                 6     12     -6 (VIOLATED)
_31605_/Y                                 6     12     -6 (VIOLATED)
_31634_/Y                                 6     12     -6 (VIOLATED)
_31646_/Y                                 6     12     -6 (VIOLATED)
_31654_/X                                 6     12     -6 (VIOLATED)
_31783_/X                                 6     12     -6 (VIOLATED)
_31969_/X                                 6     12     -6 (VIOLATED)
_31970_/X                                 6     12     -6 (VIOLATED)
_31971_/X                                 6     12     -6 (VIOLATED)
_32005_/X                                 6     12     -6 (VIOLATED)
_32088_/X                                 6     12     -6 (VIOLATED)
_32089_/X                                 6     12     -6 (VIOLATED)
_32090_/X                                 6     12     -6 (VIOLATED)
_32091_/X                                 6     12     -6 (VIOLATED)
_32092_/X                                 6     12     -6 (VIOLATED)
_32093_/X                                 6     12     -6 (VIOLATED)
_32095_/X                                 6     12     -6 (VIOLATED)
_32096_/X                                 6     12     -6 (VIOLATED)
_32099_/X                                 6     12     -6 (VIOLATED)
_32116_/X                                 6     12     -6 (VIOLATED)
_32117_/X                                 6     12     -6 (VIOLATED)
_32118_/X                                 6     12     -6 (VIOLATED)
_32119_/X                                 6     12     -6 (VIOLATED)
_32120_/X                                 6     12     -6 (VIOLATED)
_32128_/X                                 6     12     -6 (VIOLATED)
_32130_/X                                 6     12     -6 (VIOLATED)
_32131_/X                                 6     12     -6 (VIOLATED)
_32138_/X                                 6     12     -6 (VIOLATED)
_32143_/X                                 6     12     -6 (VIOLATED)
_32144_/X                                 6     12     -6 (VIOLATED)
_32200_/X                                 6     12     -6 (VIOLATED)
_32224_/X                                 6     12     -6 (VIOLATED)
_32267_/X                                 6     12     -6 (VIOLATED)
_32276_/X                                 6     12     -6 (VIOLATED)
_32277_/X                                 6     12     -6 (VIOLATED)
_32279_/X                                 6     12     -6 (VIOLATED)
_32281_/X                                 6     12     -6 (VIOLATED)
_32282_/X                                 6     12     -6 (VIOLATED)
_32286_/X                                 6     12     -6 (VIOLATED)
_32292_/X                                 6     12     -6 (VIOLATED)
_32311_/X                                 6     12     -6 (VIOLATED)
_32313_/X                                 6     12     -6 (VIOLATED)
_32317_/X                                 6     12     -6 (VIOLATED)
_32318_/X                                 6     12     -6 (VIOLATED)
_32334_/X                                 6     12     -6 (VIOLATED)
_32435_/X                                 6     12     -6 (VIOLATED)
_32436_/X                                 6     12     -6 (VIOLATED)
_32442_/X                                 6     12     -6 (VIOLATED)
_32449_/X                                 6     12     -6 (VIOLATED)
_32464_/X                                 6     12     -6 (VIOLATED)
_32490_/X                                 6     12     -6 (VIOLATED)
_32510_/X                                 6     12     -6 (VIOLATED)
_32552_/X                                 6     12     -6 (VIOLATED)
_32563_/X                                 6     12     -6 (VIOLATED)
_32605_/X                                 6     12     -6 (VIOLATED)
_32606_/X                                 6     12     -6 (VIOLATED)
_32653_/X                                 6     12     -6 (VIOLATED)
_32654_/X                                 6     12     -6 (VIOLATED)
_32669_/X                                 6     12     -6 (VIOLATED)
_32694_/X                                 6     12     -6 (VIOLATED)
_32701_/X                                 6     12     -6 (VIOLATED)
_32720_/X                                 6     12     -6 (VIOLATED)
_32735_/X                                 6     12     -6 (VIOLATED)
_32747_/X                                 6     12     -6 (VIOLATED)
_32757_/X                                 6     12     -6 (VIOLATED)
_32762_/X                                 6     12     -6 (VIOLATED)
_32763_/X                                 6     12     -6 (VIOLATED)
_32764_/X                                 6     12     -6 (VIOLATED)
_32766_/X                                 6     12     -6 (VIOLATED)
_32769_/X                                 6     12     -6 (VIOLATED)
_32770_/X                                 6     12     -6 (VIOLATED)
_32771_/X                                 6     12     -6 (VIOLATED)
_32774_/X                                 6     12     -6 (VIOLATED)
_32775_/X                                 6     12     -6 (VIOLATED)
_32778_/X                                 6     12     -6 (VIOLATED)
_32781_/X                                 6     12     -6 (VIOLATED)
_32784_/X                                 6     12     -6 (VIOLATED)
_32791_/X                                 6     12     -6 (VIOLATED)
_32792_/X                                 6     12     -6 (VIOLATED)
_32795_/X                                 6     12     -6 (VIOLATED)
_32799_/X                                 6     12     -6 (VIOLATED)
_32800_/X                                 6     12     -6 (VIOLATED)
_32801_/X                                 6     12     -6 (VIOLATED)
_32806_/X                                 6     12     -6 (VIOLATED)
_32810_/X                                 6     12     -6 (VIOLATED)
_32811_/X                                 6     12     -6 (VIOLATED)
_32822_/X                                 6     12     -6 (VIOLATED)
_32849_/X                                 6     12     -6 (VIOLATED)
_32853_/X                                 6     12     -6 (VIOLATED)
_32857_/X                                 6     12     -6 (VIOLATED)
_32864_/X                                 6     12     -6 (VIOLATED)
_32866_/X                                 6     12     -6 (VIOLATED)
_32870_/X                                 6     12     -6 (VIOLATED)
_32872_/X                                 6     12     -6 (VIOLATED)
_32876_/X                                 6     12     -6 (VIOLATED)
_32880_/X                                 6     12     -6 (VIOLATED)
_32902_/X                                 6     12     -6 (VIOLATED)
_32910_/X                                 6     12     -6 (VIOLATED)
_32943_/X                                 6     12     -6 (VIOLATED)
_32953_/X                                 6     12     -6 (VIOLATED)
_32979_/X                                 6     12     -6 (VIOLATED)
_32983_/X                                 6     12     -6 (VIOLATED)
_33004_/X                                 6     12     -6 (VIOLATED)
_33014_/X                                 6     12     -6 (VIOLATED)
_33022_/X                                 6     12     -6 (VIOLATED)
_33023_/X                                 6     12     -6 (VIOLATED)
_33028_/X                                 6     12     -6 (VIOLATED)
_33029_/X                                 6     12     -6 (VIOLATED)
_33036_/X                                 6     12     -6 (VIOLATED)
_33043_/X                                 6     12     -6 (VIOLATED)
_33048_/X                                 6     12     -6 (VIOLATED)
_33049_/X                                 6     12     -6 (VIOLATED)
_33054_/X                                 6     12     -6 (VIOLATED)
_33061_/X                                 6     12     -6 (VIOLATED)
_33066_/X                                 6     12     -6 (VIOLATED)
_33070_/X                                 6     12     -6 (VIOLATED)
_33074_/X                                 6     12     -6 (VIOLATED)
_33087_/X                                 6     12     -6 (VIOLATED)
_33088_/X                                 6     12     -6 (VIOLATED)
_33094_/X                                 6     12     -6 (VIOLATED)
_33137_/X                                 6     12     -6 (VIOLATED)
_33142_/X                                 6     12     -6 (VIOLATED)
_33165_/X                                 6     12     -6 (VIOLATED)
_33168_/X                                 6     12     -6 (VIOLATED)
_33178_/X                                 6     12     -6 (VIOLATED)
_33183_/X                                 6     12     -6 (VIOLATED)
_33186_/X                                 6     12     -6 (VIOLATED)
_33205_/X                                 6     12     -6 (VIOLATED)
_33231_/X                                 6     12     -6 (VIOLATED)
_33241_/X                                 6     12     -6 (VIOLATED)
_33242_/X                                 6     12     -6 (VIOLATED)
_33331_/X                                 6     12     -6 (VIOLATED)
_33347_/X                                 6     12     -6 (VIOLATED)
_33372_/X                                 6     12     -6 (VIOLATED)
_33380_/X                                 6     12     -6 (VIOLATED)
_33426_/X                                 6     12     -6 (VIOLATED)
_33429_/X                                 6     12     -6 (VIOLATED)
_33430_/X                                 6     12     -6 (VIOLATED)
_33443_/X                                 6     12     -6 (VIOLATED)
_33444_/X                                 6     12     -6 (VIOLATED)
_33481_/X                                 6     12     -6 (VIOLATED)
_33495_/X                                 6     12     -6 (VIOLATED)
_33503_/X                                 6     12     -6 (VIOLATED)
_33536_/X                                 6     12     -6 (VIOLATED)
_33562_/X                                 6     12     -6 (VIOLATED)
_33587_/X                                 6     12     -6 (VIOLATED)
_33628_/X                                 6     12     -6 (VIOLATED)
_33631_/X                                 6     12     -6 (VIOLATED)
_33635_/X                                 6     12     -6 (VIOLATED)
_33636_/X                                 6     12     -6 (VIOLATED)
_33668_/X                                 6     12     -6 (VIOLATED)
_33687_/X                                 6     12     -6 (VIOLATED)
_33877_/X                                 6     12     -6 (VIOLATED)
_33916_/X                                 6     12     -6 (VIOLATED)
_33942_/X                                 6     12     -6 (VIOLATED)
_33943_/X                                 6     12     -6 (VIOLATED)
_33945_/X                                 6     12     -6 (VIOLATED)
_33946_/X                                 6     12     -6 (VIOLATED)
_33950_/X                                 6     12     -6 (VIOLATED)
_33956_/X                                 6     12     -6 (VIOLATED)
_33966_/X                                 6     12     -6 (VIOLATED)
_34003_/X                                 6     12     -6 (VIOLATED)
_34004_/X                                 6     12     -6 (VIOLATED)
_34040_/X                                 6     12     -6 (VIOLATED)
_34041_/X                                 6     12     -6 (VIOLATED)
_34060_/X                                 6     12     -6 (VIOLATED)
_34097_/X                                 6     12     -6 (VIOLATED)
_34122_/X                                 6     12     -6 (VIOLATED)
_34133_/X                                 6     12     -6 (VIOLATED)
_34138_/X                                 6     12     -6 (VIOLATED)
_34153_/X                                 6     12     -6 (VIOLATED)
_34165_/X                                 6     12     -6 (VIOLATED)
_34169_/X                                 6     12     -6 (VIOLATED)
_34190_/X                                 6     12     -6 (VIOLATED)
_34226_/X                                 6     12     -6 (VIOLATED)
_34246_/X                                 6     12     -6 (VIOLATED)
_34247_/X                                 6     12     -6 (VIOLATED)
_34253_/X                                 6     12     -6 (VIOLATED)
_34268_/X                                 6     12     -6 (VIOLATED)
_34273_/X                                 6     12     -6 (VIOLATED)
_34277_/X                                 6     12     -6 (VIOLATED)
_34283_/X                                 6     12     -6 (VIOLATED)
_34314_/X                                 6     12     -6 (VIOLATED)
_34319_/X                                 6     12     -6 (VIOLATED)
_34320_/X                                 6     12     -6 (VIOLATED)
_34331_/X                                 6     12     -6 (VIOLATED)
_34340_/X                                 6     12     -6 (VIOLATED)
_34352_/X                                 6     12     -6 (VIOLATED)
_34356_/X                                 6     12     -6 (VIOLATED)
_34362_/X                                 6     12     -6 (VIOLATED)
_34367_/X                                 6     12     -6 (VIOLATED)
_34371_/X                                 6     12     -6 (VIOLATED)
_34377_/X                                 6     12     -6 (VIOLATED)
_34414_/X                                 6     12     -6 (VIOLATED)
_34418_/X                                 6     12     -6 (VIOLATED)
_34433_/X                                 6     12     -6 (VIOLATED)
_34434_/X                                 6     12     -6 (VIOLATED)
_34465_/X                                 6     12     -6 (VIOLATED)
_34471_/X                                 6     12     -6 (VIOLATED)
_34507_/X                                 6     12     -6 (VIOLATED)
_34523_/X                                 6     12     -6 (VIOLATED)
_34527_/X                                 6     12     -6 (VIOLATED)
_34564_/X                                 6     12     -6 (VIOLATED)
_34565_/X                                 6     12     -6 (VIOLATED)
_34581_/X                                 6     12     -6 (VIOLATED)
_34586_/X                                 6     12     -6 (VIOLATED)
_34590_/X                                 6     12     -6 (VIOLATED)
_34601_/X                                 6     12     -6 (VIOLATED)
_34602_/X                                 6     12     -6 (VIOLATED)
_34606_/X                                 6     12     -6 (VIOLATED)
_34617_/X                                 6     12     -6 (VIOLATED)
_34621_/X                                 6     12     -6 (VIOLATED)
_34658_/X                                 6     12     -6 (VIOLATED)
_34664_/X                                 6     12     -6 (VIOLATED)
_34668_/X                                 6     12     -6 (VIOLATED)
_34679_/X                                 6     12     -6 (VIOLATED)
_34689_/X                                 6     12     -6 (VIOLATED)
_34694_/X                                 6     12     -6 (VIOLATED)
_34714_/X                                 6     12     -6 (VIOLATED)
_34751_/X                                 6     12     -6 (VIOLATED)
_34787_/X                                 6     12     -6 (VIOLATED)
_34807_/X                                 6     12     -6 (VIOLATED)
_34838_/X                                 6     12     -6 (VIOLATED)
_34844_/X                                 6     12     -6 (VIOLATED)
_34850_/X                                 6     12     -6 (VIOLATED)
_34880_/X                                 6     12     -6 (VIOLATED)
_34881_/X                                 6     12     -6 (VIOLATED)
_34897_/X                                 6     12     -6 (VIOLATED)
_34901_/X                                 6     12     -6 (VIOLATED)
_34902_/X                                 6     12     -6 (VIOLATED)
_34932_/X                                 6     12     -6 (VIOLATED)
_34938_/X                                 6     12     -6 (VIOLATED)
_34939_/X                                 6     12     -6 (VIOLATED)
_34974_/X                                 6     12     -6 (VIOLATED)
_34994_/X                                 6     12     -6 (VIOLATED)
_34995_/X                                 6     12     -6 (VIOLATED)
_35032_/X                                 6     12     -6 (VIOLATED)
_35068_/X                                 6     12     -6 (VIOLATED)
_35088_/X                                 6     12     -6 (VIOLATED)
_35100_/X                                 6     12     -6 (VIOLATED)
_35104_/X                                 6     12     -6 (VIOLATED)
_35125_/X                                 6     12     -6 (VIOLATED)
_35161_/X                                 6     12     -6 (VIOLATED)
_35181_/X                                 6     12     -6 (VIOLATED)
_35253_/X                                 6     12     -6 (VIOLATED)
_35263_/X                                 6     12     -6 (VIOLATED)
_35271_/X                                 6     12     -6 (VIOLATED)
_35272_/X                                 6     12     -6 (VIOLATED)
_35274_/X                                 6     12     -6 (VIOLATED)
_35275_/X                                 6     12     -6 (VIOLATED)
_35352_/X                                 6     12     -6 (VIOLATED)
_35353_/X                                 6     12     -6 (VIOLATED)
_35354_/X                                 6     12     -6 (VIOLATED)
_35356_/X                                 6     12     -6 (VIOLATED)
_35389_/X                                 6     12     -6 (VIOLATED)
_35390_/X                                 6     12     -6 (VIOLATED)
_35400_/X                                 6     12     -6 (VIOLATED)
_35417_/X                                 6     12     -6 (VIOLATED)
_35418_/X                                 6     12     -6 (VIOLATED)
_35424_/X                                 6     12     -6 (VIOLATED)
_35425_/X                                 6     12     -6 (VIOLATED)
_35444_/X                                 6     12     -6 (VIOLATED)
_35445_/X                                 6     12     -6 (VIOLATED)
_35459_/X                                 6     12     -6 (VIOLATED)
_35461_/X                                 6     12     -6 (VIOLATED)
_35484_/X                                 6     12     -6 (VIOLATED)
_35485_/X                                 6     12     -6 (VIOLATED)
_35499_/X                                 6     12     -6 (VIOLATED)
_35501_/X                                 6     12     -6 (VIOLATED)
_35524_/X                                 6     12     -6 (VIOLATED)
_35530_/X                                 6     12     -6 (VIOLATED)
_35678_/X                                 6     12     -6 (VIOLATED)
_35697_/X                                 6     12     -6 (VIOLATED)
_35698_/X                                 6     12     -6 (VIOLATED)
_35759_/X                                 6     12     -6 (VIOLATED)
_35797_/X                                 6     12     -6 (VIOLATED)
_35799_/X                                 6     12     -6 (VIOLATED)
_35821_/X                                 6     12     -6 (VIOLATED)
_35842_/X                                 6     12     -6 (VIOLATED)
_35858_/X                                 6     12     -6 (VIOLATED)
_35859_/X                                 6     12     -6 (VIOLATED)
_35865_/X                                 6     12     -6 (VIOLATED)
_35960_/X                                 6     12     -6 (VIOLATED)
_35963_/X                                 6     12     -6 (VIOLATED)
_35987_/X                                 6     12     -6 (VIOLATED)
_36014_/X                                 6     12     -6 (VIOLATED)
_36079_/X                                 6     12     -6 (VIOLATED)
_36080_/X                                 6     12     -6 (VIOLATED)
_36094_/X                                 6     12     -6 (VIOLATED)
_36096_/X                                 6     12     -6 (VIOLATED)
_36123_/X                                 6     12     -6 (VIOLATED)
_36131_/X                                 6     12     -6 (VIOLATED)
_36240_/X                                 6     12     -6 (VIOLATED)
_36277_/X                                 6     12     -6 (VIOLATED)
_36290_/X                                 6     12     -6 (VIOLATED)
_36313_/X                                 6     12     -6 (VIOLATED)
_36336_/X                                 6     12     -6 (VIOLATED)
_36352_/X                                 6     12     -6 (VIOLATED)
_36353_/X                                 6     12     -6 (VIOLATED)
_36376_/X                                 6     12     -6 (VIOLATED)
_36390_/X                                 6     12     -6 (VIOLATED)
_36392_/X                                 6     12     -6 (VIOLATED)
_36421_/X                                 6     12     -6 (VIOLATED)
_36422_/X                                 6     12     -6 (VIOLATED)
_36438_/X                                 6     12     -6 (VIOLATED)
_36541_/X                                 6     12     -6 (VIOLATED)
_36565_/X                                 6     12     -6 (VIOLATED)
_36566_/X                                 6     12     -6 (VIOLATED)
_36574_/X                                 6     12     -6 (VIOLATED)
_36593_/X                                 6     12     -6 (VIOLATED)
_36607_/X                                 6     12     -6 (VIOLATED)
_36672_/X                                 6     12     -6 (VIOLATED)
_36673_/X                                 6     12     -6 (VIOLATED)
_36687_/X                                 6     12     -6 (VIOLATED)
_36694_/X                                 6     12     -6 (VIOLATED)
_36710_/X                                 6     12     -6 (VIOLATED)
_36726_/X                                 6     12     -6 (VIOLATED)
_36729_/X                                 6     12     -6 (VIOLATED)
_36830_/X                                 6     12     -6 (VIOLATED)
_36854_/X                                 6     12     -6 (VIOLATED)
_36857_/X                                 6     12     -6 (VIOLATED)
_36943_/X                                 6     12     -6 (VIOLATED)
_36967_/X                                 6     12     -6 (VIOLATED)
_36980_/X                                 6     12     -6 (VIOLATED)
_36998_/X                                 6     12     -6 (VIOLATED)
_37007_/X                                 6     12     -6 (VIOLATED)
_37008_/X                                 6     12     -6 (VIOLATED)
_37023_/X                                 6     12     -6 (VIOLATED)
_37119_/X                                 6     12     -6 (VIOLATED)
_37120_/X                                 6     12     -6 (VIOLATED)
_37135_/X                                 6     12     -6 (VIOLATED)
_37145_/X                                 6     12     -6 (VIOLATED)
_37198_/X                                 6     12     -6 (VIOLATED)
_37240_/X                                 6     12     -6 (VIOLATED)
_37263_/X                                 6     12     -6 (VIOLATED)
_37264_/X                                 6     12     -6 (VIOLATED)
_37275_/X                                 6     12     -6 (VIOLATED)
_37289_/X                                 6     12     -6 (VIOLATED)
_37290_/X                                 6     12     -6 (VIOLATED)
_37295_/X                                 6     12     -6 (VIOLATED)
_37417_/X                                 6     12     -6 (VIOLATED)
_37497_/X                                 6     12     -6 (VIOLATED)
_37534_/X                                 6     12     -6 (VIOLATED)
_37536_/X                                 6     12     -6 (VIOLATED)
_37537_/X                                 6     12     -6 (VIOLATED)
_37559_/X                                 6     12     -6 (VIOLATED)
_37577_/X                                 6     12     -6 (VIOLATED)
_37580_/X                                 6     12     -6 (VIOLATED)
_37596_/X                                 6     12     -6 (VIOLATED)
_37602_/X                                 6     12     -6 (VIOLATED)
_37700_/X                                 6     12     -6 (VIOLATED)
_37724_/X                                 6     12     -6 (VIOLATED)
_37790_/X                                 6     12     -6 (VIOLATED)
_37791_/X                                 6     12     -6 (VIOLATED)
_37830_/X                                 6     12     -6 (VIOLATED)
_37832_/X                                 6     12     -6 (VIOLATED)
_37850_/X                                 6     12     -6 (VIOLATED)
_37851_/X                                 6     12     -6 (VIOLATED)
_37860_/X                                 6     12     -6 (VIOLATED)
_37861_/X                                 6     12     -6 (VIOLATED)
_37869_/X                                 6     12     -6 (VIOLATED)
_37988_/X                                 6     12     -6 (VIOLATED)
_38035_/X                                 6     12     -6 (VIOLATED)
_38052_/X                                 6     12     -6 (VIOLATED)
_38114_/X                                 6     12     -6 (VIOLATED)
_38128_/X                                 6     12     -6 (VIOLATED)
_38130_/X                                 6     12     -6 (VIOLATED)
_38131_/X                                 6     12     -6 (VIOLATED)
_38160_/X                                 6     12     -6 (VIOLATED)
_38176_/X                                 6     12     -6 (VIOLATED)
_38303_/X                                 6     12     -6 (VIOLATED)
_38344_/X                                 6     12     -6 (VIOLATED)
_38383_/X                                 6     12     -6 (VIOLATED)
_38409_/X                                 6     12     -6 (VIOLATED)
_38430_/X                                 6     12     -6 (VIOLATED)
_38446_/X                                 6     12     -6 (VIOLATED)
_38462_/X                                 6     12     -6 (VIOLATED)
_38472_/X                                 6     12     -6 (VIOLATED)
_38591_/X                                 6     12     -6 (VIOLATED)
_38592_/X                                 6     12     -6 (VIOLATED)
_38595_/X                                 6     12     -6 (VIOLATED)
_38704_/X                                 6     12     -6 (VIOLATED)
_38717_/X                                 6     12     -6 (VIOLATED)
_38736_/X                                 6     12     -6 (VIOLATED)
_38745_/X                                 6     12     -6 (VIOLATED)
_38753_/X                                 6     12     -6 (VIOLATED)
_38760_/X                                 6     12     -6 (VIOLATED)
_38762_/X                                 6     12     -6 (VIOLATED)
_38763_/X                                 6     12     -6 (VIOLATED)
_38764_/X                                 6     12     -6 (VIOLATED)
_38765_/X                                 6     12     -6 (VIOLATED)
_38766_/X                                 6     12     -6 (VIOLATED)
_38767_/X                                 6     12     -6 (VIOLATED)
_38768_/X                                 6     12     -6 (VIOLATED)
_38769_/X                                 6     12     -6 (VIOLATED)
_38770_/X                                 6     12     -6 (VIOLATED)
_38771_/X                                 6     12     -6 (VIOLATED)
_38772_/X                                 6     12     -6 (VIOLATED)
_38773_/X                                 6     12     -6 (VIOLATED)
_38774_/X                                 6     12     -6 (VIOLATED)
_38775_/X                                 6     12     -6 (VIOLATED)
_38812_/X                                 6     12     -6 (VIOLATED)
_38813_/X                                 6     12     -6 (VIOLATED)
_38815_/X                                 6     12     -6 (VIOLATED)
_38828_/X                                 6     12     -6 (VIOLATED)
_38832_/X                                 6     12     -6 (VIOLATED)
_38836_/X                                 6     12     -6 (VIOLATED)
_38840_/X                                 6     12     -6 (VIOLATED)
_38850_/X                                 6     12     -6 (VIOLATED)
_38851_/X                                 6     12     -6 (VIOLATED)
_38867_/X                                 6     12     -6 (VIOLATED)
_38877_/X                                 6     12     -6 (VIOLATED)
_38880_/X                                 6     12     -6 (VIOLATED)
_38921_/X                                 6     12     -6 (VIOLATED)
_38938_/X                                 6     12     -6 (VIOLATED)
_38956_/X                                 6     12     -6 (VIOLATED)
_38962_/X                                 6     12     -6 (VIOLATED)
_38963_/X                                 6     12     -6 (VIOLATED)
_38978_/X                                 6     12     -6 (VIOLATED)
_39092_/X                                 6     12     -6 (VIOLATED)
_39196_/X                                 6     12     -6 (VIOLATED)
_39197_/X                                 6     12     -6 (VIOLATED)
_39205_/X                                 6     12     -6 (VIOLATED)
_39262_/X                                 6     12     -6 (VIOLATED)
_39280_/X                                 6     12     -6 (VIOLATED)
_39281_/X                                 6     12     -6 (VIOLATED)
_39285_/X                                 6     12     -6 (VIOLATED)
_39311_/X                                 6     12     -6 (VIOLATED)
_39372_/X                                 6     12     -6 (VIOLATED)
_39432_/X                                 6     12     -6 (VIOLATED)
_39621_/X                                 6     12     -6 (VIOLATED)
_39625_/X                                 6     12     -6 (VIOLATED)
_39626_/X                                 6     12     -6 (VIOLATED)
_39633_/X                                 6     12     -6 (VIOLATED)
_39644_/X                                 6     12     -6 (VIOLATED)
_39663_/X                                 6     12     -6 (VIOLATED)
_39685_/X                                 6     12     -6 (VIOLATED)
_39687_/X                                 6     12     -6 (VIOLATED)
_39713_/X                                 6     12     -6 (VIOLATED)
_39759_/X                                 6     12     -6 (VIOLATED)
_39778_/X                                 6     12     -6 (VIOLATED)
_39780_/X                                 6     12     -6 (VIOLATED)
_39785_/X                                 6     12     -6 (VIOLATED)
_39786_/X                                 6     12     -6 (VIOLATED)
_39789_/X                                 6     12     -6 (VIOLATED)
_39805_/X                                 6     12     -6 (VIOLATED)
_39819_/X                                 6     12     -6 (VIOLATED)
_39837_/X                                 6     12     -6 (VIOLATED)
_42040_/Q                                 6     12     -6 (VIOLATED)
_42053_/Q                                 6     12     -6 (VIOLATED)
_42058_/Q                                 6     12     -6 (VIOLATED)
_42059_/Q                                 6     12     -6 (VIOLATED)
_42062_/Q                                 6     12     -6 (VIOLATED)
_42063_/Q                                 6     12     -6 (VIOLATED)
_42068_/Q                                 6     12     -6 (VIOLATED)
_42071_/Q                                 6     12     -6 (VIOLATED)
_42073_/Q                                 6     12     -6 (VIOLATED)
_42092_/Q                                 6     12     -6 (VIOLATED)
_42097_/Q                                 6     12     -6 (VIOLATED)
_42107_/Q                                 6     12     -6 (VIOLATED)
_42118_/Q                                 6     12     -6 (VIOLATED)
_42120_/Q                                 6     12     -6 (VIOLATED)
_42127_/Q                                 6     12     -6 (VIOLATED)
_42133_/Q                                 6     12     -6 (VIOLATED)
_42150_/Q                                 6     12     -6 (VIOLATED)
_42151_/Q                                 6     12     -6 (VIOLATED)
_42154_/Q                                 6     12     -6 (VIOLATED)
_42155_/Q                                 6     12     -6 (VIOLATED)
_42156_/Q                                 6     12     -6 (VIOLATED)
_42157_/Q                                 6     12     -6 (VIOLATED)
_42158_/Q                                 6     12     -6 (VIOLATED)
_42159_/Q                                 6     12     -6 (VIOLATED)
_42160_/Q                                 6     12     -6 (VIOLATED)
_42161_/Q                                 6     12     -6 (VIOLATED)
_42162_/Q                                 6     12     -6 (VIOLATED)
_42163_/Q                                 6     12     -6 (VIOLATED)
_42164_/Q                                 6     12     -6 (VIOLATED)
_42165_/Q                                 6     12     -6 (VIOLATED)
_42166_/Q                                 6     12     -6 (VIOLATED)
_42167_/Q                                 6     12     -6 (VIOLATED)
_42168_/Q                                 6     12     -6 (VIOLATED)
_42169_/Q                                 6     12     -6 (VIOLATED)
_42170_/Q                                 6     12     -6 (VIOLATED)
_42171_/Q                                 6     12     -6 (VIOLATED)
_42182_/Q                                 6     12     -6 (VIOLATED)
_42183_/Q                                 6     12     -6 (VIOLATED)
_42186_/Q                                 6     12     -6 (VIOLATED)
_42187_/Q                                 6     12     -6 (VIOLATED)
_42188_/Q                                 6     12     -6 (VIOLATED)
_42189_/Q                                 6     12     -6 (VIOLATED)
_42190_/Q                                 6     12     -6 (VIOLATED)
_42191_/Q                                 6     12     -6 (VIOLATED)
_42192_/Q                                 6     12     -6 (VIOLATED)
_42193_/Q                                 6     12     -6 (VIOLATED)
_42194_/Q                                 6     12     -6 (VIOLATED)
_42195_/Q                                 6     12     -6 (VIOLATED)
_42196_/Q                                 6     12     -6 (VIOLATED)
_42197_/Q                                 6     12     -6 (VIOLATED)
_42198_/Q                                 6     12     -6 (VIOLATED)
_42199_/Q                                 6     12     -6 (VIOLATED)
_42200_/Q                                 6     12     -6 (VIOLATED)
_42202_/Q                                 6     12     -6 (VIOLATED)
_42203_/Q                                 6     12     -6 (VIOLATED)
_42214_/Q                                 6     12     -6 (VIOLATED)
_42215_/Q                                 6     12     -6 (VIOLATED)
_42218_/Q                                 6     12     -6 (VIOLATED)
_42219_/Q                                 6     12     -6 (VIOLATED)
_42220_/Q                                 6     12     -6 (VIOLATED)
_42221_/Q                                 6     12     -6 (VIOLATED)
_42222_/Q                                 6     12     -6 (VIOLATED)
_42223_/Q                                 6     12     -6 (VIOLATED)
_42224_/Q                                 6     12     -6 (VIOLATED)
_42225_/Q                                 6     12     -6 (VIOLATED)
_42226_/Q                                 6     12     -6 (VIOLATED)
_42227_/Q                                 6     12     -6 (VIOLATED)
_42228_/Q                                 6     12     -6 (VIOLATED)
_42229_/Q                                 6     12     -6 (VIOLATED)
_42230_/Q                                 6     12     -6 (VIOLATED)
_42231_/Q                                 6     12     -6 (VIOLATED)
_42232_/Q                                 6     12     -6 (VIOLATED)
_42233_/Q                                 6     12     -6 (VIOLATED)
_42234_/Q                                 6     12     -6 (VIOLATED)
_42235_/Q                                 6     12     -6 (VIOLATED)
_42246_/Q                                 6     12     -6 (VIOLATED)
_42247_/Q                                 6     12     -6 (VIOLATED)
_42250_/Q                                 6     12     -6 (VIOLATED)
_42251_/Q                                 6     12     -6 (VIOLATED)
_42252_/Q                                 6     12     -6 (VIOLATED)
_42253_/Q                                 6     12     -6 (VIOLATED)
_42254_/Q                                 6     12     -6 (VIOLATED)
_42255_/Q                                 6     12     -6 (VIOLATED)
_42256_/Q                                 6     12     -6 (VIOLATED)
_42257_/Q                                 6     12     -6 (VIOLATED)
_42258_/Q                                 6     12     -6 (VIOLATED)
_42259_/Q                                 6     12     -6 (VIOLATED)
_42260_/Q                                 6     12     -6 (VIOLATED)
_42261_/Q                                 6     12     -6 (VIOLATED)
_42262_/Q                                 6     12     -6 (VIOLATED)
_42263_/Q                                 6     12     -6 (VIOLATED)
_42264_/Q                                 6     12     -6 (VIOLATED)
_42265_/Q                                 6     12     -6 (VIOLATED)
_42266_/Q                                 6     12     -6 (VIOLATED)
_42267_/Q                                 6     12     -6 (VIOLATED)
_42278_/Q                                 6     12     -6 (VIOLATED)
_42282_/Q                                 6     12     -6 (VIOLATED)
_42284_/Q                                 6     12     -6 (VIOLATED)
_42285_/Q                                 6     12     -6 (VIOLATED)
_42286_/Q                                 6     12     -6 (VIOLATED)
_42287_/Q                                 6     12     -6 (VIOLATED)
_42288_/Q                                 6     12     -6 (VIOLATED)
_42289_/Q                                 6     12     -6 (VIOLATED)
_42291_/Q                                 6     12     -6 (VIOLATED)
_42292_/Q                                 6     12     -6 (VIOLATED)
_42293_/Q                                 6     12     -6 (VIOLATED)
_42294_/Q                                 6     12     -6 (VIOLATED)
_42296_/Q                                 6     12     -6 (VIOLATED)
_42299_/Q                                 6     12     -6 (VIOLATED)
_42310_/Q                                 6     12     -6 (VIOLATED)
_42311_/Q                                 6     12     -6 (VIOLATED)
_42314_/Q                                 6     12     -6 (VIOLATED)
_42315_/Q                                 6     12     -6 (VIOLATED)
_42316_/Q                                 6     12     -6 (VIOLATED)
_42317_/Q                                 6     12     -6 (VIOLATED)
_42318_/Q                                 6     12     -6 (VIOLATED)
_42319_/Q                                 6     12     -6 (VIOLATED)
_42320_/Q                                 6     12     -6 (VIOLATED)
_42321_/Q                                 6     12     -6 (VIOLATED)
_42322_/Q                                 6     12     -6 (VIOLATED)
_42324_/Q                                 6     12     -6 (VIOLATED)
_42325_/Q                                 6     12     -6 (VIOLATED)
_42326_/Q                                 6     12     -6 (VIOLATED)
_42327_/Q                                 6     12     -6 (VIOLATED)
_42328_/Q                                 6     12     -6 (VIOLATED)
_42329_/Q                                 6     12     -6 (VIOLATED)
_42330_/Q                                 6     12     -6 (VIOLATED)
_42331_/Q                                 6     12     -6 (VIOLATED)
_42342_/Q                                 6     12     -6 (VIOLATED)
_42343_/Q                                 6     12     -6 (VIOLATED)
_42346_/Q                                 6     12     -6 (VIOLATED)
_42348_/Q                                 6     12     -6 (VIOLATED)
_42349_/Q                                 6     12     -6 (VIOLATED)
_42350_/Q                                 6     12     -6 (VIOLATED)
_42351_/Q                                 6     12     -6 (VIOLATED)
_42352_/Q                                 6     12     -6 (VIOLATED)
_42353_/Q                                 6     12     -6 (VIOLATED)
_42354_/Q                                 6     12     -6 (VIOLATED)
_42355_/Q                                 6     12     -6 (VIOLATED)
_42356_/Q                                 6     12     -6 (VIOLATED)
_42357_/Q                                 6     12     -6 (VIOLATED)
_42358_/Q                                 6     12     -6 (VIOLATED)
_42359_/Q                                 6     12     -6 (VIOLATED)
_42360_/Q                                 6     12     -6 (VIOLATED)
_42361_/Q                                 6     12     -6 (VIOLATED)
_42362_/Q                                 6     12     -6 (VIOLATED)
_42363_/Q                                 6     12     -6 (VIOLATED)
_42375_/Q                                 6     12     -6 (VIOLATED)
_42378_/Q                                 6     12     -6 (VIOLATED)
_42379_/Q                                 6     12     -6 (VIOLATED)
_42380_/Q                                 6     12     -6 (VIOLATED)
_42381_/Q                                 6     12     -6 (VIOLATED)
_42382_/Q                                 6     12     -6 (VIOLATED)
_42383_/Q                                 6     12     -6 (VIOLATED)
_42384_/Q                                 6     12     -6 (VIOLATED)
_42385_/Q                                 6     12     -6 (VIOLATED)
_42386_/Q                                 6     12     -6 (VIOLATED)
_42387_/Q                                 6     12     -6 (VIOLATED)
_42388_/Q                                 6     12     -6 (VIOLATED)
_42389_/Q                                 6     12     -6 (VIOLATED)
_42390_/Q                                 6     12     -6 (VIOLATED)
_42391_/Q                                 6     12     -6 (VIOLATED)
_42392_/Q                                 6     12     -6 (VIOLATED)
_42393_/Q                                 6     12     -6 (VIOLATED)
_42394_/Q                                 6     12     -6 (VIOLATED)
_42395_/Q                                 6     12     -6 (VIOLATED)
_42406_/Q                                 6     12     -6 (VIOLATED)
_42407_/Q                                 6     12     -6 (VIOLATED)
_42410_/Q                                 6     12     -6 (VIOLATED)
_42411_/Q                                 6     12     -6 (VIOLATED)
_42412_/Q                                 6     12     -6 (VIOLATED)
_42413_/Q                                 6     12     -6 (VIOLATED)
_42414_/Q                                 6     12     -6 (VIOLATED)
_42415_/Q                                 6     12     -6 (VIOLATED)
_42416_/Q                                 6     12     -6 (VIOLATED)
_42417_/Q                                 6     12     -6 (VIOLATED)
_42418_/Q                                 6     12     -6 (VIOLATED)
_42419_/Q                                 6     12     -6 (VIOLATED)
_42420_/Q                                 6     12     -6 (VIOLATED)
_42421_/Q                                 6     12     -6 (VIOLATED)
_42422_/Q                                 6     12     -6 (VIOLATED)
_42423_/Q                                 6     12     -6 (VIOLATED)
_42424_/Q                                 6     12     -6 (VIOLATED)
_42425_/Q                                 6     12     -6 (VIOLATED)
_42426_/Q                                 6     12     -6 (VIOLATED)
_42427_/Q                                 6     12     -6 (VIOLATED)
_42438_/Q                                 6     12     -6 (VIOLATED)
_42439_/Q                                 6     12     -6 (VIOLATED)
_42442_/Q                                 6     12     -6 (VIOLATED)
_42443_/Q                                 6     12     -6 (VIOLATED)
_42444_/Q                                 6     12     -6 (VIOLATED)
_42445_/Q                                 6     12     -6 (VIOLATED)
_42446_/Q                                 6     12     -6 (VIOLATED)
_42447_/Q                                 6     12     -6 (VIOLATED)
_42448_/Q                                 6     12     -6 (VIOLATED)
_42449_/Q                                 6     12     -6 (VIOLATED)
_42450_/Q                                 6     12     -6 (VIOLATED)
_42451_/Q                                 6     12     -6 (VIOLATED)
_42452_/Q                                 6     12     -6 (VIOLATED)
_42453_/Q                                 6     12     -6 (VIOLATED)
_42454_/Q                                 6     12     -6 (VIOLATED)
_42455_/Q                                 6     12     -6 (VIOLATED)
_42457_/Q                                 6     12     -6 (VIOLATED)
_42458_/Q                                 6     12     -6 (VIOLATED)
_42459_/Q                                 6     12     -6 (VIOLATED)
_42470_/Q                                 6     12     -6 (VIOLATED)
_42471_/Q                                 6     12     -6 (VIOLATED)
_42474_/Q                                 6     12     -6 (VIOLATED)
_42475_/Q                                 6     12     -6 (VIOLATED)
_42476_/Q                                 6     12     -6 (VIOLATED)
_42477_/Q                                 6     12     -6 (VIOLATED)
_42478_/Q                                 6     12     -6 (VIOLATED)
_42479_/Q                                 6     12     -6 (VIOLATED)
_42480_/Q                                 6     12     -6 (VIOLATED)
_42481_/Q                                 6     12     -6 (VIOLATED)
_42482_/Q                                 6     12     -6 (VIOLATED)
_42483_/Q                                 6     12     -6 (VIOLATED)
_42484_/Q                                 6     12     -6 (VIOLATED)
_42485_/Q                                 6     12     -6 (VIOLATED)
_42486_/Q                                 6     12     -6 (VIOLATED)
_42487_/Q                                 6     12     -6 (VIOLATED)
_42488_/Q                                 6     12     -6 (VIOLATED)
_42489_/Q                                 6     12     -6 (VIOLATED)
_42490_/Q                                 6     12     -6 (VIOLATED)
_42491_/Q                                 6     12     -6 (VIOLATED)
_42502_/Q                                 6     12     -6 (VIOLATED)
_42503_/Q                                 6     12     -6 (VIOLATED)
_42506_/Q                                 6     12     -6 (VIOLATED)
_42507_/Q                                 6     12     -6 (VIOLATED)
_42508_/Q                                 6     12     -6 (VIOLATED)
_42509_/Q                                 6     12     -6 (VIOLATED)
_42510_/Q                                 6     12     -6 (VIOLATED)
_42511_/Q                                 6     12     -6 (VIOLATED)
_42512_/Q                                 6     12     -6 (VIOLATED)
_42513_/Q                                 6     12     -6 (VIOLATED)
_42514_/Q                                 6     12     -6 (VIOLATED)
_42515_/Q                                 6     12     -6 (VIOLATED)
_42516_/Q                                 6     12     -6 (VIOLATED)
_42517_/Q                                 6     12     -6 (VIOLATED)
_42518_/Q                                 6     12     -6 (VIOLATED)
_42519_/Q                                 6     12     -6 (VIOLATED)
_42520_/Q                                 6     12     -6 (VIOLATED)
_42521_/Q                                 6     12     -6 (VIOLATED)
_42522_/Q                                 6     12     -6 (VIOLATED)
_42523_/Q                                 6     12     -6 (VIOLATED)
_43610_/Q                                 6     12     -6 (VIOLATED)
_43613_/Q                                 6     12     -6 (VIOLATED)
_43616_/Q                                 6     12     -6 (VIOLATED)
clkbuf_6_53_0_clk/X                       6     12     -6 (VIOLATED)
clkbuf_6_54_0_clk/X                       6     12     -6 (VIOLATED)
input13/X                                 6     12     -6 (VIOLATED)
input14/X                                 6     12     -6 (VIOLATED)
input15/X                                 6     12     -6 (VIOLATED)
input16/X                                 6     12     -6 (VIOLATED)
input17/X                                 6     12     -6 (VIOLATED)
input18/X                                 6     12     -6 (VIOLATED)
input19/X                                 6     12     -6 (VIOLATED)
input20/X                                 6     12     -6 (VIOLATED)
input21/X                                 6     12     -6 (VIOLATED)
input22/X                                 6     12     -6 (VIOLATED)
input24/X                                 6     12     -6 (VIOLATED)
input25/X                                 6     12     -6 (VIOLATED)
input26/X                                 6     12     -6 (VIOLATED)
input27/X                                 6     12     -6 (VIOLATED)
input28/X                                 6     12     -6 (VIOLATED)
input29/X                                 6     12     -6 (VIOLATED)
input30/X                                 6     12     -6 (VIOLATED)
input31/X                                 6     12     -6 (VIOLATED)
input32/X                                 6     12     -6 (VIOLATED)
input33/X                                 6     12     -6 (VIOLATED)
input35/X                                 6     12     -6 (VIOLATED)
input36/X                                 6     12     -6 (VIOLATED)
input39/X                                 6     12     -6 (VIOLATED)
input40/X                                 6     12     -6 (VIOLATED)
input41/X                                 6     12     -6 (VIOLATED)
input42/X                                 6     12     -6 (VIOLATED)
input43/X                                 6     12     -6 (VIOLATED)
input6/X                                  6     12     -6 (VIOLATED)
_29598_/Y                                 6     11     -5 (VIOLATED)
_42465_/Q                                 6     11     -5 (VIOLATED)
_20023_/Y                                 6     10     -4 (VIOLATED)
_20040_/Y                                 6     10     -4 (VIOLATED)
_20059_/Y                                 6     10     -4 (VIOLATED)
_20070_/X                                 6     10     -4 (VIOLATED)
_20114_/Y                                 6     10     -4 (VIOLATED)
_20124_/Y                                 6     10     -4 (VIOLATED)
_21738_/X                                 6     10     -4 (VIOLATED)
_27286_/X                                 6     10     -4 (VIOLATED)
_27394_/X                                 6     10     -4 (VIOLATED)
_27418_/Y                                 6     10     -4 (VIOLATED)
_27470_/X                                 6     10     -4 (VIOLATED)
_27541_/X                                 6     10     -4 (VIOLATED)
_27548_/X                                 6     10     -4 (VIOLATED)
_27671_/Y                                 6     10     -4 (VIOLATED)
_28041_/X                                 6     10     -4 (VIOLATED)
_28042_/Y                                 6     10     -4 (VIOLATED)
_28067_/Y                                 6     10     -4 (VIOLATED)
_28242_/X                                 6     10     -4 (VIOLATED)
_28569_/X                                 6     10     -4 (VIOLATED)
_28609_/Y                                 6     10     -4 (VIOLATED)
_28690_/Y                                 6     10     -4 (VIOLATED)
_28806_/Y                                 6     10     -4 (VIOLATED)
_28834_/Y                                 6     10     -4 (VIOLATED)
_28904_/Y                                 6     10     -4 (VIOLATED)
_28945_/Y                                 6     10     -4 (VIOLATED)
_28955_/Y                                 6     10     -4 (VIOLATED)
_28981_/Y                                 6     10     -4 (VIOLATED)
_29054_/Y                                 6     10     -4 (VIOLATED)
_29107_/Y                                 6     10     -4 (VIOLATED)
_29120_/X                                 6     10     -4 (VIOLATED)
_29126_/X                                 6     10     -4 (VIOLATED)
_29166_/Y                                 6     10     -4 (VIOLATED)
_29323_/X                                 6     10     -4 (VIOLATED)
_29333_/X                                 6     10     -4 (VIOLATED)
_29345_/Y                                 6     10     -4 (VIOLATED)
_29370_/Y                                 6     10     -4 (VIOLATED)
_29373_/Y                                 6     10     -4 (VIOLATED)
_29384_/X                                 6     10     -4 (VIOLATED)
_29421_/Y                                 6     10     -4 (VIOLATED)
_29506_/Y                                 6     10     -4 (VIOLATED)
_29521_/X                                 6     10     -4 (VIOLATED)
_29531_/Y                                 6     10     -4 (VIOLATED)
_29603_/Y                                 6     10     -4 (VIOLATED)
_29835_/X                                 6     10     -4 (VIOLATED)
_29938_/X                                 6     10     -4 (VIOLATED)
_29979_/Y                                 6     10     -4 (VIOLATED)
_29981_/Y                                 6     10     -4 (VIOLATED)
_30040_/Y                                 6     10     -4 (VIOLATED)
_30049_/Y                                 6     10     -4 (VIOLATED)
_30095_/X                                 6     10     -4 (VIOLATED)
_30104_/Y                                 6     10     -4 (VIOLATED)
_30129_/Y                                 6     10     -4 (VIOLATED)
_30160_/Y                                 6     10     -4 (VIOLATED)
_30222_/X                                 6     10     -4 (VIOLATED)
_30264_/Y                                 6     10     -4 (VIOLATED)
_30294_/X                                 6     10     -4 (VIOLATED)
_30326_/Y                                 6     10     -4 (VIOLATED)
_30337_/X                                 6     10     -4 (VIOLATED)
_30408_/Y                                 6     10     -4 (VIOLATED)
_31100_/Y                                 6     10     -4 (VIOLATED)
_31219_/Y                                 6     10     -4 (VIOLATED)
_31228_/X                                 6     10     -4 (VIOLATED)
_31252_/Y                                 6     10     -4 (VIOLATED)
_31264_/Y                                 6     10     -4 (VIOLATED)
_31275_/Y                                 6     10     -4 (VIOLATED)
_31283_/Y                                 6     10     -4 (VIOLATED)
_31518_/Y                                 6     10     -4 (VIOLATED)
_31564_/Y                                 6     10     -4 (VIOLATED)
_31584_/Y                                 6     10     -4 (VIOLATED)
_31669_/Y                                 6     10     -4 (VIOLATED)
_31688_/Y                                 6     10     -4 (VIOLATED)
_31705_/Y                                 6     10     -4 (VIOLATED)
_31720_/Y                                 6     10     -4 (VIOLATED)
_31731_/Y                                 6     10     -4 (VIOLATED)
_31778_/Y                                 6     10     -4 (VIOLATED)
_31834_/Y                                 6     10     -4 (VIOLATED)
_33944_/Y                                 6     10     -4 (VIOLATED)
_39224_/X                                 6     10     -4 (VIOLATED)
_39410_/X                                 6     10     -4 (VIOLATED)
_39930_/Y                                 6     10     -4 (VIOLATED)
_40282_/Q                                 6     10     -4 (VIOLATED)
_40284_/Q                                 6     10     -4 (VIOLATED)
_41312_/Q                                 6     10     -4 (VIOLATED)
_42021_/Q                                 6     10     -4 (VIOLATED)
_42024_/Q                                 6     10     -4 (VIOLATED)
_42037_/Q                                 6     10     -4 (VIOLATED)
_42038_/Q                                 6     10     -4 (VIOLATED)
_42039_/Q                                 6     10     -4 (VIOLATED)
_42043_/Q                                 6     10     -4 (VIOLATED)
_42050_/Q                                 6     10     -4 (VIOLATED)
_42069_/Q                                 6     10     -4 (VIOLATED)
_42075_/Q                                 6     10     -4 (VIOLATED)
_42077_/Q                                 6     10     -4 (VIOLATED)
_42086_/Q                                 6     10     -4 (VIOLATED)
_42088_/Q                                 6     10     -4 (VIOLATED)
_42098_/Q                                 6     10     -4 (VIOLATED)
_42112_/Q                                 6     10     -4 (VIOLATED)
_42114_/Q                                 6     10     -4 (VIOLATED)
_42131_/Q                                 6     10     -4 (VIOLATED)
_42135_/Q                                 6     10     -4 (VIOLATED)
_42141_/Q                                 6     10     -4 (VIOLATED)
_42143_/Q                                 6     10     -4 (VIOLATED)
_42147_/Q                                 6     10     -4 (VIOLATED)
_42148_/Q                                 6     10     -4 (VIOLATED)
_42149_/Q                                 6     10     -4 (VIOLATED)
_42152_/Q                                 6     10     -4 (VIOLATED)
_42153_/Q                                 6     10     -4 (VIOLATED)
_42172_/Q                                 6     10     -4 (VIOLATED)
_42173_/Q                                 6     10     -4 (VIOLATED)
_42174_/Q                                 6     10     -4 (VIOLATED)
_42175_/Q                                 6     10     -4 (VIOLATED)
_42176_/Q                                 6     10     -4 (VIOLATED)
_42177_/Q                                 6     10     -4 (VIOLATED)
_42178_/Q                                 6     10     -4 (VIOLATED)
_42180_/Q                                 6     10     -4 (VIOLATED)
_42181_/Q                                 6     10     -4 (VIOLATED)
_42184_/Q                                 6     10     -4 (VIOLATED)
_42185_/Q                                 6     10     -4 (VIOLATED)
_42204_/Q                                 6     10     -4 (VIOLATED)
_42205_/Q                                 6     10     -4 (VIOLATED)
_42206_/Q                                 6     10     -4 (VIOLATED)
_42207_/Q                                 6     10     -4 (VIOLATED)
_42208_/Q                                 6     10     -4 (VIOLATED)
_42209_/Q                                 6     10     -4 (VIOLATED)
_42210_/Q                                 6     10     -4 (VIOLATED)
_42212_/Q                                 6     10     -4 (VIOLATED)
_42213_/Q                                 6     10     -4 (VIOLATED)
_42216_/Q                                 6     10     -4 (VIOLATED)
_42217_/Q                                 6     10     -4 (VIOLATED)
_42236_/Q                                 6     10     -4 (VIOLATED)
_42237_/Q                                 6     10     -4 (VIOLATED)
_42238_/Q                                 6     10     -4 (VIOLATED)
_42239_/Q                                 6     10     -4 (VIOLATED)
_42240_/Q                                 6     10     -4 (VIOLATED)
_42241_/Q                                 6     10     -4 (VIOLATED)
_42242_/Q                                 6     10     -4 (VIOLATED)
_42244_/Q                                 6     10     -4 (VIOLATED)
_42245_/Q                                 6     10     -4 (VIOLATED)
_42248_/Q                                 6     10     -4 (VIOLATED)
_42249_/Q                                 6     10     -4 (VIOLATED)
_42268_/Q                                 6     10     -4 (VIOLATED)
_42269_/Q                                 6     10     -4 (VIOLATED)
_42270_/Q                                 6     10     -4 (VIOLATED)
_42271_/Q                                 6     10     -4 (VIOLATED)
_42272_/Q                                 6     10     -4 (VIOLATED)
_42273_/Q                                 6     10     -4 (VIOLATED)
_42274_/Q                                 6     10     -4 (VIOLATED)
_42276_/Q                                 6     10     -4 (VIOLATED)
_42277_/Q                                 6     10     -4 (VIOLATED)
_42295_/Q                                 6     10     -4 (VIOLATED)
_42300_/Q                                 6     10     -4 (VIOLATED)
_42301_/Q                                 6     10     -4 (VIOLATED)
_42302_/Q                                 6     10     -4 (VIOLATED)
_42303_/Q                                 6     10     -4 (VIOLATED)
_42304_/Q                                 6     10     -4 (VIOLATED)
_42305_/Q                                 6     10     -4 (VIOLATED)
_42306_/Q                                 6     10     -4 (VIOLATED)
_42308_/Q                                 6     10     -4 (VIOLATED)
_42309_/Q                                 6     10     -4 (VIOLATED)
_42312_/Q                                 6     10     -4 (VIOLATED)
_42313_/Q                                 6     10     -4 (VIOLATED)
_42323_/Q                                 6     10     -4 (VIOLATED)
_42332_/Q                                 6     10     -4 (VIOLATED)
_42333_/Q                                 6     10     -4 (VIOLATED)
_42334_/Q                                 6     10     -4 (VIOLATED)
_42335_/Q                                 6     10     -4 (VIOLATED)
_42336_/Q                                 6     10     -4 (VIOLATED)
_42337_/Q                                 6     10     -4 (VIOLATED)
_42338_/Q                                 6     10     -4 (VIOLATED)
_42340_/Q                                 6     10     -4 (VIOLATED)
_42341_/Q                                 6     10     -4 (VIOLATED)
_42344_/Q                                 6     10     -4 (VIOLATED)
_42345_/Q                                 6     10     -4 (VIOLATED)
_42347_/Q                                 6     10     -4 (VIOLATED)
_42364_/Q                                 6     10     -4 (VIOLATED)
_42365_/Q                                 6     10     -4 (VIOLATED)
_42366_/Q                                 6     10     -4 (VIOLATED)
_42367_/Q                                 6     10     -4 (VIOLATED)
_42368_/Q                                 6     10     -4 (VIOLATED)
_42369_/Q                                 6     10     -4 (VIOLATED)
_42370_/Q                                 6     10     -4 (VIOLATED)
_42373_/Q                                 6     10     -4 (VIOLATED)
_42376_/Q                                 6     10     -4 (VIOLATED)
_42377_/Q                                 6     10     -4 (VIOLATED)
_42396_/Q                                 6     10     -4 (VIOLATED)
_42397_/Q                                 6     10     -4 (VIOLATED)
_42398_/Q                                 6     10     -4 (VIOLATED)
_42399_/Q                                 6     10     -4 (VIOLATED)
_42400_/Q                                 6     10     -4 (VIOLATED)
_42401_/Q                                 6     10     -4 (VIOLATED)
_42402_/Q                                 6     10     -4 (VIOLATED)
_42404_/Q                                 6     10     -4 (VIOLATED)
_42405_/Q                                 6     10     -4 (VIOLATED)
_42408_/Q                                 6     10     -4 (VIOLATED)
_42409_/Q                                 6     10     -4 (VIOLATED)
_42428_/Q                                 6     10     -4 (VIOLATED)
_42429_/Q                                 6     10     -4 (VIOLATED)
_42430_/Q                                 6     10     -4 (VIOLATED)
_42431_/Q                                 6     10     -4 (VIOLATED)
_42432_/Q                                 6     10     -4 (VIOLATED)
_42433_/Q                                 6     10     -4 (VIOLATED)
_42434_/Q                                 6     10     -4 (VIOLATED)
_42436_/Q                                 6     10     -4 (VIOLATED)
_42437_/Q                                 6     10     -4 (VIOLATED)
_42440_/Q                                 6     10     -4 (VIOLATED)
_42441_/Q                                 6     10     -4 (VIOLATED)
_42460_/Q                                 6     10     -4 (VIOLATED)
_42461_/Q                                 6     10     -4 (VIOLATED)
_42462_/Q                                 6     10     -4 (VIOLATED)
_42463_/Q                                 6     10     -4 (VIOLATED)
_42464_/Q                                 6     10     -4 (VIOLATED)
_42466_/Q                                 6     10     -4 (VIOLATED)
_42468_/Q                                 6     10     -4 (VIOLATED)
_42469_/Q                                 6     10     -4 (VIOLATED)
_42472_/Q                                 6     10     -4 (VIOLATED)
_42473_/Q                                 6     10     -4 (VIOLATED)
_42492_/Q                                 6     10     -4 (VIOLATED)
_42493_/Q                                 6     10     -4 (VIOLATED)
_42494_/Q                                 6     10     -4 (VIOLATED)
_42495_/Q                                 6     10     -4 (VIOLATED)
_42496_/Q                                 6     10     -4 (VIOLATED)
_42497_/Q                                 6     10     -4 (VIOLATED)
_42498_/Q                                 6     10     -4 (VIOLATED)
_42500_/Q                                 6     10     -4 (VIOLATED)
_42501_/Q                                 6     10     -4 (VIOLATED)
_42504_/Q                                 6     10     -4 (VIOLATED)
_42505_/Q                                 6     10     -4 (VIOLATED)
_42524_/Q                                 6     10     -4 (VIOLATED)
_42525_/Q                                 6     10     -4 (VIOLATED)
_42526_/Q                                 6     10     -4 (VIOLATED)
_42527_/Q                                 6     10     -4 (VIOLATED)
_42528_/Q                                 6     10     -4 (VIOLATED)
_42529_/Q                                 6     10     -4 (VIOLATED)
_42530_/Q                                 6     10     -4 (VIOLATED)
_43576_/Q                                 6     10     -4 (VIOLATED)
_43579_/Q                                 6     10     -4 (VIOLATED)
_43592_/Q                                 6     10     -4 (VIOLATED)
_43603_/Q                                 6     10     -4 (VIOLATED)
_43619_/Q                                 6     10     -4 (VIOLATED)
_43621_/Q                                 6     10     -4 (VIOLATED)
_43624_/Q                                 6     10     -4 (VIOLATED)
hold2745/X                                6     10     -4 (VIOLATED)
hold3490/X                                6     10     -4 (VIOLATED)
input11/X                                 6     10     -4 (VIOLATED)
input5/X                                  6     10     -4 (VIOLATED)
max_cap2/X                                6     10     -4 (VIOLATED)
wire132/X                                 6     10     -4 (VIOLATED)
wire135/X                                 6     10     -4 (VIOLATED)
wire137/X                                 6     10     -4 (VIOLATED)
_41370_/Q                                 6      9     -3 (VIOLATED)
clkbuf_leaf_170_clk/X                     6      9     -3 (VIOLATED)
clkbuf_leaf_350_clk/X                     6      9     -3 (VIOLATED)
clkbuf_leaf_438_clk/X                     6      9     -3 (VIOLATED)
clkbuf_leaf_444_clk/X                     6      9     -3 (VIOLATED)
clkbuf_leaf_493_clk/X                     6      9     -3 (VIOLATED)
clkbuf_leaf_575_clk/X                     6      9     -3 (VIOLATED)
clkbuf_leaf_767_clk/X                     6      9     -3 (VIOLATED)
_20005_/Y                                 6      8     -2 (VIOLATED)
_20057_/X                                 6      8     -2 (VIOLATED)
_20063_/Y                                 6      8     -2 (VIOLATED)
_20085_/Y                                 6      8     -2 (VIOLATED)
_20099_/Y                                 6      8     -2 (VIOLATED)
_20102_/X                                 6      8     -2 (VIOLATED)
_20113_/Y                                 6      8     -2 (VIOLATED)
_20116_/X                                 6      8     -2 (VIOLATED)
_20127_/X                                 6      8     -2 (VIOLATED)
_24896_/Y                                 6      8     -2 (VIOLATED)
_25735_/Y                                 6      8     -2 (VIOLATED)
_27284_/X                                 6      8     -2 (VIOLATED)
_27291_/X                                 6      8     -2 (VIOLATED)
_27296_/X                                 6      8     -2 (VIOLATED)
_27299_/X                                 6      8     -2 (VIOLATED)
_27317_/X                                 6      8     -2 (VIOLATED)
_27321_/X                                 6      8     -2 (VIOLATED)
_27326_/X                                 6      8     -2 (VIOLATED)
_27327_/Y                                 6      8     -2 (VIOLATED)
_27338_/X                                 6      8     -2 (VIOLATED)
_27448_/Y                                 6      8     -2 (VIOLATED)
_27455_/X                                 6      8     -2 (VIOLATED)
_27480_/X                                 6      8     -2 (VIOLATED)
_27488_/X                                 6      8     -2 (VIOLATED)
_27554_/Y                                 6      8     -2 (VIOLATED)
_27582_/Y                                 6      8     -2 (VIOLATED)
_27588_/Y                                 6      8     -2 (VIOLATED)
_27648_/Y                                 6      8     -2 (VIOLATED)
_27664_/X                                 6      8     -2 (VIOLATED)
_27783_/Y                                 6      8     -2 (VIOLATED)
_27798_/X                                 6      8     -2 (VIOLATED)
_27805_/Y                                 6      8     -2 (VIOLATED)
_27810_/X                                 6      8     -2 (VIOLATED)
_27829_/Y                                 6      8     -2 (VIOLATED)
_27848_/Y                                 6      8     -2 (VIOLATED)
_27866_/X                                 6      8     -2 (VIOLATED)
_27895_/X                                 6      8     -2 (VIOLATED)
_27948_/X                                 6      8     -2 (VIOLATED)
_28001_/Y                                 6      8     -2 (VIOLATED)
_28027_/X                                 6      8     -2 (VIOLATED)
_28071_/X                                 6      8     -2 (VIOLATED)
_28087_/Y                                 6      8     -2 (VIOLATED)
_28105_/X                                 6      8     -2 (VIOLATED)
_28161_/Y                                 6      8     -2 (VIOLATED)
_28170_/X                                 6      8     -2 (VIOLATED)
_28189_/Y                                 6      8     -2 (VIOLATED)
_28201_/X                                 6      8     -2 (VIOLATED)
_28314_/Y                                 6      8     -2 (VIOLATED)
_28373_/Y                                 6      8     -2 (VIOLATED)
_28567_/X                                 6      8     -2 (VIOLATED)
_28580_/X                                 6      8     -2 (VIOLATED)
_28582_/X                                 6      8     -2 (VIOLATED)
_28599_/X                                 6      8     -2 (VIOLATED)
_28608_/X                                 6      8     -2 (VIOLATED)
_28610_/X                                 6      8     -2 (VIOLATED)
_28615_/Y                                 6      8     -2 (VIOLATED)
_28621_/X                                 6      8     -2 (VIOLATED)
_28630_/X                                 6      8     -2 (VIOLATED)
_28654_/X                                 6      8     -2 (VIOLATED)
_28657_/X                                 6      8     -2 (VIOLATED)
_28670_/X                                 6      8     -2 (VIOLATED)
_28671_/Y                                 6      8     -2 (VIOLATED)
_28672_/X                                 6      8     -2 (VIOLATED)
_28733_/X                                 6      8     -2 (VIOLATED)
_28747_/X                                 6      8     -2 (VIOLATED)
_28823_/X                                 6      8     -2 (VIOLATED)
_28845_/Y                                 6      8     -2 (VIOLATED)
_28901_/Y                                 6      8     -2 (VIOLATED)
_28911_/Y                                 6      8     -2 (VIOLATED)
_28948_/Y                                 6      8     -2 (VIOLATED)
_29027_/Y                                 6      8     -2 (VIOLATED)
_29072_/Y                                 6      8     -2 (VIOLATED)
_29085_/Y                                 6      8     -2 (VIOLATED)
_29122_/X                                 6      8     -2 (VIOLATED)
_29133_/Y                                 6      8     -2 (VIOLATED)
_29151_/Y                                 6      8     -2 (VIOLATED)
_29268_/Y                                 6      8     -2 (VIOLATED)
_29289_/Y                                 6      8     -2 (VIOLATED)
_29294_/X                                 6      8     -2 (VIOLATED)
_29295_/Y                                 6      8     -2 (VIOLATED)
_29298_/Y                                 6      8     -2 (VIOLATED)
_29307_/X                                 6      8     -2 (VIOLATED)
_29366_/Y                                 6      8     -2 (VIOLATED)
_29375_/Y                                 6      8     -2 (VIOLATED)
_29406_/Y                                 6      8     -2 (VIOLATED)
_29417_/X                                 6      8     -2 (VIOLATED)
_29435_/Y                                 6      8     -2 (VIOLATED)
_29447_/Y                                 6      8     -2 (VIOLATED)
_29461_/Y                                 6      8     -2 (VIOLATED)
_29473_/Y                                 6      8     -2 (VIOLATED)
_29493_/Y                                 6      8     -2 (VIOLATED)
_29554_/Y                                 6      8     -2 (VIOLATED)
_29566_/Y                                 6      8     -2 (VIOLATED)
_29580_/Y                                 6      8     -2 (VIOLATED)
_29595_/Y                                 6      8     -2 (VIOLATED)
_29609_/Y                                 6      8     -2 (VIOLATED)
_29623_/Y                                 6      8     -2 (VIOLATED)
_29753_/X                                 6      8     -2 (VIOLATED)
_29763_/X                                 6      8     -2 (VIOLATED)
_29787_/X                                 6      8     -2 (VIOLATED)
_29807_/X                                 6      8     -2 (VIOLATED)
_29824_/X                                 6      8     -2 (VIOLATED)
_29833_/X                                 6      8     -2 (VIOLATED)
_29840_/X                                 6      8     -2 (VIOLATED)
_29868_/X                                 6      8     -2 (VIOLATED)
_29871_/X                                 6      8     -2 (VIOLATED)
_29882_/X                                 6      8     -2 (VIOLATED)
_29951_/X                                 6      8     -2 (VIOLATED)
_29970_/Y                                 6      8     -2 (VIOLATED)
_29971_/X                                 6      8     -2 (VIOLATED)
_30002_/X                                 6      8     -2 (VIOLATED)
_30217_/Y                                 6      8     -2 (VIOLATED)
_30241_/X                                 6      8     -2 (VIOLATED)
_30258_/Y                                 6      8     -2 (VIOLATED)
_30267_/Y                                 6      8     -2 (VIOLATED)
_30274_/X                                 6      8     -2 (VIOLATED)
_30352_/Y                                 6      8     -2 (VIOLATED)
_30426_/Y                                 6      8     -2 (VIOLATED)
_30436_/Y                                 6      8     -2 (VIOLATED)
_30486_/Y                                 6      8     -2 (VIOLATED)
_30500_/Y                                 6      8     -2 (VIOLATED)
_30512_/Y                                 6      8     -2 (VIOLATED)
_30526_/Y                                 6      8     -2 (VIOLATED)
_30530_/Y                                 6      8     -2 (VIOLATED)
_30531_/X                                 6      8     -2 (VIOLATED)
_30555_/Y                                 6      8     -2 (VIOLATED)
_30569_/Y                                 6      8     -2 (VIOLATED)
_30599_/Y                                 6      8     -2 (VIOLATED)
_30650_/Y                                 6      8     -2 (VIOLATED)
_30661_/X                                 6      8     -2 (VIOLATED)
_30763_/Y                                 6      8     -2 (VIOLATED)
_30817_/Y                                 6      8     -2 (VIOLATED)
_30927_/X                                 6      8     -2 (VIOLATED)
_30929_/X                                 6      8     -2 (VIOLATED)
_30931_/X                                 6      8     -2 (VIOLATED)
_30938_/X                                 6      8     -2 (VIOLATED)
_30960_/X                                 6      8     -2 (VIOLATED)
_30974_/X                                 6      8     -2 (VIOLATED)
_30978_/X                                 6      8     -2 (VIOLATED)
_30986_/X                                 6      8     -2 (VIOLATED)
_30988_/X                                 6      8     -2 (VIOLATED)
_31003_/X                                 6      8     -2 (VIOLATED)
_31041_/X                                 6      8     -2 (VIOLATED)
_31048_/X                                 6      8     -2 (VIOLATED)
_31049_/X                                 6      8     -2 (VIOLATED)
_31051_/X                                 6      8     -2 (VIOLATED)
_31060_/X                                 6      8     -2 (VIOLATED)
_31102_/Y                                 6      8     -2 (VIOLATED)
_31163_/Y                                 6      8     -2 (VIOLATED)
_31299_/Y                                 6      8     -2 (VIOLATED)
_31321_/Y                                 6      8     -2 (VIOLATED)
_31333_/Y                                 6      8     -2 (VIOLATED)
_31352_/Y                                 6      8     -2 (VIOLATED)
_31396_/Y                                 6      8     -2 (VIOLATED)
_31412_/Y                                 6      8     -2 (VIOLATED)
_31491_/Y                                 6      8     -2 (VIOLATED)
_31507_/X                                 6      8     -2 (VIOLATED)
_31515_/X                                 6      8     -2 (VIOLATED)
_31530_/Y                                 6      8     -2 (VIOLATED)
_31594_/Y                                 6      8     -2 (VIOLATED)
_31625_/Y                                 6      8     -2 (VIOLATED)
_31666_/Y                                 6      8     -2 (VIOLATED)
_31673_/Y                                 6      8     -2 (VIOLATED)
_31682_/Y                                 6      8     -2 (VIOLATED)
_31695_/X                                 6      8     -2 (VIOLATED)
_31700_/Y                                 6      8     -2 (VIOLATED)
_31709_/Y                                 6      8     -2 (VIOLATED)
_31713_/Y                                 6      8     -2 (VIOLATED)
_31798_/Y                                 6      8     -2 (VIOLATED)
_31810_/X                                 6      8     -2 (VIOLATED)
_31820_/Y                                 6      8     -2 (VIOLATED)
_31844_/Y                                 6      8     -2 (VIOLATED)
_31859_/X                                 6      8     -2 (VIOLATED)
_31861_/Y                                 6      8     -2 (VIOLATED)
_31871_/Y                                 6      8     -2 (VIOLATED)
_31883_/Y                                 6      8     -2 (VIOLATED)
_31895_/Y                                 6      8     -2 (VIOLATED)
_31918_/Y                                 6      8     -2 (VIOLATED)
_31928_/Y                                 6      8     -2 (VIOLATED)
_31943_/Y                                 6      8     -2 (VIOLATED)
_31960_/Y                                 6      8     -2 (VIOLATED)
_31976_/Y                                 6      8     -2 (VIOLATED)
_31989_/Y                                 6      8     -2 (VIOLATED)
_32280_/Y                                 6      8     -2 (VIOLATED)
_37338_/Y                                 6      8     -2 (VIOLATED)
_38206_/Y                                 6      8     -2 (VIOLATED)
_39009_/X                                 6      8     -2 (VIOLATED)
_39416_/X                                 6      8     -2 (VIOLATED)
_39420_/X                                 6      8     -2 (VIOLATED)
_39624_/X                                 6      8     -2 (VIOLATED)
_39931_/X                                 6      8     -2 (VIOLATED)
_41314_/Q                                 6      8     -2 (VIOLATED)
_41315_/Q                                 6      8     -2 (VIOLATED)
_41316_/Q                                 6      8     -2 (VIOLATED)
_41317_/Q                                 6      8     -2 (VIOLATED)
_41318_/Q                                 6      8     -2 (VIOLATED)
_41319_/Q                                 6      8     -2 (VIOLATED)
_41320_/Q                                 6      8     -2 (VIOLATED)
_41322_/Q                                 6      8     -2 (VIOLATED)
_41323_/Q                                 6      8     -2 (VIOLATED)
_41325_/Q                                 6      8     -2 (VIOLATED)
_41327_/Q                                 6      8     -2 (VIOLATED)
_41328_/Q                                 6      8     -2 (VIOLATED)
_41329_/Q                                 6      8     -2 (VIOLATED)
_41330_/Q                                 6      8     -2 (VIOLATED)
_41334_/Q                                 6      8     -2 (VIOLATED)
_41338_/Q                                 6      8     -2 (VIOLATED)
_41340_/Q                                 6      8     -2 (VIOLATED)
_41342_/Q                                 6      8     -2 (VIOLATED)
_41343_/Q                                 6      8     -2 (VIOLATED)
_41346_/Q                                 6      8     -2 (VIOLATED)
_41348_/Q                                 6      8     -2 (VIOLATED)
_41350_/Q                                 6      8     -2 (VIOLATED)
_41351_/Q                                 6      8     -2 (VIOLATED)
_41354_/Q                                 6      8     -2 (VIOLATED)
_41355_/Q                                 6      8     -2 (VIOLATED)
_41357_/Q                                 6      8     -2 (VIOLATED)
_41359_/Q                                 6      8     -2 (VIOLATED)
_41360_/Q                                 6      8     -2 (VIOLATED)
_41361_/Q                                 6      8     -2 (VIOLATED)
_41364_/Q                                 6      8     -2 (VIOLATED)
_41372_/Q                                 6      8     -2 (VIOLATED)
_41373_/Q                                 6      8     -2 (VIOLATED)
_41374_/Q                                 6      8     -2 (VIOLATED)
_41375_/Q                                 6      8     -2 (VIOLATED)
_41376_/Q                                 6      8     -2 (VIOLATED)
_41377_/Q                                 6      8     -2 (VIOLATED)
_41379_/Q                                 6      8     -2 (VIOLATED)
_41380_/Q                                 6      8     -2 (VIOLATED)
_41383_/Q                                 6      8     -2 (VIOLATED)
_41385_/Q                                 6      8     -2 (VIOLATED)
_41394_/Q                                 6      8     -2 (VIOLATED)
_41395_/Q                                 6      8     -2 (VIOLATED)
_41396_/Q                                 6      8     -2 (VIOLATED)
_41397_/Q                                 6      8     -2 (VIOLATED)
_41399_/Q                                 6      8     -2 (VIOLATED)
_41400_/Q                                 6      8     -2 (VIOLATED)
_41401_/Q                                 6      8     -2 (VIOLATED)
_41402_/Q                                 6      8     -2 (VIOLATED)
_41403_/Q                                 6      8     -2 (VIOLATED)
_41404_/Q                                 6      8     -2 (VIOLATED)
_41405_/Q                                 6      8     -2 (VIOLATED)
_41419_/Q                                 6      8     -2 (VIOLATED)
_41645_/Q                                 6      8     -2 (VIOLATED)
_41647_/Q                                 6      8     -2 (VIOLATED)
_41676_/Q                                 6      8     -2 (VIOLATED)
_41677_/Q                                 6      8     -2 (VIOLATED)
_41678_/Q                                 6      8     -2 (VIOLATED)
_41679_/Q                                 6      8     -2 (VIOLATED)
_41687_/Q                                 6      8     -2 (VIOLATED)
_41690_/Q                                 6      8     -2 (VIOLATED)
_41709_/Q                                 6      8     -2 (VIOLATED)
_41714_/Q                                 6      8     -2 (VIOLATED)
_41719_/Q                                 6      8     -2 (VIOLATED)
_41741_/Q                                 6      8     -2 (VIOLATED)
_41742_/Q                                 6      8     -2 (VIOLATED)
_41745_/Q                                 6      8     -2 (VIOLATED)
_41751_/Q                                 6      8     -2 (VIOLATED)
_41754_/Q                                 6      8     -2 (VIOLATED)
_41908_/Q                                 6      8     -2 (VIOLATED)
_41909_/Q                                 6      8     -2 (VIOLATED)
_41910_/Q                                 6      8     -2 (VIOLATED)
_41926_/Q                                 6      8     -2 (VIOLATED)
_41927_/Q                                 6      8     -2 (VIOLATED)
_42025_/Q                                 6      8     -2 (VIOLATED)
_42027_/Q                                 6      8     -2 (VIOLATED)
_42029_/Q                                 6      8     -2 (VIOLATED)
_42033_/Q                                 6      8     -2 (VIOLATED)
_42035_/Q                                 6      8     -2 (VIOLATED)
_42046_/Q                                 6      8     -2 (VIOLATED)
_42047_/Q                                 6      8     -2 (VIOLATED)
_42051_/Q                                 6      8     -2 (VIOLATED)
_42057_/Q                                 6      8     -2 (VIOLATED)
_42064_/Q                                 6      8     -2 (VIOLATED)
_42065_/Q                                 6      8     -2 (VIOLATED)
_42076_/Q                                 6      8     -2 (VIOLATED)
_42078_/Q                                 6      8     -2 (VIOLATED)
_42085_/Q                                 6      8     -2 (VIOLATED)
_42089_/Q                                 6      8     -2 (VIOLATED)
_42091_/Q                                 6      8     -2 (VIOLATED)
_42096_/Q                                 6      8     -2 (VIOLATED)
_42101_/Q                                 6      8     -2 (VIOLATED)
_42110_/Q                                 6      8     -2 (VIOLATED)
_42115_/Q                                 6      8     -2 (VIOLATED)
_42117_/Q                                 6      8     -2 (VIOLATED)
_42123_/Q                                 6      8     -2 (VIOLATED)
_42125_/Q                                 6      8     -2 (VIOLATED)
_42128_/Q                                 6      8     -2 (VIOLATED)
_42130_/Q                                 6      8     -2 (VIOLATED)
_42138_/Q                                 6      8     -2 (VIOLATED)
_42144_/Q                                 6      8     -2 (VIOLATED)
_42179_/Q                                 6      8     -2 (VIOLATED)
_42211_/Q                                 6      8     -2 (VIOLATED)
_42243_/Q                                 6      8     -2 (VIOLATED)
_42275_/Q                                 6      8     -2 (VIOLATED)
_42290_/Q                                 6      8     -2 (VIOLATED)
_42297_/Q                                 6      8     -2 (VIOLATED)
_42298_/Q                                 6      8     -2 (VIOLATED)
_42307_/Q                                 6      8     -2 (VIOLATED)
_42339_/Q                                 6      8     -2 (VIOLATED)
_42371_/Q                                 6      8     -2 (VIOLATED)
_42403_/Q                                 6      8     -2 (VIOLATED)
_42435_/Q                                 6      8     -2 (VIOLATED)
_42456_/Q                                 6      8     -2 (VIOLATED)
_42467_/Q                                 6      8     -2 (VIOLATED)
_42499_/Q                                 6      8     -2 (VIOLATED)
_42531_/Q                                 6      8     -2 (VIOLATED)
_43560_/Q                                 6      8     -2 (VIOLATED)
_43607_/Q                                 6      8     -2 (VIOLATED)
_43612_/Q                                 6      8     -2 (VIOLATED)
_43618_/Q                                 6      8     -2 (VIOLATED)
_43628_/Q                                 6      8     -2 (VIOLATED)
clkbuf_0_clk/X                            6      8     -2 (VIOLATED)
clkbuf_6_52_0_clk/X                       6      8     -2 (VIOLATED)
clkbuf_leaf_101_clk/X                     6      8     -2 (VIOLATED)
clkbuf_leaf_103_clk/X                     6      8     -2 (VIOLATED)
clkbuf_leaf_12_clk/X                      6      8     -2 (VIOLATED)
clkbuf_leaf_14_clk/X                      6      8     -2 (VIOLATED)
clkbuf_leaf_173_clk/X                     6      8     -2 (VIOLATED)
clkbuf_leaf_187_clk/X                     6      8     -2 (VIOLATED)
clkbuf_leaf_226_clk/X                     6      8     -2 (VIOLATED)
clkbuf_leaf_229_clk/X                     6      8     -2 (VIOLATED)
clkbuf_leaf_279_clk/X                     6      8     -2 (VIOLATED)
clkbuf_leaf_308_clk/X                     6      8     -2 (VIOLATED)
clkbuf_leaf_330_clk/X                     6      8     -2 (VIOLATED)
clkbuf_leaf_331_clk/X                     6      8     -2 (VIOLATED)
clkbuf_leaf_333_clk/X                     6      8     -2 (VIOLATED)
clkbuf_leaf_352_clk/X                     6      8     -2 (VIOLATED)
clkbuf_leaf_356_clk/X                     6      8     -2 (VIOLATED)
clkbuf_leaf_375_clk/X                     6      8     -2 (VIOLATED)
clkbuf_leaf_424_clk/X                     6      8     -2 (VIOLATED)
clkbuf_leaf_446_clk/X                     6      8     -2 (VIOLATED)
clkbuf_leaf_454_clk/X                     6      8     -2 (VIOLATED)
clkbuf_leaf_455_clk/X                     6      8     -2 (VIOLATED)
clkbuf_leaf_464_clk/X                     6      8     -2 (VIOLATED)
clkbuf_leaf_472_clk/X                     6      8     -2 (VIOLATED)
clkbuf_leaf_481_clk/X                     6      8     -2 (VIOLATED)
clkbuf_leaf_520_clk/X                     6      8     -2 (VIOLATED)
clkbuf_leaf_521_clk/X                     6      8     -2 (VIOLATED)
clkbuf_leaf_571_clk/X                     6      8     -2 (VIOLATED)
clkbuf_leaf_607_clk/X                     6      8     -2 (VIOLATED)
clkbuf_leaf_617_clk/X                     6      8     -2 (VIOLATED)
clkbuf_leaf_62_clk/X                      6      8     -2 (VIOLATED)
clkbuf_leaf_631_clk/X                     6      8     -2 (VIOLATED)
clkbuf_leaf_656_clk/X                     6      8     -2 (VIOLATED)
clkbuf_leaf_662_clk/X                     6      8     -2 (VIOLATED)
clkbuf_leaf_693_clk/X                     6      8     -2 (VIOLATED)
clkbuf_leaf_6_clk/X                       6      8     -2 (VIOLATED)
clkbuf_leaf_709_clk/X                     6      8     -2 (VIOLATED)
clkbuf_leaf_714_clk/X                     6      8     -2 (VIOLATED)
clkbuf_leaf_726_clk/X                     6      8     -2 (VIOLATED)
clkbuf_leaf_748_clk/X                     6      8     -2 (VIOLATED)
hold1320/X                                6      8     -2 (VIOLATED)
hold2580/X                                6      8     -2 (VIOLATED)
hold2591/X                                6      8     -2 (VIOLATED)
hold2844/X                                6      8     -2 (VIOLATED)
hold2972/X                                6      8     -2 (VIOLATED)
hold3150/X                                6      8     -2 (VIOLATED)
hold330/X                                 6      8     -2 (VIOLATED)
hold3387/X                                6      8     -2 (VIOLATED)
hold340/X                                 6      8     -2 (VIOLATED)
hold3462/X                                6      8     -2 (VIOLATED)
hold356/X                                 6      8     -2 (VIOLATED)
hold3636/X                                6      8     -2 (VIOLATED)
hold366/X                                 6      8     -2 (VIOLATED)
hold376/X                                 6      8     -2 (VIOLATED)
hold3859/X                                6      8     -2 (VIOLATED)
hold3953/X                                6      8     -2 (VIOLATED)
hold405/X                                 6      8     -2 (VIOLATED)
hold4113/X                                6      8     -2 (VIOLATED)
hold553/X                                 6      8     -2 (VIOLATED)
hold573/X                                 6      8     -2 (VIOLATED)
hold652/X                                 6      8     -2 (VIOLATED)
hold889/X                                 6      8     -2 (VIOLATED)
hold940/X                                 6      8     -2 (VIOLATED)
input12/X                                 6      8     -2 (VIOLATED)
input2/X                                  6      8     -2 (VIOLATED)
input9/X                                  6      8     -2 (VIOLATED)
max_cap112/X                              6      8     -2 (VIOLATED)
max_cap113/X                              6      8     -2 (VIOLATED)
max_cap114/X                              6      8     -2 (VIOLATED)
max_cap115/X                              6      8     -2 (VIOLATED)
max_cap116/X                              6      8     -2 (VIOLATED)
max_cap119/X                              6      8     -2 (VIOLATED)
max_cap120/X                              6      8     -2 (VIOLATED)
max_cap125/X                              6      8     -2 (VIOLATED)
max_cap126/X                              6      8     -2 (VIOLATED)
max_cap128/X                              6      8     -2 (VIOLATED)
max_cap130/X                              6      8     -2 (VIOLATED)
max_cap131/X                              6      8     -2 (VIOLATED)
max_cap134/X                              6      8     -2 (VIOLATED)
max_cap136/X                              6      8     -2 (VIOLATED)
max_cap138/X                              6      8     -2 (VIOLATED)
max_cap140/X                              6      8     -2 (VIOLATED)
max_cap141/X                              6      8     -2 (VIOLATED)
max_cap150/X                              6      8     -2 (VIOLATED)
max_cap153/X                              6      8     -2 (VIOLATED)
max_cap156/X                              6      8     -2 (VIOLATED)
max_cap161/X                              6      8     -2 (VIOLATED)
max_cap162/X                              6      8     -2 (VIOLATED)
max_cap163/X                              6      8     -2 (VIOLATED)
max_cap168/X                              6      8     -2 (VIOLATED)
max_cap171/X                              6      8     -2 (VIOLATED)
max_cap172/X                              6      8     -2 (VIOLATED)
max_cap173/X                              6      8     -2 (VIOLATED)
max_cap177/X                              6      8     -2 (VIOLATED)
max_cap179/X                              6      8     -2 (VIOLATED)
max_cap180/X                              6      8     -2 (VIOLATED)
max_cap181/X                              6      8     -2 (VIOLATED)
max_cap183/X                              6      8     -2 (VIOLATED)
max_cap186/X                              6      8     -2 (VIOLATED)
max_cap188/X                              6      8     -2 (VIOLATED)
max_cap189/X                              6      8     -2 (VIOLATED)
max_cap190/X                              6      8     -2 (VIOLATED)
max_cap194/X                              6      8     -2 (VIOLATED)
max_cap196/X                              6      8     -2 (VIOLATED)
max_cap87/X                               6      8     -2 (VIOLATED)
wire129/X                                 6      8     -2 (VIOLATED)
wire148/X                                 6      8     -2 (VIOLATED)
wire193/X                                 6      8     -2 (VIOLATED)
_30192_/Y                                 6      7        (VIOLATED)
clkbuf_leaf_0_clk/X                       6      7        (VIOLATED)
clkbuf_leaf_100_clk/X                     6      7        (VIOLATED)
clkbuf_leaf_107_clk/X                     6      7        (VIOLATED)
clkbuf_leaf_111_clk/X                     6      7        (VIOLATED)
clkbuf_leaf_112_clk/X                     6      7        (VIOLATED)
clkbuf_leaf_117_clk/X                     6      7        (VIOLATED)
clkbuf_leaf_122_clk/X                     6      7        (VIOLATED)
clkbuf_leaf_143_clk/X                     6      7        (VIOLATED)
clkbuf_leaf_145_clk/X                     6      7        (VIOLATED)
clkbuf_leaf_148_clk/X                     6      7        (VIOLATED)
clkbuf_leaf_152_clk/X                     6      7        (VIOLATED)
clkbuf_leaf_156_clk/X                     6      7        (VIOLATED)
clkbuf_leaf_167_clk/X                     6      7        (VIOLATED)
clkbuf_leaf_175_clk/X                     6      7        (VIOLATED)
clkbuf_leaf_201_clk/X                     6      7        (VIOLATED)
clkbuf_leaf_212_clk/X                     6      7        (VIOLATED)
clkbuf_leaf_237_clk/X                     6      7        (VIOLATED)
clkbuf_leaf_258_clk/X                     6      7        (VIOLATED)
clkbuf_leaf_259_clk/X                     6      7        (VIOLATED)
clkbuf_leaf_264_clk/X                     6      7        (VIOLATED)
clkbuf_leaf_267_clk/X                     6      7        (VIOLATED)
clkbuf_leaf_269_clk/X                     6      7        (VIOLATED)
clkbuf_leaf_270_clk/X                     6      7        (VIOLATED)
clkbuf_leaf_274_clk/X                     6      7        (VIOLATED)
clkbuf_leaf_283_clk/X                     6      7        (VIOLATED)
clkbuf_leaf_285_clk/X                     6      7        (VIOLATED)
clkbuf_leaf_292_clk/X                     6      7        (VIOLATED)
clkbuf_leaf_312_clk/X                     6      7        (VIOLATED)
clkbuf_leaf_328_clk/X                     6      7        (VIOLATED)
clkbuf_leaf_339_clk/X                     6      7        (VIOLATED)
clkbuf_leaf_344_clk/X                     6      7        (VIOLATED)
clkbuf_leaf_348_clk/X                     6      7        (VIOLATED)
clkbuf_leaf_354_clk/X                     6      7        (VIOLATED)
clkbuf_leaf_358_clk/X                     6      7        (VIOLATED)
clkbuf_leaf_395_clk/X                     6      7        (VIOLATED)
clkbuf_leaf_423_clk/X                     6      7        (VIOLATED)
clkbuf_leaf_445_clk/X                     6      7        (VIOLATED)
clkbuf_leaf_447_clk/X                     6      7        (VIOLATED)
clkbuf_leaf_453_clk/X                     6      7        (VIOLATED)
clkbuf_leaf_504_clk/X                     6      7        (VIOLATED)
clkbuf_leaf_517_clk/X                     6      7        (VIOLATED)
clkbuf_leaf_523_clk/X                     6      7        (VIOLATED)
clkbuf_leaf_52_clk/X                      6      7        (VIOLATED)
clkbuf_leaf_536_clk/X                     6      7        (VIOLATED)
clkbuf_leaf_539_clk/X                     6      7        (VIOLATED)
clkbuf_leaf_546_clk/X                     6      7        (VIOLATED)
clkbuf_leaf_549_clk/X                     6      7        (VIOLATED)
clkbuf_leaf_557_clk/X                     6      7        (VIOLATED)
clkbuf_leaf_559_clk/X                     6      7        (VIOLATED)
clkbuf_leaf_562_clk/X                     6      7        (VIOLATED)
clkbuf_leaf_569_clk/X                     6      7        (VIOLATED)
clkbuf_leaf_577_clk/X                     6      7        (VIOLATED)
clkbuf_leaf_611_clk/X                     6      7        (VIOLATED)
clkbuf_leaf_61_clk/X                      6      7        (VIOLATED)
clkbuf_leaf_624_clk/X                     6      7        (VIOLATED)
clkbuf_leaf_628_clk/X                     6      7        (VIOLATED)
clkbuf_leaf_635_clk/X                     6      7        (VIOLATED)
clkbuf_leaf_646_clk/X                     6      7        (VIOLATED)
clkbuf_leaf_660_clk/X                     6      7        (VIOLATED)
clkbuf_leaf_663_clk/X                     6      7        (VIOLATED)
clkbuf_leaf_664_clk/X                     6      7        (VIOLATED)
clkbuf_leaf_672_clk/X                     6      7        (VIOLATED)
clkbuf_leaf_678_clk/X                     6      7        (VIOLATED)
clkbuf_leaf_707_clk/X                     6      7        (VIOLATED)
clkbuf_leaf_70_clk/X                      6      7        (VIOLATED)
clkbuf_leaf_719_clk/X                     6      7        (VIOLATED)
clkbuf_leaf_721_clk/X                     6      7        (VIOLATED)
clkbuf_leaf_723_clk/X                     6      7        (VIOLATED)
clkbuf_leaf_724_clk/X                     6      7        (VIOLATED)
clkbuf_leaf_727_clk/X                     6      7        (VIOLATED)
clkbuf_leaf_738_clk/X                     6      7        (VIOLATED)
clkbuf_leaf_742_clk/X                     6      7        (VIOLATED)
clkbuf_leaf_745_clk/X                     6      7        (VIOLATED)
clkbuf_leaf_754_clk/X                     6      7        (VIOLATED)
clkbuf_leaf_761_clk/X                     6      7        (VIOLATED)
clkbuf_leaf_77_clk/X                      6      7        (VIOLATED)
clkbuf_leaf_796_clk/X                     6      7        (VIOLATED)
clkbuf_leaf_80_clk/X                      6      7        (VIOLATED)
clkbuf_leaf_92_clk/X                      6      7        (VIOLATED)
clkbuf_leaf_96_clk/X                      6      7        (VIOLATED)



===========================================================================
report_parasitic_annotation -report_unannotated
============================================================================
Found 0 unannotated drivers.
Found 0 partially unannotated drivers.

===========================================================================
max slew violation count 79
max fanout violation count 2468
max cap violation count 0
============================================================================

===========================================================================
check_setup -verbose -unconstrained_endpoints -multiple_clock -no_clock -no_input_delay -loops -generated_clocks
===========================================================================
