
===========================================================================
report_checks -unconstrained
===========================================================================
======================= Fastest Corner ===================================

Startpoint: address[5] (input port clocked by clk)
Endpoint: read_data[16] (output port clocked by clk)
Path Group: clk
Path Type: max
Corner: Fastest

Fanout     Cap    Slew   Delay    Time   Description
-----------------------------------------------------------------------------
                          0.00    0.00   clock clk (rise edge)
                          0.00    0.00   clock network delay (propagated)
                          7.60    7.60 v input external delay
                  0.02    0.01    7.61 v address[5] (in)
     2    0.01                           address[5] (net)
                  0.02    0.00    7.61 v input6/A (sky130_fd_sc_hd__clkbuf_16)
                  0.08    0.12    7.73 v input6/X (sky130_fd_sc_hd__clkbuf_16)
    12    0.23                           net6 (net)
                  0.24    0.12    7.84 v _20043_/B (sky130_fd_sc_hd__or2_1)
                  0.07    0.24    8.09 v _20043_/X (sky130_fd_sc_hd__or2_1)
     4    0.01                           _18117_ (net)
                  0.07    0.00    8.09 v _20069_/A (sky130_fd_sc_hd__or3b_1)
                  0.05    0.24    8.33 v _20069_/X (sky130_fd_sc_hd__or3b_1)
     1    0.01                           _18143_ (net)
                  0.05    0.00    8.33 v _20070_/A (sky130_fd_sc_hd__buf_2)
                  0.09    0.16    8.49 v _20070_/X (sky130_fd_sc_hd__buf_2)
    10    0.06                           _18144_ (net)
                  0.09    0.01    8.50 v _20104_/A (sky130_fd_sc_hd__nor2_1)
                  0.16    0.17    8.67 ^ _20104_/Y (sky130_fd_sc_hd__nor2_1)
     2    0.01                           _18178_ (net)
                  0.16    0.00    8.67 ^ _20105_/A (sky130_fd_sc_hd__buf_2)
                  0.19    0.21    8.88 ^ _20105_/X (sky130_fd_sc_hd__buf_2)
    12    0.05                           _18179_ (net)
                  0.19    0.01    8.89 ^ _20400_/A (sky130_fd_sc_hd__clkbuf_2)
                  0.10    0.15    9.04 ^ _20400_/X (sky130_fd_sc_hd__clkbuf_2)
     6    0.02                           _18462_ (net)
                  0.10    0.00    9.04 ^ _20477_/A2 (sky130_fd_sc_hd__a22o_1)
                  0.05    0.11    9.14 ^ _20477_/X (sky130_fd_sc_hd__a22o_1)
     1    0.01                           _18535_ (net)
                  0.05    0.00    9.14 ^ _20478_/C1 (sky130_fd_sc_hd__a221o_1)
                  0.05    0.08    9.22 ^ _20478_/X (sky130_fd_sc_hd__a221o_1)
     1    0.01                           _18536_ (net)
                  0.05    0.00    9.22 ^ _20481_/B1 (sky130_fd_sc_hd__a211o_2)
                  0.22    0.21    9.43 ^ _20481_/X (sky130_fd_sc_hd__a211o_2)
     2    0.06                           _18539_ (net)
                  0.22    0.00    9.43 ^ _20482_/C1 (sky130_fd_sc_hd__a221o_1)
                  0.12    0.14    9.57 ^ _20482_/X (sky130_fd_sc_hd__a221o_1)
     1    0.02                           _18540_ (net)
                  0.12    0.00    9.58 ^ _20483_/D1 (sky130_fd_sc_hd__a2111o_1)
                  0.17    0.17    9.74 ^ _20483_/X (sky130_fd_sc_hd__a2111o_1)
     2    0.02                           _18541_ (net)
                  0.17    0.00    9.74 ^ _20484_/A3 (sky130_fd_sc_hd__o31a_4)
                  0.46    0.40   10.14 ^ _20484_/X (sky130_fd_sc_hd__o31a_4)
     2    0.22                           net52 (net)
                  0.47    0.05   10.19 ^ output52/A (sky130_fd_sc_hd__clkbuf_4)
                  0.09    0.20   10.39 ^ output52/X (sky130_fd_sc_hd__clkbuf_4)
     1    0.03                           read_data[16] (net)
                  0.09    0.00   10.39 ^ read_data[16] (out)
                                 10.39   data arrival time

                         38.00   38.00   clock clk (rise edge)
                          0.00   38.00   clock network delay (propagated)
                         -0.25   37.75   clock uncertainty
                          0.00   37.75   clock reconvergence pessimism
                         -7.60   30.15   output external delay
                                 30.15   data required time
-----------------------------------------------------------------------------
                                 30.15   data required time
                                -10.39   data arrival time
-----------------------------------------------------------------------------
                                 19.76   slack (MET)



======================= Slowest Corner ===================================

Startpoint: _43561_ (rising edge-triggered flip-flop clocked by clk)
Endpoint: _42036_ (rising edge-triggered flip-flop clocked by clk)
Path Group: clk
Path Type: max
Corner: Slowest

Fanout     Cap    Slew   Delay    Time   Description
-----------------------------------------------------------------------------
                          0.00    0.00   clock clk (rise edge)
                          0.00    0.00   clock source latency
                  0.98    0.72    0.72 ^ clk (in)
     2    0.14                           clk (net)
                  0.98    0.00    0.72 ^ clkbuf_0_clk/A (sky130_fd_sc_hd__clkbuf_16)
                  0.25    0.73    1.45 ^ clkbuf_0_clk/X (sky130_fd_sc_hd__clkbuf_16)
     8    0.14                           clknet_0_clk (net)
                  0.25    0.01    1.46 ^ clkbuf_2_3_0_clk/A (sky130_fd_sc_hd__clkbuf_8)
                  0.23    0.45    1.91 ^ clkbuf_2_3_0_clk/X (sky130_fd_sc_hd__clkbuf_8)
     4    0.08                           clknet_2_3_0_clk (net)
                  0.23    0.00    1.92 ^ clkbuf_3_6_0_clk/A (sky130_fd_sc_hd__clkbuf_8)
                  0.41    0.59    2.51 ^ clkbuf_3_6_0_clk/X (sky130_fd_sc_hd__clkbuf_8)
    16    0.16                           clknet_3_6_0_clk (net)
                  0.41    0.01    2.51 ^ clkbuf_6_53_0_clk/A (sky130_fd_sc_hd__clkbuf_8)
                  0.31    0.58    3.09 ^ clkbuf_6_53_0_clk/X (sky130_fd_sc_hd__clkbuf_8)
    12    0.11                           clknet_6_53_0_clk (net)
                  0.31    0.01    3.10 ^ _43561_/CLK (sky130_fd_sc_hd__dfxtp_1)
                  0.22    0.89    4.00 ^ _43561_/Q (sky130_fd_sc_hd__dfxtp_1)
     3    0.01                           core.qr_ctr_reg (net)
                  0.22    0.00    4.00 ^ _19986_/A (sky130_fd_sc_hd__clkbuf_4)
                  0.27    0.49    4.49 ^ _19986_/X (sky130_fd_sc_hd__clkbuf_4)
    12    0.06                           _18063_ (net)
                  0.27    0.00    4.49 ^ _27294_/A (sky130_fd_sc_hd__buf_4)
                  0.34    0.52    5.01 ^ _27294_/X (sky130_fd_sc_hd__buf_4)
    12    0.08                           _06990_ (net)
                  0.34    0.00    5.01 ^ _27295_/A (sky130_fd_sc_hd__buf_4)
                  0.29    0.51    5.52 ^ _27295_/X (sky130_fd_sc_hd__buf_4)
    12    0.06                           _06991_ (net)
                  0.29    0.00    5.52 ^ _27317_/S (sky130_fd_sc_hd__mux2_4)
                  0.28    0.92    6.44 v _27317_/X (sky130_fd_sc_hd__mux2_4)
     8    0.10                           _07013_ (net)
                  0.28    0.01    6.45 v _27318_/B (sky130_fd_sc_hd__and2_1)
                  0.13    0.51    6.96 v _27318_/X (sky130_fd_sc_hd__and2_1)
     2    0.01                           _07014_ (net)
                  0.13    0.00    6.96 v _27320_/A (sky130_fd_sc_hd__nor2_2)
                  0.44    0.46    7.42 ^ _27320_/Y (sky130_fd_sc_hd__nor2_2)
     2    0.02                           _07016_ (net)
                  0.44    0.00    7.42 ^ _27333_/A1 (sky130_fd_sc_hd__a21oi_2)
                  0.19    0.33    7.75 v _27333_/Y (sky130_fd_sc_hd__a21oi_2)
     4    0.02                           _07029_ (net)
                  0.19    0.00    7.76 v _27351_/A (sky130_fd_sc_hd__or4_1)
                  0.24    1.42    9.17 v _27351_/X (sky130_fd_sc_hd__or4_1)
     2    0.01                           _07047_ (net)
                  0.24    0.00    9.17 v _27362_/A1 (sky130_fd_sc_hd__a211o_2)
                  0.24    0.86   10.04 v _27362_/X (sky130_fd_sc_hd__a211o_2)
     6    0.04                           _07058_ (net)
                  0.24    0.01   10.04 v _27474_/A2 (sky130_fd_sc_hd__a21o_1)
                  0.11    0.46   10.50 v _27474_/X (sky130_fd_sc_hd__a21o_1)
     2    0.01                           _07170_ (net)
                  0.11    0.00   10.50 v _27484_/A2 (sky130_fd_sc_hd__a311o_2)
                  0.21    0.89   11.39 v _27484_/X (sky130_fd_sc_hd__a311o_2)
     6    0.03                           _07180_ (net)
                  0.21    0.00   11.40 v _27529_/A1 (sky130_fd_sc_hd__a211o_1)
                  0.14    0.63   12.03 v _27529_/X (sky130_fd_sc_hd__a211o_1)
     2    0.01                           _07225_ (net)
                  0.14    0.00   12.03 v _27534_/A3 (sky130_fd_sc_hd__a31o_1)
                  0.14    0.52   12.55 v _27534_/X (sky130_fd_sc_hd__a31o_1)
     4    0.01                           _07230_ (net)
                  0.14    0.00   12.55 v _27547_/A1 (sky130_fd_sc_hd__a21boi_1)
                  0.46    0.48   13.03 ^ _27547_/Y (sky130_fd_sc_hd__a21boi_1)
     3    0.01                           _07243_ (net)
                  0.46    0.00   13.03 ^ _27548_/B (sky130_fd_sc_hd__or2_4)
                  0.55    0.76   13.79 ^ _27548_/X (sky130_fd_sc_hd__or2_4)
    10    0.12                           _07244_ (net)
                  0.55    0.00   13.79 ^ _27549_/B (sky130_fd_sc_hd__nor2_1)
                  0.15    0.29   14.08 v _27549_/Y (sky130_fd_sc_hd__nor2_1)
     2    0.01                           _07245_ (net)
                  0.15    0.00   14.08 v _27566_/A (sky130_fd_sc_hd__or4b_2)
                  0.26    1.75   15.83 v _27566_/X (sky130_fd_sc_hd__or4b_2)
     1    0.01                           _07262_ (net)
                  0.26    0.00   15.83 v _27572_/A3 (sky130_fd_sc_hd__o32ai_4)
                  0.62    0.69   16.52 ^ _27572_/Y (sky130_fd_sc_hd__o32ai_4)
     4    0.03                           _07268_ (net)
                  0.62    0.00   16.52 ^ _27648_/A1 (sky130_fd_sc_hd__a21oi_4)
                  0.27    0.46   16.99 v _27648_/Y (sky130_fd_sc_hd__a21oi_4)
     8    0.05                           _07344_ (net)
                  0.27    0.01   16.99 v _27664_/A3 (sky130_fd_sc_hd__o31a_4)
                  0.20    0.76   17.76 v _27664_/X (sky130_fd_sc_hd__o31a_4)
     8    0.05                           _07360_ (net)
                  0.20    0.01   17.76 v _27745_/A1 (sky130_fd_sc_hd__o311a_1)
                  0.18    0.85   18.61 v _27745_/X (sky130_fd_sc_hd__o311a_1)
     2    0.01                           _07441_ (net)
                  0.18    0.00   18.61 v _27819_/A2 (sky130_fd_sc_hd__a21oi_1)
                  0.47    0.53   19.14 ^ _27819_/Y (sky130_fd_sc_hd__a21oi_1)
     2    0.01                           _07515_ (net)
                  0.47    0.00   19.14 ^ _27823_/A2 (sky130_fd_sc_hd__o31ai_2)
                  0.17    0.34   19.48 v _27823_/Y (sky130_fd_sc_hd__o31ai_2)
     2    0.01                           _07519_ (net)
                  0.17    0.00   19.48 v _27831_/B (sky130_fd_sc_hd__and3_1)
                  0.12    0.45   19.93 v _27831_/X (sky130_fd_sc_hd__and3_1)
     2    0.01                           _07527_ (net)
                  0.12    0.00   19.93 v _27835_/A (sky130_fd_sc_hd__or3_2)
                  0.26    1.35   21.28 v _27835_/X (sky130_fd_sc_hd__or3_2)
     4    0.02                           _07531_ (net)
                  0.26    0.00   21.28 v _27934_/B (sky130_fd_sc_hd__and3_1)
                  0.09    0.47   21.75 v _27934_/X (sky130_fd_sc_hd__and3_1)
     2    0.00                           _07630_ (net)
                  0.09    0.00   21.75 v _27938_/C (sky130_fd_sc_hd__or4_1)
                  0.21    1.22   22.97 v _27938_/X (sky130_fd_sc_hd__or4_1)
     1    0.01                           _07634_ (net)
                  0.21    0.00   22.97 v _27939_/B1 (sky130_fd_sc_hd__a31o_1)
                  0.17    0.52   23.48 v _27939_/X (sky130_fd_sc_hd__a31o_1)
     3    0.02                           _07635_ (net)
                  0.17    0.00   23.49 v _27948_/A2 (sky130_fd_sc_hd__a31o_2)
                  0.21    0.65   24.13 v _27948_/X (sky130_fd_sc_hd__a31o_2)
     8    0.04                           _07644_ (net)
                  0.21    0.00   24.14 v _28005_/A2 (sky130_fd_sc_hd__a21o_1)
                  0.16    0.50   24.64 v _28005_/X (sky130_fd_sc_hd__a21o_1)
     4    0.02                           _07701_ (net)
                  0.16    0.00   24.64 v _28006_/A3 (sky130_fd_sc_hd__a311o_1)
                  0.20    0.85   25.48 v _28006_/X (sky130_fd_sc_hd__a311o_1)
     4    0.02                           _07702_ (net)
                  0.20    0.00   25.48 v _28040_/C (sky130_fd_sc_hd__and3_1)
                  0.14    0.52   26.01 v _28040_/X (sky130_fd_sc_hd__and3_1)
     2    0.01                           _07736_ (net)
                  0.14    0.00   26.01 v _28041_/C (sky130_fd_sc_hd__or3_4)
                  0.30    0.99   27.00 v _28041_/X (sky130_fd_sc_hd__or3_4)
    10    0.09                           _07737_ (net)
                  0.30    0.00   27.00 v _28044_/B (sky130_fd_sc_hd__and3_1)
                  0.10    0.51   27.51 v _28044_/X (sky130_fd_sc_hd__and3_1)
     2    0.01                           _07740_ (net)
                  0.10    0.00   27.51 v _28045_/C1 (sky130_fd_sc_hd__a211o_1)
                  0.20    0.61   28.12 v _28045_/X (sky130_fd_sc_hd__a211o_1)
     5    0.02                           _07741_ (net)
                  0.20    0.00   28.12 v _28073_/B (sky130_fd_sc_hd__or4_1)
                  0.23    1.35   29.47 v _28073_/X (sky130_fd_sc_hd__or4_1)
     2    0.01                           _07769_ (net)
                  0.23    0.00   29.47 v _28149_/A1 (sky130_fd_sc_hd__a31o_1)
                  0.25    0.58   30.06 v _28149_/X (sky130_fd_sc_hd__a31o_1)
     4    0.03                           _07845_ (net)
                  0.25    0.00   30.06 v _28201_/A1 (sky130_fd_sc_hd__a211o_2)
                  0.22    0.84   30.90 v _28201_/X (sky130_fd_sc_hd__a211o_2)
     8    0.03                           _07895_ (net)
                  0.22    0.00   30.91 v _28334_/A1 (sky130_fd_sc_hd__a211o_1)
                  0.13    0.63   31.53 v _28334_/X (sky130_fd_sc_hd__a211o_1)
     2    0.01                           _08020_ (net)
                  0.13    0.00   31.53 v _28383_/A2 (sky130_fd_sc_hd__a2111o_1)
                  0.21    0.98   32.51 v _28383_/X (sky130_fd_sc_hd__a2111o_1)
     2    0.01                           _08065_ (net)
                  0.21    0.00   32.51 v _28395_/A1 (sky130_fd_sc_hd__a21oi_1)
                  0.45    0.50   33.02 ^ _28395_/Y (sky130_fd_sc_hd__a21oi_1)
     4    0.01                           _08077_ (net)
                  0.45    0.00   33.02 ^ _28419_/A (sky130_fd_sc_hd__or2_1)
                  0.08    0.33   33.34 ^ _28419_/X (sky130_fd_sc_hd__or2_1)
     1    0.00                           _08099_ (net)
                  0.08    0.00   33.34 ^ _28426_/A2 (sky130_fd_sc_hd__a21oi_1)
                  0.15    0.19   33.53 v _28426_/Y (sky130_fd_sc_hd__a21oi_1)
     2    0.01                           _08106_ (net)
                  0.15    0.00   33.53 v _28428_/C (sky130_fd_sc_hd__or4_1)
                  0.18    1.19   34.72 v _28428_/X (sky130_fd_sc_hd__or4_1)
     1    0.00                           _08108_ (net)
                  0.18    0.00   34.72 v _28432_/B (sky130_fd_sc_hd__and3_1)
                  0.07    0.41   35.13 v _28432_/X (sky130_fd_sc_hd__and3_1)
     1    0.00                           _08112_ (net)
                  0.07    0.00   35.13 v _28433_/A (sky130_fd_sc_hd__clkbuf_1)
                  0.05    0.17   35.30 v _28433_/X (sky130_fd_sc_hd__clkbuf_1)
     1    0.00                           _02081_ (net)
                  0.05    0.00   35.30 v _42036_/D (sky130_fd_sc_hd__dfxtp_2)
                                 35.30   data arrival time

                         38.00   38.00   clock clk (rise edge)
                          0.00   38.00   clock source latency
                  0.98    0.65   38.65 ^ clk (in)
     2    0.14                           clk (net)
                  0.98    0.00   38.65 ^ clkbuf_0_clk/A (sky130_fd_sc_hd__clkbuf_16)
                  0.25    0.66   39.31 ^ clkbuf_0_clk/X (sky130_fd_sc_hd__clkbuf_16)
     8    0.14                           clknet_0_clk (net)
                  0.25    0.01   39.32 ^ clkbuf_2_3_0_clk/A (sky130_fd_sc_hd__clkbuf_8)
                  0.23    0.41   39.73 ^ clkbuf_2_3_0_clk/X (sky130_fd_sc_hd__clkbuf_8)
     4    0.08                           clknet_2_3_0_clk (net)
                  0.23    0.01   39.74 ^ clkbuf_3_7_0_clk/A (sky130_fd_sc_hd__clkbuf_8)
                  0.40    0.52   40.26 ^ clkbuf_3_7_0_clk/X (sky130_fd_sc_hd__clkbuf_8)
    16    0.15                           clknet_3_7_0_clk (net)
                  0.40    0.01   40.26 ^ clkbuf_6_62_0_clk/A (sky130_fd_sc_hd__clkbuf_8)
                  0.32    0.53   40.79 ^ clkbuf_6_62_0_clk/X (sky130_fd_sc_hd__clkbuf_8)
    16    0.12                           clknet_6_62_0_clk (net)
                  0.32    0.00   40.80 ^ clkbuf_leaf_410_clk/A (sky130_fd_sc_hd__clkbuf_16)
                  0.06    0.30   41.10 ^ clkbuf_leaf_410_clk/X (sky130_fd_sc_hd__clkbuf_16)
     2    0.01                           clknet_leaf_410_clk (net)
                  0.06    0.00   41.10 ^ _42036_/CLK (sky130_fd_sc_hd__dfxtp_2)
                         -0.25   40.85   clock uncertainty
                          0.18   41.03   clock reconvergence pessimism
                         -0.27   40.76   library setup time
                                 40.76   data required time
-----------------------------------------------------------------------------
                                 40.76   data required time
                                -35.30   data arrival time
-----------------------------------------------------------------------------
                                  5.46   slack (MET)



======================= Typical Corner ===================================

Startpoint: address[4] (input port clocked by clk)
Endpoint: read_data[16] (output port clocked by clk)
Path Group: clk
Path Type: max
Corner: Typical

Fanout     Cap    Slew   Delay    Time   Description
-----------------------------------------------------------------------------
                          0.00    0.00   clock clk (rise edge)
                          0.00    0.00   clock network delay (propagated)
                          7.60    7.60 ^ input external delay
                  0.05    0.04    7.64 ^ address[4] (in)
     2    0.01                           address[4] (net)
                  0.05    0.00    7.64 ^ input5/A (sky130_fd_sc_hd__buf_8)
                  0.34    0.26    7.89 ^ input5/X (sky130_fd_sc_hd__buf_8)
    10    0.22                           net5 (net)
                  0.39    0.10    7.99 ^ _20043_/A (sky130_fd_sc_hd__or2_1)
                  0.14    0.25    8.24 ^ _20043_/X (sky130_fd_sc_hd__or2_1)
     4    0.01                           _18117_ (net)
                  0.14    0.00    8.24 ^ _20069_/A (sky130_fd_sc_hd__or3b_1)
                  0.06    0.15    8.39 ^ _20069_/X (sky130_fd_sc_hd__or3b_1)
     1    0.01                           _18143_ (net)
                  0.06    0.00    8.39 ^ _20070_/A (sky130_fd_sc_hd__buf_2)
                  0.28    0.29    8.67 ^ _20070_/X (sky130_fd_sc_hd__buf_2)
    10    0.06                           _18144_ (net)
                  0.28    0.01    8.68 ^ _20104_/A (sky130_fd_sc_hd__nor2_1)
                  0.10    0.15    8.83 v _20104_/Y (sky130_fd_sc_hd__nor2_1)
     2    0.01                           _18178_ (net)
                  0.10    0.00    8.83 v _20105_/A (sky130_fd_sc_hd__buf_2)
                  0.12    0.24    9.07 v _20105_/X (sky130_fd_sc_hd__buf_2)
    12    0.05                           _18179_ (net)
                  0.12    0.01    9.07 v _20400_/A (sky130_fd_sc_hd__clkbuf_2)
                  0.08    0.19    9.27 v _20400_/X (sky130_fd_sc_hd__clkbuf_2)
     6    0.02                           _18462_ (net)
                  0.08    0.00    9.27 v _20477_/A2 (sky130_fd_sc_hd__a22o_1)
                  0.05    0.26    9.53 v _20477_/X (sky130_fd_sc_hd__a22o_1)
     1    0.01                           _18535_ (net)
                  0.05    0.00    9.53 v _20478_/C1 (sky130_fd_sc_hd__a221o_1)
                  0.06    0.28    9.82 v _20478_/X (sky130_fd_sc_hd__a221o_1)
     1    0.00                           _18536_ (net)
                  0.06    0.00    9.82 v _20481_/B1 (sky130_fd_sc_hd__a211o_2)
                  0.17    0.48   10.29 v _20481_/X (sky130_fd_sc_hd__a211o_2)
     2    0.06                           _18539_ (net)
                  0.17    0.00   10.30 v _20482_/C1 (sky130_fd_sc_hd__a221o_1)
                  0.11    0.39   10.69 v _20482_/X (sky130_fd_sc_hd__a221o_1)
     1    0.02                           _18540_ (net)
                  0.11    0.00   10.69 v _20483_/D1 (sky130_fd_sc_hd__a2111o_1)
                  0.16    0.44   11.13 v _20483_/X (sky130_fd_sc_hd__a2111o_1)
     2    0.02                           _18541_ (net)
                  0.16    0.00   11.13 v _20484_/A3 (sky130_fd_sc_hd__o31a_4)
                  0.30    0.57   11.71 v _20484_/X (sky130_fd_sc_hd__o31a_4)
     2    0.22                           net52 (net)
                  0.31    0.05   11.75 v output52/A (sky130_fd_sc_hd__clkbuf_4)
                  0.08    0.31   12.07 v output52/X (sky130_fd_sc_hd__clkbuf_4)
     1    0.03                           read_data[16] (net)
                  0.08    0.00   12.07 v read_data[16] (out)
                                 12.07   data arrival time

                         38.00   38.00   clock clk (rise edge)
                          0.00   38.00   clock network delay (propagated)
                         -0.25   37.75   clock uncertainty
                          0.00   37.75   clock reconvergence pessimism
                         -7.60   30.15   output external delay
                                 30.15   data required time
-----------------------------------------------------------------------------
                                 30.15   data required time
                                -12.07   data arrival time
-----------------------------------------------------------------------------
                                 18.08   slack (MET)




===========================================================================
report_checks --slack_max -0.01
============================================================================
======================= Fastest Corner ===================================

No paths found.

======================= Slowest Corner ===================================

No paths found.

======================= Typical Corner ===================================

No paths found.


===========================================================================
 report_check_types -max_slew -max_cap -max_fanout -violators
============================================================================
======================= Fastest Corner ===================================

max fanout

Pin                                   Limit Fanout  Slack
---------------------------------------------------------
clkbuf_6_2_0_clk/X                        6     36    -30 (VIOLATED)
clkbuf_6_31_0_clk/X                       6     36    -30 (VIOLATED)
clkbuf_6_1_0_clk/X                        6     34    -28 (VIOLATED)
clkbuf_6_26_0_clk/X                       6     34    -28 (VIOLATED)
clkbuf_6_47_0_clk/X                       6     34    -28 (VIOLATED)
clkbuf_6_15_0_clk/X                       6     32    -26 (VIOLATED)
clkbuf_6_28_0_clk/X                       6     32    -26 (VIOLATED)
clkbuf_6_5_0_clk/X                        6     32    -26 (VIOLATED)
clkbuf_6_0_0_clk/X                        6     30    -24 (VIOLATED)
clkbuf_6_16_0_clk/X                       6     30    -24 (VIOLATED)
clkbuf_6_17_0_clk/X                       6     30    -24 (VIOLATED)
clkbuf_6_20_0_clk/X                       6     30    -24 (VIOLATED)
clkbuf_6_25_0_clk/X                       6     30    -24 (VIOLATED)
clkbuf_6_34_0_clk/X                       6     30    -24 (VIOLATED)
clkbuf_6_35_0_clk/X                       6     30    -24 (VIOLATED)
clkbuf_6_45_0_clk/X                       6     30    -24 (VIOLATED)
clkbuf_6_46_0_clk/X                       6     30    -24 (VIOLATED)
clkbuf_6_58_0_clk/X                       6     30    -24 (VIOLATED)
clkbuf_6_7_0_clk/X                        6     30    -24 (VIOLATED)
clkbuf_6_11_0_clk/X                       6     28    -22 (VIOLATED)
clkbuf_6_23_0_clk/X                       6     28    -22 (VIOLATED)
clkbuf_6_32_0_clk/X                       6     28    -22 (VIOLATED)
clkbuf_6_33_0_clk/X                       6     28    -22 (VIOLATED)
clkbuf_6_40_0_clk/X                       6     28    -22 (VIOLATED)
clkbuf_6_10_0_clk/X                       6     26    -20 (VIOLATED)
clkbuf_6_12_0_clk/X                       6     26    -20 (VIOLATED)
clkbuf_6_18_0_clk/X                       6     26    -20 (VIOLATED)
clkbuf_6_19_0_clk/X                       6     26    -20 (VIOLATED)
clkbuf_6_30_0_clk/X                       6     26    -20 (VIOLATED)
clkbuf_6_36_0_clk/X                       6     26    -20 (VIOLATED)
clkbuf_6_37_0_clk/X                       6     26    -20 (VIOLATED)
clkbuf_6_38_0_clk/X                       6     26    -20 (VIOLATED)
clkbuf_6_39_0_clk/X                       6     26    -20 (VIOLATED)
clkbuf_6_3_0_clk/X                        6     26    -20 (VIOLATED)
clkbuf_6_59_0_clk/X                       6     26    -20 (VIOLATED)
clkbuf_6_9_0_clk/X                        6     26    -20 (VIOLATED)
_42201_/Q                                 6     24    -18 (VIOLATED)
clkbuf_6_13_0_clk/X                       6     24    -18 (VIOLATED)
clkbuf_6_21_0_clk/X                       6     24    -18 (VIOLATED)
clkbuf_6_22_0_clk/X                       6     24    -18 (VIOLATED)
clkbuf_6_24_0_clk/X                       6     24    -18 (VIOLATED)
clkbuf_6_27_0_clk/X                       6     24    -18 (VIOLATED)
clkbuf_6_29_0_clk/X                       6     24    -18 (VIOLATED)
clkbuf_6_43_0_clk/X                       6     24    -18 (VIOLATED)
clkbuf_6_48_0_clk/X                       6     24    -18 (VIOLATED)
clkbuf_6_4_0_clk/X                        6     24    -18 (VIOLATED)
clkbuf_6_56_0_clk/X                       6     24    -18 (VIOLATED)
clkbuf_6_63_0_clk/X                       6     24    -18 (VIOLATED)
clkbuf_6_14_0_clk/X                       6     22    -16 (VIOLATED)
clkbuf_6_44_0_clk/X                       6     22    -16 (VIOLATED)
clkbuf_6_41_0_clk/X                       6     20    -14 (VIOLATED)
clkbuf_6_42_0_clk/X                       6     20    -14 (VIOLATED)
clkbuf_6_61_0_clk/X                       6     20    -14 (VIOLATED)
clkbuf_6_6_0_clk/X                        6     20    -14 (VIOLATED)
clkbuf_6_8_0_clk/X                        6     20    -14 (VIOLATED)
clkbuf_6_49_0_clk/X                       6     18    -12 (VIOLATED)
clkbuf_6_57_0_clk/X                       6     18    -12 (VIOLATED)
clkbuf_3_0_0_clk/X                        6     16    -10 (VIOLATED)
clkbuf_3_1_0_clk/X                        6     16    -10 (VIOLATED)
clkbuf_3_2_0_clk/X                        6     16    -10 (VIOLATED)
clkbuf_3_3_0_clk/X                        6     16    -10 (VIOLATED)
clkbuf_3_4_0_clk/X                        6     16    -10 (VIOLATED)
clkbuf_3_5_0_clk/X                        6     16    -10 (VIOLATED)
clkbuf_3_6_0_clk/X                        6     16    -10 (VIOLATED)
clkbuf_3_7_0_clk/X                        6     16    -10 (VIOLATED)
clkbuf_6_50_0_clk/X                       6     16    -10 (VIOLATED)
clkbuf_6_60_0_clk/X                       6     16    -10 (VIOLATED)
clkbuf_6_62_0_clk/X                       6     16    -10 (VIOLATED)
_21731_/X                                 6     15     -9 (VIOLATED)
_22451_/X                                 6     15     -9 (VIOLATED)
clkbuf_6_51_0_clk/X                       6     14     -8 (VIOLATED)
clkbuf_6_55_0_clk/X                       6     14     -8 (VIOLATED)
_19961_/X                                 6     13     -7 (VIOLATED)
_26951_/X                                 6     13     -7 (VIOLATED)
_28906_/X                                 6     13     -7 (VIOLATED)
_32779_/X                                 6     13     -7 (VIOLATED)
_33622_/X                                 6     13     -7 (VIOLATED)
_35537_/X                                 6     13     -7 (VIOLATED)
_42032_/Q                                 6     13     -7 (VIOLATED)
_42374_/Q                                 6     13     -7 (VIOLATED)
_19962_/X                                 6     12     -6 (VIOLATED)
_19963_/X                                 6     12     -6 (VIOLATED)
_19966_/X                                 6     12     -6 (VIOLATED)
_19968_/X                                 6     12     -6 (VIOLATED)
_19969_/X                                 6     12     -6 (VIOLATED)
_19970_/X                                 6     12     -6 (VIOLATED)
_19986_/X                                 6     12     -6 (VIOLATED)
_19989_/X                                 6     12     -6 (VIOLATED)
_19990_/X                                 6     12     -6 (VIOLATED)
_19993_/X                                 6     12     -6 (VIOLATED)
_19994_/X                                 6     12     -6 (VIOLATED)
_19995_/X                                 6     12     -6 (VIOLATED)
_19997_/X                                 6     12     -6 (VIOLATED)
_19998_/Y                                 6     12     -6 (VIOLATED)
_20004_/X                                 6     12     -6 (VIOLATED)
_20007_/X                                 6     12     -6 (VIOLATED)
_20008_/X                                 6     12     -6 (VIOLATED)
_20013_/X                                 6     12     -6 (VIOLATED)
_20014_/X                                 6     12     -6 (VIOLATED)
_20015_/X                                 6     12     -6 (VIOLATED)
_20016_/X                                 6     12     -6 (VIOLATED)
_20020_/X                                 6     12     -6 (VIOLATED)
_20024_/X                                 6     12     -6 (VIOLATED)
_20025_/X                                 6     12     -6 (VIOLATED)
_20026_/X                                 6     12     -6 (VIOLATED)
_20028_/X                                 6     12     -6 (VIOLATED)
_20029_/X                                 6     12     -6 (VIOLATED)
_20039_/X                                 6     12     -6 (VIOLATED)
_20047_/X                                 6     12     -6 (VIOLATED)
_20050_/X                                 6     12     -6 (VIOLATED)
_20071_/X                                 6     12     -6 (VIOLATED)
_20073_/X                                 6     12     -6 (VIOLATED)
_20101_/X                                 6     12     -6 (VIOLATED)
_20105_/X                                 6     12     -6 (VIOLATED)
_20109_/X                                 6     12     -6 (VIOLATED)
_20115_/X                                 6     12     -6 (VIOLATED)
_20118_/X                                 6     12     -6 (VIOLATED)
_20121_/X                                 6     12     -6 (VIOLATED)
_20126_/X                                 6     12     -6 (VIOLATED)
_20129_/X                                 6     12     -6 (VIOLATED)
_20133_/X                                 6     12     -6 (VIOLATED)
_20142_/X                                 6     12     -6 (VIOLATED)
_20144_/X                                 6     12     -6 (VIOLATED)
_20151_/X                                 6     12     -6 (VIOLATED)
_20152_/X                                 6     12     -6 (VIOLATED)
_20154_/X                                 6     12     -6 (VIOLATED)
_20158_/X                                 6     12     -6 (VIOLATED)
_20159_/X                                 6     12     -6 (VIOLATED)
_20160_/X                                 6     12     -6 (VIOLATED)
_20162_/X                                 6     12     -6 (VIOLATED)
_20163_/X                                 6     12     -6 (VIOLATED)
_20167_/X                                 6     12     -6 (VIOLATED)
_20170_/X                                 6     12     -6 (VIOLATED)
_20173_/X                                 6     12     -6 (VIOLATED)
_20174_/X                                 6     12     -6 (VIOLATED)
_20177_/X                                 6     12     -6 (VIOLATED)
_20183_/X                                 6     12     -6 (VIOLATED)
_20189_/X                                 6     12     -6 (VIOLATED)
_20190_/X                                 6     12     -6 (VIOLATED)
_20193_/X                                 6     12     -6 (VIOLATED)
_20198_/X                                 6     12     -6 (VIOLATED)
_20201_/X                                 6     12     -6 (VIOLATED)
_20202_/X                                 6     12     -6 (VIOLATED)
_20245_/X                                 6     12     -6 (VIOLATED)
_20250_/X                                 6     12     -6 (VIOLATED)
_20279_/X                                 6     12     -6 (VIOLATED)
_20285_/X                                 6     12     -6 (VIOLATED)
_20287_/X                                 6     12     -6 (VIOLATED)
_20646_/X                                 6     12     -6 (VIOLATED)
_20773_/X                                 6     12     -6 (VIOLATED)
_20775_/X                                 6     12     -6 (VIOLATED)
_20776_/X                                 6     12     -6 (VIOLATED)
_20778_/X                                 6     12     -6 (VIOLATED)
_20779_/X                                 6     12     -6 (VIOLATED)
_20780_/X                                 6     12     -6 (VIOLATED)
_20782_/X                                 6     12     -6 (VIOLATED)
_20784_/X                                 6     12     -6 (VIOLATED)
_20789_/X                                 6     12     -6 (VIOLATED)
_20790_/X                                 6     12     -6 (VIOLATED)
_20791_/X                                 6     12     -6 (VIOLATED)
_20792_/X                                 6     12     -6 (VIOLATED)
_20795_/X                                 6     12     -6 (VIOLATED)
_20796_/X                                 6     12     -6 (VIOLATED)
_20799_/X                                 6     12     -6 (VIOLATED)
_20800_/X                                 6     12     -6 (VIOLATED)
_20803_/X                                 6     12     -6 (VIOLATED)
_20804_/X                                 6     12     -6 (VIOLATED)
_20807_/X                                 6     12     -6 (VIOLATED)
_20808_/X                                 6     12     -6 (VIOLATED)
_20811_/X                                 6     12     -6 (VIOLATED)
_20814_/X                                 6     12     -6 (VIOLATED)
_20820_/X                                 6     12     -6 (VIOLATED)
_20823_/X                                 6     12     -6 (VIOLATED)
_20826_/X                                 6     12     -6 (VIOLATED)
_20829_/X                                 6     12     -6 (VIOLATED)
_20832_/X                                 6     12     -6 (VIOLATED)
_20835_/X                                 6     12     -6 (VIOLATED)
_20841_/X                                 6     12     -6 (VIOLATED)
_20844_/X                                 6     12     -6 (VIOLATED)
_20847_/X                                 6     12     -6 (VIOLATED)
_20850_/X                                 6     12     -6 (VIOLATED)
_20853_/X                                 6     12     -6 (VIOLATED)
_20856_/X                                 6     12     -6 (VIOLATED)
_20860_/X                                 6     12     -6 (VIOLATED)
_20863_/X                                 6     12     -6 (VIOLATED)
_20866_/X                                 6     12     -6 (VIOLATED)
_20869_/X                                 6     12     -6 (VIOLATED)
_20872_/X                                 6     12     -6 (VIOLATED)
_20875_/X                                 6     12     -6 (VIOLATED)
_20878_/X                                 6     12     -6 (VIOLATED)
_20884_/X                                 6     12     -6 (VIOLATED)
_20887_/X                                 6     12     -6 (VIOLATED)
_20890_/X                                 6     12     -6 (VIOLATED)
_20893_/X                                 6     12     -6 (VIOLATED)
_20896_/X                                 6     12     -6 (VIOLATED)
_20899_/X                                 6     12     -6 (VIOLATED)
_20901_/X                                 6     12     -6 (VIOLATED)
_20903_/X                                 6     12     -6 (VIOLATED)
_20907_/X                                 6     12     -6 (VIOLATED)
_20966_/X                                 6     12     -6 (VIOLATED)
_20967_/X                                 6     12     -6 (VIOLATED)
_20983_/X                                 6     12     -6 (VIOLATED)
_20992_/X                                 6     12     -6 (VIOLATED)
_20995_/X                                 6     12     -6 (VIOLATED)
_21047_/X                                 6     12     -6 (VIOLATED)
_21062_/X                                 6     12     -6 (VIOLATED)
_21063_/X                                 6     12     -6 (VIOLATED)
_21076_/X                                 6     12     -6 (VIOLATED)
_21079_/X                                 6     12     -6 (VIOLATED)
_21156_/X                                 6     12     -6 (VIOLATED)
_21161_/X                                 6     12     -6 (VIOLATED)
_21164_/X                                 6     12     -6 (VIOLATED)
_21235_/X                                 6     12     -6 (VIOLATED)
_21244_/X                                 6     12     -6 (VIOLATED)
_21247_/X                                 6     12     -6 (VIOLATED)
_21254_/X                                 6     12     -6 (VIOLATED)
_21255_/X                                 6     12     -6 (VIOLATED)
_21327_/X                                 6     12     -6 (VIOLATED)
_21329_/X                                 6     12     -6 (VIOLATED)
_21332_/X                                 6     12     -6 (VIOLATED)
_21337_/X                                 6     12     -6 (VIOLATED)
_21340_/X                                 6     12     -6 (VIOLATED)
_21343_/X                                 6     12     -6 (VIOLATED)
_21346_/X                                 6     12     -6 (VIOLATED)
_21349_/X                                 6     12     -6 (VIOLATED)
_21352_/X                                 6     12     -6 (VIOLATED)
_21356_/X                                 6     12     -6 (VIOLATED)
_21359_/X                                 6     12     -6 (VIOLATED)
_21362_/X                                 6     12     -6 (VIOLATED)
_21365_/X                                 6     12     -6 (VIOLATED)
_21368_/X                                 6     12     -6 (VIOLATED)
_21371_/X                                 6     12     -6 (VIOLATED)
_21374_/X                                 6     12     -6 (VIOLATED)
_21380_/X                                 6     12     -6 (VIOLATED)
_21383_/X                                 6     12     -6 (VIOLATED)
_21386_/X                                 6     12     -6 (VIOLATED)
_21389_/X                                 6     12     -6 (VIOLATED)
_21392_/X                                 6     12     -6 (VIOLATED)
_21395_/X                                 6     12     -6 (VIOLATED)
_21401_/X                                 6     12     -6 (VIOLATED)
_21404_/X                                 6     12     -6 (VIOLATED)
_21407_/X                                 6     12     -6 (VIOLATED)
_21410_/X                                 6     12     -6 (VIOLATED)
_21413_/X                                 6     12     -6 (VIOLATED)
_21416_/X                                 6     12     -6 (VIOLATED)
_21422_/X                                 6     12     -6 (VIOLATED)
_21425_/X                                 6     12     -6 (VIOLATED)
_21428_/X                                 6     12     -6 (VIOLATED)
_21431_/X                                 6     12     -6 (VIOLATED)
_21434_/X                                 6     12     -6 (VIOLATED)
_21437_/X                                 6     12     -6 (VIOLATED)
_21439_/X                                 6     12     -6 (VIOLATED)
_21441_/X                                 6     12     -6 (VIOLATED)
_21474_/X                                 6     12     -6 (VIOLATED)
_21520_/X                                 6     12     -6 (VIOLATED)
_21532_/X                                 6     12     -6 (VIOLATED)
_21533_/X                                 6     12     -6 (VIOLATED)
_21536_/X                                 6     12     -6 (VIOLATED)
_21539_/X                                 6     12     -6 (VIOLATED)
_21576_/X                                 6     12     -6 (VIOLATED)
_21577_/X                                 6     12     -6 (VIOLATED)
_21578_/X                                 6     12     -6 (VIOLATED)
_21579_/X                                 6     12     -6 (VIOLATED)
_21622_/X                                 6     12     -6 (VIOLATED)
_21625_/X                                 6     12     -6 (VIOLATED)
_21673_/X                                 6     12     -6 (VIOLATED)
_21702_/X                                 6     12     -6 (VIOLATED)
_21717_/X                                 6     12     -6 (VIOLATED)
_21719_/X                                 6     12     -6 (VIOLATED)
_21721_/X                                 6     12     -6 (VIOLATED)
_21722_/X                                 6     12     -6 (VIOLATED)
_21732_/X                                 6     12     -6 (VIOLATED)
_21733_/X                                 6     12     -6 (VIOLATED)
_21734_/X                                 6     12     -6 (VIOLATED)
_21737_/X                                 6     12     -6 (VIOLATED)
_21739_/X                                 6     12     -6 (VIOLATED)
_21741_/X                                 6     12     -6 (VIOLATED)
_21743_/X                                 6     12     -6 (VIOLATED)
_21745_/X                                 6     12     -6 (VIOLATED)
_21749_/X                                 6     12     -6 (VIOLATED)
_21785_/X                                 6     12     -6 (VIOLATED)
_21816_/X                                 6     12     -6 (VIOLATED)
_21827_/X                                 6     12     -6 (VIOLATED)
_21830_/X                                 6     12     -6 (VIOLATED)
_21835_/X                                 6     12     -6 (VIOLATED)
_21837_/X                                 6     12     -6 (VIOLATED)
_21840_/X                                 6     12     -6 (VIOLATED)
_21843_/X                                 6     12     -6 (VIOLATED)
_21883_/X                                 6     12     -6 (VIOLATED)
_21912_/X                                 6     12     -6 (VIOLATED)
_21917_/X                                 6     12     -6 (VIOLATED)
_21931_/X                                 6     12     -6 (VIOLATED)
_21935_/X                                 6     12     -6 (VIOLATED)
_21940_/X                                 6     12     -6 (VIOLATED)
_21943_/X                                 6     12     -6 (VIOLATED)
_21946_/X                                 6     12     -6 (VIOLATED)
_21949_/X                                 6     12     -6 (VIOLATED)
_21952_/X                                 6     12     -6 (VIOLATED)
_21956_/X                                 6     12     -6 (VIOLATED)
_21961_/X                                 6     12     -6 (VIOLATED)
_21964_/X                                 6     12     -6 (VIOLATED)
_21967_/X                                 6     12     -6 (VIOLATED)
_21970_/X                                 6     12     -6 (VIOLATED)
_21973_/X                                 6     12     -6 (VIOLATED)
_21977_/X                                 6     12     -6 (VIOLATED)
_21982_/X                                 6     12     -6 (VIOLATED)
_21985_/X                                 6     12     -6 (VIOLATED)
_21988_/X                                 6     12     -6 (VIOLATED)
_21991_/X                                 6     12     -6 (VIOLATED)
_21994_/X                                 6     12     -6 (VIOLATED)
_21996_/X                                 6     12     -6 (VIOLATED)
_21999_/X                                 6     12     -6 (VIOLATED)
_22004_/X                                 6     12     -6 (VIOLATED)
_22007_/X                                 6     12     -6 (VIOLATED)
_22010_/X                                 6     12     -6 (VIOLATED)
_22013_/X                                 6     12     -6 (VIOLATED)
_22016_/X                                 6     12     -6 (VIOLATED)
_22018_/X                                 6     12     -6 (VIOLATED)
_22020_/X                                 6     12     -6 (VIOLATED)
_22023_/X                                 6     12     -6 (VIOLATED)
_22027_/X                                 6     12     -6 (VIOLATED)
_22030_/X                                 6     12     -6 (VIOLATED)
_22099_/X                                 6     12     -6 (VIOLATED)
_22100_/X                                 6     12     -6 (VIOLATED)
_22111_/X                                 6     12     -6 (VIOLATED)
_22114_/X                                 6     12     -6 (VIOLATED)
_22192_/X                                 6     12     -6 (VIOLATED)
_22193_/X                                 6     12     -6 (VIOLATED)
_22194_/X                                 6     12     -6 (VIOLATED)
_22197_/X                                 6     12     -6 (VIOLATED)
_22200_/X                                 6     12     -6 (VIOLATED)
_22273_/X                                 6     12     -6 (VIOLATED)
_22279_/X                                 6     12     -6 (VIOLATED)
_22284_/X                                 6     12     -6 (VIOLATED)
_22288_/X                                 6     12     -6 (VIOLATED)
_22355_/X                                 6     12     -6 (VIOLATED)
_22366_/X                                 6     12     -6 (VIOLATED)
_22369_/X                                 6     12     -6 (VIOLATED)
_22374_/X                                 6     12     -6 (VIOLATED)
_22376_/X                                 6     12     -6 (VIOLATED)
_22379_/X                                 6     12     -6 (VIOLATED)
_22382_/X                                 6     12     -6 (VIOLATED)
_22392_/X                                 6     12     -6 (VIOLATED)
_22423_/X                                 6     12     -6 (VIOLATED)
_22454_/X                                 6     12     -6 (VIOLATED)
_22457_/X                                 6     12     -6 (VIOLATED)
_22469_/X                                 6     12     -6 (VIOLATED)
_22473_/X                                 6     12     -6 (VIOLATED)
_22478_/X                                 6     12     -6 (VIOLATED)
_22481_/X                                 6     12     -6 (VIOLATED)
_22484_/X                                 6     12     -6 (VIOLATED)
_22487_/X                                 6     12     -6 (VIOLATED)
_22490_/X                                 6     12     -6 (VIOLATED)
_22492_/X                                 6     12     -6 (VIOLATED)
_22495_/X                                 6     12     -6 (VIOLATED)
_22500_/X                                 6     12     -6 (VIOLATED)
_22503_/X                                 6     12     -6 (VIOLATED)
_22506_/X                                 6     12     -6 (VIOLATED)
_22509_/X                                 6     12     -6 (VIOLATED)
_22512_/X                                 6     12     -6 (VIOLATED)
_22516_/X                                 6     12     -6 (VIOLATED)
_22521_/X                                 6     12     -6 (VIOLATED)
_22524_/X                                 6     12     -6 (VIOLATED)
_22527_/X                                 6     12     -6 (VIOLATED)
_22530_/X                                 6     12     -6 (VIOLATED)
_22533_/X                                 6     12     -6 (VIOLATED)
_22535_/X                                 6     12     -6 (VIOLATED)
_22537_/X                                 6     12     -6 (VIOLATED)
_22542_/X                                 6     12     -6 (VIOLATED)
_22545_/X                                 6     12     -6 (VIOLATED)
_22548_/X                                 6     12     -6 (VIOLATED)
_22551_/X                                 6     12     -6 (VIOLATED)
_22554_/X                                 6     12     -6 (VIOLATED)
_22556_/X                                 6     12     -6 (VIOLATED)
_22558_/X                                 6     12     -6 (VIOLATED)
_22561_/X                                 6     12     -6 (VIOLATED)
_22565_/X                                 6     12     -6 (VIOLATED)
_22568_/X                                 6     12     -6 (VIOLATED)
_22607_/X                                 6     12     -6 (VIOLATED)
_22638_/X                                 6     12     -6 (VIOLATED)
_22652_/X                                 6     12     -6 (VIOLATED)
_22655_/X                                 6     12     -6 (VIOLATED)
_22660_/X                                 6     12     -6 (VIOLATED)
_22705_/X                                 6     12     -6 (VIOLATED)
_22706_/X                                 6     12     -6 (VIOLATED)
_22734_/X                                 6     12     -6 (VIOLATED)
_22737_/X                                 6     12     -6 (VIOLATED)
_22740_/X                                 6     12     -6 (VIOLATED)
_22798_/X                                 6     12     -6 (VIOLATED)
_22799_/X                                 6     12     -6 (VIOLATED)
_22800_/X                                 6     12     -6 (VIOLATED)
_22815_/X                                 6     12     -6 (VIOLATED)
_22822_/X                                 6     12     -6 (VIOLATED)
_22825_/X                                 6     12     -6 (VIOLATED)
_22879_/X                                 6     12     -6 (VIOLATED)
_22894_/X                                 6     12     -6 (VIOLATED)
_22895_/X                                 6     12     -6 (VIOLATED)
_22906_/X                                 6     12     -6 (VIOLATED)
_22909_/X                                 6     12     -6 (VIOLATED)
_22929_/X                                 6     12     -6 (VIOLATED)
_22959_/X                                 6     12     -6 (VIOLATED)
_22987_/X                                 6     12     -6 (VIOLATED)
_22988_/X                                 6     12     -6 (VIOLATED)
_22991_/X                                 6     12     -6 (VIOLATED)
_22994_/X                                 6     12     -6 (VIOLATED)
_23067_/X                                 6     12     -6 (VIOLATED)
_23074_/X                                 6     12     -6 (VIOLATED)
_23077_/X                                 6     12     -6 (VIOLATED)
_23086_/X                                 6     12     -6 (VIOLATED)
_23147_/X                                 6     12     -6 (VIOLATED)
_23157_/X                                 6     12     -6 (VIOLATED)
_23191_/X                                 6     12     -6 (VIOLATED)
_23192_/X                                 6     12     -6 (VIOLATED)
_23193_/X                                 6     12     -6 (VIOLATED)
_23200_/X                                 6     12     -6 (VIOLATED)
_23201_/X                                 6     12     -6 (VIOLATED)
_23255_/X                                 6     12     -6 (VIOLATED)
_23262_/X                                 6     12     -6 (VIOLATED)
_23315_/X                                 6     12     -6 (VIOLATED)
_23323_/X                                 6     12     -6 (VIOLATED)
_23377_/X                                 6     12     -6 (VIOLATED)
_23397_/X                                 6     12     -6 (VIOLATED)
_23437_/X                                 6     12     -6 (VIOLATED)
_23445_/X                                 6     12     -6 (VIOLATED)
_23446_/X                                 6     12     -6 (VIOLATED)
_23479_/X                                 6     12     -6 (VIOLATED)
_23499_/X                                 6     12     -6 (VIOLATED)
_23559_/X                                 6     12     -6 (VIOLATED)
_23560_/X                                 6     12     -6 (VIOLATED)
_23567_/X                                 6     12     -6 (VIOLATED)
_23581_/X                                 6     12     -6 (VIOLATED)
_23588_/X                                 6     12     -6 (VIOLATED)
_23608_/X                                 6     12     -6 (VIOLATED)
_23681_/X                                 6     12     -6 (VIOLATED)
_23689_/X                                 6     12     -6 (VIOLATED)
_23690_/X                                 6     12     -6 (VIOLATED)
_23710_/X                                 6     12     -6 (VIOLATED)
_23803_/X                                 6     12     -6 (VIOLATED)
_23804_/X                                 6     12     -6 (VIOLATED)
_23811_/X                                 6     12     -6 (VIOLATED)
_23812_/X                                 6     12     -6 (VIOLATED)
_23826_/X                                 6     12     -6 (VIOLATED)
_23833_/X                                 6     12     -6 (VIOLATED)
_23846_/X                                 6     12     -6 (VIOLATED)
_23886_/X                                 6     12     -6 (VIOLATED)
_23926_/X                                 6     12     -6 (VIOLATED)
_23927_/X                                 6     12     -6 (VIOLATED)
_23928_/X                                 6     12     -6 (VIOLATED)
_23935_/X                                 6     12     -6 (VIOLATED)
_23989_/X                                 6     12     -6 (VIOLATED)
_23996_/X                                 6     12     -6 (VIOLATED)
_24016_/X                                 6     12     -6 (VIOLATED)
_24029_/X                                 6     12     -6 (VIOLATED)
_24036_/X                                 6     12     -6 (VIOLATED)
_24049_/X                                 6     12     -6 (VIOLATED)
_24050_/X                                 6     12     -6 (VIOLATED)
_24057_/X                                 6     12     -6 (VIOLATED)
_24058_/X                                 6     12     -6 (VIOLATED)
_24098_/X                                 6     12     -6 (VIOLATED)
_24131_/X                                 6     12     -6 (VIOLATED)
_24151_/X                                 6     12     -6 (VIOLATED)
_24171_/X                                 6     12     -6 (VIOLATED)
_24179_/X                                 6     12     -6 (VIOLATED)
_24213_/X                                 6     12     -6 (VIOLATED)
_24233_/X                                 6     12     -6 (VIOLATED)
_24240_/X                                 6     12     -6 (VIOLATED)
_24253_/X                                 6     12     -6 (VIOLATED)
_24260_/X                                 6     12     -6 (VIOLATED)
_24293_/X                                 6     12     -6 (VIOLATED)
_24301_/X                                 6     12     -6 (VIOLATED)
_24322_/X                                 6     12     -6 (VIOLATED)
_24342_/X                                 6     12     -6 (VIOLATED)
_24415_/X                                 6     12     -6 (VIOLATED)
_24423_/X                                 6     12     -6 (VIOLATED)
_24457_/X                                 6     12     -6 (VIOLATED)
_24524_/X                                 6     12     -6 (VIOLATED)
_24537_/X                                 6     12     -6 (VIOLATED)
_24545_/X                                 6     12     -6 (VIOLATED)
_24546_/X                                 6     12     -6 (VIOLATED)
_24547_/X                                 6     12     -6 (VIOLATED)
_24560_/X                                 6     12     -6 (VIOLATED)
_24567_/X                                 6     12     -6 (VIOLATED)
_24580_/X                                 6     12     -6 (VIOLATED)
_24587_/X                                 6     12     -6 (VIOLATED)
_24660_/X                                 6     12     -6 (VIOLATED)
_24661_/X                                 6     12     -6 (VIOLATED)
_24668_/X                                 6     12     -6 (VIOLATED)
_24669_/X                                 6     12     -6 (VIOLATED)
_24749_/X                                 6     12     -6 (VIOLATED)
_24769_/X                                 6     12     -6 (VIOLATED)
_24782_/X                                 6     12     -6 (VIOLATED)
_24789_/X                                 6     12     -6 (VIOLATED)
_24830_/X                                 6     12     -6 (VIOLATED)
_24850_/X                                 6     12     -6 (VIOLATED)
_24863_/X                                 6     12     -6 (VIOLATED)
_24889_/X                                 6     12     -6 (VIOLATED)
_24897_/X                                 6     12     -6 (VIOLATED)
_24898_/X                                 6     12     -6 (VIOLATED)
_24904_/X                                 6     12     -6 (VIOLATED)
_24919_/X                                 6     12     -6 (VIOLATED)
_24965_/X                                 6     12     -6 (VIOLATED)
_24976_/X                                 6     12     -6 (VIOLATED)
_24977_/X                                 6     12     -6 (VIOLATED)
_24992_/X                                 6     12     -6 (VIOLATED)
_25013_/X                                 6     12     -6 (VIOLATED)
_25059_/X                                 6     12     -6 (VIOLATED)
_25070_/X                                 6     12     -6 (VIOLATED)
_25085_/X                                 6     12     -6 (VIOLATED)
_25086_/X                                 6     12     -6 (VIOLATED)
_25091_/X                                 6     12     -6 (VIOLATED)
_25106_/X                                 6     12     -6 (VIOLATED)
_25107_/X                                 6     12     -6 (VIOLATED)
_25164_/X                                 6     12     -6 (VIOLATED)
_25179_/X                                 6     12     -6 (VIOLATED)
_25200_/X                                 6     12     -6 (VIOLATED)
_25257_/X                                 6     12     -6 (VIOLATED)
_25272_/X                                 6     12     -6 (VIOLATED)
_25278_/X                                 6     12     -6 (VIOLATED)
_25293_/X                                 6     12     -6 (VIOLATED)
_25334_/X                                 6     12     -6 (VIOLATED)
_25335_/X                                 6     12     -6 (VIOLATED)
_25339_/X                                 6     12     -6 (VIOLATED)
_25350_/X                                 6     12     -6 (VIOLATED)
_25365_/X                                 6     12     -6 (VIOLATED)
_25386_/X                                 6     12     -6 (VIOLATED)
_25443_/X                                 6     12     -6 (VIOLATED)
_25458_/X                                 6     12     -6 (VIOLATED)
_25474_/X                                 6     12     -6 (VIOLATED)
_25475_/X                                 6     12     -6 (VIOLATED)
_25479_/X                                 6     12     -6 (VIOLATED)
_25480_/X                                 6     12     -6 (VIOLATED)
_25536_/X                                 6     12     -6 (VIOLATED)
_25551_/X                                 6     12     -6 (VIOLATED)
_25557_/X                                 6     12     -6 (VIOLATED)
_25572_/X                                 6     12     -6 (VIOLATED)
_25644_/X                                 6     12     -6 (VIOLATED)
_25665_/X                                 6     12     -6 (VIOLATED)
_25666_/X                                 6     12     -6 (VIOLATED)
_25722_/X                                 6     12     -6 (VIOLATED)
_25723_/X                                 6     12     -6 (VIOLATED)
_25727_/X                                 6     12     -6 (VIOLATED)
_25729_/X                                 6     12     -6 (VIOLATED)
_25730_/X                                 6     12     -6 (VIOLATED)
_25731_/X                                 6     12     -6 (VIOLATED)
_25733_/X                                 6     12     -6 (VIOLATED)
_25734_/X                                 6     12     -6 (VIOLATED)
_25738_/X                                 6     12     -6 (VIOLATED)
_25752_/X                                 6     12     -6 (VIOLATED)
_25753_/X                                 6     12     -6 (VIOLATED)
_25761_/X                                 6     12     -6 (VIOLATED)
_25762_/X                                 6     12     -6 (VIOLATED)
_25765_/X                                 6     12     -6 (VIOLATED)
_25779_/X                                 6     12     -6 (VIOLATED)
_25785_/X                                 6     12     -6 (VIOLATED)
_25826_/X                                 6     12     -6 (VIOLATED)
_25873_/X                                 6     12     -6 (VIOLATED)
_25882_/X                                 6     12     -6 (VIOLATED)
_25884_/X                                 6     12     -6 (VIOLATED)
_25885_/X                                 6     12     -6 (VIOLATED)
_25886_/X                                 6     12     -6 (VIOLATED)
_25926_/X                                 6     12     -6 (VIOLATED)
_25929_/X                                 6     12     -6 (VIOLATED)
_25937_/X                                 6     12     -6 (VIOLATED)
_25950_/X                                 6     12     -6 (VIOLATED)
_25957_/X                                 6     12     -6 (VIOLATED)
_25967_/X                                 6     12     -6 (VIOLATED)
_25979_/X                                 6     12     -6 (VIOLATED)
_25980_/X                                 6     12     -6 (VIOLATED)
_25982_/X                                 6     12     -6 (VIOLATED)
_25989_/X                                 6     12     -6 (VIOLATED)
_26005_/X                                 6     12     -6 (VIOLATED)
_26026_/X                                 6     12     -6 (VIOLATED)
_26032_/X                                 6     12     -6 (VIOLATED)
_26039_/X                                 6     12     -6 (VIOLATED)
_26073_/X                                 6     12     -6 (VIOLATED)
_26074_/X                                 6     12     -6 (VIOLATED)
_26085_/X                                 6     12     -6 (VIOLATED)
_26103_/X                                 6     12     -6 (VIOLATED)
_26108_/X                                 6     12     -6 (VIOLATED)
_26118_/X                                 6     12     -6 (VIOLATED)
_26136_/X                                 6     12     -6 (VIOLATED)
_26146_/X                                 6     12     -6 (VIOLATED)
_26166_/X                                 6     12     -6 (VIOLATED)
_26198_/X                                 6     12     -6 (VIOLATED)
_26199_/X                                 6     12     -6 (VIOLATED)
_26200_/X                                 6     12     -6 (VIOLATED)
_26203_/X                                 6     12     -6 (VIOLATED)
_26204_/X                                 6     12     -6 (VIOLATED)
_26211_/X                                 6     12     -6 (VIOLATED)
_26219_/X                                 6     12     -6 (VIOLATED)
_26231_/X                                 6     12     -6 (VIOLATED)
_26276_/X                                 6     12     -6 (VIOLATED)
_26288_/X                                 6     12     -6 (VIOLATED)
_26295_/X                                 6     12     -6 (VIOLATED)
_26305_/X                                 6     12     -6 (VIOLATED)
_26318_/X                                 6     12     -6 (VIOLATED)
_26334_/X                                 6     12     -6 (VIOLATED)
_26374_/X                                 6     12     -6 (VIOLATED)
_26383_/X                                 6     12     -6 (VIOLATED)
_26411_/X                                 6     12     -6 (VIOLATED)
_26432_/X                                 6     12     -6 (VIOLATED)
_26467_/X                                 6     12     -6 (VIOLATED)
_26477_/X                                 6     12     -6 (VIOLATED)
_26478_/X                                 6     12     -6 (VIOLATED)
_26490_/X                                 6     12     -6 (VIOLATED)
_26506_/X                                 6     12     -6 (VIOLATED)
_26518_/X                                 6     12     -6 (VIOLATED)
_26534_/X                                 6     12     -6 (VIOLATED)
_26546_/X                                 6     12     -6 (VIOLATED)
_26583_/X                                 6     12     -6 (VIOLATED)
_26620_/X                                 6     12     -6 (VIOLATED)
_26632_/X                                 6     12     -6 (VIOLATED)
_26648_/X                                 6     12     -6 (VIOLATED)
_26661_/X                                 6     12     -6 (VIOLATED)
_26677_/X                                 6     12     -6 (VIOLATED)
_26689_/X                                 6     12     -6 (VIOLATED)
_26705_/X                                 6     12     -6 (VIOLATED)
_26717_/X                                 6     12     -6 (VIOLATED)
_26773_/X                                 6     12     -6 (VIOLATED)
_26787_/X                                 6     12     -6 (VIOLATED)
_26800_/X                                 6     12     -6 (VIOLATED)
_26801_/X                                 6     12     -6 (VIOLATED)
_26821_/X                                 6     12     -6 (VIOLATED)
_26834_/X                                 6     12     -6 (VIOLATED)
_26853_/X                                 6     12     -6 (VIOLATED)
_26865_/X                                 6     12     -6 (VIOLATED)
_26888_/X                                 6     12     -6 (VIOLATED)
_26889_/X                                 6     12     -6 (VIOLATED)
_26896_/X                                 6     12     -6 (VIOLATED)
_26902_/X                                 6     12     -6 (VIOLATED)
_26903_/X                                 6     12     -6 (VIOLATED)
_26905_/X                                 6     12     -6 (VIOLATED)
_26909_/X                                 6     12     -6 (VIOLATED)
_26917_/X                                 6     12     -6 (VIOLATED)
_26928_/X                                 6     12     -6 (VIOLATED)
_26939_/X                                 6     12     -6 (VIOLATED)
_26946_/X                                 6     12     -6 (VIOLATED)
_26947_/X                                 6     12     -6 (VIOLATED)
_26962_/X                                 6     12     -6 (VIOLATED)
_26973_/X                                 6     12     -6 (VIOLATED)
_26983_/X                                 6     12     -6 (VIOLATED)
_26984_/X                                 6     12     -6 (VIOLATED)
_26985_/X                                 6     12     -6 (VIOLATED)
_26996_/X                                 6     12     -6 (VIOLATED)
_27006_/X                                 6     12     -6 (VIOLATED)
_27013_/X                                 6     12     -6 (VIOLATED)
_27053_/X                                 6     12     -6 (VIOLATED)
_27073_/X                                 6     12     -6 (VIOLATED)
_27074_/X                                 6     12     -6 (VIOLATED)
_27107_/X                                 6     12     -6 (VIOLATED)
_27108_/X                                 6     12     -6 (VIOLATED)
_27135_/X                                 6     12     -6 (VIOLATED)
_27148_/X                                 6     12     -6 (VIOLATED)
_27155_/X                                 6     12     -6 (VIOLATED)
_27168_/X                                 6     12     -6 (VIOLATED)
_27195_/X                                 6     12     -6 (VIOLATED)
_27228_/X                                 6     12     -6 (VIOLATED)
_27229_/X                                 6     12     -6 (VIOLATED)
_27236_/X                                 6     12     -6 (VIOLATED)
_27237_/X                                 6     12     -6 (VIOLATED)
_27238_/X                                 6     12     -6 (VIOLATED)
_27239_/X                                 6     12     -6 (VIOLATED)
_27241_/X                                 6     12     -6 (VIOLATED)
_27251_/X                                 6     12     -6 (VIOLATED)
_27254_/X                                 6     12     -6 (VIOLATED)
_27259_/X                                 6     12     -6 (VIOLATED)
_27266_/X                                 6     12     -6 (VIOLATED)
_27282_/X                                 6     12     -6 (VIOLATED)
_27294_/X                                 6     12     -6 (VIOLATED)
_27295_/X                                 6     12     -6 (VIOLATED)
_27310_/X                                 6     12     -6 (VIOLATED)
_27312_/X                                 6     12     -6 (VIOLATED)
_27323_/X                                 6     12     -6 (VIOLATED)
_27400_/X                                 6     12     -6 (VIOLATED)
_27402_/Y                                 6     12     -6 (VIOLATED)
_27410_/X                                 6     12     -6 (VIOLATED)
_27423_/X                                 6     12     -6 (VIOLATED)
_27424_/X                                 6     12     -6 (VIOLATED)
_27440_/X                                 6     12     -6 (VIOLATED)
_27444_/X                                 6     12     -6 (VIOLATED)
_27460_/X                                 6     12     -6 (VIOLATED)
_27479_/X                                 6     12     -6 (VIOLATED)
_27497_/Y                                 6     12     -6 (VIOLATED)
_27498_/X                                 6     12     -6 (VIOLATED)
_27520_/X                                 6     12     -6 (VIOLATED)
_27523_/X                                 6     12     -6 (VIOLATED)
_27543_/X                                 6     12     -6 (VIOLATED)
_27562_/X                                 6     12     -6 (VIOLATED)
_27563_/X                                 6     12     -6 (VIOLATED)
_27593_/Y                                 6     12     -6 (VIOLATED)
_27597_/X                                 6     12     -6 (VIOLATED)
_27605_/X                                 6     12     -6 (VIOLATED)
_27613_/X                                 6     12     -6 (VIOLATED)
_27618_/X                                 6     12     -6 (VIOLATED)
_27622_/X                                 6     12     -6 (VIOLATED)
_27628_/X                                 6     12     -6 (VIOLATED)
_27638_/X                                 6     12     -6 (VIOLATED)
_27641_/X                                 6     12     -6 (VIOLATED)
_27643_/X                                 6     12     -6 (VIOLATED)
_27649_/X                                 6     12     -6 (VIOLATED)
_27651_/X                                 6     12     -6 (VIOLATED)
_27657_/X                                 6     12     -6 (VIOLATED)
_27660_/X                                 6     12     -6 (VIOLATED)
_27665_/X                                 6     12     -6 (VIOLATED)
_27668_/X                                 6     12     -6 (VIOLATED)
_27681_/X                                 6     12     -6 (VIOLATED)
_27682_/X                                 6     12     -6 (VIOLATED)
_27684_/Y                                 6     12     -6 (VIOLATED)
_27686_/X                                 6     12     -6 (VIOLATED)
_27692_/X                                 6     12     -6 (VIOLATED)
_27696_/X                                 6     12     -6 (VIOLATED)
_27701_/X                                 6     12     -6 (VIOLATED)
_27705_/X                                 6     12     -6 (VIOLATED)
_27707_/X                                 6     12     -6 (VIOLATED)
_27712_/X                                 6     12     -6 (VIOLATED)
_27719_/X                                 6     12     -6 (VIOLATED)
_27735_/X                                 6     12     -6 (VIOLATED)
_27739_/X                                 6     12     -6 (VIOLATED)
_27747_/X                                 6     12     -6 (VIOLATED)
_27756_/X                                 6     12     -6 (VIOLATED)
_27757_/X                                 6     12     -6 (VIOLATED)
_27760_/X                                 6     12     -6 (VIOLATED)
_27764_/X                                 6     12     -6 (VIOLATED)
_27766_/Y                                 6     12     -6 (VIOLATED)
_27771_/X                                 6     12     -6 (VIOLATED)
_27772_/X                                 6     12     -6 (VIOLATED)
_27773_/X                                 6     12     -6 (VIOLATED)
_27775_/X                                 6     12     -6 (VIOLATED)
_27781_/X                                 6     12     -6 (VIOLATED)
_27792_/X                                 6     12     -6 (VIOLATED)
_27803_/Y                                 6     12     -6 (VIOLATED)
_27852_/X                                 6     12     -6 (VIOLATED)
_27860_/X                                 6     12     -6 (VIOLATED)
_27870_/Y                                 6     12     -6 (VIOLATED)
_27878_/X                                 6     12     -6 (VIOLATED)
_27886_/X                                 6     12     -6 (VIOLATED)
_27888_/X                                 6     12     -6 (VIOLATED)
_27907_/X                                 6     12     -6 (VIOLATED)
_27925_/X                                 6     12     -6 (VIOLATED)
_27929_/Y                                 6     12     -6 (VIOLATED)
_27952_/X                                 6     12     -6 (VIOLATED)
_27953_/X                                 6     12     -6 (VIOLATED)
_27955_/X                                 6     12     -6 (VIOLATED)
_27961_/X                                 6     12     -6 (VIOLATED)
_27963_/X                                 6     12     -6 (VIOLATED)
_27975_/X                                 6     12     -6 (VIOLATED)
_27976_/X                                 6     12     -6 (VIOLATED)
_27978_/X                                 6     12     -6 (VIOLATED)
_27985_/X                                 6     12     -6 (VIOLATED)
_27991_/X                                 6     12     -6 (VIOLATED)
_27992_/X                                 6     12     -6 (VIOLATED)
_27994_/Y                                 6     12     -6 (VIOLATED)
_28050_/Y                                 6     12     -6 (VIOLATED)
_28056_/X                                 6     12     -6 (VIOLATED)
_28058_/Y                                 6     12     -6 (VIOLATED)
_28085_/X                                 6     12     -6 (VIOLATED)
_28091_/X                                 6     12     -6 (VIOLATED)
_28107_/X                                 6     12     -6 (VIOLATED)
_28110_/X                                 6     12     -6 (VIOLATED)
_28124_/Y                                 6     12     -6 (VIOLATED)
_28159_/X                                 6     12     -6 (VIOLATED)
_28178_/X                                 6     12     -6 (VIOLATED)
_28184_/X                                 6     12     -6 (VIOLATED)
_28185_/X                                 6     12     -6 (VIOLATED)
_28193_/X                                 6     12     -6 (VIOLATED)
_28194_/X                                 6     12     -6 (VIOLATED)
_28195_/Y                                 6     12     -6 (VIOLATED)
_28199_/X                                 6     12     -6 (VIOLATED)
_28216_/X                                 6     12     -6 (VIOLATED)
_28217_/X                                 6     12     -6 (VIOLATED)
_28218_/X                                 6     12     -6 (VIOLATED)
_28243_/X                                 6     12     -6 (VIOLATED)
_28244_/X                                 6     12     -6 (VIOLATED)
_28258_/X                                 6     12     -6 (VIOLATED)
_28259_/X                                 6     12     -6 (VIOLATED)
_28274_/X                                 6     12     -6 (VIOLATED)
_28293_/X                                 6     12     -6 (VIOLATED)
_28294_/X                                 6     12     -6 (VIOLATED)
_28297_/X                                 6     12     -6 (VIOLATED)
_28298_/X                                 6     12     -6 (VIOLATED)
_28318_/X                                 6     12     -6 (VIOLATED)
_28354_/X                                 6     12     -6 (VIOLATED)
_28366_/X                                 6     12     -6 (VIOLATED)
_28367_/X                                 6     12     -6 (VIOLATED)
_28370_/X                                 6     12     -6 (VIOLATED)
_28379_/X                                 6     12     -6 (VIOLATED)
_28398_/X                                 6     12     -6 (VIOLATED)
_28411_/X                                 6     12     -6 (VIOLATED)
_28415_/X                                 6     12     -6 (VIOLATED)
_28417_/X                                 6     12     -6 (VIOLATED)
_28429_/X                                 6     12     -6 (VIOLATED)
_28430_/X                                 6     12     -6 (VIOLATED)
_28443_/X                                 6     12     -6 (VIOLATED)
_28453_/X                                 6     12     -6 (VIOLATED)
_28481_/X                                 6     12     -6 (VIOLATED)
_28511_/X                                 6     12     -6 (VIOLATED)
_28524_/X                                 6     12     -6 (VIOLATED)
_28529_/X                                 6     12     -6 (VIOLATED)
_28593_/X                                 6     12     -6 (VIOLATED)
_28601_/X                                 6     12     -6 (VIOLATED)
_28620_/X                                 6     12     -6 (VIOLATED)
_28674_/X                                 6     12     -6 (VIOLATED)
_28686_/X                                 6     12     -6 (VIOLATED)
_28708_/X                                 6     12     -6 (VIOLATED)
_28712_/X                                 6     12     -6 (VIOLATED)
_28726_/X                                 6     12     -6 (VIOLATED)
_28739_/X                                 6     12     -6 (VIOLATED)
_28742_/X                                 6     12     -6 (VIOLATED)
_28753_/X                                 6     12     -6 (VIOLATED)
_28792_/X                                 6     12     -6 (VIOLATED)
_28797_/X                                 6     12     -6 (VIOLATED)
_28817_/X                                 6     12     -6 (VIOLATED)
_28820_/X                                 6     12     -6 (VIOLATED)
_28824_/X                                 6     12     -6 (VIOLATED)
_28840_/X                                 6     12     -6 (VIOLATED)
_28850_/X                                 6     12     -6 (VIOLATED)
_28872_/X                                 6     12     -6 (VIOLATED)
_28876_/X                                 6     12     -6 (VIOLATED)
_28878_/X                                 6     12     -6 (VIOLATED)
_28891_/X                                 6     12     -6 (VIOLATED)
_28892_/X                                 6     12     -6 (VIOLATED)
_28896_/X                                 6     12     -6 (VIOLATED)
_28902_/X                                 6     12     -6 (VIOLATED)
_28912_/X                                 6     12     -6 (VIOLATED)
_28915_/X                                 6     12     -6 (VIOLATED)
_28918_/X                                 6     12     -6 (VIOLATED)
_28922_/X                                 6     12     -6 (VIOLATED)
_28929_/Y                                 6     12     -6 (VIOLATED)
_28963_/X                                 6     12     -6 (VIOLATED)
_28971_/Y                                 6     12     -6 (VIOLATED)
_28989_/X                                 6     12     -6 (VIOLATED)
_29002_/X                                 6     12     -6 (VIOLATED)
_29004_/X                                 6     12     -6 (VIOLATED)
_29019_/X                                 6     12     -6 (VIOLATED)
_29021_/X                                 6     12     -6 (VIOLATED)
_29040_/X                                 6     12     -6 (VIOLATED)
_29058_/X                                 6     12     -6 (VIOLATED)
_29163_/X                                 6     12     -6 (VIOLATED)
_29164_/X                                 6     12     -6 (VIOLATED)
_29178_/X                                 6     12     -6 (VIOLATED)
_29183_/X                                 6     12     -6 (VIOLATED)
_29193_/X                                 6     12     -6 (VIOLATED)
_29212_/X                                 6     12     -6 (VIOLATED)
_29215_/X                                 6     12     -6 (VIOLATED)
_29222_/X                                 6     12     -6 (VIOLATED)
_29230_/X                                 6     12     -6 (VIOLATED)
_29287_/X                                 6     12     -6 (VIOLATED)
_29429_/X                                 6     12     -6 (VIOLATED)
_29458_/X                                 6     12     -6 (VIOLATED)
_29515_/X                                 6     12     -6 (VIOLATED)
_29518_/X                                 6     12     -6 (VIOLATED)
_29544_/X                                 6     12     -6 (VIOLATED)
_29545_/X                                 6     12     -6 (VIOLATED)
_29563_/X                                 6     12     -6 (VIOLATED)
_29619_/X                                 6     12     -6 (VIOLATED)
_29641_/X                                 6     12     -6 (VIOLATED)
_29661_/X                                 6     12     -6 (VIOLATED)
_29685_/X                                 6     12     -6 (VIOLATED)
_29688_/X                                 6     12     -6 (VIOLATED)
_29689_/X                                 6     12     -6 (VIOLATED)
_29694_/X                                 6     12     -6 (VIOLATED)
_29695_/X                                 6     12     -6 (VIOLATED)
_29707_/X                                 6     12     -6 (VIOLATED)
_29711_/X                                 6     12     -6 (VIOLATED)
_29720_/X                                 6     12     -6 (VIOLATED)
_29732_/X                                 6     12     -6 (VIOLATED)
_29741_/X                                 6     12     -6 (VIOLATED)
_29744_/X                                 6     12     -6 (VIOLATED)
_29762_/X                                 6     12     -6 (VIOLATED)
_29765_/X                                 6     12     -6 (VIOLATED)
_29786_/X                                 6     12     -6 (VIOLATED)
_29789_/X                                 6     12     -6 (VIOLATED)
_29839_/Y                                 6     12     -6 (VIOLATED)
_29870_/X                                 6     12     -6 (VIOLATED)
_29905_/X                                 6     12     -6 (VIOLATED)
_29908_/X                                 6     12     -6 (VIOLATED)
_29922_/X                                 6     12     -6 (VIOLATED)
_29929_/X                                 6     12     -6 (VIOLATED)
_29947_/X                                 6     12     -6 (VIOLATED)
_29955_/X                                 6     12     -6 (VIOLATED)
_29975_/X                                 6     12     -6 (VIOLATED)
_29988_/X                                 6     12     -6 (VIOLATED)
_30003_/X                                 6     12     -6 (VIOLATED)
_30010_/X                                 6     12     -6 (VIOLATED)
_30022_/X                                 6     12     -6 (VIOLATED)
_30035_/X                                 6     12     -6 (VIOLATED)
_30057_/X                                 6     12     -6 (VIOLATED)
_30061_/X                                 6     12     -6 (VIOLATED)
_30071_/X                                 6     12     -6 (VIOLATED)
_30077_/X                                 6     12     -6 (VIOLATED)
_30100_/X                                 6     12     -6 (VIOLATED)
_30106_/X                                 6     12     -6 (VIOLATED)
_30110_/X                                 6     12     -6 (VIOLATED)
_30113_/X                                 6     12     -6 (VIOLATED)
_30177_/X                                 6     12     -6 (VIOLATED)
_30185_/X                                 6     12     -6 (VIOLATED)
_30197_/X                                 6     12     -6 (VIOLATED)
_30226_/X                                 6     12     -6 (VIOLATED)
_30233_/X                                 6     12     -6 (VIOLATED)
_30234_/X                                 6     12     -6 (VIOLATED)
_30257_/X                                 6     12     -6 (VIOLATED)
_30271_/Y                                 6     12     -6 (VIOLATED)
_30273_/X                                 6     12     -6 (VIOLATED)
_30285_/X                                 6     12     -6 (VIOLATED)
_30308_/Y                                 6     12     -6 (VIOLATED)
_30323_/X                                 6     12     -6 (VIOLATED)
_30350_/X                                 6     12     -6 (VIOLATED)
_30357_/X                                 6     12     -6 (VIOLATED)
_30400_/X                                 6     12     -6 (VIOLATED)
_30415_/X                                 6     12     -6 (VIOLATED)
_30417_/X                                 6     12     -6 (VIOLATED)
_30448_/X                                 6     12     -6 (VIOLATED)
_30488_/X                                 6     12     -6 (VIOLATED)
_30548_/X                                 6     12     -6 (VIOLATED)
_30557_/X                                 6     12     -6 (VIOLATED)
_30608_/X                                 6     12     -6 (VIOLATED)
_30627_/Y                                 6     12     -6 (VIOLATED)
_30628_/X                                 6     12     -6 (VIOLATED)
_30633_/X                                 6     12     -6 (VIOLATED)
_30644_/X                                 6     12     -6 (VIOLATED)
_30744_/X                                 6     12     -6 (VIOLATED)
_30758_/X                                 6     12     -6 (VIOLATED)
_30826_/X                                 6     12     -6 (VIOLATED)
_30849_/X                                 6     12     -6 (VIOLATED)
_30888_/X                                 6     12     -6 (VIOLATED)
_30891_/X                                 6     12     -6 (VIOLATED)
_30896_/X                                 6     12     -6 (VIOLATED)
_30903_/X                                 6     12     -6 (VIOLATED)
_30921_/X                                 6     12     -6 (VIOLATED)
_30922_/X                                 6     12     -6 (VIOLATED)
_30950_/X                                 6     12     -6 (VIOLATED)
_31042_/X                                 6     12     -6 (VIOLATED)
_31067_/X                                 6     12     -6 (VIOLATED)
_31078_/X                                 6     12     -6 (VIOLATED)
_31089_/X                                 6     12     -6 (VIOLATED)
_31095_/X                                 6     12     -6 (VIOLATED)
_31096_/X                                 6     12     -6 (VIOLATED)
_31139_/X                                 6     12     -6 (VIOLATED)
_31147_/Y                                 6     12     -6 (VIOLATED)
_31151_/X                                 6     12     -6 (VIOLATED)
_31155_/Y                                 6     12     -6 (VIOLATED)
_31165_/X                                 6     12     -6 (VIOLATED)
_31169_/X                                 6     12     -6 (VIOLATED)
_31174_/Y                                 6     12     -6 (VIOLATED)
_31176_/X                                 6     12     -6 (VIOLATED)
_31179_/X                                 6     12     -6 (VIOLATED)
_31189_/X                                 6     12     -6 (VIOLATED)
_31210_/X                                 6     12     -6 (VIOLATED)
_31214_/X                                 6     12     -6 (VIOLATED)
_31240_/X                                 6     12     -6 (VIOLATED)
_31245_/Y                                 6     12     -6 (VIOLATED)
_31268_/X                                 6     12     -6 (VIOLATED)
_31277_/X                                 6     12     -6 (VIOLATED)
_31286_/X                                 6     12     -6 (VIOLATED)
_31290_/X                                 6     12     -6 (VIOLATED)
_31291_/X                                 6     12     -6 (VIOLATED)
_31293_/X                                 6     12     -6 (VIOLATED)
_31294_/X                                 6     12     -6 (VIOLATED)
_31300_/X                                 6     12     -6 (VIOLATED)
_31315_/Y                                 6     12     -6 (VIOLATED)
_31323_/X                                 6     12     -6 (VIOLATED)
_31330_/X                                 6     12     -6 (VIOLATED)
_31340_/Y                                 6     12     -6 (VIOLATED)
_31358_/Y                                 6     12     -6 (VIOLATED)
_31371_/Y                                 6     12     -6 (VIOLATED)
_31387_/X                                 6     12     -6 (VIOLATED)
_31402_/Y                                 6     12     -6 (VIOLATED)
_31420_/Y                                 6     12     -6 (VIOLATED)
_31433_/X                                 6     12     -6 (VIOLATED)
_31439_/X                                 6     12     -6 (VIOLATED)
_31447_/X                                 6     12     -6 (VIOLATED)
_31451_/X                                 6     12     -6 (VIOLATED)
_31466_/X                                 6     12     -6 (VIOLATED)
_31472_/X                                 6     12     -6 (VIOLATED)
_31473_/X                                 6     12     -6 (VIOLATED)
_31480_/X                                 6     12     -6 (VIOLATED)
_31496_/X                                 6     12     -6 (VIOLATED)
_31501_/Y                                 6     12     -6 (VIOLATED)
_31528_/X                                 6     12     -6 (VIOLATED)
_31534_/Y                                 6     12     -6 (VIOLATED)
_31553_/X                                 6     12     -6 (VIOLATED)
_31567_/X                                 6     12     -6 (VIOLATED)
_31570_/X                                 6     12     -6 (VIOLATED)
_31605_/Y                                 6     12     -6 (VIOLATED)
_31634_/Y                                 6     12     -6 (VIOLATED)
_31646_/Y                                 6     12     -6 (VIOLATED)
_31654_/X                                 6     12     -6 (VIOLATED)
_31783_/X                                 6     12     -6 (VIOLATED)
_31969_/X                                 6     12     -6 (VIOLATED)
_31970_/X                                 6     12     -6 (VIOLATED)
_31971_/X                                 6     12     -6 (VIOLATED)
_32005_/X                                 6     12     -6 (VIOLATED)
_32088_/X                                 6     12     -6 (VIOLATED)
_32089_/X                                 6     12     -6 (VIOLATED)
_32090_/X                                 6     12     -6 (VIOLATED)
_32091_/X                                 6     12     -6 (VIOLATED)
_32092_/X                                 6     12     -6 (VIOLATED)
_32093_/X                                 6     12     -6 (VIOLATED)
_32095_/X                                 6     12     -6 (VIOLATED)
_32096_/X                                 6     12     -6 (VIOLATED)
_32099_/X                                 6     12     -6 (VIOLATED)
_32116_/X                                 6     12     -6 (VIOLATED)
_32117_/X                                 6     12     -6 (VIOLATED)
_32118_/X                                 6     12     -6 (VIOLATED)
_32119_/X                                 6     12     -6 (VIOLATED)
_32120_/X                                 6     12     -6 (VIOLATED)
_32128_/X                                 6     12     -6 (VIOLATED)
_32130_/X                                 6     12     -6 (VIOLATED)
_32131_/X                                 6     12     -6 (VIOLATED)
_32138_/X                                 6     12     -6 (VIOLATED)
_32143_/X                                 6     12     -6 (VIOLATED)
_32144_/X                                 6     12     -6 (VIOLATED)
_32200_/X                                 6     12     -6 (VIOLATED)
_32224_/X                                 6     12     -6 (VIOLATED)
_32267_/X                                 6     12     -6 (VIOLATED)
_32276_/X                                 6     12     -6 (VIOLATED)
_32277_/X                                 6     12     -6 (VIOLATED)
_32279_/X                                 6     12     -6 (VIOLATED)
_32281_/X                                 6     12     -6 (VIOLATED)
_32282_/X                                 6     12     -6 (VIOLATED)
_32286_/X                                 6     12     -6 (VIOLATED)
_32292_/X                                 6     12     -6 (VIOLATED)
_32311_/X                                 6     12     -6 (VIOLATED)
_32313_/X                                 6     12     -6 (VIOLATED)
_32317_/X                                 6     12     -6 (VIOLATED)
_32318_/X                                 6     12     -6 (VIOLATED)
_32334_/X                                 6     12     -6 (VIOLATED)
_32435_/X                                 6     12     -6 (VIOLATED)
_32436_/X                                 6     12     -6 (VIOLATED)
_32442_/X                                 6     12     -6 (VIOLATED)
_32449_/X                                 6     12     -6 (VIOLATED)
_32464_/X                                 6     12     -6 (VIOLATED)
_32490_/X                                 6     12     -6 (VIOLATED)
_32510_/X                                 6     12     -6 (VIOLATED)
_32552_/X                                 6     12     -6 (VIOLATED)
_32563_/X                                 6     12     -6 (VIOLATED)
_32605_/X                                 6     12     -6 (VIOLATED)
_32606_/X                                 6     12     -6 (VIOLATED)
_32653_/X                                 6     12     -6 (VIOLATED)
_32654_/X                                 6     12     -6 (VIOLATED)
_32669_/X                                 6     12     -6 (VIOLATED)
_32694_/X                                 6     12     -6 (VIOLATED)
_32701_/X                                 6     12     -6 (VIOLATED)
_32720_/X                                 6     12     -6 (VIOLATED)
_32735_/X                                 6     12     -6 (VIOLATED)
_32747_/X                                 6     12     -6 (VIOLATED)
_32757_/X                                 6     12     -6 (VIOLATED)
_32762_/X                                 6     12     -6 (VIOLATED)
_32763_/X                                 6     12     -6 (VIOLATED)
_32764_/X                                 6     12     -6 (VIOLATED)
_32766_/X                                 6     12     -6 (VIOLATED)
_32769_/X                                 6     12     -6 (VIOLATED)
_32770_/X                                 6     12     -6 (VIOLATED)
_32771_/X                                 6     12     -6 (VIOLATED)
_32774_/X                                 6     12     -6 (VIOLATED)
_32775_/X                                 6     12     -6 (VIOLATED)
_32778_/X                                 6     12     -6 (VIOLATED)
_32781_/X                                 6     12     -6 (VIOLATED)
_32784_/X                                 6     12     -6 (VIOLATED)
_32791_/X                                 6     12     -6 (VIOLATED)
_32792_/X                                 6     12     -6 (VIOLATED)
_32795_/X                                 6     12     -6 (VIOLATED)
_32799_/X                                 6     12     -6 (VIOLATED)
_32800_/X                                 6     12     -6 (VIOLATED)
_32801_/X                                 6     12     -6 (VIOLATED)
_32806_/X                                 6     12     -6 (VIOLATED)
_32810_/X                                 6     12     -6 (VIOLATED)
_32811_/X                                 6     12     -6 (VIOLATED)
_32822_/X                                 6     12     -6 (VIOLATED)
_32849_/X                                 6     12     -6 (VIOLATED)
_32853_/X                                 6     12     -6 (VIOLATED)
_32857_/X                                 6     12     -6 (VIOLATED)
_32864_/X                                 6     12     -6 (VIOLATED)
_32866_/X                                 6     12     -6 (VIOLATED)
_32870_/X                                 6     12     -6 (VIOLATED)
_32872_/X                                 6     12     -6 (VIOLATED)
_32876_/X                                 6     12     -6 (VIOLATED)
_32880_/X                                 6     12     -6 (VIOLATED)
_32902_/X                                 6     12     -6 (VIOLATED)
_32910_/X                                 6     12     -6 (VIOLATED)
_32943_/X                                 6     12     -6 (VIOLATED)
_32953_/X                                 6     12     -6 (VIOLATED)
_32979_/X                                 6     12     -6 (VIOLATED)
_32983_/X                                 6     12     -6 (VIOLATED)
_33004_/X                                 6     12     -6 (VIOLATED)
_33014_/X                                 6     12     -6 (VIOLATED)
_33022_/X                                 6     12     -6 (VIOLATED)
_33023_/X                                 6     12     -6 (VIOLATED)
_33028_/X                                 6     12     -6 (VIOLATED)
_33029_/X                                 6     12     -6 (VIOLATED)
_33036_/X                                 6     12     -6 (VIOLATED)
_33043_/X                                 6     12     -6 (VIOLATED)
_33048_/X                                 6     12     -6 (VIOLATED)
_33049_/X                                 6     12     -6 (VIOLATED)
_33054_/X                                 6     12     -6 (VIOLATED)
_33061_/X                                 6     12     -6 (VIOLATED)
_33066_/X                                 6     12     -6 (VIOLATED)
_33070_/X                                 6     12     -6 (VIOLATED)
_33074_/X                                 6     12     -6 (VIOLATED)
_33087_/X                                 6     12     -6 (VIOLATED)
_33088_/X                                 6     12     -6 (VIOLATED)
_33094_/X                                 6     12     -6 (VIOLATED)
_33137_/X                                 6     12     -6 (VIOLATED)
_33142_/X                                 6     12     -6 (VIOLATED)
_33165_/X                                 6     12     -6 (VIOLATED)
_33168_/X                                 6     12     -6 (VIOLATED)
_33178_/X                                 6     12     -6 (VIOLATED)
_33183_/X                                 6     12     -6 (VIOLATED)
_33186_/X                                 6     12     -6 (VIOLATED)
_33205_/X                                 6     12     -6 (VIOLATED)
_33231_/X                                 6     12     -6 (VIOLATED)
_33241_/X                                 6     12     -6 (VIOLATED)
_33242_/X                                 6     12     -6 (VIOLATED)
_33331_/X                                 6     12     -6 (VIOLATED)
_33347_/X                                 6     12     -6 (VIOLATED)
_33372_/X                                 6     12     -6 (VIOLATED)
_33380_/X                                 6     12     -6 (VIOLATED)
_33426_/X                                 6     12     -6 (VIOLATED)
_33429_/X                                 6     12     -6 (VIOLATED)
_33430_/X                                 6     12     -6 (VIOLATED)
_33443_/X                                 6     12     -6 (VIOLATED)
_33444_/X                                 6     12     -6 (VIOLATED)
_33481_/X                                 6     12     -6 (VIOLATED)
_33495_/X                                 6     12     -6 (VIOLATED)
_33503_/X                                 6     12     -6 (VIOLATED)
_33536_/X                                 6     12     -6 (VIOLATED)
_33562_/X                                 6     12     -6 (VIOLATED)
_33587_/X                                 6     12     -6 (VIOLATED)
_33628_/X                                 6     12     -6 (VIOLATED)
_33631_/X                                 6     12     -6 (VIOLATED)
_33635_/X                                 6     12     -6 (VIOLATED)
_33636_/X                                 6     12     -6 (VIOLATED)
_33668_/X                                 6     12     -6 (VIOLATED)
_33687_/X                                 6     12     -6 (VIOLATED)
_33877_/X                                 6     12     -6 (VIOLATED)
_33916_/X                                 6     12     -6 (VIOLATED)
_33942_/X                                 6     12     -6 (VIOLATED)
_33943_/X                                 6     12     -6 (VIOLATED)
_33945_/X                                 6     12     -6 (VIOLATED)
_33946_/X                                 6     12     -6 (VIOLATED)
_33950_/X                                 6     12     -6 (VIOLATED)
_33956_/X                                 6     12     -6 (VIOLATED)
_33966_/X                                 6     12     -6 (VIOLATED)
_34003_/X                                 6     12     -6 (VIOLATED)
_34004_/X                                 6     12     -6 (VIOLATED)
_34040_/X                                 6     12     -6 (VIOLATED)
_34041_/X                                 6     12     -6 (VIOLATED)
_34060_/X                                 6     12     -6 (VIOLATED)
_34097_/X                                 6     12     -6 (VIOLATED)
_34122_/X                                 6     12     -6 (VIOLATED)
_34133_/X                                 6     12     -6 (VIOLATED)
_34138_/X                                 6     12     -6 (VIOLATED)
_34153_/X                                 6     12     -6 (VIOLATED)
_34165_/X                                 6     12     -6 (VIOLATED)
_34169_/X                                 6     12     -6 (VIOLATED)
_34190_/X                                 6     12     -6 (VIOLATED)
_34226_/X                                 6     12     -6 (VIOLATED)
_34246_/X                                 6     12     -6 (VIOLATED)
_34247_/X                                 6     12     -6 (VIOLATED)
_34253_/X                                 6     12     -6 (VIOLATED)
_34268_/X                                 6     12     -6 (VIOLATED)
_34273_/X                                 6     12     -6 (VIOLATED)
_34277_/X                                 6     12     -6 (VIOLATED)
_34283_/X                                 6     12     -6 (VIOLATED)
_34314_/X                                 6     12     -6 (VIOLATED)
_34319_/X                                 6     12     -6 (VIOLATED)
_34320_/X                                 6     12     -6 (VIOLATED)
_34331_/X                                 6     12     -6 (VIOLATED)
_34340_/X                                 6     12     -6 (VIOLATED)
_34352_/X                                 6     12     -6 (VIOLATED)
_34356_/X                                 6     12     -6 (VIOLATED)
_34362_/X                                 6     12     -6 (VIOLATED)
_34367_/X                                 6     12     -6 (VIOLATED)
_34371_/X                                 6     12     -6 (VIOLATED)
_34377_/X                                 6     12     -6 (VIOLATED)
_34414_/X                                 6     12     -6 (VIOLATED)
_34418_/X                                 6     12     -6 (VIOLATED)
_34433_/X                                 6     12     -6 (VIOLATED)
_34434_/X                                 6     12     -6 (VIOLATED)
_34465_/X                                 6     12     -6 (VIOLATED)
_34471_/X                                 6     12     -6 (VIOLATED)
_34507_/X                                 6     12     -6 (VIOLATED)
_34523_/X                                 6     12     -6 (VIOLATED)
_34527_/X                                 6     12     -6 (VIOLATED)
_34564_/X                                 6     12     -6 (VIOLATED)
_34565_/X                                 6     12     -6 (VIOLATED)
_34581_/X                                 6     12     -6 (VIOLATED)
_34586_/X                                 6     12     -6 (VIOLATED)
_34590_/X                                 6     12     -6 (VIOLATED)
_34601_/X                                 6     12     -6 (VIOLATED)
_34602_/X                                 6     12     -6 (VIOLATED)
_34606_/X                                 6     12     -6 (VIOLATED)
_34617_/X                                 6     12     -6 (VIOLATED)
_34621_/X                                 6     12     -6 (VIOLATED)
_34658_/X                                 6     12     -6 (VIOLATED)
_34664_/X                                 6     12     -6 (VIOLATED)
_34668_/X                                 6     12     -6 (VIOLATED)
_34679_/X                                 6     12     -6 (VIOLATED)
_34689_/X                                 6     12     -6 (VIOLATED)
_34694_/X                                 6     12     -6 (VIOLATED)
_34714_/X                                 6     12     -6 (VIOLATED)
_34751_/X                                 6     12     -6 (VIOLATED)
_34787_/X                                 6     12     -6 (VIOLATED)
_34807_/X                                 6     12     -6 (VIOLATED)
_34838_/X                                 6     12     -6 (VIOLATED)
_34844_/X                                 6     12     -6 (VIOLATED)
_34850_/X                                 6     12     -6 (VIOLATED)
_34880_/X                                 6     12     -6 (VIOLATED)
_34881_/X                                 6     12     -6 (VIOLATED)
_34897_/X                                 6     12     -6 (VIOLATED)
_34901_/X                                 6     12     -6 (VIOLATED)
_34902_/X                                 6     12     -6 (VIOLATED)
_34932_/X                                 6     12     -6 (VIOLATED)
_34938_/X                                 6     12     -6 (VIOLATED)
_34939_/X                                 6     12     -6 (VIOLATED)
_34974_/X                                 6     12     -6 (VIOLATED)
_34994_/X                                 6     12     -6 (VIOLATED)
_34995_/X                                 6     12     -6 (VIOLATED)
_35032_/X                                 6     12     -6 (VIOLATED)
_35068_/X                                 6     12     -6 (VIOLATED)
_35088_/X                                 6     12     -6 (VIOLATED)
_35100_/X                                 6     12     -6 (VIOLATED)
_35104_/X                                 6     12     -6 (VIOLATED)
_35125_/X                                 6     12     -6 (VIOLATED)
_35161_/X                                 6     12     -6 (VIOLATED)
_35181_/X                                 6     12     -6 (VIOLATED)
_35253_/X                                 6     12     -6 (VIOLATED)
_35263_/X                                 6     12     -6 (VIOLATED)
_35271_/X                                 6     12     -6 (VIOLATED)
_35272_/X                                 6     12     -6 (VIOLATED)
_35274_/X                                 6     12     -6 (VIOLATED)
_35275_/X                                 6     12     -6 (VIOLATED)
_35352_/X                                 6     12     -6 (VIOLATED)
_35353_/X                                 6     12     -6 (VIOLATED)
_35354_/X                                 6     12     -6 (VIOLATED)
_35356_/X                                 6     12     -6 (VIOLATED)
_35389_/X                                 6     12     -6 (VIOLATED)
_35390_/X                                 6     12     -6 (VIOLATED)
_35400_/X                                 6     12     -6 (VIOLATED)
_35417_/X                                 6     12     -6 (VIOLATED)
_35418_/X                                 6     12     -6 (VIOLATED)
_35424_/X                                 6     12     -6 (VIOLATED)
_35425_/X                                 6     12     -6 (VIOLATED)
_35444_/X                                 6     12     -6 (VIOLATED)
_35445_/X                                 6     12     -6 (VIOLATED)
_35459_/X                                 6     12     -6 (VIOLATED)
_35461_/X                                 6     12     -6 (VIOLATED)
_35484_/X                                 6     12     -6 (VIOLATED)
_35485_/X                                 6     12     -6 (VIOLATED)
_35499_/X                                 6     12     -6 (VIOLATED)
_35501_/X                                 6     12     -6 (VIOLATED)
_35524_/X                                 6     12     -6 (VIOLATED)
_35530_/X                                 6     12     -6 (VIOLATED)
_35678_/X                                 6     12     -6 (VIOLATED)
_35697_/X                                 6     12     -6 (VIOLATED)
_35698_/X                                 6     12     -6 (VIOLATED)
_35759_/X                                 6     12     -6 (VIOLATED)
_35797_/X                                 6     12     -6 (VIOLATED)
_35799_/X                                 6     12     -6 (VIOLATED)
_35821_/X                                 6     12     -6 (VIOLATED)
_35842_/X                                 6     12     -6 (VIOLATED)
_35858_/X                                 6     12     -6 (VIOLATED)
_35859_/X                                 6     12     -6 (VIOLATED)
_35865_/X                                 6     12     -6 (VIOLATED)
_35960_/X                                 6     12     -6 (VIOLATED)
_35963_/X                                 6     12     -6 (VIOLATED)
_35987_/X                                 6     12     -6 (VIOLATED)
_36014_/X                                 6     12     -6 (VIOLATED)
_36079_/X                                 6     12     -6 (VIOLATED)
_36080_/X                                 6     12     -6 (VIOLATED)
_36094_/X                                 6     12     -6 (VIOLATED)
_36096_/X                                 6     12     -6 (VIOLATED)
_36123_/X                                 6     12     -6 (VIOLATED)
_36131_/X                                 6     12     -6 (VIOLATED)
_36240_/X                                 6     12     -6 (VIOLATED)
_36277_/X                                 6     12     -6 (VIOLATED)
_36290_/X                                 6     12     -6 (VIOLATED)
_36313_/X                                 6     12     -6 (VIOLATED)
_36336_/X                                 6     12     -6 (VIOLATED)
_36352_/X                                 6     12     -6 (VIOLATED)
_36353_/X                                 6     12     -6 (VIOLATED)
_36376_/X                                 6     12     -6 (VIOLATED)
_36390_/X                                 6     12     -6 (VIOLATED)
_36392_/X                                 6     12     -6 (VIOLATED)
_36421_/X                                 6     12     -6 (VIOLATED)
_36422_/X                                 6     12     -6 (VIOLATED)
_36438_/X                                 6     12     -6 (VIOLATED)
_36541_/X                                 6     12     -6 (VIOLATED)
_36565_/X                                 6     12     -6 (VIOLATED)
_36566_/X                                 6     12     -6 (VIOLATED)
_36574_/X                                 6     12     -6 (VIOLATED)
_36593_/X                                 6     12     -6 (VIOLATED)
_36607_/X                                 6     12     -6 (VIOLATED)
_36672_/X                                 6     12     -6 (VIOLATED)
_36673_/X                                 6     12     -6 (VIOLATED)
_36687_/X                                 6     12     -6 (VIOLATED)
_36694_/X                                 6     12     -6 (VIOLATED)
_36710_/X                                 6     12     -6 (VIOLATED)
_36726_/X                                 6     12     -6 (VIOLATED)
_36729_/X                                 6     12     -6 (VIOLATED)
_36830_/X                                 6     12     -6 (VIOLATED)
_36854_/X                                 6     12     -6 (VIOLATED)
_36857_/X                                 6     12     -6 (VIOLATED)
_36943_/X                                 6     12     -6 (VIOLATED)
_36967_/X                                 6     12     -6 (VIOLATED)
_36980_/X                                 6     12     -6 (VIOLATED)
_36998_/X                                 6     12     -6 (VIOLATED)
_37007_/X                                 6     12     -6 (VIOLATED)
_37008_/X                                 6     12     -6 (VIOLATED)
_37023_/X                                 6     12     -6 (VIOLATED)
_37119_/X                                 6     12     -6 (VIOLATED)
_37120_/X                                 6     12     -6 (VIOLATED)
_37135_/X                                 6     12     -6 (VIOLATED)
_37145_/X                                 6     12     -6 (VIOLATED)
_37198_/X                                 6     12     -6 (VIOLATED)
_37240_/X                                 6     12     -6 (VIOLATED)
_37263_/X                                 6     12     -6 (VIOLATED)
_37264_/X                                 6     12     -6 (VIOLATED)
_37275_/X                                 6     12     -6 (VIOLATED)
_37289_/X                                 6     12     -6 (VIOLATED)
_37290_/X                                 6     12     -6 (VIOLATED)
_37295_/X                                 6     12     -6 (VIOLATED)
_37417_/X                                 6     12     -6 (VIOLATED)
_37497_/X                                 6     12     -6 (VIOLATED)
_37534_/X                                 6     12     -6 (VIOLATED)
_37536_/X                                 6     12     -6 (VIOLATED)
_37537_/X                                 6     12     -6 (VIOLATED)
_37559_/X                                 6     12     -6 (VIOLATED)
_37577_/X                                 6     12     -6 (VIOLATED)
_37580_/X                                 6     12     -6 (VIOLATED)
_37596_/X                                 6     12     -6 (VIOLATED)
_37602_/X                                 6     12     -6 (VIOLATED)
_37700_/X                                 6     12     -6 (VIOLATED)
_37724_/X                                 6     12     -6 (VIOLATED)
_37790_/X                                 6     12     -6 (VIOLATED)
_37791_/X                                 6     12     -6 (VIOLATED)
_37830_/X                                 6     12     -6 (VIOLATED)
_37832_/X                                 6     12     -6 (VIOLATED)
_37850_/X                                 6     12     -6 (VIOLATED)
_37851_/X                                 6     12     -6 (VIOLATED)
_37860_/X                                 6     12     -6 (VIOLATED)
_37861_/X                                 6     12     -6 (VIOLATED)
_37869_/X                                 6     12     -6 (VIOLATED)
_37988_/X                                 6     12     -6 (VIOLATED)
_38035_/X                                 6     12     -6 (VIOLATED)
_38052_/X                                 6     12     -6 (VIOLATED)
_38114_/X                                 6     12     -6 (VIOLATED)
_38128_/X                                 6     12     -6 (VIOLATED)
_38130_/X                                 6     12     -6 (VIOLATED)
_38131_/X                                 6     12     -6 (VIOLATED)
_38160_/X                                 6     12     -6 (VIOLATED)
_38176_/X                                 6     12     -6 (VIOLATED)
_38303_/X                                 6     12     -6 (VIOLATED)
_38344_/X                                 6     12     -6 (VIOLATED)
_38383_/X                                 6     12     -6 (VIOLATED)
_38409_/X                                 6     12     -6 (VIOLATED)
_38430_/X                                 6     12     -6 (VIOLATED)
_38446_/X                                 6     12     -6 (VIOLATED)
_38462_/X                                 6     12     -6 (VIOLATED)
_38472_/X                                 6     12     -6 (VIOLATED)
_38591_/X                                 6     12     -6 (VIOLATED)
_38592_/X                                 6     12     -6 (VIOLATED)
_38595_/X                                 6     12     -6 (VIOLATED)
_38704_/X                                 6     12     -6 (VIOLATED)
_38717_/X                                 6     12     -6 (VIOLATED)
_38736_/X                                 6     12     -6 (VIOLATED)
_38745_/X                                 6     12     -6 (VIOLATED)
_38753_/X                                 6     12     -6 (VIOLATED)
_38760_/X                                 6     12     -6 (VIOLATED)
_38762_/X                                 6     12     -6 (VIOLATED)
_38763_/X                                 6     12     -6 (VIOLATED)
_38764_/X                                 6     12     -6 (VIOLATED)
_38765_/X                                 6     12     -6 (VIOLATED)
_38766_/X                                 6     12     -6 (VIOLATED)
_38767_/X                                 6     12     -6 (VIOLATED)
_38768_/X                                 6     12     -6 (VIOLATED)
_38769_/X                                 6     12     -6 (VIOLATED)
_38770_/X                                 6     12     -6 (VIOLATED)
_38771_/X                                 6     12     -6 (VIOLATED)
_38772_/X                                 6     12     -6 (VIOLATED)
_38773_/X                                 6     12     -6 (VIOLATED)
_38774_/X                                 6     12     -6 (VIOLATED)
_38775_/X                                 6     12     -6 (VIOLATED)
_38812_/X                                 6     12     -6 (VIOLATED)
_38813_/X                                 6     12     -6 (VIOLATED)
_38815_/X                                 6     12     -6 (VIOLATED)
_38828_/X                                 6     12     -6 (VIOLATED)
_38832_/X                                 6     12     -6 (VIOLATED)
_38836_/X                                 6     12     -6 (VIOLATED)
_38840_/X                                 6     12     -6 (VIOLATED)
_38850_/X                                 6     12     -6 (VIOLATED)
_38851_/X                                 6     12     -6 (VIOLATED)
_38867_/X                                 6     12     -6 (VIOLATED)
_38877_/X                                 6     12     -6 (VIOLATED)
_38880_/X                                 6     12     -6 (VIOLATED)
_38921_/X                                 6     12     -6 (VIOLATED)
_38938_/X                                 6     12     -6 (VIOLATED)
_38956_/X                                 6     12     -6 (VIOLATED)
_38962_/X                                 6     12     -6 (VIOLATED)
_38963_/X                                 6     12     -6 (VIOLATED)
_38978_/X                                 6     12     -6 (VIOLATED)
_39092_/X                                 6     12     -6 (VIOLATED)
_39196_/X                                 6     12     -6 (VIOLATED)
_39197_/X                                 6     12     -6 (VIOLATED)
_39205_/X                                 6     12     -6 (VIOLATED)
_39262_/X                                 6     12     -6 (VIOLATED)
_39280_/X                                 6     12     -6 (VIOLATED)
_39281_/X                                 6     12     -6 (VIOLATED)
_39285_/X                                 6     12     -6 (VIOLATED)
_39311_/X                                 6     12     -6 (VIOLATED)
_39372_/X                                 6     12     -6 (VIOLATED)
_39432_/X                                 6     12     -6 (VIOLATED)
_39621_/X                                 6     12     -6 (VIOLATED)
_39625_/X                                 6     12     -6 (VIOLATED)
_39626_/X                                 6     12     -6 (VIOLATED)
_39633_/X                                 6     12     -6 (VIOLATED)
_39644_/X                                 6     12     -6 (VIOLATED)
_39663_/X                                 6     12     -6 (VIOLATED)
_39685_/X                                 6     12     -6 (VIOLATED)
_39687_/X                                 6     12     -6 (VIOLATED)
_39713_/X                                 6     12     -6 (VIOLATED)
_39759_/X                                 6     12     -6 (VIOLATED)
_39778_/X                                 6     12     -6 (VIOLATED)
_39780_/X                                 6     12     -6 (VIOLATED)
_39785_/X                                 6     12     -6 (VIOLATED)
_39786_/X                                 6     12     -6 (VIOLATED)
_39789_/X                                 6     12     -6 (VIOLATED)
_39805_/X                                 6     12     -6 (VIOLATED)
_39819_/X                                 6     12     -6 (VIOLATED)
_39837_/X                                 6     12     -6 (VIOLATED)
_42040_/Q                                 6     12     -6 (VIOLATED)
_42053_/Q                                 6     12     -6 (VIOLATED)
_42058_/Q                                 6     12     -6 (VIOLATED)
_42059_/Q                                 6     12     -6 (VIOLATED)
_42062_/Q                                 6     12     -6 (VIOLATED)
_42063_/Q                                 6     12     -6 (VIOLATED)
_42068_/Q                                 6     12     -6 (VIOLATED)
_42071_/Q                                 6     12     -6 (VIOLATED)
_42073_/Q                                 6     12     -6 (VIOLATED)
_42092_/Q                                 6     12     -6 (VIOLATED)
_42097_/Q                                 6     12     -6 (VIOLATED)
_42107_/Q                                 6     12     -6 (VIOLATED)
_42118_/Q                                 6     12     -6 (VIOLATED)
_42120_/Q                                 6     12     -6 (VIOLATED)
_42127_/Q                                 6     12     -6 (VIOLATED)
_42133_/Q                                 6     12     -6 (VIOLATED)
_42150_/Q                                 6     12     -6 (VIOLATED)
_42151_/Q                                 6     12     -6 (VIOLATED)
_42154_/Q                                 6     12     -6 (VIOLATED)
_42155_/Q                                 6     12     -6 (VIOLATED)
_42156_/Q                                 6     12     -6 (VIOLATED)
_42157_/Q                                 6     12     -6 (VIOLATED)
_42158_/Q                                 6     12     -6 (VIOLATED)
_42159_/Q                                 6     12     -6 (VIOLATED)
_42160_/Q                                 6     12     -6 (VIOLATED)
_42161_/Q                                 6     12     -6 (VIOLATED)
_42162_/Q                                 6     12     -6 (VIOLATED)
_42163_/Q                                 6     12     -6 (VIOLATED)
_42164_/Q                                 6     12     -6 (VIOLATED)
_42165_/Q                                 6     12     -6 (VIOLATED)
_42166_/Q                                 6     12     -6 (VIOLATED)
_42167_/Q                                 6     12     -6 (VIOLATED)
_42168_/Q                                 6     12     -6 (VIOLATED)
_42169_/Q                                 6     12     -6 (VIOLATED)
_42170_/Q                                 6     12     -6 (VIOLATED)
_42171_/Q                                 6     12     -6 (VIOLATED)
_42182_/Q                                 6     12     -6 (VIOLATED)
_42183_/Q                                 6     12     -6 (VIOLATED)
_42186_/Q                                 6     12     -6 (VIOLATED)
_42187_/Q                                 6     12     -6 (VIOLATED)
_42188_/Q                                 6     12     -6 (VIOLATED)
_42189_/Q                                 6     12     -6 (VIOLATED)
_42190_/Q                                 6     12     -6 (VIOLATED)
_42191_/Q                                 6     12     -6 (VIOLATED)
_42192_/Q                                 6     12     -6 (VIOLATED)
_42193_/Q                                 6     12     -6 (VIOLATED)
_42194_/Q                                 6     12     -6 (VIOLATED)
_42195_/Q                                 6     12     -6 (VIOLATED)
_42196_/Q                                 6     12     -6 (VIOLATED)
_42197_/Q                                 6     12     -6 (VIOLATED)
_42198_/Q                                 6     12     -6 (VIOLATED)
_42199_/Q                                 6     12     -6 (VIOLATED)
_42200_/Q                                 6     12     -6 (VIOLATED)
_42202_/Q                                 6     12     -6 (VIOLATED)
_42203_/Q                                 6     12     -6 (VIOLATED)
_42214_/Q                                 6     12     -6 (VIOLATED)
_42215_/Q                                 6     12     -6 (VIOLATED)
_42218_/Q                                 6     12     -6 (VIOLATED)
_42219_/Q                                 6     12     -6 (VIOLATED)
_42220_/Q                                 6     12     -6 (VIOLATED)
_42221_/Q                                 6     12     -6 (VIOLATED)
_42222_/Q                                 6     12     -6 (VIOLATED)
_42223_/Q                                 6     12     -6 (VIOLATED)
_42224_/Q                                 6     12     -6 (VIOLATED)
_42225_/Q                                 6     12     -6 (VIOLATED)
_42226_/Q                                 6     12     -6 (VIOLATED)
_42227_/Q                                 6     12     -6 (VIOLATED)
_42228_/Q                                 6     12     -6 (VIOLATED)
_42229_/Q                                 6     12     -6 (VIOLATED)
_42230_/Q                                 6     12     -6 (VIOLATED)
_42231_/Q                                 6     12     -6 (VIOLATED)
_42232_/Q                                 6     12     -6 (VIOLATED)
_42233_/Q                                 6     12     -6 (VIOLATED)
_42234_/Q                                 6     12     -6 (VIOLATED)
_42235_/Q                                 6     12     -6 (VIOLATED)
_42246_/Q                                 6     12     -6 (VIOLATED)
_42247_/Q                                 6     12     -6 (VIOLATED)
_42250_/Q                                 6     12     -6 (VIOLATED)
_42251_/Q                                 6     12     -6 (VIOLATED)
_42252_/Q                                 6     12     -6 (VIOLATED)
_42253_/Q                                 6     12     -6 (VIOLATED)
_42254_/Q                                 6     12     -6 (VIOLATED)
_42255_/Q                                 6     12     -6 (VIOLATED)
_42256_/Q                                 6     12     -6 (VIOLATED)
_42257_/Q                                 6     12     -6 (VIOLATED)
_42258_/Q                                 6     12     -6 (VIOLATED)
_42259_/Q                                 6     12     -6 (VIOLATED)
_42260_/Q                                 6     12     -6 (VIOLATED)
_42261_/Q                                 6     12     -6 (VIOLATED)
_42262_/Q                                 6     12     -6 (VIOLATED)
_42263_/Q                                 6     12     -6 (VIOLATED)
_42264_/Q                                 6     12     -6 (VIOLATED)
_42265_/Q                                 6     12     -6 (VIOLATED)
_42266_/Q                                 6     12     -6 (VIOLATED)
_42267_/Q                                 6     12     -6 (VIOLATED)
_42278_/Q                                 6     12     -6 (VIOLATED)
_42282_/Q                                 6     12     -6 (VIOLATED)
_42284_/Q                                 6     12     -6 (VIOLATED)
_42285_/Q                                 6     12     -6 (VIOLATED)
_42286_/Q                                 6     12     -6 (VIOLATED)
_42287_/Q                                 6     12     -6 (VIOLATED)
_42288_/Q                                 6     12     -6 (VIOLATED)
_42289_/Q                                 6     12     -6 (VIOLATED)
_42291_/Q                                 6     12     -6 (VIOLATED)
_42292_/Q                                 6     12     -6 (VIOLATED)
_42293_/Q                                 6     12     -6 (VIOLATED)
_42294_/Q                                 6     12     -6 (VIOLATED)
_42296_/Q                                 6     12     -6 (VIOLATED)
_42299_/Q                                 6     12     -6 (VIOLATED)
_42310_/Q                                 6     12     -6 (VIOLATED)
_42311_/Q                                 6     12     -6 (VIOLATED)
_42314_/Q                                 6     12     -6 (VIOLATED)
_42315_/Q                                 6     12     -6 (VIOLATED)
_42316_/Q                                 6     12     -6 (VIOLATED)
_42317_/Q                                 6     12     -6 (VIOLATED)
_42318_/Q                                 6     12     -6 (VIOLATED)
_42319_/Q                                 6     12     -6 (VIOLATED)
_42320_/Q                                 6     12     -6 (VIOLATED)
_42321_/Q                                 6     12     -6 (VIOLATED)
_42322_/Q                                 6     12     -6 (VIOLATED)
_42324_/Q                                 6     12     -6 (VIOLATED)
_42325_/Q                                 6     12     -6 (VIOLATED)
_42326_/Q                                 6     12     -6 (VIOLATED)
_42327_/Q                                 6     12     -6 (VIOLATED)
_42328_/Q                                 6     12     -6 (VIOLATED)
_42329_/Q                                 6     12     -6 (VIOLATED)
_42330_/Q                                 6     12     -6 (VIOLATED)
_42331_/Q                                 6     12     -6 (VIOLATED)
_42342_/Q                                 6     12     -6 (VIOLATED)
_42343_/Q                                 6     12     -6 (VIOLATED)
_42346_/Q                                 6     12     -6 (VIOLATED)
_42348_/Q                                 6     12     -6 (VIOLATED)
_42349_/Q                                 6     12     -6 (VIOLATED)
_42350_/Q                                 6     12     -6 (VIOLATED)
_42351_/Q                                 6     12     -6 (VIOLATED)
_42352_/Q                                 6     12     -6 (VIOLATED)
_42353_/Q                                 6     12     -6 (VIOLATED)
_42354_/Q                                 6     12     -6 (VIOLATED)
_42355_/Q                                 6     12     -6 (VIOLATED)
_42356_/Q                                 6     12     -6 (VIOLATED)
_42357_/Q                                 6     12     -6 (VIOLATED)
_42358_/Q                                 6     12     -6 (VIOLATED)
_42359_/Q                                 6     12     -6 (VIOLATED)
_42360_/Q                                 6     12     -6 (VIOLATED)
_42361_/Q                                 6     12     -6 (VIOLATED)
_42362_/Q                                 6     12     -6 (VIOLATED)
_42363_/Q                                 6     12     -6 (VIOLATED)
_42375_/Q                                 6     12     -6 (VIOLATED)
_42378_/Q                                 6     12     -6 (VIOLATED)
_42379_/Q                                 6     12     -6 (VIOLATED)
_42380_/Q                                 6     12     -6 (VIOLATED)
_42381_/Q                                 6     12     -6 (VIOLATED)
_42382_/Q                                 6     12     -6 (VIOLATED)
_42383_/Q                                 6     12     -6 (VIOLATED)
_42384_/Q                                 6     12     -6 (VIOLATED)
_42385_/Q                                 6     12     -6 (VIOLATED)
_42386_/Q                                 6     12     -6 (VIOLATED)
_42387_/Q                                 6     12     -6 (VIOLATED)
_42388_/Q                                 6     12     -6 (VIOLATED)
_42389_/Q                                 6     12     -6 (VIOLATED)
_42390_/Q                                 6     12     -6 (VIOLATED)
_42391_/Q                                 6     12     -6 (VIOLATED)
_42392_/Q                                 6     12     -6 (VIOLATED)
_42393_/Q                                 6     12     -6 (VIOLATED)
_42394_/Q                                 6     12     -6 (VIOLATED)
_42395_/Q                                 6     12     -6 (VIOLATED)
_42406_/Q                                 6     12     -6 (VIOLATED)
_42407_/Q                                 6     12     -6 (VIOLATED)
_42410_/Q                                 6     12     -6 (VIOLATED)
_42411_/Q                                 6     12     -6 (VIOLATED)
_42412_/Q                                 6     12     -6 (VIOLATED)
_42413_/Q                                 6     12     -6 (VIOLATED)
_42414_/Q                                 6     12     -6 (VIOLATED)
_42415_/Q                                 6     12     -6 (VIOLATED)
_42416_/Q                                 6     12     -6 (VIOLATED)
_42417_/Q                                 6     12     -6 (VIOLATED)
_42418_/Q                                 6     12     -6 (VIOLATED)
_42419_/Q                                 6     12     -6 (VIOLATED)
_42420_/Q                                 6     12     -6 (VIOLATED)
_42421_/Q                                 6     12     -6 (VIOLATED)
_42422_/Q                                 6     12     -6 (VIOLATED)
_42423_/Q                                 6     12     -6 (VIOLATED)
_42424_/Q                                 6     12     -6 (VIOLATED)
_42425_/Q                                 6     12     -6 (VIOLATED)
_42426_/Q                                 6     12     -6 (VIOLATED)
_42427_/Q                                 6     12     -6 (VIOLATED)
_42438_/Q                                 6     12     -6 (VIOLATED)
_42439_/Q                                 6     12     -6 (VIOLATED)
_42442_/Q                                 6     12     -6 (VIOLATED)
_42443_/Q                                 6     12     -6 (VIOLATED)
_42444_/Q                                 6     12     -6 (VIOLATED)
_42445_/Q                                 6     12     -6 (VIOLATED)
_42446_/Q                                 6     12     -6 (VIOLATED)
_42447_/Q                                 6     12     -6 (VIOLATED)
_42448_/Q                                 6     12     -6 (VIOLATED)
_42449_/Q                                 6     12     -6 (VIOLATED)
_42450_/Q                                 6     12     -6 (VIOLATED)
_42451_/Q                                 6     12     -6 (VIOLATED)
_42452_/Q                                 6     12     -6 (VIOLATED)
_42453_/Q                                 6     12     -6 (VIOLATED)
_42454_/Q                                 6     12     -6 (VIOLATED)
_42455_/Q                                 6     12     -6 (VIOLATED)
_42457_/Q                                 6     12     -6 (VIOLATED)
_42458_/Q                                 6     12     -6 (VIOLATED)
_42459_/Q                                 6     12     -6 (VIOLATED)
_42470_/Q                                 6     12     -6 (VIOLATED)
_42471_/Q                                 6     12     -6 (VIOLATED)
_42474_/Q                                 6     12     -6 (VIOLATED)
_42475_/Q                                 6     12     -6 (VIOLATED)
_42476_/Q                                 6     12     -6 (VIOLATED)
_42477_/Q                                 6     12     -6 (VIOLATED)
_42478_/Q                                 6     12     -6 (VIOLATED)
_42479_/Q                                 6     12     -6 (VIOLATED)
_42480_/Q                                 6     12     -6 (VIOLATED)
_42481_/Q                                 6     12     -6 (VIOLATED)
_42482_/Q                                 6     12     -6 (VIOLATED)
_42483_/Q                                 6     12     -6 (VIOLATED)
_42484_/Q                                 6     12     -6 (VIOLATED)
_42485_/Q                                 6     12     -6 (VIOLATED)
_42486_/Q                                 6     12     -6 (VIOLATED)
_42487_/Q                                 6     12     -6 (VIOLATED)
_42488_/Q                                 6     12     -6 (VIOLATED)
_42489_/Q                                 6     12     -6 (VIOLATED)
_42490_/Q                                 6     12     -6 (VIOLATED)
_42491_/Q                                 6     12     -6 (VIOLATED)
_42502_/Q                                 6     12     -6 (VIOLATED)
_42503_/Q                                 6     12     -6 (VIOLATED)
_42506_/Q                                 6     12     -6 (VIOLATED)
_42507_/Q                                 6     12     -6 (VIOLATED)
_42508_/Q                                 6     12     -6 (VIOLATED)
_42509_/Q                                 6     12     -6 (VIOLATED)
_42510_/Q                                 6     12     -6 (VIOLATED)
_42511_/Q                                 6     12     -6 (VIOLATED)
_42512_/Q                                 6     12     -6 (VIOLATED)
_42513_/Q                                 6     12     -6 (VIOLATED)
_42514_/Q                                 6     12     -6 (VIOLATED)
_42515_/Q                                 6     12     -6 (VIOLATED)
_42516_/Q                                 6     12     -6 (VIOLATED)
_42517_/Q                                 6     12     -6 (VIOLATED)
_42518_/Q                                 6     12     -6 (VIOLATED)
_42519_/Q                                 6     12     -6 (VIOLATED)
_42520_/Q                                 6     12     -6 (VIOLATED)
_42521_/Q                                 6     12     -6 (VIOLATED)
_42522_/Q                                 6     12     -6 (VIOLATED)
_42523_/Q                                 6     12     -6 (VIOLATED)
_43610_/Q                                 6     12     -6 (VIOLATED)
_43613_/Q                                 6     12     -6 (VIOLATED)
_43616_/Q                                 6     12     -6 (VIOLATED)
clkbuf_6_53_0_clk/X                       6     12     -6 (VIOLATED)
clkbuf_6_54_0_clk/X                       6     12     -6 (VIOLATED)
input13/X                                 6     12     -6 (VIOLATED)
input14/X                                 6     12     -6 (VIOLATED)
input15/X                                 6     12     -6 (VIOLATED)
input16/X                                 6     12     -6 (VIOLATED)
input17/X                                 6     12     -6 (VIOLATED)
input18/X                                 6     12     -6 (VIOLATED)
input19/X                                 6     12     -6 (VIOLATED)
input20/X                                 6     12     -6 (VIOLATED)
input21/X                                 6     12     -6 (VIOLATED)
input22/X                                 6     12     -6 (VIOLATED)
input24/X                                 6     12     -6 (VIOLATED)
input25/X                                 6     12     -6 (VIOLATED)
input26/X                                 6     12     -6 (VIOLATED)
input27/X                                 6     12     -6 (VIOLATED)
input28/X                                 6     12     -6 (VIOLATED)
input29/X                                 6     12     -6 (VIOLATED)
input30/X                                 6     12     -6 (VIOLATED)
input31/X                                 6     12     -6 (VIOLATED)
input32/X                                 6     12     -6 (VIOLATED)
input33/X                                 6     12     -6 (VIOLATED)
input35/X                                 6     12     -6 (VIOLATED)
input36/X                                 6     12     -6 (VIOLATED)
input39/X                                 6     12     -6 (VIOLATED)
input40/X                                 6     12     -6 (VIOLATED)
input41/X                                 6     12     -6 (VIOLATED)
input42/X                                 6     12     -6 (VIOLATED)
input43/X                                 6     12     -6 (VIOLATED)
input6/X                                  6     12     -6 (VIOLATED)
_29598_/Y                                 6     11     -5 (VIOLATED)
_42465_/Q                                 6     11     -5 (VIOLATED)
_20023_/Y                                 6     10     -4 (VIOLATED)
_20040_/Y                                 6     10     -4 (VIOLATED)
_20059_/Y                                 6     10     -4 (VIOLATED)
_20070_/X                                 6     10     -4 (VIOLATED)
_20114_/Y                                 6     10     -4 (VIOLATED)
_20124_/Y                                 6     10     -4 (VIOLATED)
_21738_/X                                 6     10     -4 (VIOLATED)
_27286_/X                                 6     10     -4 (VIOLATED)
_27394_/X                                 6     10     -4 (VIOLATED)
_27418_/Y                                 6     10     -4 (VIOLATED)
_27470_/X                                 6     10     -4 (VIOLATED)
_27541_/X                                 6     10     -4 (VIOLATED)
_27548_/X                                 6     10     -4 (VIOLATED)
_27671_/Y                                 6     10     -4 (VIOLATED)
_28041_/X                                 6     10     -4 (VIOLATED)
_28042_/Y                                 6     10     -4 (VIOLATED)
_28067_/Y                                 6     10     -4 (VIOLATED)
_28242_/X                                 6     10     -4 (VIOLATED)
_28569_/X                                 6     10     -4 (VIOLATED)
_28609_/Y                                 6     10     -4 (VIOLATED)
_28690_/Y                                 6     10     -4 (VIOLATED)
_28806_/Y                                 6     10     -4 (VIOLATED)
_28834_/Y                                 6     10     -4 (VIOLATED)
_28904_/Y                                 6     10     -4 (VIOLATED)
_28945_/Y                                 6     10     -4 (VIOLATED)
_28955_/Y                                 6     10     -4 (VIOLATED)
_28981_/Y                                 6     10     -4 (VIOLATED)
_29054_/Y                                 6     10     -4 (VIOLATED)
_29107_/Y                                 6     10     -4 (VIOLATED)
_29120_/X                                 6     10     -4 (VIOLATED)
_29126_/X                                 6     10     -4 (VIOLATED)
_29166_/Y                                 6     10     -4 (VIOLATED)
_29323_/X                                 6     10     -4 (VIOLATED)
_29333_/X                                 6     10     -4 (VIOLATED)
_29345_/Y                                 6     10     -4 (VIOLATED)
_29370_/Y                                 6     10     -4 (VIOLATED)
_29373_/Y                                 6     10     -4 (VIOLATED)
_29384_/X                                 6     10     -4 (VIOLATED)
_29421_/Y                                 6     10     -4 (VIOLATED)
_29506_/Y                                 6     10     -4 (VIOLATED)
_29521_/X                                 6     10     -4 (VIOLATED)
_29531_/Y                                 6     10     -4 (VIOLATED)
_29603_/Y                                 6     10     -4 (VIOLATED)
_29835_/X                                 6     10     -4 (VIOLATED)
_29938_/X                                 6     10     -4 (VIOLATED)
_29979_/Y                                 6     10     -4 (VIOLATED)
_29981_/Y                                 6     10     -4 (VIOLATED)
_30040_/Y                                 6     10     -4 (VIOLATED)
_30049_/Y                                 6     10     -4 (VIOLATED)
_30095_/X                                 6     10     -4 (VIOLATED)
_30104_/Y                                 6     10     -4 (VIOLATED)
_30129_/Y                                 6     10     -4 (VIOLATED)
_30160_/Y                                 6     10     -4 (VIOLATED)
_30222_/X                                 6     10     -4 (VIOLATED)
_30264_/Y                                 6     10     -4 (VIOLATED)
_30294_/X                                 6     10     -4 (VIOLATED)
_30326_/Y                                 6     10     -4 (VIOLATED)
_30337_/X                                 6     10     -4 (VIOLATED)
_30408_/Y                                 6     10     -4 (VIOLATED)
_31100_/Y                                 6     10     -4 (VIOLATED)
_31219_/Y                                 6     10     -4 (VIOLATED)
_31228_/X                                 6     10     -4 (VIOLATED)
_31252_/Y                                 6     10     -4 (VIOLATED)
_31264_/Y                                 6     10     -4 (VIOLATED)
_31275_/Y                                 6     10     -4 (VIOLATED)
_31283_/Y                                 6     10     -4 (VIOLATED)
_31518_/Y                                 6     10     -4 (VIOLATED)
_31564_/Y                                 6     10     -4 (VIOLATED)
_31584_/Y                                 6     10     -4 (VIOLATED)
_31669_/Y                                 6     10     -4 (VIOLATED)
_31688_/Y                                 6     10     -4 (VIOLATED)
_31705_/Y                                 6     10     -4 (VIOLATED)
_31720_/Y                                 6     10     -4 (VIOLATED)
_31731_/Y                                 6     10     -4 (VIOLATED)
_31778_/Y                                 6     10     -4 (VIOLATED)
_31834_/Y                                 6     10     -4 (VIOLATED)
_33944_/Y                                 6     10     -4 (VIOLATED)
_39224_/X                                 6     10     -4 (VIOLATED)
_39410_/X                                 6     10     -4 (VIOLATED)
_39930_/Y                                 6     10     -4 (VIOLATED)
_40282_/Q                                 6     10     -4 (VIOLATED)
_40284_/Q                                 6     10     -4 (VIOLATED)
_41312_/Q                                 6     10     -4 (VIOLATED)
_42021_/Q                                 6     10     -4 (VIOLATED)
_42024_/Q                                 6     10     -4 (VIOLATED)
_42037_/Q                                 6     10     -4 (VIOLATED)
_42038_/Q                                 6     10     -4 (VIOLATED)
_42039_/Q                                 6     10     -4 (VIOLATED)
_42043_/Q                                 6     10     -4 (VIOLATED)
_42050_/Q                                 6     10     -4 (VIOLATED)
_42069_/Q                                 6     10     -4 (VIOLATED)
_42075_/Q                                 6     10     -4 (VIOLATED)
_42077_/Q                                 6     10     -4 (VIOLATED)
_42086_/Q                                 6     10     -4 (VIOLATED)
_42088_/Q                                 6     10     -4 (VIOLATED)
_42098_/Q                                 6     10     -4 (VIOLATED)
_42112_/Q                                 6     10     -4 (VIOLATED)
_42114_/Q                                 6     10     -4 (VIOLATED)
_42131_/Q                                 6     10     -4 (VIOLATED)
_42135_/Q                                 6     10     -4 (VIOLATED)
_42141_/Q                                 6     10     -4 (VIOLATED)
_42143_/Q                                 6     10     -4 (VIOLATED)
_42147_/Q                                 6     10     -4 (VIOLATED)
_42148_/Q                                 6     10     -4 (VIOLATED)
_42149_/Q                                 6     10     -4 (VIOLATED)
_42152_/Q                                 6     10     -4 (VIOLATED)
_42153_/Q                                 6     10     -4 (VIOLATED)
_42172_/Q                                 6     10     -4 (VIOLATED)
_42173_/Q                                 6     10     -4 (VIOLATED)
_42174_/Q                                 6     10     -4 (VIOLATED)
_42175_/Q                                 6     10     -4 (VIOLATED)
_42176_/Q                                 6     10     -4 (VIOLATED)
_42177_/Q                                 6     10     -4 (VIOLATED)
_42178_/Q                                 6     10     -4 (VIOLATED)
_42180_/Q                                 6     10     -4 (VIOLATED)
_42181_/Q                                 6     10     -4 (VIOLATED)
_42184_/Q                                 6     10     -4 (VIOLATED)
_42185_/Q                                 6     10     -4 (VIOLATED)
_42204_/Q                                 6     10     -4 (VIOLATED)
_42205_/Q                                 6     10     -4 (VIOLATED)
_42206_/Q                                 6     10     -4 (VIOLATED)
_42207_/Q                                 6     10     -4 (VIOLATED)
_42208_/Q                                 6     10     -4 (VIOLATED)
_42209_/Q                                 6     10     -4 (VIOLATED)
_42210_/Q                                 6     10     -4 (VIOLATED)
_42212_/Q                                 6     10     -4 (VIOLATED)
_42213_/Q                                 6     10     -4 (VIOLATED)
_42216_/Q                                 6     10     -4 (VIOLATED)
_42217_/Q                                 6     10     -4 (VIOLATED)
_42236_/Q                                 6     10     -4 (VIOLATED)
_42237_/Q                                 6     10     -4 (VIOLATED)
_42238_/Q                                 6     10     -4 (VIOLATED)
_42239_/Q                                 6     10     -4 (VIOLATED)
_42240_/Q                                 6     10     -4 (VIOLATED)
_42241_/Q                                 6     10     -4 (VIOLATED)
_42242_/Q                                 6     10     -4 (VIOLATED)
_42244_/Q                                 6     10     -4 (VIOLATED)
_42245_/Q                                 6     10     -4 (VIOLATED)
_42248_/Q                                 6     10     -4 (VIOLATED)
_42249_/Q                                 6     10     -4 (VIOLATED)
_42268_/Q                                 6     10     -4 (VIOLATED)
_42269_/Q                                 6     10     -4 (VIOLATED)
_42270_/Q                                 6     10     -4 (VIOLATED)
_42271_/Q                                 6     10     -4 (VIOLATED)
_42272_/Q                                 6     10     -4 (VIOLATED)
_42273_/Q                                 6     10     -4 (VIOLATED)
_42274_/Q                                 6     10     -4 (VIOLATED)
_42276_/Q                                 6     10     -4 (VIOLATED)
_42277_/Q                                 6     10     -4 (VIOLATED)
_42295_/Q                                 6     10     -4 (VIOLATED)
_42300_/Q                                 6     10     -4 (VIOLATED)
_42301_/Q                                 6     10     -4 (VIOLATED)
_42302_/Q                                 6     10     -4 (VIOLATED)
_42303_/Q                                 6     10     -4 (VIOLATED)
_42304_/Q                                 6     10     -4 (VIOLATED)
_42305_/Q                                 6     10     -4 (VIOLATED)
_42306_/Q                                 6     10     -4 (VIOLATED)
_42308_/Q                                 6     10     -4 (VIOLATED)
_42309_/Q                                 6     10     -4 (VIOLATED)
_42312_/Q                                 6     10     -4 (VIOLATED)
_42313_/Q                                 6     10     -4 (VIOLATED)
_42323_/Q                                 6     10     -4 (VIOLATED)
_42332_/Q                                 6     10     -4 (VIOLATED)
_42333_/Q                                 6     10     -4 (VIOLATED)
_42334_/Q                                 6     10     -4 (VIOLATED)
_42335_/Q                                 6     10     -4 (VIOLATED)
_42336_/Q                                 6     10     -4 (VIOLATED)
_42337_/Q                                 6     10     -4 (VIOLATED)
_42338_/Q                                 6     10     -4 (VIOLATED)
_42340_/Q                                 6     10     -4 (VIOLATED)
_42341_/Q                                 6     10     -4 (VIOLATED)
_42344_/Q                                 6     10     -4 (VIOLATED)
_42345_/Q                                 6     10     -4 (VIOLATED)
_42347_/Q                                 6     10     -4 (VIOLATED)
_42364_/Q                                 6     10     -4 (VIOLATED)
_42365_/Q                                 6     10     -4 (VIOLATED)
_42366_/Q                                 6     10     -4 (VIOLATED)
_42367_/Q                                 6     10     -4 (VIOLATED)
_42368_/Q                                 6     10     -4 (VIOLATED)
_42369_/Q                                 6     10     -4 (VIOLATED)
_42370_/Q                                 6     10     -4 (VIOLATED)
_42373_/Q                                 6     10     -4 (VIOLATED)
_42376_/Q                                 6     10     -4 (VIOLATED)
_42377_/Q                                 6     10     -4 (VIOLATED)
_42396_/Q                                 6     10     -4 (VIOLATED)
_42397_/Q                                 6     10     -4 (VIOLATED)
_42398_/Q                                 6     10     -4 (VIOLATED)
_42399_/Q                                 6     10     -4 (VIOLATED)
_42400_/Q                                 6     10     -4 (VIOLATED)
_42401_/Q                                 6     10     -4 (VIOLATED)
_42402_/Q                                 6     10     -4 (VIOLATED)
_42404_/Q                                 6     10     -4 (VIOLATED)
_42405_/Q                                 6     10     -4 (VIOLATED)
_42408_/Q                                 6     10     -4 (VIOLATED)
_42409_/Q                                 6     10     -4 (VIOLATED)
_42428_/Q                                 6     10     -4 (VIOLATED)
_42429_/Q                                 6     10     -4 (VIOLATED)
_42430_/Q                                 6     10     -4 (VIOLATED)
_42431_/Q                                 6     10     -4 (VIOLATED)
_42432_/Q                                 6     10     -4 (VIOLATED)
_42433_/Q                                 6     10     -4 (VIOLATED)
_42434_/Q                                 6     10     -4 (VIOLATED)
_42436_/Q                                 6     10     -4 (VIOLATED)
_42437_/Q                                 6     10     -4 (VIOLATED)
_42440_/Q                                 6     10     -4 (VIOLATED)
_42441_/Q                                 6     10     -4 (VIOLATED)
_42460_/Q                                 6     10     -4 (VIOLATED)
_42461_/Q                                 6     10     -4 (VIOLATED)
_42462_/Q                                 6     10     -4 (VIOLATED)
_42463_/Q                                 6     10     -4 (VIOLATED)
_42464_/Q                                 6     10     -4 (VIOLATED)
_42466_/Q                                 6     10     -4 (VIOLATED)
_42468_/Q                                 6     10     -4 (VIOLATED)
_42469_/Q                                 6     10     -4 (VIOLATED)
_42472_/Q                                 6     10     -4 (VIOLATED)
_42473_/Q                                 6     10     -4 (VIOLATED)
_42492_/Q                                 6     10     -4 (VIOLATED)
_42493_/Q                                 6     10     -4 (VIOLATED)
_42494_/Q                                 6     10     -4 (VIOLATED)
_42495_/Q                                 6     10     -4 (VIOLATED)
_42496_/Q                                 6     10     -4 (VIOLATED)
_42497_/Q                                 6     10     -4 (VIOLATED)
_42498_/Q                                 6     10     -4 (VIOLATED)
_42500_/Q                                 6     10     -4 (VIOLATED)
_42501_/Q                                 6     10     -4 (VIOLATED)
_42504_/Q                                 6     10     -4 (VIOLATED)
_42505_/Q                                 6     10     -4 (VIOLATED)
_42524_/Q                                 6     10     -4 (VIOLATED)
_42525_/Q                                 6     10     -4 (VIOLATED)
_42526_/Q                                 6     10     -4 (VIOLATED)
_42527_/Q                                 6     10     -4 (VIOLATED)
_42528_/Q                                 6     10     -4 (VIOLATED)
_42529_/Q                                 6     10     -4 (VIOLATED)
_42530_/Q                                 6     10     -4 (VIOLATED)
_43576_/Q                                 6     10     -4 (VIOLATED)
_43579_/Q                                 6     10     -4 (VIOLATED)
_43592_/Q                                 6     10     -4 (VIOLATED)
_43603_/Q                                 6     10     -4 (VIOLATED)
_43619_/Q                                 6     10     -4 (VIOLATED)
_43621_/Q                                 6     10     -4 (VIOLATED)
_43624_/Q                                 6     10     -4 (VIOLATED)
hold2745/X                                6     10     -4 (VIOLATED)
hold3490/X                                6     10     -4 (VIOLATED)
input11/X                                 6     10     -4 (VIOLATED)
input5/X                                  6     10     -4 (VIOLATED)
max_cap2/X                                6     10     -4 (VIOLATED)
wire132/X                                 6     10     -4 (VIOLATED)
wire135/X                                 6     10     -4 (VIOLATED)
wire137/X                                 6     10     -4 (VIOLATED)
_41370_/Q                                 6      9     -3 (VIOLATED)
clkbuf_leaf_170_clk/X                     6      9     -3 (VIOLATED)
clkbuf_leaf_350_clk/X                     6      9     -3 (VIOLATED)
clkbuf_leaf_438_clk/X                     6      9     -3 (VIOLATED)
clkbuf_leaf_444_clk/X                     6      9     -3 (VIOLATED)
clkbuf_leaf_493_clk/X                     6      9     -3 (VIOLATED)
clkbuf_leaf_575_clk/X                     6      9     -3 (VIOLATED)
clkbuf_leaf_767_clk/X                     6      9     -3 (VIOLATED)
_20005_/Y                                 6      8     -2 (VIOLATED)
_20057_/X                                 6      8     -2 (VIOLATED)
_20063_/Y                                 6      8     -2 (VIOLATED)
_20085_/Y                                 6      8     -2 (VIOLATED)
_20099_/Y                                 6      8     -2 (VIOLATED)
_20102_/X                                 6      8     -2 (VIOLATED)
_20113_/Y                                 6      8     -2 (VIOLATED)
_20116_/X                                 6      8     -2 (VIOLATED)
_20127_/X                                 6      8     -2 (VIOLATED)
_24896_/Y                                 6      8     -2 (VIOLATED)
_25735_/Y                                 6      8     -2 (VIOLATED)
_27284_/X                                 6      8     -2 (VIOLATED)
_27291_/X                                 6      8     -2 (VIOLATED)
_27296_/X                                 6      8     -2 (VIOLATED)
_27299_/X                                 6      8     -2 (VIOLATED)
_27317_/X                                 6      8     -2 (VIOLATED)
_27321_/X                                 6      8     -2 (VIOLATED)
_27326_/X                                 6      8     -2 (VIOLATED)
_27327_/Y                                 6      8     -2 (VIOLATED)
_27338_/X                                 6      8     -2 (VIOLATED)
_27448_/Y                                 6      8     -2 (VIOLATED)
_27455_/X                                 6      8     -2 (VIOLATED)
_27480_/X                                 6      8     -2 (VIOLATED)
_27488_/X                                 6      8     -2 (VIOLATED)
_27554_/Y                                 6      8     -2 (VIOLATED)
_27582_/Y                                 6      8     -2 (VIOLATED)
_27588_/Y                                 6      8     -2 (VIOLATED)
_27648_/Y                                 6      8     -2 (VIOLATED)
_27664_/X                                 6      8     -2 (VIOLATED)
_27783_/Y                                 6      8     -2 (VIOLATED)
_27798_/X                                 6      8     -2 (VIOLATED)
_27805_/Y                                 6      8     -2 (VIOLATED)
_27810_/X                                 6      8     -2 (VIOLATED)
_27829_/Y                                 6      8     -2 (VIOLATED)
_27848_/Y                                 6      8     -2 (VIOLATED)
_27866_/X                                 6      8     -2 (VIOLATED)
_27895_/X                                 6      8     -2 (VIOLATED)
_27948_/X                                 6      8     -2 (VIOLATED)
_28001_/Y                                 6      8     -2 (VIOLATED)
_28027_/X                                 6      8     -2 (VIOLATED)
_28071_/X                                 6      8     -2 (VIOLATED)
_28087_/Y                                 6      8     -2 (VIOLATED)
_28105_/X                                 6      8     -2 (VIOLATED)
_28161_/Y                                 6      8     -2 (VIOLATED)
_28170_/X                                 6      8     -2 (VIOLATED)
_28189_/Y                                 6      8     -2 (VIOLATED)
_28201_/X                                 6      8     -2 (VIOLATED)
_28314_/Y                                 6      8     -2 (VIOLATED)
_28373_/Y                                 6      8     -2 (VIOLATED)
_28567_/X                                 6      8     -2 (VIOLATED)
_28580_/X                                 6      8     -2 (VIOLATED)
_28582_/X                                 6      8     -2 (VIOLATED)
_28599_/X                                 6      8     -2 (VIOLATED)
_28608_/X                                 6      8     -2 (VIOLATED)
_28610_/X                                 6      8     -2 (VIOLATED)
_28615_/Y                                 6      8     -2 (VIOLATED)
_28621_/X                                 6      8     -2 (VIOLATED)
_28630_/X                                 6      8     -2 (VIOLATED)
_28654_/X                                 6      8     -2 (VIOLATED)
_28657_/X                                 6      8     -2 (VIOLATED)
_28670_/X                                 6      8     -2 (VIOLATED)
_28671_/Y                                 6      8     -2 (VIOLATED)
_28672_/X                                 6      8     -2 (VIOLATED)
_28733_/X                                 6      8     -2 (VIOLATED)
_28747_/X                                 6      8     -2 (VIOLATED)
_28823_/X                                 6      8     -2 (VIOLATED)
_28845_/Y                                 6      8     -2 (VIOLATED)
_28901_/Y                                 6      8     -2 (VIOLATED)
_28911_/Y                                 6      8     -2 (VIOLATED)
_28948_/Y                                 6      8     -2 (VIOLATED)
_29027_/Y                                 6      8     -2 (VIOLATED)
_29072_/Y                                 6      8     -2 (VIOLATED)
_29085_/Y                                 6      8     -2 (VIOLATED)
_29122_/X                                 6      8     -2 (VIOLATED)
_29133_/Y                                 6      8     -2 (VIOLATED)
_29151_/Y                                 6      8     -2 (VIOLATED)
_29268_/Y                                 6      8     -2 (VIOLATED)
_29289_/Y                                 6      8     -2 (VIOLATED)
_29294_/X                                 6      8     -2 (VIOLATED)
_29295_/Y                                 6      8     -2 (VIOLATED)
_29298_/Y                                 6      8     -2 (VIOLATED)
_29307_/X                                 6      8     -2 (VIOLATED)
_29366_/Y                                 6      8     -2 (VIOLATED)
_29375_/Y                                 6      8     -2 (VIOLATED)
_29406_/Y                                 6      8     -2 (VIOLATED)
_29417_/X                                 6      8     -2 (VIOLATED)
_29435_/Y                                 6      8     -2 (VIOLATED)
_29447_/Y                                 6      8     -2 (VIOLATED)
_29461_/Y                                 6      8     -2 (VIOLATED)
_29473_/Y                                 6      8     -2 (VIOLATED)
_29493_/Y                                 6      8     -2 (VIOLATED)
_29554_/Y                                 6      8     -2 (VIOLATED)
_29566_/Y                                 6      8     -2 (VIOLATED)
_29580_/Y                                 6      8     -2 (VIOLATED)
_29595_/Y                                 6      8     -2 (VIOLATED)
_29609_/Y                                 6      8     -2 (VIOLATED)
_29623_/Y                                 6      8     -2 (VIOLATED)
_29753_/X                                 6      8     -2 (VIOLATED)
_29763_/X                                 6      8     -2 (VIOLATED)
_29787_/X                                 6      8     -2 (VIOLATED)
_29807_/X                                 6      8     -2 (VIOLATED)
_29824_/X                                 6      8     -2 (VIOLATED)
_29833_/X                                 6      8     -2 (VIOLATED)
_29840_/X                                 6      8     -2 (VIOLATED)
_29868_/X                                 6      8     -2 (VIOLATED)
_29871_/X                                 6      8     -2 (VIOLATED)
_29882_/X                                 6      8     -2 (VIOLATED)
_29951_/X                                 6      8     -2 (VIOLATED)
_29970_/Y                                 6      8     -2 (VIOLATED)
_29971_/X                                 6      8     -2 (VIOLATED)
_30002_/X                                 6      8     -2 (VIOLATED)
_30217_/Y                                 6      8     -2 (VIOLATED)
_30241_/X                                 6      8     -2 (VIOLATED)
_30258_/Y                                 6      8     -2 (VIOLATED)
_30267_/Y                                 6      8     -2 (VIOLATED)
_30274_/X                                 6      8     -2 (VIOLATED)
_30352_/Y                                 6      8     -2 (VIOLATED)
_30426_/Y                                 6      8     -2 (VIOLATED)
_30436_/Y                                 6      8     -2 (VIOLATED)
_30486_/Y                                 6      8     -2 (VIOLATED)
_30500_/Y                                 6      8     -2 (VIOLATED)
_30512_/Y                                 6      8     -2 (VIOLATED)
_30526_/Y                                 6      8     -2 (VIOLATED)
_30530_/Y                                 6      8     -2 (VIOLATED)
_30531_/X                                 6      8     -2 (VIOLATED)
_30555_/Y                                 6      8     -2 (VIOLATED)
_30569_/Y                                 6      8     -2 (VIOLATED)
_30599_/Y                                 6      8     -2 (VIOLATED)
_30650_/Y                                 6      8     -2 (VIOLATED)
_30661_/X                                 6      8     -2 (VIOLATED)
_30763_/Y                                 6      8     -2 (VIOLATED)
_30817_/Y                                 6      8     -2 (VIOLATED)
_30927_/X                                 6      8     -2 (VIOLATED)
_30929_/X                                 6      8     -2 (VIOLATED)
_30931_/X                                 6      8     -2 (VIOLATED)
_30938_/X                                 6      8     -2 (VIOLATED)
_30960_/X                                 6      8     -2 (VIOLATED)
_30974_/X                                 6      8     -2 (VIOLATED)
_30978_/X                                 6      8     -2 (VIOLATED)
_30986_/X                                 6      8     -2 (VIOLATED)
_30988_/X                                 6      8     -2 (VIOLATED)
_31003_/X                                 6      8     -2 (VIOLATED)
_31041_/X                                 6      8     -2 (VIOLATED)
_31048_/X                                 6      8     -2 (VIOLATED)
_31049_/X                                 6      8     -2 (VIOLATED)
_31051_/X                                 6      8     -2 (VIOLATED)
_31060_/X                                 6      8     -2 (VIOLATED)
_31102_/Y                                 6      8     -2 (VIOLATED)
_31163_/Y                                 6      8     -2 (VIOLATED)
_31299_/Y                                 6      8     -2 (VIOLATED)
_31321_/Y                                 6      8     -2 (VIOLATED)
_31333_/Y                                 6      8     -2 (VIOLATED)
_31352_/Y                                 6      8     -2 (VIOLATED)
_31396_/Y                                 6      8     -2 (VIOLATED)
_31412_/Y                                 6      8     -2 (VIOLATED)
_31491_/Y                                 6      8     -2 (VIOLATED)
_31507_/X                                 6      8     -2 (VIOLATED)
_31515_/X                                 6      8     -2 (VIOLATED)
_31530_/Y                                 6      8     -2 (VIOLATED)
_31594_/Y                                 6      8     -2 (VIOLATED)
_31625_/Y                                 6      8     -2 (VIOLATED)
_31666_/Y                                 6      8     -2 (VIOLATED)
_31673_/Y                                 6      8     -2 (VIOLATED)
_31682_/Y                                 6      8     -2 (VIOLATED)
_31695_/X                                 6      8     -2 (VIOLATED)
_31700_/Y                                 6      8     -2 (VIOLATED)
_31709_/Y                                 6      8     -2 (VIOLATED)
_31713_/Y                                 6      8     -2 (VIOLATED)
_31798_/Y                                 6      8     -2 (VIOLATED)
_31810_/X                                 6      8     -2 (VIOLATED)
_31820_/Y                                 6      8     -2 (VIOLATED)
_31844_/Y                                 6      8     -2 (VIOLATED)
_31859_/X                                 6      8     -2 (VIOLATED)
_31861_/Y                                 6      8     -2 (VIOLATED)
_31871_/Y                                 6      8     -2 (VIOLATED)
_31883_/Y                                 6      8     -2 (VIOLATED)
_31895_/Y                                 6      8     -2 (VIOLATED)
_31918_/Y                                 6      8     -2 (VIOLATED)
_31928_/Y                                 6      8     -2 (VIOLATED)
_31943_/Y                                 6      8     -2 (VIOLATED)
_31960_/Y                                 6      8     -2 (VIOLATED)
_31976_/Y                                 6      8     -2 (VIOLATED)
_31989_/Y                                 6      8     -2 (VIOLATED)
_32280_/Y                                 6      8     -2 (VIOLATED)
_37338_/Y                                 6      8     -2 (VIOLATED)
_38206_/Y                                 6      8     -2 (VIOLATED)
_39009_/X                                 6      8     -2 (VIOLATED)
_39416_/X                                 6      8     -2 (VIOLATED)
_39420_/X                                 6      8     -2 (VIOLATED)
_39624_/X                                 6      8     -2 (VIOLATED)
_39931_/X                                 6      8     -2 (VIOLATED)
_41314_/Q                                 6      8     -2 (VIOLATED)
_41315_/Q                                 6      8     -2 (VIOLATED)
_41316_/Q                                 6      8     -2 (VIOLATED)
_41317_/Q                                 6      8     -2 (VIOLATED)
_41318_/Q                                 6      8     -2 (VIOLATED)
_41319_/Q                                 6      8     -2 (VIOLATED)
_41320_/Q                                 6      8     -2 (VIOLATED)
_41322_/Q                                 6      8     -2 (VIOLATED)
_41323_/Q                                 6      8     -2 (VIOLATED)
_41325_/Q                                 6      8     -2 (VIOLATED)
_41327_/Q                                 6      8     -2 (VIOLATED)
_41328_/Q                                 6      8     -2 (VIOLATED)
_41329_/Q                                 6      8     -2 (VIOLATED)
_41330_/Q                                 6      8     -2 (VIOLATED)
_41334_/Q                                 6      8     -2 (VIOLATED)
_41338_/Q                                 6      8     -2 (VIOLATED)
_41340_/Q                                 6      8     -2 (VIOLATED)
_41342_/Q                                 6      8     -2 (VIOLATED)
_41343_/Q                                 6      8     -2 (VIOLATED)
_41346_/Q                                 6      8     -2 (VIOLATED)
_41348_/Q                                 6      8     -2 (VIOLATED)
_41350_/Q                                 6      8     -2 (VIOLATED)
_41351_/Q                                 6      8     -2 (VIOLATED)
_41354_/Q                                 6      8     -2 (VIOLATED)
_41355_/Q                                 6      8     -2 (VIOLATED)
_41357_/Q                                 6      8     -2 (VIOLATED)
_41359_/Q                                 6      8     -2 (VIOLATED)
_41360_/Q                                 6      8     -2 (VIOLATED)
_41361_/Q                                 6      8     -2 (VIOLATED)
_41364_/Q                                 6      8     -2 (VIOLATED)
_41372_/Q                                 6      8     -2 (VIOLATED)
_41373_/Q                                 6      8     -2 (VIOLATED)
_41374_/Q                                 6      8     -2 (VIOLATED)
_41375_/Q                                 6      8     -2 (VIOLATED)
_41376_/Q                                 6      8     -2 (VIOLATED)
_41377_/Q                                 6      8     -2 (VIOLATED)
_41379_/Q                                 6      8     -2 (VIOLATED)
_41380_/Q                                 6      8     -2 (VIOLATED)
_41383_/Q                                 6      8     -2 (VIOLATED)
_41385_/Q                                 6      8     -2 (VIOLATED)
_41394_/Q                                 6      8     -2 (VIOLATED)
_41395_/Q                                 6      8     -2 (VIOLATED)
_41396_/Q                                 6      8     -2 (VIOLATED)
_41397_/Q                                 6      8     -2 (VIOLATED)
_41399_/Q                                 6      8     -2 (VIOLATED)
_41400_/Q                                 6      8     -2 (VIOLATED)
_41401_/Q                                 6      8     -2 (VIOLATED)
_41402_/Q                                 6      8     -2 (VIOLATED)
_41403_/Q                                 6      8     -2 (VIOLATED)
_41404_/Q                                 6      8     -2 (VIOLATED)
_41405_/Q                                 6      8     -2 (VIOLATED)
_41419_/Q                                 6      8     -2 (VIOLATED)
_41645_/Q                                 6      8     -2 (VIOLATED)
_41647_/Q                                 6      8     -2 (VIOLATED)
_41676_/Q                                 6      8     -2 (VIOLATED)
_41677_/Q                                 6      8     -2 (VIOLATED)
_41678_/Q                                 6      8     -2 (VIOLATED)
_41679_/Q                                 6      8     -2 (VIOLATED)
_41687_/Q                                 6      8     -2 (VIOLATED)
_41690_/Q                                 6      8     -2 (VIOLATED)
_41709_/Q                                 6      8     -2 (VIOLATED)
_41714_/Q                                 6      8     -2 (VIOLATED)
_41719_/Q                                 6      8     -2 (VIOLATED)
_41741_/Q                                 6      8     -2 (VIOLATED)
_41742_/Q                                 6      8     -2 (VIOLATED)
_41745_/Q                                 6      8     -2 (VIOLATED)
_41751_/Q                                 6      8     -2 (VIOLATED)
_41754_/Q                                 6      8     -2 (VIOLATED)
_41908_/Q                                 6      8     -2 (VIOLATED)
_41909_/Q                                 6      8     -2 (VIOLATED)
_41910_/Q                                 6      8     -2 (VIOLATED)
_41926_/Q                                 6      8     -2 (VIOLATED)
_41927_/Q                                 6      8     -2 (VIOLATED)
_42025_/Q                                 6      8     -2 (VIOLATED)
_42027_/Q                                 6      8     -2 (VIOLATED)
_42029_/Q                                 6      8     -2 (VIOLATED)
_42033_/Q                                 6      8     -2 (VIOLATED)
_42035_/Q                                 6      8     -2 (VIOLATED)
_42046_/Q                                 6      8     -2 (VIOLATED)
_42047_/Q                                 6      8     -2 (VIOLATED)
_42051_/Q                                 6      8     -2 (VIOLATED)
_42057_/Q                                 6      8     -2 (VIOLATED)
_42064_/Q                                 6      8     -2 (VIOLATED)
_42065_/Q                                 6      8     -2 (VIOLATED)
_42076_/Q                                 6      8     -2 (VIOLATED)
_42078_/Q                                 6      8     -2 (VIOLATED)
_42085_/Q                                 6      8     -2 (VIOLATED)
_42089_/Q                                 6      8     -2 (VIOLATED)
_42091_/Q                                 6      8     -2 (VIOLATED)
_42096_/Q                                 6      8     -2 (VIOLATED)
_42101_/Q                                 6      8     -2 (VIOLATED)
_42110_/Q                                 6      8     -2 (VIOLATED)
_42115_/Q                                 6      8     -2 (VIOLATED)
_42117_/Q                                 6      8     -2 (VIOLATED)
_42123_/Q                                 6      8     -2 (VIOLATED)
_42125_/Q                                 6      8     -2 (VIOLATED)
_42128_/Q                                 6      8     -2 (VIOLATED)
_42130_/Q                                 6      8     -2 (VIOLATED)
_42138_/Q                                 6      8     -2 (VIOLATED)
_42144_/Q                                 6      8     -2 (VIOLATED)
_42179_/Q                                 6      8     -2 (VIOLATED)
_42211_/Q                                 6      8     -2 (VIOLATED)
_42243_/Q                                 6      8     -2 (VIOLATED)
_42275_/Q                                 6      8     -2 (VIOLATED)
_42290_/Q                                 6      8     -2 (VIOLATED)
_42297_/Q                                 6      8     -2 (VIOLATED)
_42298_/Q                                 6      8     -2 (VIOLATED)
_42307_/Q                                 6      8     -2 (VIOLATED)
_42339_/Q                                 6      8     -2 (VIOLATED)
_42371_/Q                                 6      8     -2 (VIOLATED)
_42403_/Q                                 6      8     -2 (VIOLATED)
_42435_/Q                                 6      8     -2 (VIOLATED)
_42456_/Q                                 6      8     -2 (VIOLATED)
_42467_/Q                                 6      8     -2 (VIOLATED)
_42499_/Q                                 6      8     -2 (VIOLATED)
_42531_/Q                                 6      8     -2 (VIOLATED)
_43560_/Q                                 6      8     -2 (VIOLATED)
_43607_/Q                                 6      8     -2 (VIOLATED)
_43612_/Q                                 6      8     -2 (VIOLATED)
_43618_/Q                                 6      8     -2 (VIOLATED)
_43628_/Q                                 6      8     -2 (VIOLATED)
clkbuf_0_clk/X                            6      8     -2 (VIOLATED)
clkbuf_6_52_0_clk/X                       6      8     -2 (VIOLATED)
clkbuf_leaf_101_clk/X                     6      8     -2 (VIOLATED)
clkbuf_leaf_103_clk/X                     6      8     -2 (VIOLATED)
clkbuf_leaf_12_clk/X                      6      8     -2 (VIOLATED)
clkbuf_leaf_14_clk/X                      6      8     -2 (VIOLATED)
clkbuf_leaf_173_clk/X                     6      8     -2 (VIOLATED)
clkbuf_leaf_187_clk/X                     6      8     -2 (VIOLATED)
clkbuf_leaf_226_clk/X                     6      8     -2 (VIOLATED)
clkbuf_leaf_229_clk/X                     6      8     -2 (VIOLATED)
clkbuf_leaf_279_clk/X                     6      8     -2 (VIOLATED)
clkbuf_leaf_308_clk/X                     6      8     -2 (VIOLATED)
clkbuf_leaf_330_clk/X                     6      8     -2 (VIOLATED)
clkbuf_leaf_331_clk/X                     6      8     -2 (VIOLATED)
clkbuf_leaf_333_clk/X                     6      8     -2 (VIOLATED)
clkbuf_leaf_352_clk/X                     6      8     -2 (VIOLATED)
clkbuf_leaf_356_clk/X                     6      8     -2 (VIOLATED)
clkbuf_leaf_375_clk/X                     6      8     -2 (VIOLATED)
clkbuf_leaf_424_clk/X                     6      8     -2 (VIOLATED)
clkbuf_leaf_446_clk/X                     6      8     -2 (VIOLATED)
clkbuf_leaf_454_clk/X                     6      8     -2 (VIOLATED)
clkbuf_leaf_455_clk/X                     6      8     -2 (VIOLATED)
clkbuf_leaf_464_clk/X                     6      8     -2 (VIOLATED)
clkbuf_leaf_472_clk/X                     6      8     -2 (VIOLATED)
clkbuf_leaf_481_clk/X                     6      8     -2 (VIOLATED)
clkbuf_leaf_520_clk/X                     6      8     -2 (VIOLATED)
clkbuf_leaf_521_clk/X                     6      8     -2 (VIOLATED)
clkbuf_leaf_571_clk/X                     6      8     -2 (VIOLATED)
clkbuf_leaf_607_clk/X                     6      8     -2 (VIOLATED)
clkbuf_leaf_617_clk/X                     6      8     -2 (VIOLATED)
clkbuf_leaf_62_clk/X                      6      8     -2 (VIOLATED)
clkbuf_leaf_631_clk/X                     6      8     -2 (VIOLATED)
clkbuf_leaf_656_clk/X                     6      8     -2 (VIOLATED)
clkbuf_leaf_662_clk/X                     6      8     -2 (VIOLATED)
clkbuf_leaf_693_clk/X                     6      8     -2 (VIOLATED)
clkbuf_leaf_6_clk/X                       6      8     -2 (VIOLATED)
clkbuf_leaf_709_clk/X                     6      8     -2 (VIOLATED)
clkbuf_leaf_714_clk/X                     6      8     -2 (VIOLATED)
clkbuf_leaf_726_clk/X                     6      8     -2 (VIOLATED)
clkbuf_leaf_748_clk/X                     6      8     -2 (VIOLATED)
hold1320/X                                6      8     -2 (VIOLATED)
hold2580/X                                6      8     -2 (VIOLATED)
hold2591/X                                6      8     -2 (VIOLATED)
hold2844/X                                6      8     -2 (VIOLATED)
hold2972/X                                6      8     -2 (VIOLATED)
hold3150/X                                6      8     -2 (VIOLATED)
hold330/X                                 6      8     -2 (VIOLATED)
hold3387/X                                6      8     -2 (VIOLATED)
hold340/X                                 6      8     -2 (VIOLATED)
hold3462/X                                6      8     -2 (VIOLATED)
hold356/X                                 6      8     -2 (VIOLATED)
hold3636/X                                6      8     -2 (VIOLATED)
hold366/X                                 6      8     -2 (VIOLATED)
hold376/X                                 6      8     -2 (VIOLATED)
hold3859/X                                6      8     -2 (VIOLATED)
hold3953/X                                6      8     -2 (VIOLATED)
hold405/X                                 6      8     -2 (VIOLATED)
hold4113/X                                6      8     -2 (VIOLATED)
hold553/X                                 6      8     -2 (VIOLATED)
hold573/X                                 6      8     -2 (VIOLATED)
hold652/X                                 6      8     -2 (VIOLATED)
hold889/X                                 6      8     -2 (VIOLATED)
hold940/X                                 6      8     -2 (VIOLATED)
input12/X                                 6      8     -2 (VIOLATED)
input2/X                                  6      8     -2 (VIOLATED)
input9/X                                  6      8     -2 (VIOLATED)
max_cap112/X                              6      8     -2 (VIOLATED)
max_cap113/X                              6      8     -2 (VIOLATED)
max_cap114/X                              6      8     -2 (VIOLATED)
max_cap115/X                              6      8     -2 (VIOLATED)
max_cap116/X                              6      8     -2 (VIOLATED)
max_cap119/X                              6      8     -2 (VIOLATED)
max_cap120/X                              6      8     -2 (VIOLATED)
max_cap125/X                              6      8     -2 (VIOLATED)
max_cap126/X                              6      8     -2 (VIOLATED)
max_cap128/X                              6      8     -2 (VIOLATED)
max_cap130/X                              6      8     -2 (VIOLATED)
max_cap131/X                              6      8     -2 (VIOLATED)
max_cap134/X                              6      8     -2 (VIOLATED)
max_cap136/X                              6      8     -2 (VIOLATED)
max_cap138/X                              6      8     -2 (VIOLATED)
max_cap140/X                              6      8     -2 (VIOLATED)
max_cap141/X                              6      8     -2 (VIOLATED)
max_cap150/X                              6      8     -2 (VIOLATED)
max_cap153/X                              6      8     -2 (VIOLATED)
max_cap156/X                              6      8     -2 (VIOLATED)
max_cap161/X                              6      8     -2 (VIOLATED)
max_cap162/X                              6      8     -2 (VIOLATED)
max_cap163/X                              6      8     -2 (VIOLATED)
max_cap168/X                              6      8     -2 (VIOLATED)
max_cap171/X                              6      8     -2 (VIOLATED)
max_cap172/X                              6      8     -2 (VIOLATED)
max_cap173/X                              6      8     -2 (VIOLATED)
max_cap177/X                              6      8     -2 (VIOLATED)
max_cap179/X                              6      8     -2 (VIOLATED)
max_cap180/X                              6      8     -2 (VIOLATED)
max_cap181/X                              6      8     -2 (VIOLATED)
max_cap183/X                              6      8     -2 (VIOLATED)
max_cap186/X                              6      8     -2 (VIOLATED)
max_cap188/X                              6      8     -2 (VIOLATED)
max_cap189/X                              6      8     -2 (VIOLATED)
max_cap190/X                              6      8     -2 (VIOLATED)
max_cap194/X                              6      8     -2 (VIOLATED)
max_cap196/X                              6      8     -2 (VIOLATED)
max_cap87/X                               6      8     -2 (VIOLATED)
wire129/X                                 6      8     -2 (VIOLATED)
wire148/X                                 6      8     -2 (VIOLATED)
wire193/X                                 6      8     -2 (VIOLATED)
_30192_/Y                                 6      7        (VIOLATED)
clkbuf_leaf_0_clk/X                       6      7        (VIOLATED)
clkbuf_leaf_100_clk/X                     6      7        (VIOLATED)
clkbuf_leaf_107_clk/X                     6      7        (VIOLATED)
clkbuf_leaf_111_clk/X                     6      7        (VIOLATED)
clkbuf_leaf_112_clk/X                     6      7        (VIOLATED)
clkbuf_leaf_117_clk/X                     6      7        (VIOLATED)
clkbuf_leaf_122_clk/X                     6      7        (VIOLATED)
clkbuf_leaf_143_clk/X                     6      7        (VIOLATED)
clkbuf_leaf_145_clk/X                     6      7        (VIOLATED)
clkbuf_leaf_148_clk/X                     6      7        (VIOLATED)
clkbuf_leaf_152_clk/X                     6      7        (VIOLATED)
clkbuf_leaf_156_clk/X                     6      7        (VIOLATED)
clkbuf_leaf_167_clk/X                     6      7        (VIOLATED)
clkbuf_leaf_175_clk/X                     6      7        (VIOLATED)
clkbuf_leaf_201_clk/X                     6      7        (VIOLATED)
clkbuf_leaf_212_clk/X                     6      7        (VIOLATED)
clkbuf_leaf_237_clk/X                     6      7        (VIOLATED)
clkbuf_leaf_258_clk/X                     6      7        (VIOLATED)
clkbuf_leaf_259_clk/X                     6      7        (VIOLATED)
clkbuf_leaf_264_clk/X                     6      7        (VIOLATED)
clkbuf_leaf_267_clk/X                     6      7        (VIOLATED)
clkbuf_leaf_269_clk/X                     6      7        (VIOLATED)
clkbuf_leaf_270_clk/X                     6      7        (VIOLATED)
clkbuf_leaf_274_clk/X                     6      7        (VIOLATED)
clkbuf_leaf_283_clk/X                     6      7        (VIOLATED)
clkbuf_leaf_285_clk/X                     6      7        (VIOLATED)
clkbuf_leaf_292_clk/X                     6      7        (VIOLATED)
clkbuf_leaf_312_clk/X                     6      7        (VIOLATED)
clkbuf_leaf_328_clk/X                     6      7        (VIOLATED)
clkbuf_leaf_339_clk/X                     6      7        (VIOLATED)
clkbuf_leaf_344_clk/X                     6      7        (VIOLATED)
clkbuf_leaf_348_clk/X                     6      7        (VIOLATED)
clkbuf_leaf_354_clk/X                     6      7        (VIOLATED)
clkbuf_leaf_358_clk/X                     6      7        (VIOLATED)
clkbuf_leaf_395_clk/X                     6      7        (VIOLATED)
clkbuf_leaf_423_clk/X                     6      7        (VIOLATED)
clkbuf_leaf_445_clk/X                     6      7        (VIOLATED)
clkbuf_leaf_447_clk/X                     6      7        (VIOLATED)
clkbuf_leaf_453_clk/X                     6      7        (VIOLATED)
clkbuf_leaf_504_clk/X                     6      7        (VIOLATED)
clkbuf_leaf_517_clk/X                     6      7        (VIOLATED)
clkbuf_leaf_523_clk/X                     6      7        (VIOLATED)
clkbuf_leaf_52_clk/X                      6      7        (VIOLATED)
clkbuf_leaf_536_clk/X                     6      7        (VIOLATED)
clkbuf_leaf_539_clk/X                     6      7        (VIOLATED)
clkbuf_leaf_546_clk/X                     6      7        (VIOLATED)
clkbuf_leaf_549_clk/X                     6      7        (VIOLATED)
clkbuf_leaf_557_clk/X                     6      7        (VIOLATED)
clkbuf_leaf_559_clk/X                     6      7        (VIOLATED)
clkbuf_leaf_562_clk/X                     6      7        (VIOLATED)
clkbuf_leaf_569_clk/X                     6      7        (VIOLATED)
clkbuf_leaf_577_clk/X                     6      7        (VIOLATED)
clkbuf_leaf_611_clk/X                     6      7        (VIOLATED)
clkbuf_leaf_61_clk/X                      6      7        (VIOLATED)
clkbuf_leaf_624_clk/X                     6      7        (VIOLATED)
clkbuf_leaf_628_clk/X                     6      7        (VIOLATED)
clkbuf_leaf_635_clk/X                     6      7        (VIOLATED)
clkbuf_leaf_646_clk/X                     6      7        (VIOLATED)
clkbuf_leaf_660_clk/X                     6      7        (VIOLATED)
clkbuf_leaf_663_clk/X                     6      7        (VIOLATED)
clkbuf_leaf_664_clk/X                     6      7        (VIOLATED)
clkbuf_leaf_672_clk/X                     6      7        (VIOLATED)
clkbuf_leaf_678_clk/X                     6      7        (VIOLATED)
clkbuf_leaf_707_clk/X                     6      7        (VIOLATED)
clkbuf_leaf_70_clk/X                      6      7        (VIOLATED)
clkbuf_leaf_719_clk/X                     6      7        (VIOLATED)
clkbuf_leaf_721_clk/X                     6      7        (VIOLATED)
clkbuf_leaf_723_clk/X                     6      7        (VIOLATED)
clkbuf_leaf_724_clk/X                     6      7        (VIOLATED)
clkbuf_leaf_727_clk/X                     6      7        (VIOLATED)
clkbuf_leaf_738_clk/X                     6      7        (VIOLATED)
clkbuf_leaf_742_clk/X                     6      7        (VIOLATED)
clkbuf_leaf_745_clk/X                     6      7        (VIOLATED)
clkbuf_leaf_754_clk/X                     6      7        (VIOLATED)
clkbuf_leaf_761_clk/X                     6      7        (VIOLATED)
clkbuf_leaf_77_clk/X                      6      7        (VIOLATED)
clkbuf_leaf_796_clk/X                     6      7        (VIOLATED)
clkbuf_leaf_80_clk/X                      6      7        (VIOLATED)
clkbuf_leaf_92_clk/X                      6      7        (VIOLATED)
clkbuf_leaf_96_clk/X                      6      7        (VIOLATED)


======================= Slowest Corner ===================================

max slew

Pin                                    Limit    Slew   Slack
------------------------------------------------------------
ANTENNA__32453__A1/DIODE                0.75    1.48   -0.73 (VIOLATED)
_32453_/A1                              0.75    1.48   -0.73 (VIOLATED)
_32451_/Y                               0.75    1.48   -0.73 (VIOLATED)
ANTENNA__33376__A0/DIODE                0.75    1.41   -0.66 (VIOLATED)
_33376_/A0                              0.75    1.41   -0.66 (VIOLATED)
_33849_/A0                              0.75    1.41   -0.66 (VIOLATED)
ANTENNA__33849__A0/DIODE                0.75    1.41   -0.66 (VIOLATED)
ANTENNA__28171__B/DIODE                 0.75    1.41   -0.66 (VIOLATED)
_28171_/B                               0.75    1.41   -0.66 (VIOLATED)
ANTENNA__28172__B/DIODE                 0.75    1.41   -0.66 (VIOLATED)
_28172_/B                               0.75    1.41   -0.66 (VIOLATED)
_28170_/X                               0.75    1.41   -0.66 (VIOLATED)
ANTENNA__32523__A1/DIODE                0.75    1.36   -0.61 (VIOLATED)
_32523_/A1                              0.75    1.36   -0.61 (VIOLATED)
_32521_/Y                               0.75    1.36   -0.61 (VIOLATED)
_32425_/A2                              0.75    1.32   -0.57 (VIOLATED)
ANTENNA__32425__A2/DIODE                0.75    1.32   -0.57 (VIOLATED)
ANTENNA__29062__B/DIODE                 0.75    1.32   -0.57 (VIOLATED)
ANTENNA__29063__B/DIODE                 0.75    1.32   -0.57 (VIOLATED)
_29062_/B                               0.75    1.32   -0.57 (VIOLATED)
_29063_/B                               0.75    1.32   -0.57 (VIOLATED)
_29061_/Y                               0.75    1.32   -0.57 (VIOLATED)
_32988_/B                               0.75    1.29   -0.54 (VIOLATED)
ANTENNA__32988__B/DIODE                 0.75    1.29   -0.54 (VIOLATED)
_33254_/A0                              0.75    1.29   -0.54 (VIOLATED)
ANTENNA__33254__A0/DIODE                0.75    1.29   -0.54 (VIOLATED)
ANTENNA__29005__B/DIODE                 0.75    1.29   -0.54 (VIOLATED)
ANTENNA__29006__B/DIODE                 0.75    1.29   -0.54 (VIOLATED)
_29006_/B                               0.75    1.29   -0.54 (VIOLATED)
_29005_/B                               0.75    1.29   -0.54 (VIOLATED)
ANTENNA__29448__A/DIODE                 0.75    1.29   -0.54 (VIOLATED)
ANTENNA__29449__A/DIODE                 0.75    1.29   -0.54 (VIOLATED)
_29004_/X                               0.75    1.29   -0.54 (VIOLATED)
_29448_/A                               0.75    1.29   -0.54 (VIOLATED)
_29449_/A                               0.75    1.29   -0.54 (VIOLATED)
_33784_/A0                              0.75    1.22   -0.47 (VIOLATED)
ANTENNA__33784__A0/DIODE                0.75    1.22   -0.47 (VIOLATED)
_33624_/A1                              0.75    1.22   -0.47 (VIOLATED)
ANTENNA__33624__A1/DIODE                0.75    1.22   -0.47 (VIOLATED)
ANTENNA__30832__B/DIODE                 0.75    1.22   -0.47 (VIOLATED)
_30832_/B                               0.75    1.22   -0.47 (VIOLATED)
_30831_/X                               0.75    1.22   -0.47 (VIOLATED)
_32287_/A1                              0.75    1.20   -0.45 (VIOLATED)
ANTENNA__32287__A1/DIODE                0.75    1.20   -0.45 (VIOLATED)
_32284_/Y                               0.75    1.20   -0.45 (VIOLATED)
_32392_/A0                              0.75    1.20   -0.45 (VIOLATED)
ANTENNA__32392__A0/DIODE                0.75    1.20   -0.45 (VIOLATED)
_32220_/A0                              0.75    1.20   -0.45 (VIOLATED)
ANTENNA__32220__A0/DIODE                0.75    1.20   -0.45 (VIOLATED)
ANTENNA__27404__B/DIODE                 0.75    1.20   -0.45 (VIOLATED)
_27403_/B                               0.75    1.20   -0.45 (VIOLATED)
_27404_/B                               0.75    1.20   -0.45 (VIOLATED)
_27979_/A                               0.75    1.20   -0.45 (VIOLATED)
ANTENNA__27403__B/DIODE                 0.75    1.20   -0.45 (VIOLATED)
ANTENNA__27979__A/DIODE                 0.75    1.20   -0.45 (VIOLATED)
_27980_/A                               0.75    1.20   -0.45 (VIOLATED)
ANTENNA__27980__A/DIODE                 0.75    1.20   -0.45 (VIOLATED)
_27402_/Y                               0.75    1.20   -0.45 (VIOLATED)
output44/A                              0.75    1.18   -0.43 (VIOLATED)
ANTENNA_output44_A/DIODE                0.75    1.18   -0.43 (VIOLATED)
_20770_/X                               0.75    1.17   -0.42 (VIOLATED)
_33264_/A0                              0.75    1.16   -0.41 (VIOLATED)
ANTENNA__33264__A0/DIODE                0.75    1.16   -0.41 (VIOLATED)
_33001_/A0                              0.75    1.16   -0.41 (VIOLATED)
ANTENNA__33001__A0/DIODE                0.75    1.16   -0.41 (VIOLATED)
_29194_/B                               0.75    1.16   -0.41 (VIOLATED)
_29195_/B                               0.75    1.16   -0.41 (VIOLATED)
ANTENNA__29195__B/DIODE                 0.75    1.16   -0.41 (VIOLATED)
ANTENNA__29194__B/DIODE                 0.75    1.16   -0.41 (VIOLATED)
ANTENNA__29494__A/DIODE                 0.75    1.16   -0.41 (VIOLATED)
ANTENNA__29495__A/DIODE                 0.75    1.16   -0.41 (VIOLATED)
_29193_/X                               0.75    1.16   -0.41 (VIOLATED)
_29494_/A                               0.75    1.16   -0.41 (VIOLATED)
_29495_/A                               0.75    1.16   -0.41 (VIOLATED)
ANTENNA__31627__A/DIODE                 0.75    1.16   -0.41 (VIOLATED)
_31627_/A                               0.75    1.16   -0.41 (VIOLATED)
_31628_/A                               0.75    1.16   -0.41 (VIOLATED)
ANTENNA__31628__A/DIODE                 0.75    1.16   -0.41 (VIOLATED)
_31317_/B                               0.75    1.16   -0.41 (VIOLATED)
ANTENNA__31317__B/DIODE                 0.75    1.16   -0.41 (VIOLATED)
ANTENNA__31316__B/DIODE                 0.75    1.16   -0.41 (VIOLATED)
_31316_/B                               0.75    1.16   -0.41 (VIOLATED)
ANTENNA__32231__A1/DIODE                0.75    1.16   -0.41 (VIOLATED)
_32231_/A1                              0.75    1.16   -0.41 (VIOLATED)
_32725_/B                               0.75    1.16   -0.41 (VIOLATED)
ANTENNA__32725__B/DIODE                 0.75    1.16   -0.41 (VIOLATED)
_31315_/Y                               0.75    1.16   -0.41 (VIOLATED)
_33721_/A2                              0.75    1.16   -0.41 (VIOLATED)
ANTENNA__33721__A2/DIODE                0.75    1.16   -0.41 (VIOLATED)
_33563_/A2                              0.75    1.16   -0.41 (VIOLATED)
ANTENNA__33563__A2/DIODE                0.75    1.16   -0.41 (VIOLATED)
ANTENNA__30651__B/DIODE                 0.75    1.16   -0.41 (VIOLATED)
_30651_/B                               0.75    1.16   -0.41 (VIOLATED)
ANTENNA__30652__B/DIODE                 0.75    1.16   -0.41 (VIOLATED)
_30652_/B                               0.75    1.16   -0.41 (VIOLATED)
_30650_/Y                               0.75    1.16   -0.41 (VIOLATED)
_32344_/B                               0.75    1.14   -0.39 (VIOLATED)
ANTENNA__32344__B/DIODE                 0.75    1.14   -0.39 (VIOLATED)
_32169_/B                               0.75    1.14   -0.39 (VIOLATED)
ANTENNA__32169__B/DIODE                 0.75    1.14   -0.39 (VIOLATED)
_27595_/B                               0.75    1.14   -0.39 (VIOLATED)
ANTENNA__27595__B/DIODE                 0.75    1.14   -0.39 (VIOLATED)
ANTENNA__27594__B/DIODE                 0.75    1.14   -0.39 (VIOLATED)
_27594_/B                               0.75    1.14   -0.39 (VIOLATED)
ANTENNA__27879__A/DIODE                 0.75    1.14   -0.39 (VIOLATED)
_27879_/A                               0.75    1.14   -0.39 (VIOLATED)
_27880_/A                               0.75    1.14   -0.39 (VIOLATED)
ANTENNA__27880__A/DIODE                 0.75    1.14   -0.39 (VIOLATED)
_27593_/Y                               0.75    1.14   -0.39 (VIOLATED)
_34564_/A                               0.75    1.14   -0.39 (VIOLATED)
ANTENNA__34564__A/DIODE                 0.75    1.14   -0.39 (VIOLATED)
_35125_/A                               0.75    1.14   -0.39 (VIOLATED)
ANTENNA__35125__A/DIODE                 0.75    1.14   -0.39 (VIOLATED)
_39699_/A                               0.75    1.14   -0.39 (VIOLATED)
ANTENNA__39699__A/DIODE                 0.75    1.14   -0.39 (VIOLATED)
_34003_/A                               0.75    1.14   -0.39 (VIOLATED)
ANTENNA__34003__A/DIODE                 0.75    1.14   -0.39 (VIOLATED)
_33945_/A                               0.75    1.14   -0.39 (VIOLATED)
ANTENNA__33945__A/DIODE                 0.75    1.14   -0.39 (VIOLATED)
_33944_/Y                               0.75    1.14   -0.39 (VIOLATED)
ANTENNA__33673__B/DIODE                 0.75    1.13   -0.38 (VIOLATED)
_33673_/B                               0.75    1.13   -0.38 (VIOLATED)
ANTENNA__33513__B/DIODE                 0.75    1.13   -0.38 (VIOLATED)
_33513_/B                               0.75    1.13   -0.38 (VIOLATED)
_30579_/B                               0.75    1.13   -0.38 (VIOLATED)
ANTENNA__30579__B/DIODE                 0.75    1.13   -0.38 (VIOLATED)
_30513_/B                               0.75    1.13   -0.38 (VIOLATED)
ANTENNA__30513__B/DIODE                 0.75    1.13   -0.38 (VIOLATED)
_30512_/Y                               0.75    1.13   -0.38 (VIOLATED)
_31799_/B                               0.75    1.13   -0.38 (VIOLATED)
_31800_/B                               0.75    1.13   -0.38 (VIOLATED)
ANTENNA__31800__B/DIODE                 0.75    1.13   -0.38 (VIOLATED)
ANTENNA__31799__B/DIODE                 0.75    1.13   -0.38 (VIOLATED)
_33709_/B                               0.75    1.13   -0.38 (VIOLATED)
ANTENNA__33709__B/DIODE                 0.75    1.13   -0.38 (VIOLATED)
_33863_/B                               0.75    1.13   -0.38 (VIOLATED)
ANTENNA__33863__B/DIODE                 0.75    1.13   -0.38 (VIOLATED)
_31798_/Y                               0.75    1.13   -0.38 (VIOLATED)
ANTENNA__33341__A0/DIODE                0.75    1.12   -0.37 (VIOLATED)
_33341_/A0                              0.75    1.12   -0.37 (VIOLATED)
_33820_/A0                              0.75    1.12   -0.37 (VIOLATED)
ANTENNA__33820__A0/DIODE                0.75    1.12   -0.37 (VIOLATED)
_28068_/B                               0.75    1.12   -0.37 (VIOLATED)
ANTENNA__28068__B/DIODE                 0.75    1.12   -0.37 (VIOLATED)
ANTENNA__28076__B/DIODE                 0.75    1.12   -0.37 (VIOLATED)
_28076_/B                               0.75    1.12   -0.37 (VIOLATED)
_28074_/B                               0.75    1.12   -0.37 (VIOLATED)
ANTENNA__28074__B/DIODE                 0.75    1.12   -0.37 (VIOLATED)
_28067_/Y                               0.75    1.12   -0.37 (VIOLATED)
ANTENNA__39308__B/DIODE                 0.75    1.11   -0.36 (VIOLATED)
_39308_/B                               0.75    1.11   -0.36 (VIOLATED)
_27979_/B                               0.75    1.11   -0.36 (VIOLATED)
ANTENNA__39227__A2/DIODE                0.75    1.11   -0.36 (VIOLATED)
ANTENNA__27980__B/DIODE                 0.75    1.11   -0.36 (VIOLATED)
_27980_/B                               0.75    1.11   -0.36 (VIOLATED)
ANTENNA__27979__B/DIODE                 0.75    1.11   -0.36 (VIOLATED)
_39227_/A2                              0.75    1.11   -0.36 (VIOLATED)
ANTENNA__28302__A/DIODE                 0.75    1.11   -0.36 (VIOLATED)
_28302_/A                               0.75    1.11   -0.36 (VIOLATED)
_28303_/A                               0.75    1.11   -0.36 (VIOLATED)
ANTENNA__28303__A/DIODE                 0.75    1.11   -0.36 (VIOLATED)
ANTENNA__33141__B/DIODE                 0.75    1.11   -0.36 (VIOLATED)
_33141_/B                               0.75    1.11   -0.36 (VIOLATED)
_32871_/B                               0.75    1.11   -0.36 (VIOLATED)
ANTENNA__32871__B/DIODE                 0.75    1.11   -0.36 (VIOLATED)
_27978_/X                               0.75    1.11   -0.36 (VIOLATED)
_32782_/B                               0.75    1.11   -0.36 (VIOLATED)
ANTENNA__32782__B/DIODE                 0.75    1.11   -0.36 (VIOLATED)
_33058_/A1                              0.75    1.11   -0.36 (VIOLATED)
ANTENNA__33058__A1/DIODE                0.75    1.11   -0.36 (VIOLATED)
ANTENNA__30532__A/DIODE                 0.75    1.11   -0.36 (VIOLATED)
_30532_/A                               0.75    1.11   -0.36 (VIOLATED)
ANTENNA__30544__B1/DIODE                0.75    1.11   -0.36 (VIOLATED)
_30544_/B1                              0.75    1.11   -0.36 (VIOLATED)
_30272_/B                               0.75    1.11   -0.36 (VIOLATED)
_30288_/B                               0.75    1.11   -0.36 (VIOLATED)
ANTENNA__30272__B/DIODE                 0.75    1.11   -0.36 (VIOLATED)
ANTENNA__30288__B/DIODE                 0.75    1.11   -0.36 (VIOLATED)
_30271_/Y                               0.75    1.11   -0.36 (VIOLATED)
_33431_/A1                              0.75    1.11   -0.36 (VIOLATED)
ANTENNA__33431__A1/DIODE                0.75    1.11   -0.36 (VIOLATED)
ANTENNA__33591__A2/DIODE                0.75    1.11   -0.36 (VIOLATED)
_33591_/A2                              0.75    1.11   -0.36 (VIOLATED)
ANTENNA__29533__B/DIODE                 0.75    1.11   -0.36 (VIOLATED)
_29532_/B                               0.75    1.11   -0.36 (VIOLATED)
_29533_/B                               0.75    1.11   -0.36 (VIOLATED)
ANTENNA__29532__B/DIODE                 0.75    1.11   -0.36 (VIOLATED)
_29571_/A2                              0.75    1.11   -0.36 (VIOLATED)
ANTENNA__29571__A2/DIODE                0.75    1.11   -0.36 (VIOLATED)
_29531_/Y                               0.75    1.11   -0.36 (VIOLATED)
_28702_/A                               0.75    1.11   -0.36 (VIOLATED)
ANTENNA__28702__A/DIODE                 0.75    1.11   -0.36 (VIOLATED)
_28538_/A                               0.75    1.11   -0.36 (VIOLATED)
_28537_/A                               0.75    1.11   -0.36 (VIOLATED)
ANTENNA__28537__A/DIODE                 0.75    1.11   -0.36 (VIOLATED)
ANTENNA__28538__A/DIODE                 0.75    1.11   -0.36 (VIOLATED)
ANTENNA__28911__A/DIODE                 0.75    1.11   -0.36 (VIOLATED)
_28911_/A                               0.75    1.11   -0.36 (VIOLATED)
_42073_/Q                               0.75    1.11   -0.36 (VIOLATED)
_33618_/A1                              0.75    1.10   -0.35 (VIOLATED)
ANTENNA__33618__A1/DIODE                0.75    1.10   -0.35 (VIOLATED)
ANTENNA__33778__B/DIODE                 0.75    1.10   -0.35 (VIOLATED)
_33778_/B                               0.75    1.10   -0.35 (VIOLATED)
ANTENNA__30818__B/DIODE                 0.75    1.10   -0.35 (VIOLATED)
ANTENNA__30819__B/DIODE                 0.75    1.10   -0.35 (VIOLATED)
_30818_/B                               0.75    1.10   -0.35 (VIOLATED)
_30819_/B                               0.75    1.10   -0.35 (VIOLATED)
_30817_/Y                               0.75    1.10   -0.35 (VIOLATED)
_31721_/A                               0.75    1.09   -0.34 (VIOLATED)
_31710_/A                               0.75    1.09   -0.34 (VIOLATED)
ANTENNA__31710__A/DIODE                 0.75    1.09   -0.34 (VIOLATED)
ANTENNA__31721__A/DIODE                 0.75    1.09   -0.34 (VIOLATED)
_31519_/B                               0.75    1.09   -0.34 (VIOLATED)
_31521_/B                               0.75    1.09   -0.34 (VIOLATED)
ANTENNA__31519__B/DIODE                 0.75    1.09   -0.34 (VIOLATED)
ANTENNA__31521__B/DIODE                 0.75    1.09   -0.34 (VIOLATED)
_32937_/A                               0.75    1.09   -0.34 (VIOLATED)
ANTENNA__32937__A/DIODE                 0.75    1.09   -0.34 (VIOLATED)
_31518_/Y                               0.75    1.09   -0.34 (VIOLATED)
_39336_/B                               0.75    1.08   -0.33 (VIOLATED)
ANTENNA__39336__B/DIODE                 0.75    1.08   -0.33 (VIOLATED)
_39219_/B                               0.75    1.08   -0.33 (VIOLATED)
ANTENNA__39219__B/DIODE                 0.75    1.08   -0.33 (VIOLATED)
_28583_/A                               0.75    1.08   -0.33 (VIOLATED)
_28715_/A                               0.75    1.08   -0.33 (VIOLATED)
ANTENNA__28715__A/DIODE                 0.75    1.08   -0.33 (VIOLATED)
ANTENNA__28583__A/DIODE                 0.75    1.08   -0.33 (VIOLATED)
_28585_/C1                              0.75    1.08   -0.33 (VIOLATED)
ANTENNA__28585__C1/DIODE                0.75    1.08   -0.33 (VIOLATED)
_28865_/A                               0.75    1.08   -0.33 (VIOLATED)
ANTENNA__28865__A/DIODE                 0.75    1.08   -0.33 (VIOLATED)
_42062_/Q                               0.75    1.08   -0.33 (VIOLATED)
ANTENNA__31278__B/DIODE                 0.75    1.07   -0.32 (VIOLATED)
_31278_/B                               0.75    1.07   -0.32 (VIOLATED)
ANTENNA__31276__B/DIODE                 0.75    1.07   -0.32 (VIOLATED)
_31276_/B                               0.75    1.07   -0.32 (VIOLATED)
ANTENNA__31497__A/DIODE                 0.75    1.07   -0.32 (VIOLATED)
_31497_/A                               0.75    1.07   -0.32 (VIOLATED)
ANTENNA__32155__A1/DIODE                0.75    1.07   -0.32 (VIOLATED)
_32155_/A1                              0.75    1.07   -0.32 (VIOLATED)
_32649_/A1                              0.75    1.07   -0.32 (VIOLATED)
ANTENNA__32649__A1/DIODE                0.75    1.07   -0.32 (VIOLATED)
_31275_/Y                               0.75    1.07   -0.32 (VIOLATED)
_32112_/B                               0.75    1.07   -0.32 (VIOLATED)
ANTENNA__32112__B/DIODE                 0.75    1.07   -0.32 (VIOLATED)
_32294_/B                               0.75    1.07   -0.32 (VIOLATED)
ANTENNA__32294__B/DIODE                 0.75    1.07   -0.32 (VIOLATED)
ANTENNA__27889__A/DIODE                 0.75    1.07   -0.32 (VIOLATED)
_27889_/A                               0.75    1.07   -0.32 (VIOLATED)
_27901_/A                               0.75    1.07   -0.32 (VIOLATED)
ANTENNA__27901__A/DIODE                 0.75    1.07   -0.32 (VIOLATED)
_33497_/A2                              0.75    1.07   -0.32 (VIOLATED)
ANTENNA__33497__A2/DIODE                0.75    1.07   -0.32 (VIOLATED)
_33657_/A2                              0.75    1.07   -0.32 (VIOLATED)
ANTENNA__33657__A2/DIODE                0.75    1.07   -0.32 (VIOLATED)
ANTENNA__27499__A/DIODE                 0.75    1.07   -0.32 (VIOLATED)
ANTENNA__27518__B/DIODE                 0.75    1.07   -0.32 (VIOLATED)
_27499_/A                               0.75    1.07   -0.32 (VIOLATED)
_27518_/B                               0.75    1.07   -0.32 (VIOLATED)
_27497_/Y                               0.75    1.07   -0.32 (VIOLATED)
ANTENNA__30570__B/DIODE                 0.75    1.07   -0.32 (VIOLATED)
_30570_/B                               0.75    1.07   -0.32 (VIOLATED)
_30571_/B                               0.75    1.07   -0.32 (VIOLATED)
ANTENNA__30571__B/DIODE                 0.75    1.07   -0.32 (VIOLATED)
_30569_/Y                               0.75    1.07   -0.32 (VIOLATED)
_28128_/A1                              0.75    1.07   -0.32 (VIOLATED)
ANTENNA__28111__A/DIODE                 0.75    1.07   -0.32 (VIOLATED)
_28111_/A                               0.75    1.07   -0.32 (VIOLATED)
ANTENNA__28128__A1/DIODE                0.75    1.07   -0.32 (VIOLATED)
_28112_/A                               0.75    1.07   -0.32 (VIOLATED)
ANTENNA__28112__A/DIODE                 0.75    1.07   -0.32 (VIOLATED)
_33808_/A2                              0.75    1.07   -0.32 (VIOLATED)
ANTENNA__33808__A2/DIODE                0.75    1.07   -0.32 (VIOLATED)
_32424_/B                               0.75    1.07   -0.32 (VIOLATED)
ANTENNA__32424__B/DIODE                 0.75    1.07   -0.32 (VIOLATED)
_28105_/X                               0.75    1.07   -0.32 (VIOLATED)
_33653_/A1                              0.75    1.07   -0.32 (VIOLATED)
ANTENNA__33653__A1/DIODE                0.75    1.07   -0.32 (VIOLATED)
ANTENNA__31729__B/DIODE                 0.75    1.07   -0.32 (VIOLATED)
ANTENNA__32038__A2/DIODE                0.75    1.07   -0.32 (VIOLATED)
_31729_/B                               0.75    1.07   -0.32 (VIOLATED)
_32038_/A2                              0.75    1.07   -0.32 (VIOLATED)
_31722_/A2                              0.75    1.07   -0.32 (VIOLATED)
ANTENNA__31722__A2/DIODE                0.75    1.07   -0.32 (VIOLATED)
_31720_/Y                               0.75    1.07   -0.32 (VIOLATED)
ANTENNA__28855__B/DIODE                 0.75    1.07   -0.32 (VIOLATED)
_28855_/B                               0.75    1.07   -0.32 (VIOLATED)
_28854_/B                               0.75    1.07   -0.32 (VIOLATED)
ANTENNA__28854__B/DIODE                 0.75    1.07   -0.32 (VIOLATED)
ANTENNA__32350__A2/DIODE                0.75    1.07   -0.32 (VIOLATED)
_32350_/A2                              0.75    1.07   -0.32 (VIOLATED)
_28853_/Y                               0.75    1.07   -0.32 (VIOLATED)
_32601_/A0                              0.75    1.06   -0.31 (VIOLATED)
ANTENNA__32601__A0/DIODE                0.75    1.06   -0.31 (VIOLATED)
_32437_/A1                              0.75    1.06   -0.31 (VIOLATED)
ANTENNA__32437__A1/DIODE                0.75    1.06   -0.31 (VIOLATED)
_29073_/B                               0.75    1.06   -0.31 (VIOLATED)
_29290_/A                               0.75    1.06   -0.31 (VIOLATED)
ANTENNA__29073__B/DIODE                 0.75    1.06   -0.31 (VIOLATED)
ANTENNA__29290__A/DIODE                 0.75    1.06   -0.31 (VIOLATED)
_29072_/Y                               0.75    1.06   -0.31 (VIOLATED)
ANTENNA__33486__A1/DIODE                0.75    1.06   -0.31 (VIOLATED)
_33486_/A1                              0.75    1.06   -0.31 (VIOLATED)
_33649_/A0                              0.75    1.06   -0.31 (VIOLATED)
ANTENNA__33649__A0/DIODE                0.75    1.06   -0.31 (VIOLATED)
ANTENNA__30546__B/DIODE                 0.75    1.06   -0.31 (VIOLATED)
_30546_/B                               0.75    1.06   -0.31 (VIOLATED)
_30527_/B                               0.75    1.06   -0.31 (VIOLATED)
ANTENNA__30527__B/DIODE                 0.75    1.06   -0.31 (VIOLATED)
_30526_/Y                               0.75    1.06   -0.31 (VIOLATED)
_31492_/B                               0.75    1.05   -0.30 (VIOLATED)
ANTENNA__31492__B/DIODE                 0.75    1.05   -0.30 (VIOLATED)
_32759_/A2                              0.75    1.05   -0.30 (VIOLATED)
ANTENNA__32759__A2/DIODE                0.75    1.05   -0.30 (VIOLATED)
_32266_/A2                              0.75    1.05   -0.30 (VIOLATED)
ANTENNA__32266__A2/DIODE                0.75    1.05   -0.30 (VIOLATED)
_31667_/B                               0.75    1.05   -0.30 (VIOLATED)
ANTENNA__31667__B/DIODE                 0.75    1.05   -0.30 (VIOLATED)
_31491_/Y                               0.75    1.05   -0.30 (VIOLATED)
_33337_/A0                              0.75    1.05   -0.30 (VIOLATED)
ANTENNA__33337__A0/DIODE                0.75    1.05   -0.30 (VIOLATED)
_33816_/B                               0.75    1.05   -0.30 (VIOLATED)
ANTENNA__33816__B/DIODE                 0.75    1.05   -0.30 (VIOLATED)
_28072_/B                               0.75    1.05   -0.30 (VIOLATED)
ANTENNA__28072__B/DIODE                 0.75    1.05   -0.30 (VIOLATED)
_28075_/A                               0.75    1.05   -0.30 (VIOLATED)
ANTENNA__28075__A/DIODE                 0.75    1.05   -0.30 (VIOLATED)
_28071_/X                               0.75    1.05   -0.30 (VIOLATED)
ANTENNA__33071__A1/DIODE                0.75    1.05   -0.30 (VIOLATED)
_33071_/A1                              0.75    1.05   -0.30 (VIOLATED)
_32796_/A1                              0.75    1.05   -0.30 (VIOLATED)
ANTENNA__32796__A1/DIODE                0.75    1.05   -0.30 (VIOLATED)
ANTENNA__30310__B/DIODE                 0.75    1.05   -0.30 (VIOLATED)
_30310_/B                               0.75    1.05   -0.30 (VIOLATED)
_30309_/B                               0.75    1.05   -0.30 (VIOLATED)
ANTENNA__30309__B/DIODE                 0.75    1.05   -0.30 (VIOLATED)
ANTENNA__30570__A/DIODE                 0.75    1.05   -0.30 (VIOLATED)
ANTENNA__30571__A/DIODE                 0.75    1.05   -0.30 (VIOLATED)
_30570_/A                               0.75    1.05   -0.30 (VIOLATED)
_30571_/A                               0.75    1.05   -0.30 (VIOLATED)
_30308_/Y                               0.75    1.05   -0.30 (VIOLATED)
ANTENNA__32985__A0/DIODE                0.75    1.05   -0.30 (VIOLATED)
_32985_/A0                              0.75    1.05   -0.30 (VIOLATED)
ANTENNA__33251__A0/DIODE                0.75    1.05   -0.30 (VIOLATED)
_33251_/A0                              0.75    1.05   -0.30 (VIOLATED)
ANTENNA__28998__B/DIODE                 0.75    1.05   -0.30 (VIOLATED)
_28998_/B                               0.75    1.05   -0.30 (VIOLATED)
_28990_/B                               0.75    1.05   -0.30 (VIOLATED)
ANTENNA__28990__B/DIODE                 0.75    1.05   -0.30 (VIOLATED)
ANTENNA__29436__A/DIODE                 0.75    1.05   -0.30 (VIOLATED)
ANTENNA__29437__A/DIODE                 0.75    1.05   -0.30 (VIOLATED)
_28989_/X                               0.75    1.05   -0.30 (VIOLATED)
_29436_/A                               0.75    1.05   -0.30 (VIOLATED)
_29437_/A                               0.75    1.05   -0.30 (VIOLATED)
_27956_/B                               0.75    1.04   -0.29 (VIOLATED)
ANTENNA__27957__B/DIODE                 0.75    1.04   -0.29 (VIOLATED)
_27957_/B                               0.75    1.04   -0.29 (VIOLATED)
ANTENNA__27956__B/DIODE                 0.75    1.04   -0.29 (VIOLATED)
_28288_/A                               0.75    1.04   -0.29 (VIOLATED)
ANTENNA__28288__A/DIODE                 0.75    1.04   -0.29 (VIOLATED)
ANTENNA__28287__A/DIODE                 0.75    1.04   -0.29 (VIOLATED)
_28287_/A                               0.75    1.04   -0.29 (VIOLATED)
_33138_/A0                              0.75    1.04   -0.29 (VIOLATED)
ANTENNA__33138__A0/DIODE                0.75    1.04   -0.29 (VIOLATED)
_32867_/A0                              0.75    1.04   -0.29 (VIOLATED)
ANTENNA__32867__A0/DIODE                0.75    1.04   -0.29 (VIOLATED)
_27955_/X                               0.75    1.04   -0.29 (VIOLATED)
_38353_/A                               0.75    1.04   -0.29 (VIOLATED)
ANTENNA__38353__A/DIODE                 0.75    1.04   -0.29 (VIOLATED)
_38186_/A                               0.75    1.04   -0.29 (VIOLATED)
_38249_/A                               0.75    1.04   -0.29 (VIOLATED)
ANTENNA__38249__A/DIODE                 0.75    1.04   -0.29 (VIOLATED)
ANTENNA__38186__A/DIODE                 0.75    1.04   -0.29 (VIOLATED)
_28700_/A0                              0.75    1.04   -0.29 (VIOLATED)
ANTENNA__28700__A0/DIODE                0.75    1.04   -0.29 (VIOLATED)
_27434_/A1                              0.75    1.04   -0.29 (VIOLATED)
ANTENNA__27434__A1/DIODE                0.75    1.04   -0.29 (VIOLATED)
ANTENNA_47/DIODE                        0.75    1.04   -0.29 (VIOLATED)
ANTENNA_45/DIODE                        0.75    1.04   -0.29 (VIOLATED)
ANTENNA_43/DIODE                        0.75    1.04   -0.29 (VIOLATED)
ANTENNA_41/DIODE                        0.75    1.04   -0.29 (VIOLATED)
ANTENNA_39/DIODE                        0.75    1.04   -0.29 (VIOLATED)
ANTENNA_37/DIODE                        0.75    1.04   -0.29 (VIOLATED)
ANTENNA_31/DIODE                        0.75    1.04   -0.29 (VIOLATED)
hold3682/A                              0.75    1.04   -0.29 (VIOLATED)
ANTENNA_46/DIODE                        0.75    1.04   -0.29 (VIOLATED)
ANTENNA_44/DIODE                        0.75    1.04   -0.29 (VIOLATED)
ANTENNA_42/DIODE                        0.75    1.04   -0.29 (VIOLATED)
ANTENNA_40/DIODE                        0.75    1.04   -0.29 (VIOLATED)
ANTENNA_38/DIODE                        0.75    1.04   -0.29 (VIOLATED)
ANTENNA_hold3682_A/DIODE                0.75    1.04   -0.29 (VIOLATED)
_42201_/Q                               0.75    1.04   -0.29 (VIOLATED)
_31635_/B                               0.75    1.04   -0.29 (VIOLATED)
ANTENNA__31635__B/DIODE                 0.75    1.04   -0.29 (VIOLATED)
_31656_/B1                              0.75    1.04   -0.29 (VIOLATED)
ANTENNA__31656__B1/DIODE                0.75    1.04   -0.29 (VIOLATED)
ANTENNA__31929__A/DIODE                 0.75    1.04   -0.29 (VIOLATED)
_31929_/A                               0.75    1.04   -0.29 (VIOLATED)
ANTENNA__31931__A/DIODE                 0.75    1.04   -0.29 (VIOLATED)
_31931_/A                               0.75    1.04   -0.29 (VIOLATED)
_31636_/A                               0.75    1.04   -0.29 (VIOLATED)
ANTENNA__31636__A/DIODE                 0.75    1.04   -0.29 (VIOLATED)
_33024_/B                               0.75    1.04   -0.29 (VIOLATED)
ANTENNA__33024__B/DIODE                 0.75    1.04   -0.29 (VIOLATED)
_31634_/Y                               0.75    1.04   -0.29 (VIOLATED)
_39402_/A                               0.75    1.03   -0.28 (VIOLATED)
ANTENNA__39402__A/DIODE                 0.75    1.03   -0.28 (VIOLATED)
_39217_/B                               0.75    1.03   -0.28 (VIOLATED)
_39323_/A                               0.75    1.03   -0.28 (VIOLATED)
ANTENNA__39323__A/DIODE                 0.75    1.03   -0.28 (VIOLATED)
ANTENNA__39217__B/DIODE                 0.75    1.03   -0.28 (VIOLATED)
_33032_/B                               0.75    1.03   -0.28 (VIOLATED)
ANTENNA__33032__B/DIODE                 0.75    1.03   -0.28 (VIOLATED)
_29269_/B                               0.75    1.03   -0.28 (VIOLATED)
_29270_/B                               0.75    1.03   -0.28 (VIOLATED)
ANTENNA__29269__B/DIODE                 0.75    1.03   -0.28 (VIOLATED)
ANTENNA__29270__B/DIODE                 0.75    1.03   -0.28 (VIOLATED)
_29595_/A                               0.75    1.03   -0.28 (VIOLATED)
ANTENNA__29595__A/DIODE                 0.75    1.03   -0.28 (VIOLATED)
_29268_/Y                               0.75    1.03   -0.28 (VIOLATED)
_27964_/B                               0.75    1.03   -0.28 (VIOLATED)
_27965_/B                               0.75    1.03   -0.28 (VIOLATED)
ANTENNA__27965__B/DIODE                 0.75    1.03   -0.28 (VIOLATED)
ANTENNA__27964__B/DIODE                 0.75    1.03   -0.28 (VIOLATED)
_28806_/A                               0.75    1.03   -0.28 (VIOLATED)
ANTENNA__28806__A/DIODE                 0.75    1.03   -0.28 (VIOLATED)
ANTENNA__28628__A/DIODE                 0.75    1.03   -0.28 (VIOLATED)
_28628_/A                               0.75    1.03   -0.28 (VIOLATED)
_28627_/A                               0.75    1.03   -0.28 (VIOLATED)
ANTENNA__28627__A/DIODE                 0.75    1.03   -0.28 (VIOLATED)
_28265_/A                               0.75    1.03   -0.28 (VIOLATED)
ANTENNA__28265__A/DIODE                 0.75    1.03   -0.28 (VIOLATED)
ANTENNA__28264__A/DIODE                 0.75    1.03   -0.28 (VIOLATED)
_28264_/A                               0.75    1.03   -0.28 (VIOLATED)
_42059_/Q                               0.75    1.03   -0.28 (VIOLATED)
ANTENNA__33133__B/DIODE                 0.75    1.03   -0.28 (VIOLATED)
_33133_/B                               0.75    1.03   -0.28 (VIOLATED)
ANTENNA__32861__B/DIODE                 0.75    1.03   -0.28 (VIOLATED)
_27963_/X                               0.75    1.03   -0.28 (VIOLATED)
_32861_/B                               0.75    1.03   -0.28 (VIOLATED)
_31613_/A                               0.75    1.03   -0.28 (VIOLATED)
ANTENNA__31613__A/DIODE                 0.75    1.03   -0.28 (VIOLATED)
_31618_/A                               0.75    1.03   -0.28 (VIOLATED)
ANTENNA__31618__A/DIODE                 0.75    1.03   -0.28 (VIOLATED)
ANTENNA__31148__B/DIODE                 0.75    1.03   -0.28 (VIOLATED)
_31148_/B                               0.75    1.03   -0.28 (VIOLATED)
_31149_/B                               0.75    1.03   -0.28 (VIOLATED)
ANTENNA__31149__B/DIODE                 0.75    1.03   -0.28 (VIOLATED)
_32220_/A1                              0.75    1.03   -0.28 (VIOLATED)
ANTENNA__32220__A1/DIODE                0.75    1.03   -0.28 (VIOLATED)
_32716_/A1                              0.75    1.03   -0.28 (VIOLATED)
ANTENNA__32716__A1/DIODE                0.75    1.03   -0.28 (VIOLATED)
_31147_/Y                               0.75    1.03   -0.28 (VIOLATED)
ANTENNA__31157__B/DIODE                 0.75    1.02   -0.27 (VIOLATED)
_31157_/B                               0.75    1.02   -0.27 (VIOLATED)
_31156_/B                               0.75    1.02   -0.27 (VIOLATED)
ANTENNA__31156__B/DIODE                 0.75    1.02   -0.27 (VIOLATED)
_32211_/A2                              0.75    1.02   -0.27 (VIOLATED)
ANTENNA__32211__A2/DIODE                0.75    1.02   -0.27 (VIOLATED)
_32707_/B                               0.75    1.02   -0.27 (VIOLATED)
ANTENNA__32707__B/DIODE                 0.75    1.02   -0.27 (VIOLATED)
_31596_/A                               0.75    1.02   -0.27 (VIOLATED)
ANTENNA__31596__A/DIODE                 0.75    1.02   -0.27 (VIOLATED)
ANTENNA__31597__A/DIODE                 0.75    1.02   -0.27 (VIOLATED)
_31597_/A                               0.75    1.02   -0.27 (VIOLATED)
_31155_/Y                               0.75    1.02   -0.27 (VIOLATED)
ANTENNA__29111__A/DIODE                 0.75    1.01   -0.26 (VIOLATED)
_29111_/A                               0.75    1.01   -0.26 (VIOLATED)
_29112_/A                               0.75    1.01   -0.26 (VIOLATED)
ANTENNA__29112__A/DIODE                 0.75    1.01   -0.26 (VIOLATED)
_28846_/A                               0.75    1.01   -0.26 (VIOLATED)
ANTENNA__28846__A/DIODE                 0.75    1.01   -0.26 (VIOLATED)
_32504_/B                               0.75    1.01   -0.26 (VIOLATED)
ANTENNA__32504__B/DIODE                 0.75    1.01   -0.26 (VIOLATED)
_28845_/Y                               0.75    1.01   -0.26 (VIOLATED)
_31537_/B                               0.75    1.01   -0.26 (VIOLATED)
ANTENNA__31537__B/DIODE                 0.75    1.01   -0.26 (VIOLATED)
_31535_/A                               0.75    1.01   -0.26 (VIOLATED)
ANTENNA__31535__A/DIODE                 0.75    1.01   -0.26 (VIOLATED)
_31755_/B1                              0.75    1.01   -0.26 (VIOLATED)
ANTENNA__31737__A/DIODE                 0.75    1.01   -0.26 (VIOLATED)
ANTENNA__31755__B1/DIODE                0.75    1.01   -0.26 (VIOLATED)
_31737_/A                               0.75    1.01   -0.26 (VIOLATED)
_32020_/A                               0.75    1.01   -0.26 (VIOLATED)
ANTENNA__32020__A/DIODE                 0.75    1.01   -0.26 (VIOLATED)
_31304_/A2                              0.75    1.01   -0.26 (VIOLATED)
_31374_/A                               0.75    1.01   -0.26 (VIOLATED)
ANTENNA__31374__A/DIODE                 0.75    1.01   -0.26 (VIOLATED)
_31303_/A2                              0.75    1.01   -0.26 (VIOLATED)
ANTENNA__31304__A2/DIODE                0.75    1.01   -0.26 (VIOLATED)
ANTENNA__31303__A2/DIODE                0.75    1.01   -0.26 (VIOLATED)
_31175_/B                               0.75    1.01   -0.26 (VIOLATED)
ANTENNA__31175__B/DIODE                 0.75    1.01   -0.26 (VIOLATED)
ANTENNA__32927__B/DIODE                 0.75    1.01   -0.26 (VIOLATED)
_32927_/B                               0.75    1.01   -0.26 (VIOLATED)
_31534_/Y                               0.75    1.01   -0.26 (VIOLATED)
_32207_/A2                              0.75    1.01   -0.26 (VIOLATED)
ANTENNA__32207__A2/DIODE                0.75    1.01   -0.26 (VIOLATED)
ANTENNA__32702__A1/DIODE                0.75    1.01   -0.26 (VIOLATED)
_32702_/A1                              0.75    1.01   -0.26 (VIOLATED)
_31174_/Y                               0.75    1.01   -0.26 (VIOLATED)
_32787_/A1                              0.75    1.01   -0.26 (VIOLATED)
ANTENNA__33062__A1/DIODE                0.75    1.01   -0.26 (VIOLATED)
_33062_/A1                              0.75    1.01   -0.26 (VIOLATED)
ANTENNA__32787__A1/DIODE                0.75    1.01   -0.26 (VIOLATED)
ANTENNA__30527__A/DIODE                 0.75    1.01   -0.26 (VIOLATED)
_30527_/A                               0.75    1.01   -0.26 (VIOLATED)
ANTENNA__30546__A/DIODE                 0.75    1.01   -0.26 (VIOLATED)
_30546_/A                               0.75    1.01   -0.26 (VIOLATED)
ANTENNA__30265__A/DIODE                 0.75    1.01   -0.26 (VIOLATED)
_30265_/A                               0.75    1.01   -0.26 (VIOLATED)
_30264_/Y                               0.75    1.01   -0.26 (VIOLATED)
_32367_/B                               0.75    1.01   -0.26 (VIOLATED)
ANTENNA__32367__B/DIODE                 0.75    1.01   -0.26 (VIOLATED)
_27652_/A                               0.75    1.01   -0.26 (VIOLATED)
ANTENNA__27652__A/DIODE                 0.75    1.01   -0.26 (VIOLATED)
_27471_/B                               0.75    1.01   -0.26 (VIOLATED)
ANTENNA__27471__B/DIODE                 0.75    1.01   -0.26 (VIOLATED)
ANTENNA__27777__A/DIODE                 0.75    1.01   -0.26 (VIOLATED)
_27767_/A                               0.75    1.01   -0.26 (VIOLATED)
_27777_/A                               0.75    1.01   -0.26 (VIOLATED)
ANTENNA__27767__A/DIODE                 0.75    1.01   -0.26 (VIOLATED)
_27470_/X                               0.75    1.01   -0.26 (VIOLATED)
_33682_/A2                              0.75    1.01   -0.26 (VIOLATED)
ANTENNA__33682__A2/DIODE                0.75    1.01   -0.26 (VIOLATED)
_33522_/A1                              0.75    1.01   -0.26 (VIOLATED)
ANTENNA__33522__A1/DIODE                0.75    1.01   -0.26 (VIOLATED)
ANTENNA__30501__B/DIODE                 0.75    1.01   -0.26 (VIOLATED)
ANTENNA__30502__B/DIODE                 0.75    1.01   -0.26 (VIOLATED)
_30501_/B                               0.75    1.01   -0.26 (VIOLATED)
_30502_/B                               0.75    1.01   -0.26 (VIOLATED)
_30500_/Y                               0.75    1.01   -0.26 (VIOLATED)
_33738_/A1                              0.75    1.01   -0.26 (VIOLATED)
ANTENNA__33738__A1/DIODE                0.75    1.01   -0.26 (VIOLATED)
ANTENNA__33892__B/DIODE                 0.75    1.01   -0.26 (VIOLATED)
_33892_/B                               0.75    1.01   -0.26 (VIOLATED)
_31872_/B                               0.75    1.01   -0.26 (VIOLATED)
_31873_/B                               0.75    1.01   -0.26 (VIOLATED)
ANTENNA__31873__B/DIODE                 0.75    1.01   -0.26 (VIOLATED)
ANTENNA__31872__B/DIODE                 0.75    1.01   -0.26 (VIOLATED)
_31871_/Y                               0.75    1.01   -0.26 (VIOLATED)
_32491_/A1                              0.75    1.00   -0.25 (VIOLATED)
_32649_/A0                              0.75    1.00   -0.25 (VIOLATED)
ANTENNA__32491__A1/DIODE                0.75    1.00   -0.25 (VIOLATED)
ANTENNA__32649__A0/DIODE                0.75    1.00   -0.25 (VIOLATED)
ANTENNA_max_cap177_A/DIODE              0.75    1.00   -0.25 (VIOLATED)
max_cap177/A                            0.75    1.00   -0.25 (VIOLATED)
_30066_/Y                               0.75    1.00   -0.25 (VIOLATED)
_33408_/A1                              0.75    0.99   -0.24 (VIOLATED)
ANTENNA__33408__A1/DIODE                0.75    0.99   -0.24 (VIOLATED)
_33574_/A2                              0.75    0.99   -0.24 (VIOLATED)
ANTENNA__33574__A2/DIODE                0.75    0.99   -0.24 (VIOLATED)
ANTENNA__29475__B/DIODE                 0.75    0.99   -0.24 (VIOLATED)
_29474_/B                               0.75    0.99   -0.24 (VIOLATED)
_29475_/B                               0.75    0.99   -0.24 (VIOLATED)
ANTENNA__29474__B/DIODE                 0.75    0.99   -0.24 (VIOLATED)
_29473_/Y                               0.75    0.99   -0.24 (VIOLATED)
_39397_/B                               0.75    0.99   -0.24 (VIOLATED)
ANTENNA__39397__B/DIODE                 0.75    0.99   -0.24 (VIOLATED)
_39216_/A2                              0.75    0.99   -0.24 (VIOLATED)
ANTENNA__39216__A2/DIODE                0.75    0.99   -0.24 (VIOLATED)
_32481_/A2                              0.75    0.99   -0.24 (VIOLATED)
ANTENNA__32481__A2/DIODE                0.75    0.99   -0.24 (VIOLATED)
_32639_/A0                              0.75    0.99   -0.24 (VIOLATED)
ANTENNA__32639__A0/DIODE                0.75    0.99   -0.24 (VIOLATED)
ANTENNA_max_cap183_A/DIODE              0.75    0.99   -0.24 (VIOLATED)
max_cap183/A                            0.75    0.99   -0.24 (VIOLATED)
_29992_/Y                               0.75    0.99   -0.24 (VIOLATED)
_28773_/A                               0.75    0.99   -0.24 (VIOLATED)
ANTENNA__28773__A/DIODE                 0.75    0.99   -0.24 (VIOLATED)
_28632_/A                               0.75    0.99   -0.24 (VIOLATED)
ANTENNA__28632__A/DIODE                 0.75    0.99   -0.24 (VIOLATED)
_28631_/A                               0.75    0.99   -0.24 (VIOLATED)
ANTENNA__28631__A/DIODE                 0.75    0.99   -0.24 (VIOLATED)
hold4623/A                              0.75    0.99   -0.24 (VIOLATED)
ANTENNA_hold4623_A/DIODE                0.75    0.99   -0.24 (VIOLATED)
_42058_/Q                               0.75    0.99   -0.24 (VIOLATED)
_31677_/B                               0.75    0.99   -0.24 (VIOLATED)
ANTENNA__31677__B/DIODE                 0.75    0.99   -0.24 (VIOLATED)
_31670_/B                               0.75    0.99   -0.24 (VIOLATED)
ANTENNA__31670__B/DIODE                 0.75    0.99   -0.24 (VIOLATED)
_33693_/A2                              0.75    0.99   -0.24 (VIOLATED)
ANTENNA__33693__A2/DIODE                0.75    0.99   -0.24 (VIOLATED)
_33845_/A1                              0.75    0.99   -0.24 (VIOLATED)
ANTENNA_23/DIODE                        0.75    0.99   -0.24 (VIOLATED)
ANTENNA_4/DIODE                         0.75    0.99   -0.24 (VIOLATED)
ANTENNA__33845__A1/DIODE                0.75    0.99   -0.24 (VIOLATED)
_31669_/Y                               0.75    0.99   -0.24 (VIOLATED)
ANTENNA__31220__B/DIODE                 0.75    0.98   -0.23 (VIOLATED)
_31220_/B                               0.75    0.98   -0.23 (VIOLATED)
_31221_/B                               0.75    0.98   -0.23 (VIOLATED)
ANTENNA__31221__B/DIODE                 0.75    0.98   -0.23 (VIOLATED)
ANTENNA__31557__A/DIODE                 0.75    0.98   -0.23 (VIOLATED)
_31557_/A                               0.75    0.98   -0.23 (VIOLATED)
_33281_/A0                              0.75    0.98   -0.23 (VIOLATED)
ANTENNA__33281__A0/DIODE                0.75    0.98   -0.23 (VIOLATED)
_33021_/B                               0.75    0.98   -0.23 (VIOLATED)
ANTENNA__33021__B/DIODE                 0.75    0.98   -0.23 (VIOLATED)
_32639_/A1                              0.75    0.98   -0.23 (VIOLATED)
ANTENNA__32639__A1/DIODE                0.75    0.98   -0.23 (VIOLATED)
_32147_/A2                              0.75    0.98   -0.23 (VIOLATED)
ANTENNA__32147__A2/DIODE                0.75    0.98   -0.23 (VIOLATED)
_31219_/Y                               0.75    0.98   -0.23 (VIOLATED)
max_cap138/A                            0.75    0.98   -0.23 (VIOLATED)
ANTENNA_max_cap138_A/DIODE              0.75    0.98   -0.23 (VIOLATED)
_29238_/Y                               0.75    0.98   -0.23 (VIOLATED)
_31246_/B                               0.75    0.98   -0.23 (VIOLATED)
ANTENNA__31246__B/DIODE                 0.75    0.98   -0.23 (VIOLATED)
_31247_/B                               0.75    0.98   -0.23 (VIOLATED)
ANTENNA__31247__B/DIODE                 0.75    0.98   -0.23 (VIOLATED)
_31424_/B                               0.75    0.98   -0.23 (VIOLATED)
ANTENNA__31424__B/DIODE                 0.75    0.98   -0.23 (VIOLATED)
_31425_/A_N                             0.75    0.98   -0.23 (VIOLATED)
ANTENNA__31425__A_N/DIODE               0.75    0.98   -0.23 (VIOLATED)
_32170_/A2                              0.75    0.98   -0.23 (VIOLATED)
ANTENNA__32170__A2/DIODE                0.75    0.98   -0.23 (VIOLATED)
_32666_/A2                              0.75    0.98   -0.23 (VIOLATED)
ANTENNA__32666__A2/DIODE                0.75    0.98   -0.23 (VIOLATED)
_31245_/Y                               0.75    0.98   -0.23 (VIOLATED)
_33610_/A0                              0.75    0.98   -0.23 (VIOLATED)
ANTENNA__33610__A0/DIODE                0.75    0.98   -0.23 (VIOLATED)
ANTENNA__33451__A1/DIODE                0.75    0.98   -0.23 (VIOLATED)
ANTENNA_2/DIODE                         0.75    0.98   -0.23 (VIOLATED)
_33451_/A1                              0.75    0.98   -0.23 (VIOLATED)
ANTENNA__29600__B/DIODE                 0.75    0.98   -0.23 (VIOLATED)
_29599_/B                               0.75    0.98   -0.23 (VIOLATED)
_29600_/B                               0.75    0.98   -0.23 (VIOLATED)
ANTENNA__29599__B/DIODE                 0.75    0.98   -0.23 (VIOLATED)
_29627_/A2                              0.75    0.98   -0.23 (VIOLATED)
ANTENNA__29627__A2/DIODE                0.75    0.98   -0.23 (VIOLATED)
_29598_/Y                               0.75    0.98   -0.23 (VIOLATED)
ANTENNA__31334__B/DIODE                 0.75    0.98   -0.23 (VIOLATED)
_31334_/B                               0.75    0.98   -0.23 (VIOLATED)
_31335_/B                               0.75    0.98   -0.23 (VIOLATED)
ANTENNA__31335__B/DIODE                 0.75    0.98   -0.23 (VIOLATED)
_33701_/A1                              0.75    0.98   -0.23 (VIOLATED)
ANTENNA__33701__A1/DIODE                0.75    0.98   -0.23 (VIOLATED)
_33853_/A1                              0.75    0.98   -0.23 (VIOLATED)
ANTENNA__33853__A1/DIODE                0.75    0.98   -0.23 (VIOLATED)
_31333_/Y                               0.75    0.98   -0.23 (VIOLATED)
_32174_/B                               0.75    0.98   -0.23 (VIOLATED)
_32349_/B                               0.75    0.98   -0.23 (VIOLATED)
ANTENNA__32349__B/DIODE                 0.75    0.98   -0.23 (VIOLATED)
ANTENNA__32174__B/DIODE                 0.75    0.98   -0.23 (VIOLATED)
ANTENNA__27871__A/DIODE                 0.75    0.98   -0.23 (VIOLATED)
ANTENNA__27872__A/DIODE                 0.75    0.98   -0.23 (VIOLATED)
_27871_/A                               0.75    0.98   -0.23 (VIOLATED)
_27872_/A                               0.75    0.98   -0.23 (VIOLATED)
_27866_/X                               0.75    0.98   -0.23 (VIOLATED)
clkbuf_0_clk/A                          0.75    0.98   -0.23 (VIOLATED)
ANTENNA_clkbuf_0_clk_A/DIODE            0.75    0.98   -0.23 (VIOLATED)
clk                                     0.75    0.98   -0.23 (VIOLATED)
output52/A                              0.75    0.98   -0.23 (VIOLATED)
ANTENNA_output52_A/DIODE                0.75    0.98   -0.23 (VIOLATED)
ANTENNA__27996__B/DIODE                 0.75    0.97   -0.22 (VIOLATED)
_27995_/B                               0.75    0.97   -0.22 (VIOLATED)
_27996_/B                               0.75    0.97   -0.22 (VIOLATED)
ANTENNA__27995__B/DIODE                 0.75    0.97   -0.22 (VIOLATED)
ANTENNA__28326__A/DIODE                 0.75    0.97   -0.22 (VIOLATED)
_28326_/A                               0.75    0.97   -0.22 (VIOLATED)
_28327_/A                               0.75    0.97   -0.22 (VIOLATED)
ANTENNA__28327__A/DIODE                 0.75    0.97   -0.22 (VIOLATED)
_33151_/B                               0.75    0.97   -0.22 (VIOLATED)
ANTENNA__33151__B/DIODE                 0.75    0.97   -0.22 (VIOLATED)
ANTENNA__32881__B/DIODE                 0.75    0.97   -0.22 (VIOLATED)
_32881_/B                               0.75    0.97   -0.22 (VIOLATED)
_27994_/Y                               0.75    0.97   -0.22 (VIOLATED)
ANTENNA__31606__B/DIODE                 0.75    0.97   -0.22 (VIOLATED)
_31606_/B                               0.75    0.97   -0.22 (VIOLATED)
_31607_/B                               0.75    0.97   -0.22 (VIOLATED)
ANTENNA__31607__B/DIODE                 0.75    0.97   -0.22 (VIOLATED)
_31884_/A                               0.75    0.97   -0.22 (VIOLATED)
ANTENNA__31884__A/DIODE                 0.75    0.97   -0.22 (VIOLATED)
ANTENNA__31885__A/DIODE                 0.75    0.97   -0.22 (VIOLATED)
_31885_/A                               0.75    0.97   -0.22 (VIOLATED)
ANTENNA__33271__A1/DIODE                0.75    0.97   -0.22 (VIOLATED)
_33271_/A1                              0.75    0.97   -0.22 (VIOLATED)
_33009_/A1                              0.75    0.97   -0.22 (VIOLATED)
ANTENNA__33009__A1/DIODE                0.75    0.97   -0.22 (VIOLATED)
_31605_/Y                               0.75    0.97   -0.22 (VIOLATED)
_20484_/X                               0.75    0.97   -0.22 (VIOLATED)
_31677_/A                               0.75    0.97   -0.22 (VIOLATED)
ANTENNA__31677__A/DIODE                 0.75    0.97   -0.22 (VIOLATED)
ANTENNA__31670__A/DIODE                 0.75    0.97   -0.22 (VIOLATED)
_31670_/A                               0.75    0.97   -0.22 (VIOLATED)
_32965_/A1                              0.75    0.97   -0.22 (VIOLATED)
ANTENNA__32965__A1/DIODE                0.75    0.97   -0.22 (VIOLATED)
ANTENNA__33232__A1/DIODE                0.75    0.97   -0.22 (VIOLATED)
_33232_/A1                              0.75    0.97   -0.22 (VIOLATED)
ANTENNA__31425__B/DIODE                 0.75    0.97   -0.22 (VIOLATED)
_31424_/A_N                             0.75    0.97   -0.22 (VIOLATED)
_31425_/B                               0.75    0.97   -0.22 (VIOLATED)
ANTENNA__31424__A_N/DIODE               0.75    0.97   -0.22 (VIOLATED)
_31340_/Y                               0.75    0.97   -0.22 (VIOLATED)
_29422_/B                               0.75    0.96   -0.21 (VIOLATED)
ANTENNA__29422__B/DIODE                 0.75    0.96   -0.21 (VIOLATED)
_29423_/B                               0.75    0.96   -0.21 (VIOLATED)
ANTENNA__29423__B/DIODE                 0.75    0.96   -0.21 (VIOLATED)
_29431_/A2                              0.75    0.96   -0.21 (VIOLATED)
ANTENNA__29431__A2/DIODE                0.75    0.96   -0.21 (VIOLATED)
_33392_/A1                              0.75    0.96   -0.21 (VIOLATED)
ANTENNA__33392__A1/DIODE                0.75    0.96   -0.21 (VIOLATED)
ANTENNA__33552__B/DIODE                 0.75    0.96   -0.21 (VIOLATED)
_33552_/B                               0.75    0.96   -0.21 (VIOLATED)
_29421_/Y                               0.75    0.96   -0.21 (VIOLATED)
_38035_/A                               0.75    0.96   -0.21 (VIOLATED)
ANTENNA__38035__A/DIODE                 0.75    0.96   -0.21 (VIOLATED)
_35424_/A                               0.75    0.96   -0.21 (VIOLATED)
ANTENNA__35424__A/DIODE                 0.75    0.96   -0.21 (VIOLATED)
_20005_/A                               0.75    0.96   -0.21 (VIOLATED)
ANTENNA__20005__A/DIODE                 0.75    0.96   -0.21 (VIOLATED)
_20007_/A                               0.75    0.96   -0.21 (VIOLATED)
ANTENNA__20007__A/DIODE                 0.75    0.96   -0.21 (VIOLATED)
_41314_/Q                               0.75    0.96   -0.21 (VIOLATED)
_31863_/B                               0.75    0.96   -0.21 (VIOLATED)
_31862_/B                               0.75    0.96   -0.21 (VIOLATED)
ANTENNA__31863__B/DIODE                 0.75    0.96   -0.21 (VIOLATED)
ANTENNA__31862__B/DIODE                 0.75    0.96   -0.21 (VIOLATED)
ANTENNA__33734__A1/DIODE                0.75    0.96   -0.21 (VIOLATED)
_33734_/A1                              0.75    0.96   -0.21 (VIOLATED)
ANTENNA__33886__A1/DIODE                0.75    0.96   -0.21 (VIOLATED)
_31861_/Y                               0.75    0.96   -0.21 (VIOLATED)
_33886_/A1                              0.75    0.96   -0.21 (VIOLATED)
_28051_/B                               0.75    0.96   -0.21 (VIOLATED)
_28052_/B                               0.75    0.96   -0.21 (VIOLATED)
ANTENNA__28051__B/DIODE                 0.75    0.96   -0.21 (VIOLATED)
ANTENNA__28052__B/DIODE                 0.75    0.96   -0.21 (VIOLATED)
_28348_/A                               0.75    0.96   -0.21 (VIOLATED)
ANTENNA__28347__A/DIODE                 0.75    0.96   -0.21 (VIOLATED)
_28347_/A                               0.75    0.96   -0.21 (VIOLATED)
ANTENNA__28348__A/DIODE                 0.75    0.96   -0.21 (VIOLATED)
_33155_/A0                              0.75    0.96   -0.21 (VIOLATED)
ANTENNA__33155__A0/DIODE                0.75    0.96   -0.21 (VIOLATED)
_32886_/A0                              0.75    0.96   -0.21 (VIOLATED)
ANTENNA__32886__A0/DIODE                0.75    0.96   -0.21 (VIOLATED)
_28050_/Y                               0.75    0.96   -0.21 (VIOLATED)
ANTENNA__32994__A0/DIODE                0.75    0.96   -0.21 (VIOLATED)
_32994_/A0                              0.75    0.96   -0.21 (VIOLATED)
_33257_/A0                              0.75    0.96   -0.21 (VIOLATED)
ANTENNA__33257__A0/DIODE                0.75    0.96   -0.21 (VIOLATED)
_28982_/A                               0.75    0.96   -0.21 (VIOLATED)
ANTENNA__28982__A/DIODE                 0.75    0.96   -0.21 (VIOLATED)
ANTENNA__29462__A/DIODE                 0.75    0.96   -0.21 (VIOLATED)
_29462_/A                               0.75    0.96   -0.21 (VIOLATED)
ANTENNA__29463__A/DIODE                 0.75    0.96   -0.21 (VIOLATED)
_29463_/A                               0.75    0.96   -0.21 (VIOLATED)
_28981_/Y                               0.75    0.96   -0.21 (VIOLATED)
_31764_/A2                              0.75    0.96   -0.21 (VIOLATED)
_31689_/B                               0.75    0.96   -0.21 (VIOLATED)
_31765_/B                               0.75    0.96   -0.21 (VIOLATED)
ANTENNA__31765__B/DIODE                 0.75    0.96   -0.21 (VIOLATED)
ANTENNA__31689__B/DIODE                 0.75    0.96   -0.21 (VIOLATED)
ANTENNA__31764__A2/DIODE                0.75    0.96   -0.21 (VIOLATED)
_33686_/A2                              0.75    0.96   -0.21 (VIOLATED)
ANTENNA__33686__A2/DIODE                0.75    0.96   -0.21 (VIOLATED)
_33841_/A1                              0.75    0.96   -0.21 (VIOLATED)
ANTENNA__33841__A1/DIODE                0.75    0.96   -0.21 (VIOLATED)
_31688_/Y                               0.75    0.96   -0.21 (VIOLATED)
_31101_/B                               0.75    0.95   -0.20 (VIOLATED)
ANTENNA__31101__B/DIODE                 0.75    0.95   -0.20 (VIOLATED)
_31130_/B                               0.75    0.95   -0.20 (VIOLATED)
ANTENNA__31130__B/DIODE                 0.75    0.95   -0.20 (VIOLATED)
ANTENNA__31523__A/DIODE                 0.75    0.95   -0.20 (VIOLATED)
_31523_/A                               0.75    0.95   -0.20 (VIOLATED)
_32621_/A1                              0.75    0.95   -0.20 (VIOLATED)
ANTENNA__32621__A1/DIODE                0.75    0.95   -0.20 (VIOLATED)
_32113_/A2                              0.75    0.95   -0.20 (VIOLATED)
ANTENNA__32113__A2/DIODE                0.75    0.95   -0.20 (VIOLATED)
_31100_/Y                               0.75    0.95   -0.20 (VIOLATED)
output73/A                              0.75    0.95   -0.20 (VIOLATED)
ANTENNA_output73_A/DIODE                0.75    0.95   -0.20 (VIOLATED)
ANTENNA__33329__A0/DIODE                0.75    0.95   -0.20 (VIOLATED)
_33329_/A0                              0.75    0.95   -0.20 (VIOLATED)
_33812_/A0                              0.75    0.95   -0.20 (VIOLATED)
ANTENNA__33812__A0/DIODE                0.75    0.95   -0.20 (VIOLATED)
ANTENNA__28003__B/DIODE                 0.75    0.95   -0.20 (VIOLATED)
_28003_/B                               0.75    0.95   -0.20 (VIOLATED)
ANTENNA__28002__B/DIODE                 0.75    0.95   -0.20 (VIOLATED)
_28002_/B                               0.75    0.95   -0.20 (VIOLATED)
_28001_/Y                               0.75    0.95   -0.20 (VIOLATED)
_22200_/A                               0.75    0.95   -0.20 (VIOLATED)
ANTENNA__22200__A/DIODE                 0.75    0.95   -0.20 (VIOLATED)
_22261_/A                               0.75    0.95   -0.20 (VIOLATED)
ANTENNA__22261__A/DIODE                 0.75    0.95   -0.20 (VIOLATED)
_22199_/Y                               0.75    0.95   -0.20 (VIOLATED)
_20296_/X                               0.75    0.95   -0.20 (VIOLATED)
_30626_/B                               0.75    0.94   -0.19 (VIOLATED)
_30629_/A2                              0.75    0.94   -0.19 (VIOLATED)
ANTENNA__30626__B/DIODE                 0.75    0.94   -0.19 (VIOLATED)
ANTENNA__30629__A2/DIODE                0.75    0.94   -0.19 (VIOLATED)
_30625_/X                               0.75    0.94   -0.19 (VIOLATED)
_31675_/A                               0.75    0.94   -0.19 (VIOLATED)
ANTENNA__31675__A/DIODE                 0.75    0.94   -0.19 (VIOLATED)
_31674_/A                               0.75    0.94   -0.19 (VIOLATED)
ANTENNA__31674__A/DIODE                 0.75    0.94   -0.19 (VIOLATED)
ANTENNA__31421__B/DIODE                 0.75    0.94   -0.19 (VIOLATED)
_31421_/B                               0.75    0.94   -0.19 (VIOLATED)
_31422_/B                               0.75    0.94   -0.19 (VIOLATED)
ANTENNA__31422__B/DIODE                 0.75    0.94   -0.19 (VIOLATED)
ANTENNA__33236__A1/DIODE                0.75    0.94   -0.19 (VIOLATED)
_33236_/A1                              0.75    0.94   -0.19 (VIOLATED)
ANTENNA__32969__A1/DIODE                0.75    0.94   -0.19 (VIOLATED)
_32969_/A1                              0.75    0.94   -0.19 (VIOLATED)
_31420_/Y                               0.75    0.94   -0.19 (VIOLATED)
_23141_/A1                              0.75    0.94   -0.19 (VIOLATED)
ANTENNA__23141__A1/DIODE                0.75    0.94   -0.19 (VIOLATED)
_23057_/A1                              0.75    0.94   -0.19 (VIOLATED)
ANTENNA__23057__A1/DIODE                0.75    0.94   -0.19 (VIOLATED)
hold294/A                               0.75    0.94   -0.19 (VIOLATED)
ANTENNA_hold294_A/DIODE                 0.75    0.94   -0.19 (VIOLATED)
_20743_/A1                              0.75    0.94   -0.19 (VIOLATED)
ANTENNA__20743__A1/DIODE                0.75    0.94   -0.19 (VIOLATED)
_40244_/Q                               0.75    0.94   -0.19 (VIOLATED)
_38241_/A                               0.75    0.93   -0.18 (VIOLATED)
_38326_/A                               0.75    0.93   -0.18 (VIOLATED)
ANTENNA__38241__A/DIODE                 0.75    0.93   -0.18 (VIOLATED)
ANTENNA__38326__A/DIODE                 0.75    0.93   -0.18 (VIOLATED)
_38190_/A                               0.75    0.93   -0.18 (VIOLATED)
ANTENNA__38190__A/DIODE                 0.75    0.93   -0.18 (VIOLATED)
_22537_/A                               0.75    0.93   -0.18 (VIOLATED)
_29449_/B                               0.75    0.93   -0.18 (VIOLATED)
_29448_/B                               0.75    0.93   -0.18 (VIOLATED)
ANTENNA__29448__B/DIODE                 0.75    0.93   -0.18 (VIOLATED)
ANTENNA__29449__B/DIODE                 0.75    0.93   -0.18 (VIOLATED)
_33400_/A1                              0.75    0.93   -0.18 (VIOLATED)
ANTENNA__33400__A1/DIODE                0.75    0.93   -0.18 (VIOLATED)
_33561_/B                               0.75    0.93   -0.18 (VIOLATED)
ANTENNA__33561__B/DIODE                 0.75    0.93   -0.18 (VIOLATED)
_29447_/Y                               0.75    0.93   -0.18 (VIOLATED)
ANTENNA__22537__A/DIODE                 0.75    0.92   -0.17 (VIOLATED)
_33634_/A2                              0.75    0.92   -0.17 (VIOLATED)
ANTENNA__33634__A2/DIODE                0.75    0.92   -0.17 (VIOLATED)
_33472_/A1                              0.75    0.92   -0.17 (VIOLATED)
ANTENNA__33472__A1/DIODE                0.75    0.92   -0.17 (VIOLATED)
_32369_/B2                              0.75    0.92   -0.17 (VIOLATED)
ANTENNA__32369__B2/DIODE                0.75    0.92   -0.17 (VIOLATED)
_28729_/A0                              0.75    0.92   -0.17 (VIOLATED)
ANTENNA__28729__A0/DIODE                0.75    0.92   -0.17 (VIOLATED)
ANTENNA__27469__A1/DIODE                0.75    0.92   -0.17 (VIOLATED)
_27469_/A1                              0.75    0.92   -0.17 (VIOLATED)
_42197_/Q                               0.75    0.92   -0.17 (VIOLATED)
_33471_/X                               0.75    0.92   -0.17 (VIOLATED)
_22822_/A                               0.75    0.92   -0.17 (VIOLATED)
ANTENNA__22822__A/DIODE                 0.75    0.92   -0.17 (VIOLATED)
_22885_/A                               0.75    0.92   -0.17 (VIOLATED)
ANTENNA__22885__A/DIODE                 0.75    0.92   -0.17 (VIOLATED)
_22821_/Y                               0.75    0.92   -0.17 (VIOLATED)
_33341_/A1                              0.75    0.92   -0.17 (VIOLATED)
ANTENNA__33341__A1/DIODE                0.75    0.92   -0.17 (VIOLATED)
_33509_/A2                              0.75    0.92   -0.17 (VIOLATED)
ANTENNA__33509__A2/DIODE                0.75    0.92   -0.17 (VIOLATED)
_29346_/B                               0.75    0.92   -0.17 (VIOLATED)
ANTENNA__29346__B/DIODE                 0.75    0.92   -0.17 (VIOLATED)
_29362_/A2                              0.75    0.92   -0.17 (VIOLATED)
ANTENNA__29362__A2/DIODE                0.75    0.92   -0.17 (VIOLATED)
_29361_/A2                              0.75    0.92   -0.17 (VIOLATED)
ANTENNA__29361__A2/DIODE                0.75    0.92   -0.17 (VIOLATED)
_29345_/Y                               0.75    0.92   -0.17 (VIOLATED)
_31359_/B                               0.75    0.92   -0.17 (VIOLATED)
_31360_/B                               0.75    0.92   -0.17 (VIOLATED)
ANTENNA__31360__B/DIODE                 0.75    0.92   -0.17 (VIOLATED)
ANTENNA__31359__B/DIODE                 0.75    0.92   -0.17 (VIOLATED)
ANTENNA__31978__A/DIODE                 0.75    0.92   -0.17 (VIOLATED)
_31978_/A                               0.75    0.92   -0.17 (VIOLATED)
ANTENNA__31977__A/DIODE                 0.75    0.92   -0.17 (VIOLATED)
_31977_/A                               0.75    0.92   -0.17 (VIOLATED)
_33291_/A1                              0.75    0.92   -0.17 (VIOLATED)
ANTENNA__33291__A1/DIODE                0.75    0.92   -0.17 (VIOLATED)
ANTENNA__33037__A1/DIODE                0.75    0.92   -0.17 (VIOLATED)
_31358_/Y                               0.75    0.92   -0.17 (VIOLATED)
_33037_/A1                              0.75    0.92   -0.17 (VIOLATED)
_38243_/A                               0.75    0.91   -0.16 (VIOLATED)
ANTENNA__38243__A/DIODE                 0.75    0.91   -0.16 (VIOLATED)
_38333_/A                               0.75    0.91   -0.16 (VIOLATED)
ANTENNA__38333__A/DIODE                 0.75    0.91   -0.16 (VIOLATED)
_38189_/A                               0.75    0.91   -0.16 (VIOLATED)
ANTENNA__38189__A/DIODE                 0.75    0.91   -0.16 (VIOLATED)
_28718_/A0                              0.75    0.91   -0.16 (VIOLATED)
ANTENNA__28718__A0/DIODE                0.75    0.91   -0.16 (VIOLATED)
ANTENNA__27454__A1/DIODE                0.75    0.91   -0.16 (VIOLATED)
_27454_/A1                              0.75    0.91   -0.16 (VIOLATED)
hold4447/A                              0.75    0.91   -0.16 (VIOLATED)
ANTENNA_hold4447_A/DIODE                0.75    0.91   -0.16 (VIOLATED)
_42198_/Q                               0.75    0.91   -0.16 (VIOLATED)
_31835_/B                               0.75    0.91   -0.16 (VIOLATED)
_31852_/A2                              0.75    0.91   -0.16 (VIOLATED)
ANTENNA__31835__B/DIODE                 0.75    0.91   -0.16 (VIOLATED)
ANTENNA__31852__A2/DIODE                0.75    0.91   -0.16 (VIOLATED)
_31851_/A2                              0.75    0.91   -0.16 (VIOLATED)
ANTENNA__31851__A2/DIODE                0.75    0.91   -0.16 (VIOLATED)
_29108_/A                               0.75    0.91   -0.16 (VIOLATED)
ANTENNA__29108__A/DIODE                 0.75    0.91   -0.16 (VIOLATED)
_29109_/A                               0.75    0.91   -0.16 (VIOLATED)
ANTENNA__29109__A/DIODE                 0.75    0.91   -0.16 (VIOLATED)
ANTENNA__33726__A1/DIODE                0.75    0.91   -0.16 (VIOLATED)
_37941_/A                               0.75    0.91   -0.16 (VIOLATED)
ANTENNA__38110__A/DIODE                 0.75    0.91   -0.16 (VIOLATED)
_38110_/A                               0.75    0.91   -0.16 (VIOLATED)
_37905_/A                               0.75    0.91   -0.16 (VIOLATED)
_33726_/A1                              0.75    0.91   -0.16 (VIOLATED)
ANTENNA__37905__A/DIODE                 0.75    0.91   -0.16 (VIOLATED)
ANTENNA__37941__A/DIODE                 0.75    0.91   -0.16 (VIOLATED)
ANTENNA__31812__A/DIODE                 0.75    0.91   -0.16 (VIOLATED)
_31812_/A                               0.75    0.91   -0.16 (VIOLATED)
_31811_/A                               0.75    0.91   -0.16 (VIOLATED)
ANTENNA__31811__A/DIODE                 0.75    0.91   -0.16 (VIOLATED)
ANTENNA__33878__A1/DIODE                0.75    0.91   -0.16 (VIOLATED)
_33878_/A1                              0.75    0.91   -0.16 (VIOLATED)
_31834_/Y                               0.75    0.91   -0.16 (VIOLATED)
ANTENNA__31403__B/DIODE                 0.75    0.91   -0.16 (VIOLATED)
_31403_/B                               0.75    0.91   -0.16 (VIOLATED)
_31404_/B                               0.75    0.91   -0.16 (VIOLATED)
ANTENNA__31404__B/DIODE                 0.75    0.91   -0.16 (VIOLATED)
_33251_/A1                              0.75    0.91   -0.16 (VIOLATED)
ANTENNA__33251__A1/DIODE                0.75    0.91   -0.16 (VIOLATED)
_32508_/B                               0.75    0.91   -0.16 (VIOLATED)
ANTENNA__32508__B/DIODE                 0.75    0.91   -0.16 (VIOLATED)
_29104_/X                               0.75    0.91   -0.16 (VIOLATED)
_32985_/A1                              0.75    0.91   -0.16 (VIOLATED)
hold292/A                               0.75    0.91   -0.16 (VIOLATED)
ANTENNA__32985__A1/DIODE                0.75    0.91   -0.16 (VIOLATED)
ANTENNA_hold292_A/DIODE                 0.75    0.91   -0.16 (VIOLATED)
_31402_/Y                               0.75    0.91   -0.16 (VIOLATED)
_32506_/B2                              0.75    0.91   -0.16 (VIOLATED)
ANTENNA__32506__B2/DIODE                0.75    0.91   -0.16 (VIOLATED)
ANTENNA__20728__A1/DIODE                0.75    0.91   -0.16 (VIOLATED)
_20728_/A1                              0.75    0.91   -0.16 (VIOLATED)
_40243_/Q                               0.75    0.91   -0.16 (VIOLATED)
_20454_/A                               0.75    0.91   -0.16 (VIOLATED)
_20337_/A                               0.75    0.91   -0.16 (VIOLATED)
ANTENNA__20454__A/DIODE                 0.75    0.91   -0.16 (VIOLATED)
ANTENNA__20337__A/DIODE                 0.75    0.91   -0.16 (VIOLATED)
ANTENNA__20571__A/DIODE                 0.75    0.91   -0.16 (VIOLATED)
_20571_/A                               0.75    0.91   -0.16 (VIOLATED)
ANTENNA__20125__A/DIODE                 0.75    0.91   -0.16 (VIOLATED)
_20125_/A                               0.75    0.91   -0.16 (VIOLATED)
ANTENNA__20170__A/DIODE                 0.75    0.91   -0.16 (VIOLATED)
_20170_/A                               0.75    0.91   -0.16 (VIOLATED)
_20124_/Y                               0.75    0.91   -0.16 (VIOLATED)
_30025_/A0                              0.75    0.91   -0.16 (VIOLATED)
_28844_/A1                              0.75    0.91   -0.16 (VIOLATED)
ANTENNA__28844__A1/DIODE                0.75    0.91   -0.16 (VIOLATED)
ANTENNA__30025__A0/DIODE                0.75    0.91   -0.16 (VIOLATED)
_42224_/Q                               0.75    0.91   -0.16 (VIOLATED)
ANTENNA__31845__B/DIODE                 0.75    0.91   -0.16 (VIOLATED)
_31845_/B                               0.75    0.91   -0.16 (VIOLATED)
_31846_/B                               0.75    0.91   -0.16 (VIOLATED)
ANTENNA__31846__B/DIODE                 0.75    0.91   -0.16 (VIOLATED)
ANTENNA__33730__A1/DIODE                0.75    0.91   -0.16 (VIOLATED)
_33730_/A1                              0.75    0.91   -0.16 (VIOLATED)
ANTENNA__33882__B/DIODE                 0.75    0.91   -0.16 (VIOLATED)
_33882_/B                               0.75    0.91   -0.16 (VIOLATED)
_31844_/Y                               0.75    0.91   -0.16 (VIOLATED)
_31779_/B                               0.75    0.90   -0.15 (VIOLATED)
_31788_/A2                              0.75    0.90   -0.15 (VIOLATED)
ANTENNA__31779__B/DIODE                 0.75    0.90   -0.15 (VIOLATED)
ANTENNA__31788__A2/DIODE                0.75    0.90   -0.15 (VIOLATED)
_31789_/A2                              0.75    0.90   -0.15 (VIOLATED)
ANTENNA__31789__A2/DIODE                0.75    0.90   -0.15 (VIOLATED)
ANTENNA__31658__B/DIODE                 0.75    0.90   -0.15 (VIOLATED)
_31372_/B                               0.75    0.90   -0.15 (VIOLATED)
_31658_/B                               0.75    0.90   -0.15 (VIOLATED)
ANTENNA__31372__B/DIODE                 0.75    0.90   -0.15 (VIOLATED)
_31962_/A                               0.75    0.90   -0.15 (VIOLATED)
ANTENNA__31961__A/DIODE                 0.75    0.90   -0.15 (VIOLATED)
_31961_/A                               0.75    0.90   -0.15 (VIOLATED)
ANTENNA__31962__A/DIODE                 0.75    0.90   -0.15 (VIOLATED)
_33288_/A1                              0.75    0.90   -0.15 (VIOLATED)
ANTENNA__33288__A1/DIODE                0.75    0.90   -0.15 (VIOLATED)
_33033_/B                               0.75    0.90   -0.15 (VIOLATED)
ANTENNA__33033__B/DIODE                 0.75    0.90   -0.15 (VIOLATED)
_31371_/Y                               0.75    0.90   -0.15 (VIOLATED)
_33705_/A1                              0.75    0.90   -0.15 (VIOLATED)
ANTENNA__33705__A1/DIODE                0.75    0.90   -0.15 (VIOLATED)
_33857_/A1                              0.75    0.90   -0.15 (VIOLATED)
ANTENNA__33857__A1/DIODE                0.75    0.90   -0.15 (VIOLATED)
_31778_/Y                               0.75    0.90   -0.15 (VIOLATED)
_20878_/A                               0.75    0.90   -0.15 (VIOLATED)
_20853_/A                               0.75    0.90   -0.15 (VIOLATED)
ANTENNA__20853__A/DIODE                 0.75    0.90   -0.15 (VIOLATED)
ANTENNA__21392__A/DIODE                 0.75    0.90   -0.15 (VIOLATED)
_21392_/A                               0.75    0.90   -0.15 (VIOLATED)
ANTENNA__20878__A/DIODE                 0.75    0.90   -0.15 (VIOLATED)
hold960/A                               0.75    0.90   -0.15 (VIOLATED)
ANTENNA_hold960_A/DIODE                 0.75    0.90   -0.15 (VIOLATED)
ANTENNA__21416__A/DIODE                 0.75    0.90   -0.15 (VIOLATED)
_38235_/A                               0.75    0.90   -0.15 (VIOLATED)
ANTENNA__38412__A/DIODE                 0.75    0.90   -0.15 (VIOLATED)
_38412_/A                               0.75    0.90   -0.15 (VIOLATED)
ANTENNA__38235__A/DIODE                 0.75    0.90   -0.15 (VIOLATED)
_38193_/A                               0.75    0.90   -0.15 (VIOLATED)
ANTENNA__38193__A/DIODE                 0.75    0.90   -0.15 (VIOLATED)
_21416_/A                               0.75    0.90   -0.15 (VIOLATED)
_20550_/A1                              0.75    0.90   -0.15 (VIOLATED)
ANTENNA__20550__A1/DIODE                0.75    0.90   -0.15 (VIOLATED)
_40233_/Q                               0.75    0.90   -0.15 (VIOLATED)
hold4677/A                              0.75    0.90   -0.15 (VIOLATED)
ANTENNA_hold4677_A/DIODE                0.75    0.90   -0.15 (VIOLATED)
_28833_/A0                              0.75    0.90   -0.15 (VIOLATED)
ANTENNA__28833__A0/DIODE                0.75    0.90   -0.15 (VIOLATED)
_27581_/A1                              0.75    0.90   -0.15 (VIOLATED)
ANTENNA__27581__A1/DIODE                0.75    0.90   -0.15 (VIOLATED)
_42194_/Q                               0.75    0.90   -0.15 (VIOLATED)
_33440_/A1                              0.75    0.90   -0.15 (VIOLATED)
ANTENNA__33440__A1/DIODE                0.75    0.90   -0.15 (VIOLATED)
_33603_/A2                              0.75    0.90   -0.15 (VIOLATED)
ANTENNA__33603__A2/DIODE                0.75    0.90   -0.15 (VIOLATED)
ANTENNA__29568__B/DIODE                 0.75    0.89   -0.14 (VIOLATED)
_29568_/B                               0.75    0.89   -0.14 (VIOLATED)
_29567_/B                               0.75    0.89   -0.14 (VIOLATED)
ANTENNA__29567__B/DIODE                 0.75    0.89   -0.14 (VIOLATED)
_29566_/Y                               0.75    0.89   -0.14 (VIOLATED)
ANTENNA__33749__A1/DIODE                0.75    0.89   -0.14 (VIOLATED)
_33749_/A1                              0.75    0.89   -0.14 (VIOLATED)
_33901_/B                               0.75    0.89   -0.14 (VIOLATED)
ANTENNA__33901__B/DIODE                 0.75    0.89   -0.14 (VIOLATED)
ANTENNA__31896__B/DIODE                 0.75    0.89   -0.14 (VIOLATED)
_31896_/B                               0.75    0.89   -0.14 (VIOLATED)
_31897_/B                               0.75    0.89   -0.14 (VIOLATED)
ANTENNA__31897__B/DIODE                 0.75    0.89   -0.14 (VIOLATED)
_31895_/Y                               0.75    0.89   -0.14 (VIOLATED)
hold1096/A                              0.75    0.89   -0.14 (VIOLATED)
ANTENNA_hold1096_A/DIODE                0.75    0.89   -0.14 (VIOLATED)
_38098_/A                               0.75    0.89   -0.14 (VIOLATED)
_37937_/A                               0.75    0.89   -0.14 (VIOLATED)
ANTENNA__38098__A/DIODE                 0.75    0.89   -0.14 (VIOLATED)
ANTENNA__37937__A/DIODE                 0.75    0.89   -0.14 (VIOLATED)
_37907_/A                               0.75    0.89   -0.14 (VIOLATED)
ANTENNA__37907__A/DIODE                 0.75    0.89   -0.14 (VIOLATED)
ANTENNA__21973__A/DIODE                 0.75    0.89   -0.14 (VIOLATED)
ANTENNA__20584__A1/DIODE                0.75    0.89   -0.14 (VIOLATED)
_20584_/A1                              0.75    0.89   -0.14 (VIOLATED)
_40235_/Q                               0.75    0.89   -0.14 (VIOLATED)
_21973_/A                               0.75    0.89   -0.14 (VIOLATED)
ANTENNA__33763__A1/DIODE                0.75    0.89   -0.14 (VIOLATED)
_33763_/A1                              0.75    0.89   -0.14 (VIOLATED)
_33913_/A1                              0.75    0.89   -0.14 (VIOLATED)
ANTENNA__33913__A1/DIODE                0.75    0.89   -0.14 (VIOLATED)
ANTENNA__31944__B/DIODE                 0.75    0.89   -0.14 (VIOLATED)
_31944_/B                               0.75    0.89   -0.14 (VIOLATED)
_31945_/B                               0.75    0.89   -0.14 (VIOLATED)
ANTENNA__31945__B/DIODE                 0.75    0.89   -0.14 (VIOLATED)
_31943_/Y                               0.75    0.89   -0.14 (VIOLATED)
_33807_/C                               0.75    0.89   -0.14 (VIOLATED)
ANTENNA__33807__C/DIODE                 0.75    0.89   -0.14 (VIOLATED)
_33323_/B                               0.75    0.89   -0.14 (VIOLATED)
ANTENNA__33323__B/DIODE                 0.75    0.89   -0.14 (VIOLATED)
_28043_/A2                              0.75    0.89   -0.14 (VIOLATED)
ANTENNA__28043__A2/DIODE                0.75    0.89   -0.14 (VIOLATED)
_28078_/A2                              0.75    0.89   -0.14 (VIOLATED)
_28044_/C                               0.75    0.89   -0.14 (VIOLATED)
ANTENNA__28044__C/DIODE                 0.75    0.89   -0.14 (VIOLATED)
ANTENNA__28078__A2/DIODE                0.75    0.89   -0.14 (VIOLATED)
_28042_/Y                               0.75    0.89   -0.14 (VIOLATED)
_32498_/B2                              0.75    0.89   -0.14 (VIOLATED)
ANTENNA__32498__B2/DIODE                0.75    0.89   -0.14 (VIOLATED)
hold350/A                               0.75    0.89   -0.14 (VIOLATED)
ANTENNA_hold350_A/DIODE                 0.75    0.89   -0.14 (VIOLATED)
_30048_/A0                              0.75    0.89   -0.14 (VIOLATED)
ANTENNA__30048__A0/DIODE                0.75    0.89   -0.14 (VIOLATED)
ANTENNA__28867__A1/DIODE                0.75    0.89   -0.14 (VIOLATED)
_28867_/A1                              0.75    0.89   -0.14 (VIOLATED)
_42222_/Q                               0.75    0.89   -0.14 (VIOLATED)
_28374_/A                               0.75    0.89   -0.14 (VIOLATED)
_28385_/A1                              0.75    0.89   -0.14 (VIOLATED)
ANTENNA__28385__A1/DIODE                0.75    0.89   -0.14 (VIOLATED)
_28386_/A1                              0.75    0.89   -0.14 (VIOLATED)
ANTENNA__28374__A/DIODE                 0.75    0.89   -0.14 (VIOLATED)
ANTENNA__28386__A1/DIODE                0.75    0.89   -0.14 (VIOLATED)
_28092_/A                               0.75    0.89   -0.14 (VIOLATED)
ANTENNA__28092__A/DIODE                 0.75    0.89   -0.14 (VIOLATED)
_33162_/A0                              0.75    0.89   -0.14 (VIOLATED)
ANTENNA__33162__A0/DIODE                0.75    0.89   -0.14 (VIOLATED)
_32894_/A0                              0.75    0.89   -0.14 (VIOLATED)
ANTENNA__32894__A0/DIODE                0.75    0.89   -0.14 (VIOLATED)
_28091_/X                               0.75    0.89   -0.14 (VIOLATED)
ANTENNA__29391__B/DIODE                 0.75    0.89   -0.14 (VIOLATED)
_29390_/A2                              0.75    0.89   -0.14 (VIOLATED)
_29391_/B                               0.75    0.89   -0.14 (VIOLATED)
_29374_/B                               0.75    0.89   -0.14 (VIOLATED)
ANTENNA__29390__A2/DIODE                0.75    0.89   -0.14 (VIOLATED)
ANTENNA__29374__B/DIODE                 0.75    0.89   -0.14 (VIOLATED)
_33365_/A1                              0.75    0.89   -0.14 (VIOLATED)
ANTENNA__33365__A1/DIODE                0.75    0.89   -0.14 (VIOLATED)
_33528_/A2                              0.75    0.89   -0.14 (VIOLATED)
ANTENNA__33528__A2/DIODE                0.75    0.89   -0.14 (VIOLATED)
_29373_/Y                               0.75    0.89   -0.14 (VIOLATED)
_20698_/A1                              0.75    0.89   -0.14 (VIOLATED)
ANTENNA__20698__A1/DIODE                0.75    0.89   -0.14 (VIOLATED)
_40241_/Q                               0.75    0.89   -0.14 (VIOLATED)
_28359_/A                               0.75    0.89   -0.14 (VIOLATED)
ANTENNA__28359__A/DIODE                 0.75    0.89   -0.14 (VIOLATED)
_28358_/A                               0.75    0.89   -0.14 (VIOLATED)
ANTENNA__28358__A/DIODE                 0.75    0.89   -0.14 (VIOLATED)
_28059_/B                               0.75    0.89   -0.14 (VIOLATED)
_28060_/B                               0.75    0.89   -0.14 (VIOLATED)
ANTENNA__28060__B/DIODE                 0.75    0.89   -0.14 (VIOLATED)
ANTENNA__28059__B/DIODE                 0.75    0.89   -0.14 (VIOLATED)
ANTENNA__33158__B/DIODE                 0.75    0.89   -0.14 (VIOLATED)
_33158_/B                               0.75    0.89   -0.14 (VIOLATED)
_32889_/B                               0.75    0.89   -0.14 (VIOLATED)
ANTENNA__32889__B/DIODE                 0.75    0.89   -0.14 (VIOLATED)
_28058_/Y                               0.75    0.89   -0.14 (VIOLATED)
_31863_/A                               0.75    0.89   -0.14 (VIOLATED)
_31862_/A                               0.75    0.89   -0.14 (VIOLATED)
ANTENNA__31863__A/DIODE                 0.75    0.89   -0.14 (VIOLATED)
ANTENNA__31862__A/DIODE                 0.75    0.89   -0.14 (VIOLATED)
_31585_/A                               0.75    0.89   -0.14 (VIOLATED)
ANTENNA__31585__A/DIODE                 0.75    0.89   -0.14 (VIOLATED)
_33264_/A1                              0.75    0.89   -0.14 (VIOLATED)
ANTENNA__33264__A1/DIODE                0.75    0.89   -0.14 (VIOLATED)
_33001_/A1                              0.75    0.89   -0.14 (VIOLATED)
ANTENNA__33001__A1/DIODE                0.75    0.89   -0.14 (VIOLATED)
_31584_/Y                               0.75    0.89   -0.14 (VIOLATED)
_31648_/B                               0.75    0.89   -0.14 (VIOLATED)
ANTENNA__31648__B/DIODE                 0.75    0.89   -0.14 (VIOLATED)
_31647_/B                               0.75    0.89   -0.14 (VIOLATED)
ANTENNA__31647__B/DIODE                 0.75    0.89   -0.14 (VIOLATED)
ANTENNA__31920__A/DIODE                 0.75    0.89   -0.14 (VIOLATED)
_31920_/A                               0.75    0.89   -0.14 (VIOLATED)
_31919_/A                               0.75    0.89   -0.14 (VIOLATED)
ANTENNA__31919__A/DIODE                 0.75    0.89   -0.14 (VIOLATED)
_33278_/A1                              0.75    0.89   -0.14 (VIOLATED)
ANTENNA__33278__A1/DIODE                0.75    0.89   -0.14 (VIOLATED)
ANTENNA__33018__A1/DIODE                0.75    0.89   -0.14 (VIOLATED)
_33018_/A1                              0.75    0.89   -0.14 (VIOLATED)
_31646_/Y                               0.75    0.89   -0.14 (VIOLATED)
ANTENNA__38188__A/DIODE                 0.75    0.88   -0.13 (VIOLATED)
ANTENNA__38339__A/DIODE                 0.75    0.88   -0.13 (VIOLATED)
ANTENNA__38245__A/DIODE                 0.75    0.88   -0.13 (VIOLATED)
_38245_/A                               0.75    0.88   -0.13 (VIOLATED)
_38188_/A                               0.75    0.88   -0.13 (VIOLATED)
_38339_/A                               0.75    0.88   -0.13 (VIOLATED)
_38247_/A                               0.75    0.88   -0.13 (VIOLATED)
ANTENNA__38247__A/DIODE                 0.75    0.88   -0.13 (VIOLATED)
_38347_/A                               0.75    0.88   -0.13 (VIOLATED)
ANTENNA__38347__A/DIODE                 0.75    0.88   -0.13 (VIOLATED)
_38187_/A                               0.75    0.88   -0.13 (VIOLATED)
ANTENNA__38187__A/DIODE                 0.75    0.88   -0.13 (VIOLATED)
_32378_/A1                              0.75    0.88   -0.13 (VIOLATED)
ANTENNA__32378__A1/DIODE                0.75    0.88   -0.13 (VIOLATED)
_27442_/A1                              0.75    0.88   -0.13 (VIOLATED)
ANTENNA__27442__A1/DIODE                0.75    0.88   -0.13 (VIOLATED)
_28706_/A0                              0.75    0.88   -0.13 (VIOLATED)
ANTENNA__28706__A0/DIODE                0.75    0.88   -0.13 (VIOLATED)
_42199_/Q                               0.75    0.88   -0.13 (VIOLATED)
_21999_/A                               0.75    0.88   -0.13 (VIOLATED)
ANTENNA__21999__A/DIODE                 0.75    0.88   -0.13 (VIOLATED)
ANTENNA__22630__A/DIODE                 0.75    0.88   -0.13 (VIOLATED)
_22568_/A                               0.75    0.88   -0.13 (VIOLATED)
_22630_/A                               0.75    0.88   -0.13 (VIOLATED)
ANTENNA__22568__A/DIODE                 0.75    0.88   -0.13 (VIOLATED)
ANTENNA__32515__A/DIODE                 0.75    0.88   -0.13 (VIOLATED)
_32515_/A                               0.75    0.88   -0.13 (VIOLATED)
ANTENNA__32338__A/DIODE                 0.75    0.88   -0.13 (VIOLATED)
_32338_/A                               0.75    0.88   -0.13 (VIOLATED)
_32095_/A                               0.75    0.88   -0.13 (VIOLATED)
ANTENNA__32095__A/DIODE                 0.75    0.88   -0.13 (VIOLATED)
_30628_/A                               0.75    0.88   -0.13 (VIOLATED)
ANTENNA__30628__A/DIODE                 0.75    0.88   -0.13 (VIOLATED)
ANTENNA__32669__A/DIODE                 0.75    0.88   -0.13 (VIOLATED)
_32669_/A                               0.75    0.88   -0.13 (VIOLATED)
_32778_/A                               0.75    0.88   -0.13 (VIOLATED)
ANTENNA__32778__A/DIODE                 0.75    0.88   -0.13 (VIOLATED)
_30627_/Y                               0.75    0.88   -0.13 (VIOLATED)
_22567_/Y                               0.75    0.88   -0.13 (VIOLATED)
_28689_/A0                              0.75    0.87   -0.12 (VIOLATED)
ANTENNA_hold3697_A/DIODE                0.75    0.87   -0.12 (VIOLATED)
ANTENNA__28689__A0/DIODE                0.75    0.87   -0.12 (VIOLATED)
ANTENNA__27411__A1/DIODE                0.75    0.87   -0.12 (VIOLATED)
_27411_/A1                              0.75    0.87   -0.12 (VIOLATED)
hold3697/A                              0.75    0.87   -0.12 (VIOLATED)
_42200_/Q                               0.75    0.87   -0.12 (VIOLATED)
_33355_/A1                              0.75    0.87   -0.12 (VIOLATED)
ANTENNA__33355__A1/DIODE                0.75    0.87   -0.12 (VIOLATED)
_29389_/A2                              0.75    0.87   -0.12 (VIOLATED)
_29388_/A2                              0.75    0.87   -0.12 (VIOLATED)
ANTENNA__29388__A2/DIODE                0.75    0.87   -0.12 (VIOLATED)
ANTENNA__29389__A2/DIODE                0.75    0.87   -0.12 (VIOLATED)
_29385_/B                               0.75    0.87   -0.12 (VIOLATED)
ANTENNA__29385__B/DIODE                 0.75    0.87   -0.12 (VIOLATED)
_33519_/A2                              0.75    0.87   -0.12 (VIOLATED)
ANTENNA__33519__A2/DIODE                0.75    0.87   -0.12 (VIOLATED)
_29384_/X                               0.75    0.87   -0.12 (VIOLATED)
_38196_/A                               0.75    0.87   -0.12 (VIOLATED)
ANTENNA__38393__A/DIODE                 0.75    0.87   -0.12 (VIOLATED)
ANTENNA__38196__A/DIODE                 0.75    0.87   -0.12 (VIOLATED)
_38393_/A                               0.75    0.87   -0.12 (VIOLATED)
ANTENNA__38229__A/DIODE                 0.75    0.87   -0.12 (VIOLATED)
_38229_/A                               0.75    0.87   -0.12 (VIOLATED)
_38026_/A                               0.75    0.87   -0.12 (VIOLATED)
ANTENNA__38026__A/DIODE                 0.75    0.87   -0.12 (VIOLATED)
ANTENNA__38320__A/DIODE                 0.75    0.87   -0.12 (VIOLATED)
_38320_/A                               0.75    0.87   -0.12 (VIOLATED)
_38191_/A                               0.75    0.87   -0.12 (VIOLATED)
ANTENNA__38191__A/DIODE                 0.75    0.87   -0.12 (VIOLATED)
_38239_/A                               0.75    0.87   -0.12 (VIOLATED)
ANTENNA__38239__A/DIODE                 0.75    0.87   -0.12 (VIOLATED)
_30386_/A0                              0.75    0.87   -0.12 (VIOLATED)
ANTENNA__30386__A0/DIODE                0.75    0.87   -0.12 (VIOLATED)
_29071_/A1                              0.75    0.87   -0.12 (VIOLATED)
ANTENNA__29071__A1/DIODE                0.75    0.87   -0.12 (VIOLATED)
ANTENNA__32603__B2/DIODE                0.75    0.87   -0.12 (VIOLATED)
_32603_/B2                              0.75    0.87   -0.12 (VIOLATED)
_33297_/A0                              0.75    0.87   -0.12 (VIOLATED)
ANTENNA__33297__A0/DIODE                0.75    0.87   -0.12 (VIOLATED)
_33045_/A0                              0.75    0.87   -0.12 (VIOLATED)
ANTENNA__33045__A0/DIODE                0.75    0.87   -0.12 (VIOLATED)
_29290_/B                               0.75    0.87   -0.12 (VIOLATED)
ANTENNA__29290__B/DIODE                 0.75    0.87   -0.12 (VIOLATED)
_29637_/A                               0.75    0.87   -0.12 (VIOLATED)
ANTENNA__29637__A/DIODE                 0.75    0.87   -0.12 (VIOLATED)
_29289_/Y                               0.75    0.87   -0.12 (VIOLATED)
_42243_/Q                               0.75    0.87   -0.12 (VIOLATED)
_33710_/A2                              0.75    0.87   -0.12 (VIOLATED)
ANTENNA__33710__A2/DIODE                0.75    0.87   -0.12 (VIOLATED)
_33553_/A2                              0.75    0.87   -0.12 (VIOLATED)
ANTENNA__33553__A2/DIODE                0.75    0.87   -0.12 (VIOLATED)
_33551_/Y                               0.75    0.87   -0.12 (VIOLATED)
wire169/A                               0.75    0.87   -0.12 (VIOLATED)
ANTENNA_wire169_A/DIODE                 0.75    0.87   -0.12 (VIOLATED)
ANTENNA__30240__A2/DIODE                0.75    0.87   -0.12 (VIOLATED)
_30240_/A2                              0.75    0.87   -0.12 (VIOLATED)
_30238_/A2                              0.75    0.87   -0.12 (VIOLATED)
ANTENNA__30238__A2/DIODE                0.75    0.87   -0.12 (VIOLATED)
_30231_/B                               0.75    0.87   -0.12 (VIOLATED)
ANTENNA__30231__B/DIODE                 0.75    0.87   -0.12 (VIOLATED)
_30161_/A                               0.75    0.87   -0.12 (VIOLATED)
ANTENNA__30161__A/DIODE                 0.75    0.87   -0.12 (VIOLATED)
_30160_/Y                               0.75    0.87   -0.12 (VIOLATED)
_32256_/A2                              0.75    0.87   -0.12 (VIOLATED)
ANTENNA__32256__A2/DIODE                0.75    0.87   -0.12 (VIOLATED)
_27816_/B                               0.75    0.87   -0.12 (VIOLATED)
ANTENNA__27815__B/DIODE                 0.75    0.87   -0.12 (VIOLATED)
ANTENNA__27816__B/DIODE                 0.75    0.87   -0.12 (VIOLATED)
_27815_/B                               0.75    0.87   -0.12 (VIOLATED)
_27814_/Y                               0.75    0.87   -0.12 (VIOLATED)
_33811_/A1                              0.75    0.87   -0.12 (VIOLATED)
ANTENNA__33811__A1/DIODE                0.75    0.87   -0.12 (VIOLATED)
_33808_/Y                               0.75    0.87   -0.12 (VIOLATED)
_23122_/A1                              0.75    0.87   -0.12 (VIOLATED)
ANTENNA__23122__A1/DIODE                0.75    0.87   -0.12 (VIOLATED)
_32365_/B2                              0.75    0.87   -0.12 (VIOLATED)
ANTENNA__32365__B2/DIODE                0.75    0.87   -0.12 (VIOLATED)
hold238/A                               0.75    0.87   -0.12 (VIOLATED)
ANTENNA_hold238_A/DIODE                 0.75    0.87   -0.12 (VIOLATED)
_27465_/A1                              0.75    0.87   -0.12 (VIOLATED)
ANTENNA__27465__A1/DIODE                0.75    0.87   -0.12 (VIOLATED)
_28724_/A0                              0.75    0.87   -0.12 (VIOLATED)
ANTENNA__28724__A0/DIODE                0.75    0.87   -0.12 (VIOLATED)
_42196_/Q                               0.75    0.87   -0.12 (VIOLATED)
_32340_/A1                              0.75    0.87   -0.12 (VIOLATED)
ANTENNA__32340__A1/DIODE                0.75    0.87   -0.12 (VIOLATED)
_28860_/A0                              0.75    0.87   -0.12 (VIOLATED)
_27608_/A1                              0.75    0.87   -0.12 (VIOLATED)
ANTENNA__27608__A1/DIODE                0.75    0.87   -0.12 (VIOLATED)
ANTENNA__28860__A0/DIODE                0.75    0.87   -0.12 (VIOLATED)
_42191_/Q                               0.75    0.87   -0.12 (VIOLATED)
ANTENNA__20687__A1/DIODE                0.75    0.86   -0.11 (VIOLATED)
_20687_/A1                              0.75    0.86   -0.11 (VIOLATED)
ANTENNA_hold3205_A/DIODE                0.75    0.86   -0.11 (VIOLATED)
_41177_/Q                               0.75    0.86   -0.11 (VIOLATED)
hold3205/A                              0.75    0.86   -0.11 (VIOLATED)
_20728_/B2                              0.75    0.86   -0.11 (VIOLATED)
ANTENNA__20728__B2/DIODE                0.75    0.86   -0.11 (VIOLATED)
_40275_/Q                               0.75    0.86   -0.11 (VIOLATED)
_37910_/A                               0.75    0.86   -0.11 (VIOLATED)
ANTENNA__37910__A/DIODE                 0.75    0.86   -0.11 (VIOLATED)
_37931_/A                               0.75    0.86   -0.11 (VIOLATED)
ANTENNA__37931__A/DIODE                 0.75    0.86   -0.11 (VIOLATED)
_38178_/A                               0.75    0.86   -0.11 (VIOLATED)
ANTENNA__38178__A/DIODE                 0.75    0.86   -0.11 (VIOLATED)
_38197_/A                               0.75    0.86   -0.11 (VIOLATED)
ANTENNA__38197__A/DIODE                 0.75    0.86   -0.11 (VIOLATED)
_38387_/A                               0.75    0.86   -0.11 (VIOLATED)
ANTENNA__38387__A/DIODE                 0.75    0.86   -0.11 (VIOLATED)
_38227_/A                               0.75    0.86   -0.11 (VIOLATED)
ANTENNA__38227__A/DIODE                 0.75    0.86   -0.11 (VIOLATED)
_38194_/A                               0.75    0.86   -0.11 (VIOLATED)
_38233_/A                               0.75    0.86   -0.11 (VIOLATED)
ANTENNA__38194__A/DIODE                 0.75    0.86   -0.11 (VIOLATED)
_38405_/A                               0.75    0.86   -0.11 (VIOLATED)
ANTENNA__38405__A/DIODE                 0.75    0.86   -0.11 (VIOLATED)
ANTENNA__38233__A/DIODE                 0.75    0.86   -0.11 (VIOLATED)
hold4386/A                              0.75    0.86   -0.11 (VIOLATED)
ANTENNA_hold4386_A/DIODE                0.75    0.86   -0.11 (VIOLATED)
_28810_/A1                              0.75    0.86   -0.11 (VIOLATED)
_29991_/A0                              0.75    0.86   -0.11 (VIOLATED)
ANTENNA__29991__A0/DIODE                0.75    0.86   -0.11 (VIOLATED)
ANTENNA__28810__A1/DIODE                0.75    0.86   -0.11 (VIOLATED)
_42219_/Q                               0.75    0.86   -0.11 (VIOLATED)
_31322_/B                               0.75    0.86   -0.11 (VIOLATED)
_31538_/B1                              0.75    0.86   -0.11 (VIOLATED)
ANTENNA__31538__B1/DIODE                0.75    0.86   -0.11 (VIOLATED)
ANTENNA__31322__B/DIODE                 0.75    0.86   -0.11 (VIOLATED)
ANTENNA__38359__A/DIODE                 0.75    0.86   -0.11 (VIOLATED)
_38359_/A                               0.75    0.86   -0.11 (VIOLATED)
_38185_/A                               0.75    0.86   -0.11 (VIOLATED)
ANTENNA__38185__A/DIODE                 0.75    0.86   -0.11 (VIOLATED)
_38251_/A                               0.75    0.86   -0.11 (VIOLATED)
ANTENNA__38251__A/DIODE                 0.75    0.86   -0.11 (VIOLATED)
_31751_/A                               0.75    0.86   -0.11 (VIOLATED)
ANTENNA__31751__A/DIODE                 0.75    0.86   -0.11 (VIOLATED)
ANTENNA__32921__B/DIODE                 0.75    0.86   -0.11 (VIOLATED)
_32921_/B                               0.75    0.86   -0.11 (VIOLATED)
_31321_/Y                               0.75    0.86   -0.11 (VIOLATED)
_32441_/A1                              0.75    0.86   -0.11 (VIOLATED)
ANTENNA__32441__A1/DIODE                0.75    0.86   -0.11 (VIOLATED)
_32438_/Y                               0.75    0.86   -0.11 (VIOLATED)
ANTENNA__22457__A/DIODE                 0.75    0.86   -0.11 (VIOLATED)
_22457_/A                               0.75    0.86   -0.11 (VIOLATED)
ANTENNA__22539__A/DIODE                 0.75    0.86   -0.11 (VIOLATED)
_22539_/A                               0.75    0.86   -0.11 (VIOLATED)
hold4672/A                              0.75    0.86   -0.11 (VIOLATED)
ANTENNA_hold4672_A/DIODE                0.75    0.86   -0.11 (VIOLATED)
_28852_/A0                              0.75    0.86   -0.11 (VIOLATED)
ANTENNA__27599__A1/DIODE                0.75    0.86   -0.11 (VIOLATED)
ANTENNA__28852__A0/DIODE                0.75    0.86   -0.11 (VIOLATED)
_27599_/A1                              0.75    0.86   -0.11 (VIOLATED)
_42193_/Q                               0.75    0.86   -0.11 (VIOLATED)
_32393_/A1                              0.75    0.86   -0.11 (VIOLATED)
ANTENNA__32393__A1/DIODE                0.75    0.86   -0.11 (VIOLATED)
_28680_/A0                              0.75    0.86   -0.11 (VIOLATED)
ANTENNA__28680__A0/DIODE                0.75    0.86   -0.11 (VIOLATED)
_27401_/A1                              0.75    0.86   -0.11 (VIOLATED)
ANTENNA__27401__A1/DIODE                0.75    0.86   -0.11 (VIOLATED)
_42202_/Q                               0.75    0.86   -0.11 (VIOLATED)
_22456_/Y                               0.75    0.86   -0.11 (VIOLATED)
_39575_/A2                              0.75    0.86   -0.11 (VIOLATED)
_39576_/A3                              0.75    0.86   -0.11 (VIOLATED)
ANTENNA__39575__A2/DIODE                0.75    0.86   -0.11 (VIOLATED)
ANTENNA__39576__A3/DIODE                0.75    0.86   -0.11 (VIOLATED)
_39574_/Y                               0.75    0.86   -0.11 (VIOLATED)
_29299_/B                               0.75    0.86   -0.11 (VIOLATED)
ANTENNA__29299__B/DIODE                 0.75    0.86   -0.11 (VIOLATED)
_29300_/B                               0.75    0.86   -0.11 (VIOLATED)
ANTENNA__29300__B/DIODE                 0.75    0.86   -0.11 (VIOLATED)
ANTENNA__33418__A2/DIODE                0.75    0.86   -0.11 (VIOLATED)
_33418_/A2                              0.75    0.86   -0.11 (VIOLATED)
_33582_/A2                              0.75    0.86   -0.11 (VIOLATED)
ANTENNA__33582__A2/DIODE                0.75    0.86   -0.11 (VIOLATED)
ANTENNA__33538__A2/DIODE                0.75    0.86   -0.11 (VIOLATED)
_33538_/A2                              0.75    0.86   -0.11 (VIOLATED)
ANTENNA__29508__B/DIODE                 0.75    0.86   -0.11 (VIOLATED)
_29508_/B                               0.75    0.86   -0.11 (VIOLATED)
ANTENNA__29535__B/DIODE                 0.75    0.86   -0.11 (VIOLATED)
_29535_/B                               0.75    0.86   -0.11 (VIOLATED)
_29507_/B                               0.75    0.86   -0.11 (VIOLATED)
ANTENNA__29507__B/DIODE                 0.75    0.86   -0.11 (VIOLATED)
_29506_/Y                               0.75    0.86   -0.11 (VIOLATED)
_33376_/A1                              0.75    0.86   -0.11 (VIOLATED)
ANTENNA__33376__A1/DIODE                0.75    0.86   -0.11 (VIOLATED)
_29298_/Y                               0.75    0.86   -0.11 (VIOLATED)
_28145_/B1                              0.75    0.85   -0.10 (VIOLATED)
ANTENNA__28145__B1/DIODE                0.75    0.85   -0.10 (VIOLATED)
_28146_/A                               0.75    0.85   -0.10 (VIOLATED)
ANTENNA__28146__A/DIODE                 0.75    0.85   -0.10 (VIOLATED)
_27837_/B                               0.75    0.85   -0.10 (VIOLATED)
_27804_/B                               0.75    0.85   -0.10 (VIOLATED)
ANTENNA__27804__B/DIODE                 0.75    0.85   -0.10 (VIOLATED)
ANTENNA__27837__B/DIODE                 0.75    0.85   -0.10 (VIOLATED)
_38104_/A                               0.75    0.85   -0.10 (VIOLATED)
_33089_/A0                              0.75    0.85   -0.10 (VIOLATED)
ANTENNA__33089__A0/DIODE                0.75    0.85   -0.10 (VIOLATED)
ANTENNA__32816__A0/DIODE                0.75    0.85   -0.10 (VIOLATED)
_32816_/A0                              0.75    0.85   -0.10 (VIOLATED)
_37939_/A                               0.75    0.85   -0.10 (VIOLATED)
ANTENNA__38104__A/DIODE                 0.75    0.85   -0.10 (VIOLATED)
ANTENNA__37939__A/DIODE                 0.75    0.85   -0.10 (VIOLATED)
_27803_/Y                               0.75    0.85   -0.10 (VIOLATED)
_37906_/A                               0.75    0.85   -0.10 (VIOLATED)
ANTENNA__37906__A/DIODE                 0.75    0.85   -0.10 (VIOLATED)
hold4406/A                              0.75    0.85   -0.10 (VIOLATED)
ANTENNA_hold4406_A/DIODE                0.75    0.85   -0.10 (VIOLATED)
_30042_/A0                              0.75    0.85   -0.10 (VIOLATED)
ANTENNA__30042__A0/DIODE                0.75    0.85   -0.10 (VIOLATED)
ANTENNA__28860__A1/DIODE                0.75    0.85   -0.10 (VIOLATED)
_28860_/A1                              0.75    0.85   -0.10 (VIOLATED)
_42223_/Q                               0.75    0.85   -0.10 (VIOLATED)
_32412_/B                               0.75    0.85   -0.10 (VIOLATED)
ANTENNA__32412__B/DIODE                 0.75    0.85   -0.10 (VIOLATED)
_29036_/B                               0.75    0.85   -0.10 (VIOLATED)
ANTENNA__29036__B/DIODE                 0.75    0.85   -0.10 (VIOLATED)
ANTENNA__29027__A/DIODE                 0.75    0.85   -0.10 (VIOLATED)
_29026_/X                               0.75    0.85   -0.10 (VIOLATED)
_29027_/A                               0.75    0.85   -0.10 (VIOLATED)
ANTENNA__33759__A1/DIODE                0.75    0.85   -0.10 (VIOLATED)
_33759_/A1                              0.75    0.85   -0.10 (VIOLATED)
_33909_/B                               0.75    0.85   -0.10 (VIOLATED)
ANTENNA__33909__B/DIODE                 0.75    0.85   -0.10 (VIOLATED)
hold4695/A                              0.75    0.85   -0.10 (VIOLATED)
ANTENNA_hold4695_A/DIODE                0.75    0.85   -0.10 (VIOLATED)
ANTENNA__31931__B/DIODE                 0.75    0.85   -0.10 (VIOLATED)
_31931_/B                               0.75    0.85   -0.10 (VIOLATED)
_31929_/B                               0.75    0.85   -0.10 (VIOLATED)
ANTENNA__31929__B/DIODE                 0.75    0.85   -0.10 (VIOLATED)
_31928_/Y                               0.75    0.85   -0.10 (VIOLATED)
_28867_/A0                              0.75    0.85   -0.10 (VIOLATED)
ANTENNA__28867__A0/DIODE                0.75    0.85   -0.10 (VIOLATED)
ANTENNA__27615__A1/DIODE                0.75    0.85   -0.10 (VIOLATED)
_27615_/A1                              0.75    0.85   -0.10 (VIOLATED)
_42190_/Q                               0.75    0.85   -0.10 (VIOLATED)
ANTENNA__31884__B/DIODE                 0.75    0.85   -0.10 (VIOLATED)
_31884_/B                               0.75    0.85   -0.10 (VIOLATED)
ANTENNA__31885__B/DIODE                 0.75    0.85   -0.10 (VIOLATED)
_31885_/B                               0.75    0.85   -0.10 (VIOLATED)
_33742_/A1                              0.75    0.85   -0.10 (VIOLATED)
ANTENNA__33742__A1/DIODE                0.75    0.85   -0.10 (VIOLATED)
_33897_/A2                              0.75    0.85   -0.10 (VIOLATED)
ANTENNA__33897__A2/DIODE                0.75    0.85   -0.10 (VIOLATED)
_31883_/Y                               0.75    0.85   -0.10 (VIOLATED)
_37909_/A                               0.75    0.85   -0.10 (VIOLATED)
ANTENNA__37909__A/DIODE                 0.75    0.85   -0.10 (VIOLATED)
_37933_/A                               0.75    0.85   -0.10 (VIOLATED)
_38084_/A                               0.75    0.85   -0.10 (VIOLATED)
ANTENNA__38084__A/DIODE                 0.75    0.85   -0.10 (VIOLATED)
ANTENNA__37933__A/DIODE                 0.75    0.85   -0.10 (VIOLATED)
hold4436/A                              0.75    0.84   -0.09 (VIOLATED)
ANTENNA_hold4436_A/DIODE                0.75    0.84   -0.09 (VIOLATED)
_30055_/A0                              0.75    0.84   -0.09 (VIOLATED)
ANTENNA__30055__A0/DIODE                0.75    0.84   -0.09 (VIOLATED)
_28874_/A1                              0.75    0.84   -0.09 (VIOLATED)
ANTENNA__28874__A1/DIODE                0.75    0.84   -0.09 (VIOLATED)
_42220_/Q                               0.75    0.84   -0.09 (VIOLATED)
_37908_/A                               0.75    0.84   -0.09 (VIOLATED)
_38092_/A                               0.75    0.84   -0.09 (VIOLATED)
ANTENNA__38092__A/DIODE                 0.75    0.84   -0.09 (VIOLATED)
_37935_/A                               0.75    0.84   -0.09 (VIOLATED)
ANTENNA__37935__A/DIODE                 0.75    0.84   -0.09 (VIOLATED)
ANTENNA__37908__A/DIODE                 0.75    0.84   -0.09 (VIOLATED)
ANTENNA__32492__A1/DIODE                0.75    0.84   -0.09 (VIOLATED)
_32492_/A1                              0.75    0.84   -0.09 (VIOLATED)
_28880_/A1                              0.75    0.84   -0.09 (VIOLATED)
ANTENNA__28880__A1/DIODE                0.75    0.84   -0.09 (VIOLATED)
ANTENNA__30065__A0/DIODE                0.75    0.84   -0.09 (VIOLATED)
_30065_/A0                              0.75    0.84   -0.09 (VIOLATED)
_42221_/Q                               0.75    0.84   -0.09 (VIOLATED)
_38712_/A2                              0.75    0.84   -0.09 (VIOLATED)
ANTENNA__38712__A2/DIODE                0.75    0.84   -0.09 (VIOLATED)
_38710_/Y                               0.75    0.84   -0.09 (VIOLATED)
_23038_/A1                              0.75    0.84   -0.09 (VIOLATED)
ANTENNA__23038__A1/DIODE                0.75    0.84   -0.09 (VIOLATED)
_22969_/A                               0.75    0.84   -0.09 (VIOLATED)
ANTENNA__22969__A/DIODE                 0.75    0.84   -0.09 (VIOLATED)
ANTENNA__22906__A/DIODE                 0.75    0.84   -0.09 (VIOLATED)
_22906_/A                               0.75    0.84   -0.09 (VIOLATED)
_33606_/A0                              0.75    0.84   -0.09 (VIOLATED)
ANTENNA__33606__A0/DIODE                0.75    0.84   -0.09 (VIOLATED)
_33447_/A1                              0.75    0.84   -0.09 (VIOLATED)
ANTENNA__33447__A1/DIODE                0.75    0.84   -0.09 (VIOLATED)
_29581_/B                               0.75    0.84   -0.09 (VIOLATED)
_29582_/B                               0.75    0.84   -0.09 (VIOLATED)
ANTENNA__29581__B/DIODE                 0.75    0.84   -0.09 (VIOLATED)
ANTENNA__29582__B/DIODE                 0.75    0.84   -0.09 (VIOLATED)
_22905_/Y                               0.75    0.84   -0.09 (VIOLATED)
_29580_/Y                               0.75    0.84   -0.09 (VIOLATED)
ANTENNA__38306__A/DIODE                 0.75    0.84   -0.09 (VIOLATED)
_38306_/A                               0.75    0.84   -0.09 (VIOLATED)
_38305_/A                               0.75    0.84   -0.09 (VIOLATED)
ANTENNA__38305__A/DIODE                 0.75    0.84   -0.09 (VIOLATED)
_29537_/B1                              0.75    0.84   -0.09 (VIOLATED)
_29522_/B                               0.75    0.84   -0.09 (VIOLATED)
ANTENNA__29537__B1/DIODE                0.75    0.84   -0.09 (VIOLATED)
ANTENNA__29522__B/DIODE                 0.75    0.84   -0.09 (VIOLATED)
_29538_/A2                              0.75    0.84   -0.09 (VIOLATED)
ANTENNA__29538__A2/DIODE                0.75    0.84   -0.09 (VIOLATED)
_33422_/A1                              0.75    0.84   -0.09 (VIOLATED)
ANTENNA__33422__A1/DIODE                0.75    0.84   -0.09 (VIOLATED)
_33586_/A2                              0.75    0.84   -0.09 (VIOLATED)
ANTENNA__33586__A2/DIODE                0.75    0.84   -0.09 (VIOLATED)
_29521_/X                               0.75    0.84   -0.09 (VIOLATED)
_38942_/B                               0.75    0.84   -0.09 (VIOLATED)
ANTENNA__38942__B/DIODE                 0.75    0.84   -0.09 (VIOLATED)
_38237_/A                               0.75    0.84   -0.09 (VIOLATED)
ANTENNA__38237__A/DIODE                 0.75    0.84   -0.09 (VIOLATED)
_38192_/A                               0.75    0.84   -0.09 (VIOLATED)
_38418_/A                               0.75    0.84   -0.09 (VIOLATED)
ANTENNA__38418__A/DIODE                 0.75    0.84   -0.09 (VIOLATED)
ANTENNA__38192__A/DIODE                 0.75    0.84   -0.09 (VIOLATED)
_28969_/A0                              0.75    0.84   -0.09 (VIOLATED)
_27809_/A1                              0.75    0.84   -0.09 (VIOLATED)
ANTENNA__27809__A1/DIODE                0.75    0.84   -0.09 (VIOLATED)
ANTENNA__28969__A0/DIODE                0.75    0.84   -0.09 (VIOLATED)
_32433_/B2                              0.75    0.84   -0.09 (VIOLATED)
ANTENNA__32433__B2/DIODE                0.75    0.84   -0.09 (VIOLATED)
_38667_/A2                              0.75    0.84   -0.09 (VIOLATED)
ANTENNA__38667__A2/DIODE                0.75    0.84   -0.09 (VIOLATED)
_42210_/Q                               0.75    0.84   -0.09 (VIOLATED)
ANTENNA__33856__A1/DIODE                0.75    0.84   -0.09 (VIOLATED)
_33856_/A1                              0.75    0.84   -0.09 (VIOLATED)
_33854_/Y                               0.75    0.84   -0.09 (VIOLATED)
_30979_/A                               0.75    0.84   -0.09 (VIOLATED)
ANTENNA__30979__A/DIODE                 0.75    0.84   -0.09 (VIOLATED)
_30982_/A                               0.75    0.84   -0.09 (VIOLATED)
ANTENNA__30982__A/DIODE                 0.75    0.84   -0.09 (VIOLATED)
_38664_/Y                               0.75    0.84   -0.09 (VIOLATED)
_32361_/B2                              0.75    0.84   -0.09 (VIOLATED)
ANTENNA__32361__B2/DIODE                0.75    0.84   -0.09 (VIOLATED)
_28827_/A0                              0.75    0.84   -0.09 (VIOLATED)
_27575_/A1                              0.75    0.84   -0.09 (VIOLATED)
ANTENNA__27575__A1/DIODE                0.75    0.84   -0.09 (VIOLATED)
ANTENNA__28827__A0/DIODE                0.75    0.84   -0.09 (VIOLATED)
_42195_/Q                               0.75    0.84   -0.09 (VIOLATED)
ANTENNA_hold3321_A/DIODE                0.75    0.84   -0.09 (VIOLATED)
hold3321/A                              0.75    0.84   -0.09 (VIOLATED)
_42117_/Q                               0.75    0.84   -0.09 (VIOLATED)
ANTENNA__38372__A/DIODE                 0.75    0.83   -0.08 (VIOLATED)
_38372_/A                               0.75    0.83   -0.08 (VIOLATED)
_38199_/A                               0.75    0.83   -0.08 (VIOLATED)
_38223_/A                               0.75    0.83   -0.08 (VIOLATED)
ANTENNA__38199__A/DIODE                 0.75    0.83   -0.08 (VIOLATED)
ANTENNA__38223__A/DIODE                 0.75    0.83   -0.08 (VIOLATED)
_28120_/A                               0.75    0.83   -0.08 (VIOLATED)
ANTENNA__28120__A/DIODE                 0.75    0.83   -0.08 (VIOLATED)
_32431_/B                               0.75    0.83   -0.08 (VIOLATED)
ANTENNA__32431__B/DIODE                 0.75    0.83   -0.08 (VIOLATED)
_27821_/B                               0.75    0.83   -0.08 (VIOLATED)
_27811_/B                               0.75    0.83   -0.08 (VIOLATED)
ANTENNA__27821__B/DIODE                 0.75    0.83   -0.08 (VIOLATED)
ANTENNA__27811__B/DIODE                 0.75    0.83   -0.08 (VIOLATED)
_27810_/X                               0.75    0.83   -0.08 (VIOLATED)
_33834_/A1                              0.75    0.83   -0.08 (VIOLATED)
ANTENNA__33834__A1/DIODE                0.75    0.83   -0.08 (VIOLATED)
_33830_/Y                               0.75    0.83   -0.08 (VIOLATED)
output55/A                              0.75    0.83   -0.08 (VIOLATED)
ANTENNA_output55_A/DIODE                0.75    0.83   -0.08 (VIOLATED)
_37945_/A                               0.75    0.83   -0.08 (VIOLATED)
ANTENNA__37945__A/DIODE                 0.75    0.83   -0.08 (VIOLATED)
_38123_/A                               0.75    0.83   -0.08 (VIOLATED)
_37903_/A                               0.75    0.83   -0.08 (VIOLATED)
ANTENNA__38123__A/DIODE                 0.75    0.83   -0.08 (VIOLATED)
ANTENNA__37903__A/DIODE                 0.75    0.83   -0.08 (VIOLATED)
ANTENNA__31702__A/DIODE                 0.75    0.83   -0.08 (VIOLATED)
ANTENNA__31701__A/DIODE                 0.75    0.83   -0.08 (VIOLATED)
_31701_/A                               0.75    0.83   -0.08 (VIOLATED)
_31702_/A                               0.75    0.83   -0.08 (VIOLATED)
_31503_/B                               0.75    0.83   -0.08 (VIOLATED)
ANTENNA__31503__B/DIODE                 0.75    0.83   -0.08 (VIOLATED)
_31502_/B                               0.75    0.83   -0.08 (VIOLATED)
ANTENNA__31502__B/DIODE                 0.75    0.83   -0.08 (VIOLATED)
_20545_/X                               0.75    0.83   -0.08 (VIOLATED)
ANTENNA__32954__A1/DIODE                0.75    0.83   -0.08 (VIOLATED)
ANTENNA__33221__A1/DIODE                0.75    0.83   -0.08 (VIOLATED)
_32954_/A1                              0.75    0.83   -0.08 (VIOLATED)
_33221_/A1                              0.75    0.83   -0.08 (VIOLATED)
_31501_/Y                               0.75    0.83   -0.08 (VIOLATED)
ANTENNA_hold4595_A/DIODE                0.75    0.83   -0.08 (VIOLATED)
hold4595/A                              0.75    0.83   -0.08 (VIOLATED)
_28874_/A0                              0.75    0.83   -0.08 (VIOLATED)
_27620_/A1                              0.75    0.83   -0.08 (VIOLATED)
ANTENNA__27620__A1/DIODE                0.75    0.83   -0.08 (VIOLATED)
ANTENNA__28874__A0/DIODE                0.75    0.83   -0.08 (VIOLATED)
_42188_/Q                               0.75    0.83   -0.08 (VIOLATED)
_32517_/A1                              0.75    0.83   -0.08 (VIOLATED)
_30014_/A0                              0.75    0.83   -0.08 (VIOLATED)
ANTENNA__30014__A0/DIODE                0.75    0.83   -0.08 (VIOLATED)
_28833_/A1                              0.75    0.83   -0.08 (VIOLATED)
ANTENNA__28833__A1/DIODE                0.75    0.83   -0.08 (VIOLATED)
ANTENNA__32517__A1/DIODE                0.75    0.83   -0.08 (VIOLATED)
_42226_/Q                               0.75    0.83   -0.08 (VIOLATED)
_23138_/A                               0.75    0.83   -0.08 (VIOLATED)
ANTENNA__23138__A/DIODE                 0.75    0.83   -0.08 (VIOLATED)
_23074_/A                               0.75    0.83   -0.08 (VIOLATED)
ANTENNA__23074__A/DIODE                 0.75    0.83   -0.08 (VIOLATED)
_23073_/Y                               0.75    0.83   -0.08 (VIOLATED)
_25551_/A                               0.75    0.82   -0.07 (VIOLATED)
ANTENNA__25551__A/DIODE                 0.75    0.82   -0.07 (VIOLATED)
_25644_/A                               0.75    0.82   -0.07 (VIOLATED)
ANTENNA__25644__A/DIODE                 0.75    0.82   -0.07 (VIOLATED)
_25458_/A                               0.75    0.82   -0.07 (VIOLATED)
ANTENNA__25458__A/DIODE                 0.75    0.82   -0.07 (VIOLATED)
_24897_/A                               0.75    0.82   -0.07 (VIOLATED)
ANTENNA__24897__A/DIODE                 0.75    0.82   -0.07 (VIOLATED)
_33825_/A2                              0.75    0.82   -0.07 (VIOLATED)
ANTENNA__33825__A2/DIODE                0.75    0.82   -0.07 (VIOLATED)
_31762_/B                               0.75    0.82   -0.07 (VIOLATED)
ANTENNA__31762__B/DIODE                 0.75    0.82   -0.07 (VIOLATED)
_31696_/B                               0.75    0.82   -0.07 (VIOLATED)
ANTENNA__31696__B/DIODE                 0.75    0.82   -0.07 (VIOLATED)
_33674_/A2                              0.75    0.82   -0.07 (VIOLATED)
ANTENNA__33674__A2/DIODE                0.75    0.82   -0.07 (VIOLATED)
_31695_/X                               0.75    0.82   -0.07 (VIOLATED)
_24896_/Y                               0.75    0.82   -0.07 (VIOLATED)
_37929_/A                               0.75    0.82   -0.07 (VIOLATED)
_38171_/A                               0.75    0.82   -0.07 (VIOLATED)
ANTENNA__38171__A/DIODE                 0.75    0.82   -0.07 (VIOLATED)
_37911_/A                               0.75    0.82   -0.07 (VIOLATED)
ANTENNA__37929__A/DIODE                 0.75    0.82   -0.07 (VIOLATED)
ANTENNA__37911__A/DIODE                 0.75    0.82   -0.07 (VIOLATED)
ANTENNA__32478__B2/DIODE                0.75    0.82   -0.07 (VIOLATED)
_32478_/B2                              0.75    0.82   -0.07 (VIOLATED)
_29969_/A0                              0.75    0.82   -0.07 (VIOLATED)
_28786_/A1                              0.75    0.82   -0.07 (VIOLATED)
ANTENNA__29969__A0/DIODE                0.75    0.82   -0.07 (VIOLATED)
ANTENNA__28786__A1/DIODE                0.75    0.82   -0.07 (VIOLATED)
_42218_/Q                               0.75    0.82   -0.07 (VIOLATED)
ANTENNA__33700__A1/DIODE                0.75    0.82   -0.07 (VIOLATED)
_33700_/A1                              0.75    0.82   -0.07 (VIOLATED)
_33698_/Y                               0.75    0.82   -0.07 (VIOLATED)
_33696_/A1                              0.75    0.82   -0.07 (VIOLATED)
ANTENNA__33696__A1/DIODE                0.75    0.82   -0.07 (VIOLATED)
_33693_/Y                               0.75    0.82   -0.07 (VIOLATED)
output58/A                              0.75    0.82   -0.07 (VIOLATED)
ANTENNA_output58_A/DIODE                0.75    0.82   -0.07 (VIOLATED)
_32592_/B                               0.75    0.82   -0.07 (VIOLATED)
ANTENNA__32592__B/DIODE                 0.75    0.82   -0.07 (VIOLATED)
ANTENNA__29277__A/DIODE                 0.75    0.82   -0.07 (VIOLATED)
_29277_/A                               0.75    0.82   -0.07 (VIOLATED)
_29281_/A                               0.75    0.82   -0.07 (VIOLATED)
ANTENNA__29281__A/DIODE                 0.75    0.82   -0.07 (VIOLATED)
_29273_/X                               0.75    0.82   -0.07 (VIOLATED)
_20579_/X                               0.75    0.82   -0.07 (VIOLATED)
_38264_/A                               0.75    0.82   -0.07 (VIOLATED)
_38265_/A                               0.75    0.82   -0.07 (VIOLATED)
ANTENNA__38264__A/DIODE                 0.75    0.82   -0.07 (VIOLATED)
ANTENNA__38265__A/DIODE                 0.75    0.82   -0.07 (VIOLATED)
_32471_/C1                              0.75    0.81   -0.06 (VIOLATED)
ANTENNA__32471__C1/DIODE                0.75    0.81   -0.06 (VIOLATED)
_25981_/A1                              0.75    0.81   -0.06 (VIOLATED)
ANTENNA__25981__A1/DIODE                0.75    0.81   -0.06 (VIOLATED)
_25977_/X                               0.75    0.81   -0.06 (VIOLATED)
_32409_/B2                              0.75    0.81   -0.06 (VIOLATED)
ANTENNA__32409__B2/DIODE                0.75    0.81   -0.06 (VIOLATED)
_27737_/A1                              0.75    0.81   -0.06 (VIOLATED)
_29042_/A0                              0.75    0.81   -0.06 (VIOLATED)
ANTENNA__27737__A1/DIODE                0.75    0.81   -0.06 (VIOLATED)
ANTENNA__29042__A0/DIODE                0.75    0.81   -0.06 (VIOLATED)
_42205_/Q                               0.75    0.81   -0.06 (VIOLATED)
_37943_/A                               0.75    0.81   -0.06 (VIOLATED)
ANTENNA__37943__A/DIODE                 0.75    0.81   -0.06 (VIOLATED)
_38117_/A                               0.75    0.81   -0.06 (VIOLATED)
_37904_/A                               0.75    0.81   -0.06 (VIOLATED)
ANTENNA__37904__A/DIODE                 0.75    0.81   -0.06 (VIOLATED)
ANTENNA__38117__A/DIODE                 0.75    0.81   -0.06 (VIOLATED)
_33595_/A0                              0.75    0.81   -0.06 (VIOLATED)
_33436_/A1                              0.75    0.81   -0.06 (VIOLATED)
ANTENNA__33595__A0/DIODE                0.75    0.81   -0.06 (VIOLATED)
ANTENNA__33436__A1/DIODE                0.75    0.81   -0.06 (VIOLATED)
_29557_/B                               0.75    0.81   -0.06 (VIOLATED)
ANTENNA__29557__B/DIODE                 0.75    0.81   -0.06 (VIOLATED)
_29555_/B                               0.75    0.81   -0.06 (VIOLATED)
ANTENNA__29555__B/DIODE                 0.75    0.81   -0.06 (VIOLATED)
_29554_/Y                               0.75    0.81   -0.06 (VIOLATED)
_38195_/A                               0.75    0.81   -0.06 (VIOLATED)
_38399_/A                               0.75    0.81   -0.06 (VIOLATED)
ANTENNA__38399__A/DIODE                 0.75    0.81   -0.06 (VIOLATED)
_38231_/A                               0.75    0.81   -0.06 (VIOLATED)
ANTENNA__38195__A/DIODE                 0.75    0.81   -0.06 (VIOLATED)
ANTENNA__38231__A/DIODE                 0.75    0.81   -0.06 (VIOLATED)
_38297_/A                               0.75    0.81   -0.06 (VIOLATED)
ANTENNA__38297__A/DIODE                 0.75    0.81   -0.06 (VIOLATED)
_38298_/A                               0.75    0.81   -0.06 (VIOLATED)
ANTENNA__38298__A/DIODE                 0.75    0.81   -0.06 (VIOLATED)
ANTENNA__31821__B/DIODE                 0.75    0.81   -0.06 (VIOLATED)
ANTENNA__31822__B/DIODE                 0.75    0.81   -0.06 (VIOLATED)
_31821_/B                               0.75    0.81   -0.06 (VIOLATED)
_31822_/B                               0.75    0.81   -0.06 (VIOLATED)
ANTENNA__33720__B/DIODE                 0.75    0.81   -0.06 (VIOLATED)
_33720_/B                               0.75    0.81   -0.06 (VIOLATED)
_33873_/B                               0.75    0.81   -0.06 (VIOLATED)
ANTENNA__33873__B/DIODE                 0.75    0.81   -0.06 (VIOLATED)
_31820_/Y                               0.75    0.81   -0.06 (VIOLATED)
_32513_/B2                              0.75    0.81   -0.06 (VIOLATED)
ANTENNA__32513__B2/DIODE                0.75    0.81   -0.06 (VIOLATED)
_38225_/A                               0.75    0.81   -0.06 (VIOLATED)
ANTENNA__38225__A/DIODE                 0.75    0.81   -0.06 (VIOLATED)
_38378_/A                               0.75    0.81   -0.06 (VIOLATED)
ANTENNA__38378__A/DIODE                 0.75    0.81   -0.06 (VIOLATED)
_38198_/A                               0.75    0.81   -0.06 (VIOLATED)
ANTENNA__38198__A/DIODE                 0.75    0.81   -0.06 (VIOLATED)
_30032_/A0                              0.75    0.81   -0.06 (VIOLATED)
ANTENNA__30032__A0/DIODE                0.75    0.81   -0.06 (VIOLATED)
_28852_/A1                              0.75    0.81   -0.06 (VIOLATED)
ANTENNA__28852__A1/DIODE                0.75    0.81   -0.06 (VIOLATED)
_42225_/Q                               0.75    0.81   -0.06 (VIOLATED)
_31812_/B                               0.75    0.81   -0.06 (VIOLATED)
_31811_/B                               0.75    0.81   -0.06 (VIOLATED)
ANTENNA__31811__B/DIODE                 0.75    0.81   -0.06 (VIOLATED)
ANTENNA__31812__B/DIODE                 0.75    0.81   -0.06 (VIOLATED)
ANTENNA__33714__A1/DIODE                0.75    0.81   -0.06 (VIOLATED)
_33714_/A1                              0.75    0.81   -0.06 (VIOLATED)
ANTENNA__33869__A1/DIODE                0.75    0.81   -0.06 (VIOLATED)
_33869_/A1                              0.75    0.81   -0.06 (VIOLATED)
_31810_/X                               0.75    0.81   -0.06 (VIOLATED)
ANTENNA__38255__A/DIODE                 0.75    0.81   -0.06 (VIOLATED)
_38255_/A                               0.75    0.81   -0.06 (VIOLATED)
_38256_/A                               0.75    0.81   -0.06 (VIOLATED)
ANTENNA__38256__A/DIODE                 0.75    0.81   -0.06 (VIOLATED)
_32328_/A1                              0.75    0.81   -0.06 (VIOLATED)
ANTENNA__28880__A0/DIODE                0.75    0.81   -0.06 (VIOLATED)
_28880_/A0                              0.75    0.81   -0.06 (VIOLATED)
_27625_/A1                              0.75    0.81   -0.06 (VIOLATED)
ANTENNA__27625__A1/DIODE                0.75    0.81   -0.06 (VIOLATED)
ANTENNA__32328__A1/DIODE                0.75    0.81   -0.06 (VIOLATED)
_42189_/Q                               0.75    0.81   -0.06 (VIOLATED)
_28927_/A0                              0.75    0.81   -0.06 (VIOLATED)
ANTENNA__28927__A0/DIODE                0.75    0.81   -0.06 (VIOLATED)
_27669_/A1                              0.75    0.81   -0.06 (VIOLATED)
ANTENNA__27669__A1/DIODE                0.75    0.81   -0.06 (VIOLATED)
_32405_/B2                              0.75    0.81   -0.06 (VIOLATED)
ANTENNA__32405__B2/DIODE                0.75    0.81   -0.06 (VIOLATED)
_42204_/Q                               0.75    0.81   -0.06 (VIOLATED)
_33852_/A1                              0.75    0.81   -0.06 (VIOLATED)
ANTENNA__33852__A1/DIODE                0.75    0.81   -0.06 (VIOLATED)
_33850_/Y                               0.75    0.81   -0.06 (VIOLATED)
_38289_/A                               0.75    0.81   -0.06 (VIOLATED)
ANTENNA__38289__A/DIODE                 0.75    0.81   -0.06 (VIOLATED)
_38290_/A                               0.75    0.81   -0.06 (VIOLATED)
ANTENNA__38290__A/DIODE                 0.75    0.81   -0.06 (VIOLATED)
_32422_/B2                              0.75    0.81   -0.06 (VIOLATED)
ANTENNA__32422__B2/DIODE                0.75    0.81   -0.06 (VIOLATED)
_29053_/A0                              0.75    0.81   -0.06 (VIOLATED)
ANTENNA__29053__A0/DIODE                0.75    0.81   -0.06 (VIOLATED)
_27750_/A1                              0.75    0.81   -0.06 (VIOLATED)
ANTENNA__27750__A1/DIODE                0.75    0.81   -0.06 (VIOLATED)
_42208_/Q                               0.75    0.81   -0.06 (VIOLATED)
_38132_/A                               0.75    0.81   -0.06 (VIOLATED)
ANTENNA__38132__A/DIODE                 0.75    0.81   -0.06 (VIOLATED)
_37947_/A                               0.75    0.81   -0.06 (VIOLATED)
_37902_/A                               0.75    0.81   -0.06 (VIOLATED)
ANTENNA__37902__A/DIODE                 0.75    0.81   -0.06 (VIOLATED)
ANTENNA__37947__A/DIODE                 0.75    0.81   -0.06 (VIOLATED)
_30630_/C1                              0.75    0.81   -0.06 (VIOLATED)
ANTENNA__30630__C1/DIODE                0.75    0.81   -0.06 (VIOLATED)
_29696_/A                               0.75    0.81   -0.06 (VIOLATED)
ANTENNA__29696__A/DIODE                 0.75    0.81   -0.06 (VIOLATED)
_39953_/A1                              0.75    0.80   -0.05 (VIOLATED)
_25736_/A                               0.75    0.80   -0.05 (VIOLATED)
ANTENNA__25736__A/DIODE                 0.75    0.80   -0.05 (VIOLATED)
ANTENNA__39953__A1/DIODE                0.75    0.80   -0.05 (VIOLATED)
_38316_/A                               0.75    0.80   -0.05 (VIOLATED)
ANTENNA__38316__A/DIODE                 0.75    0.80   -0.05 (VIOLATED)
_25735_/Y                               0.75    0.80   -0.05 (VIOLATED)
ANTENNA__32428__B2/DIODE                0.75    0.80   -0.05 (VIOLATED)
_32428_/B2                              0.75    0.80   -0.05 (VIOLATED)
_29060_/A0                              0.75    0.80   -0.05 (VIOLATED)
ANTENNA__29060__A0/DIODE                0.75    0.80   -0.05 (VIOLATED)
ANTENNA__27813__A1/DIODE                0.75    0.80   -0.05 (VIOLATED)
_27813_/A1                              0.75    0.80   -0.05 (VIOLATED)
_37901_/A                               0.75    0.80   -0.05 (VIOLATED)
ANTENNA__37901__A/DIODE                 0.75    0.80   -0.05 (VIOLATED)
ANTENNA__38031__A/DIODE                 0.75    0.80   -0.05 (VIOLATED)
_38031_/A                               0.75    0.80   -0.05 (VIOLATED)
_37949_/A                               0.75    0.80   -0.05 (VIOLATED)
ANTENNA__37949__A/DIODE                 0.75    0.80   -0.05 (VIOLATED)
_42209_/Q                               0.75    0.80   -0.05 (VIOLATED)
_38281_/A                               0.75    0.80   -0.05 (VIOLATED)
_38282_/A                               0.75    0.80   -0.05 (VIOLATED)
ANTENNA__38281__A/DIODE                 0.75    0.80   -0.05 (VIOLATED)
ANTENNA__38282__A/DIODE                 0.75    0.80   -0.05 (VIOLATED)
_32526_/B2                              0.75    0.80   -0.05 (VIOLATED)
ANTENNA__32526__B2/DIODE                0.75    0.80   -0.05 (VIOLATED)
_27826_/A2                              0.75    0.80   -0.05 (VIOLATED)
ANTENNA__27826__A2/DIODE                0.75    0.80   -0.05 (VIOLATED)
ANTENNA_hold4255_A/DIODE                0.75    0.80   -0.05 (VIOLATED)
hold4255/A                              0.75    0.80   -0.05 (VIOLATED)
_29071_/A0                              0.75    0.80   -0.05 (VIOLATED)
ANTENNA__29071__A0/DIODE                0.75    0.80   -0.05 (VIOLATED)
_42211_/Q                               0.75    0.80   -0.05 (VIOLATED)
_28724_/A1                              0.75    0.80   -0.05 (VIOLATED)
ANTENNA__28724__A1/DIODE                0.75    0.80   -0.05 (VIOLATED)
_30103_/A0                              0.75    0.80   -0.05 (VIOLATED)
ANTENNA__30103__A0/DIODE                0.75    0.80   -0.05 (VIOLATED)
_42228_/Q                               0.75    0.80   -0.05 (VIOLATED)
_28881_/A                               0.75    0.80   -0.05 (VIOLATED)
ANTENNA__28881__A/DIODE                 0.75    0.80   -0.05 (VIOLATED)
_28879_/Y                               0.75    0.80   -0.05 (VIOLATED)
_33301_/A2                              0.75    0.80   -0.05 (VIOLATED)
ANTENNA__33301__A2/DIODE                0.75    0.80   -0.05 (VIOLATED)
_33472_/A0                              0.75    0.80   -0.05 (VIOLATED)
ANTENNA__33472__A0/DIODE                0.75    0.80   -0.05 (VIOLATED)
_29644_/B                               0.75    0.80   -0.05 (VIOLATED)
ANTENNA__29644__B/DIODE                 0.75    0.80   -0.05 (VIOLATED)
ANTENNA__29326__B/DIODE                 0.75    0.80   -0.05 (VIOLATED)
_29326_/B                               0.75    0.80   -0.05 (VIOLATED)
_29648_/B                               0.75    0.80   -0.05 (VIOLATED)
ANTENNA__29648__B/DIODE                 0.75    0.80   -0.05 (VIOLATED)
_29323_/X                               0.75    0.80   -0.05 (VIOLATED)
_38253_/A                               0.75    0.80   -0.05 (VIOLATED)
ANTENNA__38253__A/DIODE                 0.75    0.80   -0.05 (VIOLATED)
ANTENNA__38365__A/DIODE                 0.75    0.80   -0.05 (VIOLATED)
_38365_/A                               0.75    0.80   -0.05 (VIOLATED)
_38184_/A                               0.75    0.80   -0.05 (VIOLATED)
ANTENNA__38184__A/DIODE                 0.75    0.80   -0.05 (VIOLATED)
hold4648/A                              0.75    0.80   -0.05 (VIOLATED)
ANTENNA_hold4648_A/DIODE                0.75    0.80   -0.05 (VIOLATED)
ANTENNA__27592__A1/DIODE                0.75    0.80   -0.05 (VIOLATED)
_27592_/A1                              0.75    0.80   -0.05 (VIOLATED)
ANTENNA__28844__A0/DIODE                0.75    0.80   -0.05 (VIOLATED)
_28844_/A0                              0.75    0.80   -0.05 (VIOLATED)
_42192_/Q                               0.75    0.80   -0.05 (VIOLATED)
_32522_/B2                              0.75    0.80   -0.05 (VIOLATED)
ANTENNA__32522__B2/DIODE                0.75    0.80   -0.05 (VIOLATED)
_30007_/A0                              0.75    0.80   -0.05 (VIOLATED)
_28827_/A1                              0.75    0.80   -0.05 (VIOLATED)
ANTENNA__28827__A1/DIODE                0.75    0.80   -0.05 (VIOLATED)
ANTENNA__30007__A0/DIODE                0.75    0.80   -0.05 (VIOLATED)
_42227_/Q                               0.75    0.80   -0.05 (VIOLATED)
_32418_/B2                              0.75    0.80   -0.05 (VIOLATED)
ANTENNA__32418__B2/DIODE                0.75    0.80   -0.05 (VIOLATED)
_27972_/B                               0.75    0.80   -0.05 (VIOLATED)
_27987_/A2                              0.75    0.80   -0.05 (VIOLATED)
ANTENNA__27987__A2/DIODE                0.75    0.80   -0.05 (VIOLATED)
ANTENNA__27972__B/DIODE                 0.75    0.80   -0.05 (VIOLATED)
_27725_/A1                              0.75    0.80   -0.05 (VIOLATED)
ANTENNA__27725__A1/DIODE                0.75    0.80   -0.05 (VIOLATED)
_29032_/A0                              0.75    0.80   -0.05 (VIOLATED)
ANTENNA__29032__A0/DIODE                0.75    0.80   -0.05 (VIOLATED)
_42207_/Q                               0.75    0.80   -0.05 (VIOLATED)
_27985_/A                               0.75    0.80   -0.05 (VIOLATED)
ANTENNA__27985__A/DIODE                 0.75    0.80   -0.05 (VIOLATED)
_27971_/Y                               0.75    0.80   -0.05 (VIOLATED)
_32373_/B                               0.75    0.80   -0.05 (VIOLATED)
ANTENNA__32373__B/DIODE                 0.75    0.80   -0.05 (VIOLATED)
_27788_/A                               0.75    0.80   -0.05 (VIOLATED)
ANTENNA__27788__A/DIODE                 0.75    0.80   -0.05 (VIOLATED)
_27457_/B                               0.75    0.80   -0.05 (VIOLATED)
ANTENNA__27456__B/DIODE                 0.75    0.80   -0.05 (VIOLATED)
ANTENNA__27457__B/DIODE                 0.75    0.80   -0.05 (VIOLATED)
_27456_/B                               0.75    0.80   -0.05 (VIOLATED)
_27455_/X                               0.75    0.80   -0.05 (VIOLATED)
ANTENNA__32570__B/DIODE                 0.75    0.80   -0.05 (VIOLATED)
_32570_/B                               0.75    0.80   -0.05 (VIOLATED)
ANTENNA_max_cap171_A/DIODE              0.75    0.80   -0.05 (VIOLATED)
max_cap171/A                            0.75    0.80   -0.05 (VIOLATED)
_29043_/X                               0.75    0.80   -0.05 (VIOLATED)
_28696_/A0                              0.75    0.80   -0.05 (VIOLATED)
ANTENNA__28696__A0/DIODE                0.75    0.80   -0.05 (VIOLATED)
ANTENNA__27426__A1/DIODE                0.75    0.80   -0.05 (VIOLATED)
_27426_/A1                              0.75    0.80   -0.05 (VIOLATED)
_32400_/B2                              0.75    0.80   -0.05 (VIOLATED)
ANTENNA__32400__B2/DIODE                0.75    0.80   -0.05 (VIOLATED)
_42203_/Q                               0.75    0.80   -0.05 (VIOLATED)
_32037_/A2                              0.75    0.79   -0.04 (VIOLATED)
ANTENNA__32037__A2/DIODE                0.75    0.79   -0.04 (VIOLATED)
_32036_/A2                              0.75    0.79   -0.04 (VIOLATED)
ANTENNA__32036__A2/DIODE                0.75    0.79   -0.04 (VIOLATED)
_32035_/Y                               0.75    0.79   -0.04 (VIOLATED)
wire178/A                               0.75    0.79   -0.04 (VIOLATED)
ANTENNA_wire178_A/DIODE                 0.75    0.79   -0.04 (VIOLATED)
_29953_/B                               0.75    0.79   -0.04 (VIOLATED)
ANTENNA__29953__B/DIODE                 0.75    0.79   -0.04 (VIOLATED)
_30154_/A                               0.75    0.79   -0.04 (VIOLATED)
ANTENNA__30154__A/DIODE                 0.75    0.79   -0.04 (VIOLATED)
_30155_/A                               0.75    0.79   -0.04 (VIOLATED)
ANTENNA__30155__A/DIODE                 0.75    0.79   -0.04 (VIOLATED)
_29951_/X                               0.75    0.79   -0.04 (VIOLATED)
_22652_/A                               0.75    0.79   -0.04 (VIOLATED)
_22716_/A                               0.75    0.79   -0.04 (VIOLATED)
ANTENNA__22652__A/DIODE                 0.75    0.79   -0.04 (VIOLATED)
ANTENNA__22716__A/DIODE                 0.75    0.79   -0.04 (VIOLATED)
_22651_/Y                               0.75    0.79   -0.04 (VIOLATED)
ANTENNA__32437__A0/DIODE                0.75    0.79   -0.04 (VIOLATED)
_32437_/A0                              0.75    0.79   -0.04 (VIOLATED)
_32264_/B                               0.75    0.78   -0.03 (VIOLATED)
ANTENNA__32264__B/DIODE                 0.75    0.78   -0.03 (VIOLATED)
_38148_/A                               0.75    0.78   -0.03 (VIOLATED)
ANTENNA__38148__A/DIODE                 0.75    0.78   -0.03 (VIOLATED)
_37921_/A                               0.75    0.78   -0.03 (VIOLATED)
_37915_/A                               0.75    0.78   -0.03 (VIOLATED)
ANTENNA__37915__A/DIODE                 0.75    0.78   -0.03 (VIOLATED)
ANTENNA__37921__A/DIODE                 0.75    0.78   -0.03 (VIOLATED)
_28162_/A                               0.75    0.78   -0.03 (VIOLATED)
ANTENNA__28162__A/DIODE                 0.75    0.78   -0.03 (VIOLATED)
_27830_/B                               0.75    0.78   -0.03 (VIOLATED)
ANTENNA__27830__B/DIODE                 0.75    0.78   -0.03 (VIOLATED)
_27829_/Y                               0.75    0.78   -0.03 (VIOLATED)
_22512_/A                               0.75    0.78   -0.03 (VIOLATED)
_36975_/A2                              0.75    0.78   -0.03 (VIOLATED)
ANTENNA__36975__A2/DIODE                0.75    0.78   -0.03 (VIOLATED)
_32456_/A1                              0.75    0.78   -0.03 (VIOLATED)
ANTENNA__32456__A1/DIODE                0.75    0.78   -0.03 (VIOLATED)
_29888_/A0                              0.75    0.78   -0.03 (VIOLATED)
_28756_/A1                              0.75    0.78   -0.03 (VIOLATED)
ANTENNA__28756__A1/DIODE                0.75    0.78   -0.03 (VIOLATED)
ANTENNA__29888__A0/DIODE                0.75    0.78   -0.03 (VIOLATED)
_42214_/Q                               0.75    0.78   -0.03 (VIOLATED)
_36973_/Y                               0.75    0.78   -0.03 (VIOLATED)
_37927_/A                               0.75    0.78   -0.03 (VIOLATED)
ANTENNA__37927__A/DIODE                 0.75    0.78   -0.03 (VIOLATED)
_37912_/A                               0.75    0.78   -0.03 (VIOLATED)
ANTENNA__37912__A/DIODE                 0.75    0.78   -0.03 (VIOLATED)
_32471_/A1                              0.75    0.78   -0.03 (VIOLATED)
ANTENNA__32471__A1/DIODE                0.75    0.78   -0.03 (VIOLATED)
_29978_/A0                              0.75    0.78   -0.03 (VIOLATED)
_28795_/A1                              0.75    0.78   -0.03 (VIOLATED)
ANTENNA__28795__A1/DIODE                0.75    0.78   -0.03 (VIOLATED)
ANTENNA__29978__A0/DIODE                0.75    0.78   -0.03 (VIOLATED)
_42217_/Q                               0.75    0.78   -0.03 (VIOLATED)
_39085_/B                               0.75    0.78   -0.03 (VIOLATED)
ANTENNA__39085__B/DIODE                 0.75    0.78   -0.03 (VIOLATED)
ANTENNA__22512__A/DIODE                 0.75    0.78   -0.03 (VIOLATED)
_27777_/B                               0.75    0.78   -0.03 (VIOLATED)
ANTENNA__27777__B/DIODE                 0.75    0.78   -0.03 (VIOLATED)
_27767_/B                               0.75    0.78   -0.03 (VIOLATED)
ANTENNA__27767__B/DIODE                 0.75    0.78   -0.03 (VIOLATED)
_28224_/A                               0.75    0.78   -0.03 (VIOLATED)
_28225_/A                               0.75    0.78   -0.03 (VIOLATED)
ANTENNA__28225__A/DIODE                 0.75    0.78   -0.03 (VIOLATED)
ANTENNA__28224__A/DIODE                 0.75    0.78   -0.03 (VIOLATED)
_33121_/A0                              0.75    0.78   -0.03 (VIOLATED)
ANTENNA__33121__A0/DIODE                0.75    0.78   -0.03 (VIOLATED)
_32848_/A0                              0.75    0.78   -0.03 (VIOLATED)
ANTENNA__32848__A0/DIODE                0.75    0.78   -0.03 (VIOLATED)
_27766_/Y                               0.75    0.78   -0.03 (VIOLATED)
_27827_/C                               0.75    0.78   -0.03 (VIOLATED)
_27828_/B1                              0.75    0.78   -0.03 (VIOLATED)
ANTENNA__27828__B1/DIODE                0.75    0.78   -0.03 (VIOLATED)
ANTENNA__27827__C/DIODE                 0.75    0.78   -0.03 (VIOLATED)
_27826_/Y                               0.75    0.78   -0.03 (VIOLATED)
ANTENNA__29966__A/DIODE                 0.75    0.78   -0.03 (VIOLATED)
_29966_/A                               0.75    0.78   -0.03 (VIOLATED)
_30388_/A                               0.75    0.78   -0.03 (VIOLATED)
ANTENNA__30388__A/DIODE                 0.75    0.78   -0.03 (VIOLATED)
ANTENNA__36609__A2/DIODE                0.75    0.78   -0.03 (VIOLATED)
_36609_/A2                              0.75    0.78   -0.03 (VIOLATED)
_36605_/Y                               0.75    0.78   -0.03 (VIOLATED)
ANTENNA__31845__A/DIODE                 0.75    0.78   -0.03 (VIOLATED)
_31846_/A                               0.75    0.78   -0.03 (VIOLATED)
_31845_/A                               0.75    0.78   -0.03 (VIOLATED)
ANTENNA__31846__A/DIODE                 0.75    0.78   -0.03 (VIOLATED)
_32998_/B                               0.75    0.78   -0.03 (VIOLATED)
_31595_/A                               0.75    0.78   -0.03 (VIOLATED)
ANTENNA__32998__B/DIODE                 0.75    0.78   -0.03 (VIOLATED)
ANTENNA__31595__A/DIODE                 0.75    0.78   -0.03 (VIOLATED)
_31594_/Y                               0.75    0.78   -0.03 (VIOLATED)
ANTENNA_hold3143_A/DIODE                0.75    0.78   -0.03 (VIOLATED)
hold3143/A                              0.75    0.78   -0.03 (VIOLATED)
_42115_/Q                               0.75    0.78   -0.03 (VIOLATED)
_38634_/A2                              0.75    0.78   -0.03 (VIOLATED)
ANTENNA__38634__A2/DIODE                0.75    0.78   -0.03 (VIOLATED)
_38632_/Y                               0.75    0.78   -0.03 (VIOLATED)
_27583_/B                               0.75    0.78   -0.03 (VIOLATED)
ANTENNA__27583__B/DIODE                 0.75    0.78   -0.03 (VIOLATED)
_27584_/B                               0.75    0.78   -0.03 (VIOLATED)
ANTENNA__27584__B/DIODE                 0.75    0.78   -0.03 (VIOLATED)
_27864_/B                               0.75    0.78   -0.03 (VIOLATED)
ANTENNA__27863__B/DIODE                 0.75    0.78   -0.03 (VIOLATED)
_27863_/B                               0.75    0.78   -0.03 (VIOLATED)
ANTENNA__27864__B/DIODE                 0.75    0.78   -0.03 (VIOLATED)
_27582_/Y                               0.75    0.78   -0.03 (VIOLATED)
ANTENNA__20188__A/DIODE                 0.75    0.78   -0.03 (VIOLATED)
_20188_/A                               0.75    0.78   -0.03 (VIOLATED)
_21538_/A                               0.75    0.78   -0.03 (VIOLATED)
ANTENNA__21538__A/DIODE                 0.75    0.78   -0.03 (VIOLATED)
_20164_/A2                              0.75    0.78   -0.03 (VIOLATED)
ANTENNA__20164__A2/DIODE                0.75    0.78   -0.03 (VIOLATED)
_20066_/A2                              0.75    0.78   -0.03 (VIOLATED)
ANTENNA__20066__A2/DIODE                0.75    0.78   -0.03 (VIOLATED)
ANTENNA__20765__A/DIODE                 0.75    0.78   -0.03 (VIOLATED)
_20059_/Y                               0.75    0.78   -0.03 (VIOLATED)
_20765_/A                               0.75    0.78   -0.03 (VIOLATED)
_31264_/A                               0.75    0.78   -0.03 (VIOLATED)
ANTENNA__31264__A/DIODE                 0.75    0.78   -0.03 (VIOLATED)
_31262_/Y                               0.75    0.78   -0.03 (VIOLATED)
_29436_/B                               0.75    0.77   -0.02 (VIOLATED)
ANTENNA__29436__B/DIODE                 0.75    0.77   -0.02 (VIOLATED)
_29437_/B                               0.75    0.77   -0.02 (VIOLATED)
ANTENNA__29437__B/DIODE                 0.75    0.77   -0.02 (VIOLATED)
_33556_/A0                              0.75    0.77   -0.02 (VIOLATED)
ANTENNA__33556__A0/DIODE                0.75    0.77   -0.02 (VIOLATED)
_33396_/A1                              0.75    0.77   -0.02 (VIOLATED)
ANTENNA__33396__A1/DIODE                0.75    0.77   -0.02 (VIOLATED)
_29435_/Y                               0.75    0.77   -0.02 (VIOLATED)
_37925_/A                               0.75    0.77   -0.02 (VIOLATED)
_37913_/A                               0.75    0.77   -0.02 (VIOLATED)
ANTENNA__37913__A/DIODE                 0.75    0.77   -0.02 (VIOLATED)
ANTENNA__37925__A/DIODE                 0.75    0.77   -0.02 (VIOLATED)
_32468_/B2                              0.75    0.77   -0.02 (VIOLATED)
ANTENNA__32468__B2/DIODE                0.75    0.77   -0.02 (VIOLATED)
_31547_/B                               0.75    0.77   -0.02 (VIOLATED)
ANTENNA__31547__B/DIODE                 0.75    0.77   -0.02 (VIOLATED)
_31528_/A                               0.75    0.77   -0.02 (VIOLATED)
ANTENNA__31528__A/DIODE                 0.75    0.77   -0.02 (VIOLATED)
_29985_/A0                              0.75    0.77   -0.02 (VIOLATED)
_28803_/A1                              0.75    0.77   -0.02 (VIOLATED)
_31527_/Y                               0.75    0.77   -0.02 (VIOLATED)
ANTENNA__28803__A1/DIODE                0.75    0.77   -0.02 (VIOLATED)
ANTENNA__29985__A0/DIODE                0.75    0.77   -0.02 (VIOLATED)
ANTENNA__38039__A/DIODE                 0.75    0.77   -0.02 (VIOLATED)
_42216_/Q                               0.75    0.77   -0.02 (VIOLATED)
_38039_/A                               0.75    0.77   -0.02 (VIOLATED)
_37900_/A                               0.75    0.77   -0.02 (VIOLATED)
_37951_/A                               0.75    0.77   -0.02 (VIOLATED)
ANTENNA__37900__A/DIODE                 0.75    0.77   -0.02 (VIOLATED)
ANTENNA__37951__A/DIODE                 0.75    0.77   -0.02 (VIOLATED)
_27535_/A_N                             0.75    0.77   -0.02 (VIOLATED)
ANTENNA__27535__A_N/DIODE               0.75    0.77   -0.02 (VIOLATED)
_27536_/B1_N                            0.75    0.77   -0.02 (VIOLATED)
ANTENNA__27536__B1_N/DIODE              0.75    0.77   -0.02 (VIOLATED)
_27522_/Y                               0.75    0.77   -0.02 (VIOLATED)
_39562_/A2                              0.75    0.77   -0.02 (VIOLATED)
ANTENNA__39562__A2/DIODE                0.75    0.77   -0.02 (VIOLATED)
_39561_/B                               0.75    0.77   -0.02 (VIOLATED)
ANTENNA__39561__B/DIODE                 0.75    0.77   -0.02 (VIOLATED)
_39560_/Y                               0.75    0.77   -0.02 (VIOLATED)
_33522_/A0                              0.75    0.77   -0.02 (VIOLATED)
_33359_/A1                              0.75    0.77   -0.02 (VIOLATED)
ANTENNA__33359__A1/DIODE                0.75    0.77   -0.02 (VIOLATED)
ANTENNA__33522__A0/DIODE                0.75    0.77   -0.02 (VIOLATED)
_29367_/B                               0.75    0.77   -0.02 (VIOLATED)
ANTENNA__29367__B/DIODE                 0.75    0.77   -0.02 (VIOLATED)
_29368_/B                               0.75    0.77   -0.02 (VIOLATED)
ANTENNA__29368__B/DIODE                 0.75    0.77   -0.02 (VIOLATED)
_29366_/Y                               0.75    0.77   -0.02 (VIOLATED)
hold4602/A                              0.75    0.77   -0.02 (VIOLATED)
ANTENNA_hold4602_A/DIODE                0.75    0.77   -0.02 (VIOLATED)
_30108_/A0                              0.75    0.77   -0.02 (VIOLATED)
ANTENNA__28729__A1/DIODE                0.75    0.77   -0.02 (VIOLATED)
_28729_/A1                              0.75    0.77   -0.02 (VIOLATED)
ANTENNA__30108__A0/DIODE                0.75    0.77   -0.02 (VIOLATED)
_42229_/Q                               0.75    0.77   -0.02 (VIOLATED)
_32920_/B                               0.75    0.77   -0.02 (VIOLATED)
ANTENNA__32920__B/DIODE                 0.75    0.77   -0.02 (VIOLATED)
_33189_/A0                              0.75    0.77   -0.02 (VIOLATED)
ANTENNA__33189__A0/DIODE                0.75    0.77   -0.02 (VIOLATED)
max_cap150/A                            0.75    0.77   -0.02 (VIOLATED)
ANTENNA_max_cap150_A/DIODE              0.75    0.77   -0.02 (VIOLATED)
_28935_/Y                               0.75    0.77   -0.02 (VIOLATED)
_37961_/A                               0.75    0.77   -0.02 (VIOLATED)
_38071_/A                               0.75    0.77   -0.02 (VIOLATED)
ANTENNA__38071__A/DIODE                 0.75    0.77   -0.02 (VIOLATED)
_37895_/A                               0.75    0.77   -0.02 (VIOLATED)
ANTENNA__37961__A/DIODE                 0.75    0.77   -0.02 (VIOLATED)
ANTENNA__37895__A/DIODE                 0.75    0.77   -0.02 (VIOLATED)
ANTENNA__28034__A/DIODE                 0.75    0.77   -0.02 (VIOLATED)
_28034_/A                               0.75    0.77   -0.02 (VIOLATED)
_27685_/B                               0.75    0.77   -0.02 (VIOLATED)
_28033_/B1                              0.75    0.77   -0.02 (VIOLATED)
ANTENNA__28033__B1/DIODE                0.75    0.77   -0.02 (VIOLATED)
ANTENNA__27685__B/DIODE                 0.75    0.77   -0.02 (VIOLATED)
ANTENNA__27897__B_N/DIODE               0.75    0.77   -0.02 (VIOLATED)
_27897_/B_N                             0.75    0.77   -0.02 (VIOLATED)
_32772_/B                               0.75    0.77   -0.02 (VIOLATED)
ANTENNA__32772__B/DIODE                 0.75    0.77   -0.02 (VIOLATED)
_33053_/B                               0.75    0.77   -0.02 (VIOLATED)
ANTENNA__33053__B/DIODE                 0.75    0.77   -0.02 (VIOLATED)
_27684_/Y                               0.75    0.77   -0.02 (VIOLATED)
_32558_/B2                              0.75    0.77   -0.02 (VIOLATED)
ANTENNA__32558__B2/DIODE                0.75    0.77   -0.02 (VIOLATED)
_30175_/A0                              0.75    0.77   -0.02 (VIOLATED)
_28680_/A1                              0.75    0.77   -0.02 (VIOLATED)
ANTENNA__28680__A1/DIODE                0.75    0.77   -0.02 (VIOLATED)
ANTENNA__30175__A0/DIODE                0.75    0.77   -0.02 (VIOLATED)
_42234_/Q                               0.75    0.77   -0.02 (VIOLATED)
_39077_/B                               0.75    0.77   -0.02 (VIOLATED)
_39083_/A1                              0.75    0.77   -0.02 (VIOLATED)
ANTENNA__39077__B/DIODE                 0.75    0.77   -0.02 (VIOLATED)
ANTENNA__39083__A1/DIODE                0.75    0.77   -0.02 (VIOLATED)
_39369_/B                               0.75    0.77   -0.02 (VIOLATED)
_39375_/A2                              0.75    0.77   -0.02 (VIOLATED)
_39374_/C                               0.75    0.77   -0.02 (VIOLATED)
ANTENNA__39369__B/DIODE                 0.75    0.77   -0.02 (VIOLATED)
ANTENNA__39374__C/DIODE                 0.75    0.77   -0.02 (VIOLATED)
ANTENNA__39375__A2/DIODE                0.75    0.77   -0.02 (VIOLATED)
ANTENNA__39213__A3/DIODE                0.75    0.77   -0.02 (VIOLATED)
_39213_/A3                              0.75    0.77   -0.02 (VIOLATED)
ANTENNA__29958__A/DIODE                 0.75    0.77   -0.02 (VIOLATED)
_38273_/A                               0.75    0.77   -0.02 (VIOLATED)
ANTENNA__38273__A/DIODE                 0.75    0.77   -0.02 (VIOLATED)
_38272_/A                               0.75    0.77   -0.02 (VIOLATED)
ANTENNA__38272__A/DIODE                 0.75    0.77   -0.02 (VIOLATED)
_29958_/A                               0.75    0.77   -0.02 (VIOLATED)
_29962_/A                               0.75    0.77   -0.02 (VIOLATED)
ANTENNA__29962__A/DIODE                 0.75    0.77   -0.02 (VIOLATED)
output64/A                              0.75    0.77   -0.02 (VIOLATED)
ANTENNA_output64_A/DIODE                0.75    0.77   -0.02 (VIOLATED)
_28612_/A                               0.75    0.77   -0.02 (VIOLATED)
ANTENNA__28612__A/DIODE                 0.75    0.77   -0.02 (VIOLATED)
ANTENNA_hold4628_A/DIODE                0.75    0.77   -0.02 (VIOLATED)
hold4628/A                              0.75    0.77   -0.02 (VIOLATED)
_42114_/Q                               0.75    0.77   -0.02 (VIOLATED)
_32445_/B                               0.75    0.77   -0.02 (VIOLATED)
ANTENNA__32445__B/DIODE                 0.75    0.77   -0.02 (VIOLATED)
ANTENNA_hold4687_A/DIODE                0.75    0.77   -0.02 (VIOLATED)
hold4687/A                              0.75    0.77   -0.02 (VIOLATED)
_42053_/Q                               0.75    0.77   -0.02 (VIOLATED)
_28946_/A                               0.75    0.77   -0.02 (VIOLATED)
_29129_/A1                              0.75    0.77   -0.02 (VIOLATED)
ANTENNA__28946__A/DIODE                 0.75    0.77   -0.02 (VIOLATED)
ANTENNA__29129__A1/DIODE                0.75    0.77   -0.02 (VIOLATED)
_28937_/Y                               0.75    0.77   -0.02 (VIOLATED)
_38945_/B                               0.75    0.77   -0.02 (VIOLATED)
ANTENNA__38945__B/DIODE                 0.75    0.77   -0.02 (VIOLATED)
_38777_/C                               0.75    0.77   -0.02 (VIOLATED)
_38949_/A2                              0.75    0.77   -0.02 (VIOLATED)
ANTENNA__38949__A2/DIODE                0.75    0.77   -0.02 (VIOLATED)
ANTENNA__38777__C/DIODE                 0.75    0.77   -0.02 (VIOLATED)
_20695_/X                               0.75    0.76   -0.01 (VIOLATED)
_30976_/A                               0.75    0.76   -0.01 (VIOLATED)
ANTENNA__30976__A/DIODE                 0.75    0.76   -0.01 (VIOLATED)
_30975_/A                               0.75    0.76   -0.01 (VIOLATED)
ANTENNA__30975__A/DIODE                 0.75    0.76   -0.01 (VIOLATED)
_31102_/A                               0.75    0.76   -0.01 (VIOLATED)
ANTENNA__31102__A/DIODE                 0.75    0.76   -0.01 (VIOLATED)
_42118_/Q                               0.75    0.76   -0.01 (VIOLATED)
ANTENNA__32414__B2/DIODE                0.75    0.76   -0.01 (VIOLATED)
_32414_/B2                              0.75    0.76   -0.01 (VIOLATED)
ANTENNA__33767__A1/DIODE                0.75    0.76   -0.01 (VIOLATED)
_33767_/A1                              0.75    0.76   -0.01 (VIOLATED)
_33918_/A1                              0.75    0.76   -0.01 (VIOLATED)
ANTENNA__33918__A1/DIODE                0.75    0.76   -0.01 (VIOLATED)
ANTENNA__31961__B/DIODE                 0.75    0.76   -0.01 (VIOLATED)
_31961_/B                               0.75    0.76   -0.01 (VIOLATED)
ANTENNA__31962__B/DIODE                 0.75    0.76   -0.01 (VIOLATED)
_31962_/B                               0.75    0.76   -0.01 (VIOLATED)
_31960_/Y                               0.75    0.76   -0.01 (VIOLATED)
_27716_/A1                              0.75    0.76   -0.01 (VIOLATED)
ANTENNA__27716__A1/DIODE                0.75    0.76   -0.01 (VIOLATED)
_29025_/A0                              0.75    0.76   -0.01 (VIOLATED)
ANTENNA__29025__A0/DIODE                0.75    0.76   -0.01 (VIOLATED)
_42206_/Q                               0.75    0.76   -0.01 (VIOLATED)
_28117_/A                               0.75    0.76   -0.01 (VIOLATED)
ANTENNA__28117__A/DIODE                 0.75    0.76   -0.01 (VIOLATED)
_28151_/A                               0.75    0.76   -0.01 (VIOLATED)
ANTENNA__28151__A/DIODE                 0.75    0.76   -0.01 (VIOLATED)
ANTENNA__33092__A0/DIODE                0.75    0.76   -0.01 (VIOLATED)
_33092_/A0                              0.75    0.76   -0.01 (VIOLATED)
max_cap155/A                            0.75    0.76   -0.01 (VIOLATED)
ANTENNA_max_cap155_A/DIODE              0.75    0.76   -0.01 (VIOLATED)
_27848_/Y                               0.75    0.76   -0.01 (VIOLATED)
_32241_/A0                              0.75    0.76   -0.01 (VIOLATED)
ANTENNA__32241__A0/DIODE                0.75    0.76   -0.01 (VIOLATED)
_32413_/A2                              0.75    0.76   -0.01 (VIOLATED)
ANTENNA__32413__A2/DIODE                0.75    0.76   -0.01 (VIOLATED)
max_cap173/A                            0.75    0.76   -0.01 (VIOLATED)
ANTENNA_max_cap173_A/DIODE              0.75    0.76   -0.01 (VIOLATED)
_27717_/Y                               0.75    0.76   -0.01 (VIOLATED)
_37963_/A                               0.75    0.76   -0.01 (VIOLATED)
ANTENNA__37963__A/DIODE                 0.75    0.76   -0.01 (VIOLATED)
ANTENNA__38078__A/DIODE                 0.75    0.76   -0.01 (VIOLATED)
_38078_/A                               0.75    0.76   -0.01 (VIOLATED)
_37894_/A                               0.75    0.76   -0.01 (VIOLATED)
ANTENNA__37894__A/DIODE                 0.75    0.76   -0.01 (VIOLATED)
_31920_/B                               0.75    0.76   -0.01 (VIOLATED)
_31919_/B                               0.75    0.76   -0.01 (VIOLATED)
ANTENNA__31919__B/DIODE                 0.75    0.76   -0.01 (VIOLATED)
ANTENNA__31920__B/DIODE                 0.75    0.76   -0.01 (VIOLATED)
_33755_/A1                              0.75    0.76   -0.01 (VIOLATED)
ANTENNA__33755__A1/DIODE                0.75    0.76   -0.01 (VIOLATED)
ANTENNA__33905__A2/DIODE                0.75    0.76   -0.01 (VIOLATED)
_33905_/A2                              0.75    0.76   -0.01 (VIOLATED)
_31918_/Y                               0.75    0.76   -0.01 (VIOLATED)
_32562_/B2                              0.75    0.76   -0.01 (VIOLATED)
ANTENNA__32562__B2/DIODE                0.75    0.76   -0.01 (VIOLATED)
_30159_/A0                              0.75    0.76   -0.01 (VIOLATED)
ANTENNA__30159__A0/DIODE                0.75    0.76   -0.01 (VIOLATED)
_28696_/A1                              0.75    0.76   -0.01 (VIOLATED)
ANTENNA__28696__A1/DIODE                0.75    0.76   -0.01 (VIOLATED)
_42235_/Q                               0.75    0.76   -0.01 (VIOLATED)
_26302_/A1                              0.75    0.76   -0.01 (VIOLATED)
ANTENNA__26302__A1/DIODE                0.75    0.76   -0.01 (VIOLATED)
ANTENNA__25298__A/DIODE                 0.75    0.76   -0.01 (VIOLATED)
_25298_/A                               0.75    0.76   -0.01 (VIOLATED)
_41468_/Q                               0.75    0.76   -0.01 (VIOLATED)
_28423_/B                               0.75    0.76   -0.01 (VIOLATED)
ANTENNA__28423__B/DIODE                 0.75    0.76   -0.01 (VIOLATED)
_28424_/A_N                             0.75    0.76   -0.01 (VIOLATED)
ANTENNA__28424__A_N/DIODE               0.75    0.76   -0.01 (VIOLATED)
ANTENNA__28125__B/DIODE                 0.75    0.76   -0.01 (VIOLATED)
_28125_/B                               0.75    0.76   -0.01 (VIOLATED)
_28126_/B                               0.75    0.76   -0.01 (VIOLATED)
ANTENNA__28126__B/DIODE                 0.75    0.76   -0.01 (VIOLATED)
ANTENNA__33174__B/DIODE                 0.75    0.76   -0.01 (VIOLATED)
_33174_/B                               0.75    0.76   -0.01 (VIOLATED)
_32906_/B                               0.75    0.76   -0.01 (VIOLATED)
ANTENNA__32906__B/DIODE                 0.75    0.76   -0.01 (VIOLATED)
_28124_/Y                               0.75    0.76   -0.01 (VIOLATED)
_37992_/A                               0.75    0.76   -0.01 (VIOLATED)
_37993_/A                               0.75    0.76   -0.01 (VIOLATED)
ANTENNA__37993__A/DIODE                 0.75    0.76   -0.01 (VIOLATED)
ANTENNA__37992__A/DIODE                 0.75    0.76   -0.01 (VIOLATED)
_37983_/A                               0.75    0.76   -0.01 (VIOLATED)
ANTENNA__37983__A/DIODE                 0.75    0.76   -0.01 (VIOLATED)
_37982_/A                               0.75    0.76   -0.01 (VIOLATED)
ANTENNA__37982__A/DIODE                 0.75    0.76   -0.01 (VIOLATED)
ANTENNA__31684__A/DIODE                 0.75    0.76   -0.01 (VIOLATED)
_31684_/A                               0.75    0.76   -0.01 (VIOLATED)
ANTENNA__31683__A/DIODE                 0.75    0.76   -0.01 (VIOLATED)
_31683_/A                               0.75    0.76   -0.01 (VIOLATED)
ANTENNA__31440__B/DIODE                 0.75    0.76   -0.01 (VIOLATED)
_31443_/B                               0.75    0.76   -0.01 (VIOLATED)
_31440_/B                               0.75    0.76   -0.01 (VIOLATED)
ANTENNA__31443__B/DIODE                 0.75    0.76   -0.01 (VIOLATED)
_32583_/B2                              0.75    0.76   -0.01 (VIOLATED)
ANTENNA__32577__B2/DIODE                0.75    0.76   -0.01 (VIOLATED)
_33225_/B                               0.75    0.76   -0.01 (VIOLATED)
ANTENNA__33225__B/DIODE                 0.75    0.76   -0.01 (VIOLATED)
ANTENNA__32959__B/DIODE                 0.75    0.76   -0.01 (VIOLATED)
_31439_/X                               0.75    0.76   -0.01 (VIOLATED)
_32959_/B                               0.75    0.76   -0.01 (VIOLATED)
_32577_/B2                              0.75    0.76   -0.01 (VIOLATED)
ANTENNA__32583__B2/DIODE                0.75    0.76   -0.01 (VIOLATED)
_30221_/A0                              0.75    0.76   -0.01 (VIOLATED)
ANTENNA__30221__A0/DIODE                0.75    0.76   -0.01 (VIOLATED)
_33329_/A1                              0.75    0.76   -0.01 (VIOLATED)
ANTENNA__33329__A1/DIODE                0.75    0.76   -0.01 (VIOLATED)
ANTENNA__29025__A1/DIODE                0.75    0.76   -0.01 (VIOLATED)
_29025_/A1                              0.75    0.76   -0.01 (VIOLATED)
_42238_/Q                               0.75    0.76   -0.01 (VIOLATED)
_33498_/A2                              0.75    0.76   -0.01 (VIOLATED)
ANTENNA__33498__A2/DIODE                0.75    0.76   -0.01 (VIOLATED)
ANTENNA__29334__B/DIODE                 0.75    0.76   -0.01 (VIOLATED)
ANTENNA__29357__A/DIODE                 0.75    0.76   -0.01 (VIOLATED)
ANTENNA__29359__B/DIODE                 0.75    0.76   -0.01 (VIOLATED)
_29333_/X                               0.75    0.76   -0.01 (VIOLATED)
_29334_/B                               0.75    0.76   -0.01 (VIOLATED)
_29357_/A                               0.75    0.76   -0.01 (VIOLATED)
_29359_/B                               0.75    0.76   -0.01 (VIOLATED)
_29032_/A1                              0.75    0.76   -0.01 (VIOLATED)
ANTENNA__29032__A1/DIODE                0.75    0.76   -0.01 (VIOLATED)
_30293_/A0                              0.75    0.76   -0.01 (VIOLATED)
ANTENNA__30293__A0/DIODE                0.75    0.76   -0.01 (VIOLATED)
_42239_/Q                               0.75    0.76   -0.01 (VIOLATED)
_26692_/A0                              0.75    0.76   -0.01 (VIOLATED)
ANTENNA__26692__A0/DIODE                0.75    0.76   -0.01 (VIOLATED)
ANTENNA_hold3015_A/DIODE                0.75    0.76   -0.01 (VIOLATED)
hold3015/A                              0.75    0.76   -0.01 (VIOLATED)
ANTENNA__25177__A/DIODE                 0.75    0.76   -0.01 (VIOLATED)
_25177_/A                               0.75    0.76   -0.01 (VIOLATED)
_41422_/Q                               0.75    0.76   -0.01 (VIOLATED)
output65/A                              0.75    0.75   -0.00 (VIOLATED)
ANTENNA_output65_A/DIODE                0.75    0.75   -0.00 (VIOLATED)
ANTENNA__33614__A0/DIODE                0.75    0.75   -0.00 (VIOLATED)
_33614_/A0                              0.75    0.75   -0.00 (VIOLATED)
_33455_/A1                              0.75    0.75   -0.00 (VIOLATED)
ANTENNA__33455__A1/DIODE                0.75    0.75   -0.00 (VIOLATED)
_29611_/B                               0.75    0.75   -0.00 (VIOLATED)
ANTENNA__29611__B/DIODE                 0.75    0.75   -0.00 (VIOLATED)
_29610_/B                               0.75    0.75   -0.00 (VIOLATED)
ANTENNA__29610__B/DIODE                 0.75    0.75   -0.00 (VIOLATED)
_29609_/Y                               0.75    0.75   -0.00 (VIOLATED)
_36962_/A2                              0.75    0.75   -0.00 (VIOLATED)
ANTENNA__36962__A2/DIODE                0.75    0.75   -0.00 (VIOLATED)
_20710_/X                               0.75    0.75   -0.00 (VIOLATED)
_36960_/Y                               0.75    0.75   -0.00 (VIOLATED)
_39002_/A                               0.75    0.75   -0.00 (VIOLATED)
ANTENNA__39002__A/DIODE                 0.75    0.75   -0.00 (VIOLATED)
_39000_/A                               0.75    0.75   -0.00 (VIOLATED)
ANTENNA__39000__A/DIODE                 0.75    0.75   -0.00 (VIOLATED)
hold4519/A                              0.75    0.75   -0.00 (VIOLATED)
ANTENNA_hold4519_A/DIODE                0.75    0.75   -0.00 (VIOLATED)
_43630_/Q                               0.75    0.75   -0.00 (VIOLATED)

max fanout

Pin                                   Limit Fanout  Slack
---------------------------------------------------------
clkbuf_6_2_0_clk/X                        6     36    -30 (VIOLATED)
clkbuf_6_31_0_clk/X                       6     36    -30 (VIOLATED)
clkbuf_6_1_0_clk/X                        6     34    -28 (VIOLATED)
clkbuf_6_26_0_clk/X                       6     34    -28 (VIOLATED)
clkbuf_6_47_0_clk/X                       6     34    -28 (VIOLATED)
clkbuf_6_15_0_clk/X                       6     32    -26 (VIOLATED)
clkbuf_6_28_0_clk/X                       6     32    -26 (VIOLATED)
clkbuf_6_5_0_clk/X                        6     32    -26 (VIOLATED)
clkbuf_6_0_0_clk/X                        6     30    -24 (VIOLATED)
clkbuf_6_16_0_clk/X                       6     30    -24 (VIOLATED)
clkbuf_6_17_0_clk/X                       6     30    -24 (VIOLATED)
clkbuf_6_20_0_clk/X                       6     30    -24 (VIOLATED)
clkbuf_6_25_0_clk/X                       6     30    -24 (VIOLATED)
clkbuf_6_34_0_clk/X                       6     30    -24 (VIOLATED)
clkbuf_6_35_0_clk/X                       6     30    -24 (VIOLATED)
clkbuf_6_45_0_clk/X                       6     30    -24 (VIOLATED)
clkbuf_6_46_0_clk/X                       6     30    -24 (VIOLATED)
clkbuf_6_58_0_clk/X                       6     30    -24 (VIOLATED)
clkbuf_6_7_0_clk/X                        6     30    -24 (VIOLATED)
clkbuf_6_11_0_clk/X                       6     28    -22 (VIOLATED)
clkbuf_6_23_0_clk/X                       6     28    -22 (VIOLATED)
clkbuf_6_32_0_clk/X                       6     28    -22 (VIOLATED)
clkbuf_6_33_0_clk/X                       6     28    -22 (VIOLATED)
clkbuf_6_40_0_clk/X                       6     28    -22 (VIOLATED)
clkbuf_6_10_0_clk/X                       6     26    -20 (VIOLATED)
clkbuf_6_12_0_clk/X                       6     26    -20 (VIOLATED)
clkbuf_6_18_0_clk/X                       6     26    -20 (VIOLATED)
clkbuf_6_19_0_clk/X                       6     26    -20 (VIOLATED)
clkbuf_6_30_0_clk/X                       6     26    -20 (VIOLATED)
clkbuf_6_36_0_clk/X                       6     26    -20 (VIOLATED)
clkbuf_6_37_0_clk/X                       6     26    -20 (VIOLATED)
clkbuf_6_38_0_clk/X                       6     26    -20 (VIOLATED)
clkbuf_6_39_0_clk/X                       6     26    -20 (VIOLATED)
clkbuf_6_3_0_clk/X                        6     26    -20 (VIOLATED)
clkbuf_6_59_0_clk/X                       6     26    -20 (VIOLATED)
clkbuf_6_9_0_clk/X                        6     26    -20 (VIOLATED)
_42201_/Q                                 6     24    -18 (VIOLATED)
clkbuf_6_13_0_clk/X                       6     24    -18 (VIOLATED)
clkbuf_6_21_0_clk/X                       6     24    -18 (VIOLATED)
clkbuf_6_22_0_clk/X                       6     24    -18 (VIOLATED)
clkbuf_6_24_0_clk/X                       6     24    -18 (VIOLATED)
clkbuf_6_27_0_clk/X                       6     24    -18 (VIOLATED)
clkbuf_6_29_0_clk/X                       6     24    -18 (VIOLATED)
clkbuf_6_43_0_clk/X                       6     24    -18 (VIOLATED)
clkbuf_6_48_0_clk/X                       6     24    -18 (VIOLATED)
clkbuf_6_4_0_clk/X                        6     24    -18 (VIOLATED)
clkbuf_6_56_0_clk/X                       6     24    -18 (VIOLATED)
clkbuf_6_63_0_clk/X                       6     24    -18 (VIOLATED)
clkbuf_6_14_0_clk/X                       6     22    -16 (VIOLATED)
clkbuf_6_44_0_clk/X                       6     22    -16 (VIOLATED)
clkbuf_6_41_0_clk/X                       6     20    -14 (VIOLATED)
clkbuf_6_42_0_clk/X                       6     20    -14 (VIOLATED)
clkbuf_6_61_0_clk/X                       6     20    -14 (VIOLATED)
clkbuf_6_6_0_clk/X                        6     20    -14 (VIOLATED)
clkbuf_6_8_0_clk/X                        6     20    -14 (VIOLATED)
clkbuf_6_49_0_clk/X                       6     18    -12 (VIOLATED)
clkbuf_6_57_0_clk/X                       6     18    -12 (VIOLATED)
clkbuf_3_0_0_clk/X                        6     16    -10 (VIOLATED)
clkbuf_3_1_0_clk/X                        6     16    -10 (VIOLATED)
clkbuf_3_2_0_clk/X                        6     16    -10 (VIOLATED)
clkbuf_3_3_0_clk/X                        6     16    -10 (VIOLATED)
clkbuf_3_4_0_clk/X                        6     16    -10 (VIOLATED)
clkbuf_3_5_0_clk/X                        6     16    -10 (VIOLATED)
clkbuf_3_6_0_clk/X                        6     16    -10 (VIOLATED)
clkbuf_3_7_0_clk/X                        6     16    -10 (VIOLATED)
clkbuf_6_50_0_clk/X                       6     16    -10 (VIOLATED)
clkbuf_6_60_0_clk/X                       6     16    -10 (VIOLATED)
clkbuf_6_62_0_clk/X                       6     16    -10 (VIOLATED)
_21731_/X                                 6     15     -9 (VIOLATED)
_22451_/X                                 6     15     -9 (VIOLATED)
clkbuf_6_51_0_clk/X                       6     14     -8 (VIOLATED)
clkbuf_6_55_0_clk/X                       6     14     -8 (VIOLATED)
_19961_/X                                 6     13     -7 (VIOLATED)
_26951_/X                                 6     13     -7 (VIOLATED)
_28906_/X                                 6     13     -7 (VIOLATED)
_32779_/X                                 6     13     -7 (VIOLATED)
_33622_/X                                 6     13     -7 (VIOLATED)
_35537_/X                                 6     13     -7 (VIOLATED)
_42032_/Q                                 6     13     -7 (VIOLATED)
_42374_/Q                                 6     13     -7 (VIOLATED)
_19962_/X                                 6     12     -6 (VIOLATED)
_19963_/X                                 6     12     -6 (VIOLATED)
_19966_/X                                 6     12     -6 (VIOLATED)
_19968_/X                                 6     12     -6 (VIOLATED)
_19969_/X                                 6     12     -6 (VIOLATED)
_19970_/X                                 6     12     -6 (VIOLATED)
_19986_/X                                 6     12     -6 (VIOLATED)
_19989_/X                                 6     12     -6 (VIOLATED)
_19990_/X                                 6     12     -6 (VIOLATED)
_19993_/X                                 6     12     -6 (VIOLATED)
_19994_/X                                 6     12     -6 (VIOLATED)
_19995_/X                                 6     12     -6 (VIOLATED)
_19997_/X                                 6     12     -6 (VIOLATED)
_19998_/Y                                 6     12     -6 (VIOLATED)
_20004_/X                                 6     12     -6 (VIOLATED)
_20007_/X                                 6     12     -6 (VIOLATED)
_20008_/X                                 6     12     -6 (VIOLATED)
_20013_/X                                 6     12     -6 (VIOLATED)
_20014_/X                                 6     12     -6 (VIOLATED)
_20015_/X                                 6     12     -6 (VIOLATED)
_20016_/X                                 6     12     -6 (VIOLATED)
_20020_/X                                 6     12     -6 (VIOLATED)
_20024_/X                                 6     12     -6 (VIOLATED)
_20025_/X                                 6     12     -6 (VIOLATED)
_20026_/X                                 6     12     -6 (VIOLATED)
_20028_/X                                 6     12     -6 (VIOLATED)
_20029_/X                                 6     12     -6 (VIOLATED)
_20039_/X                                 6     12     -6 (VIOLATED)
_20047_/X                                 6     12     -6 (VIOLATED)
_20050_/X                                 6     12     -6 (VIOLATED)
_20071_/X                                 6     12     -6 (VIOLATED)
_20073_/X                                 6     12     -6 (VIOLATED)
_20101_/X                                 6     12     -6 (VIOLATED)
_20105_/X                                 6     12     -6 (VIOLATED)
_20109_/X                                 6     12     -6 (VIOLATED)
_20115_/X                                 6     12     -6 (VIOLATED)
_20118_/X                                 6     12     -6 (VIOLATED)
_20121_/X                                 6     12     -6 (VIOLATED)
_20126_/X                                 6     12     -6 (VIOLATED)
_20129_/X                                 6     12     -6 (VIOLATED)
_20133_/X                                 6     12     -6 (VIOLATED)
_20142_/X                                 6     12     -6 (VIOLATED)
_20144_/X                                 6     12     -6 (VIOLATED)
_20151_/X                                 6     12     -6 (VIOLATED)
_20152_/X                                 6     12     -6 (VIOLATED)
_20154_/X                                 6     12     -6 (VIOLATED)
_20158_/X                                 6     12     -6 (VIOLATED)
_20159_/X                                 6     12     -6 (VIOLATED)
_20160_/X                                 6     12     -6 (VIOLATED)
_20162_/X                                 6     12     -6 (VIOLATED)
_20163_/X                                 6     12     -6 (VIOLATED)
_20167_/X                                 6     12     -6 (VIOLATED)
_20170_/X                                 6     12     -6 (VIOLATED)
_20173_/X                                 6     12     -6 (VIOLATED)
_20174_/X                                 6     12     -6 (VIOLATED)
_20177_/X                                 6     12     -6 (VIOLATED)
_20183_/X                                 6     12     -6 (VIOLATED)
_20189_/X                                 6     12     -6 (VIOLATED)
_20190_/X                                 6     12     -6 (VIOLATED)
_20193_/X                                 6     12     -6 (VIOLATED)
_20198_/X                                 6     12     -6 (VIOLATED)
_20201_/X                                 6     12     -6 (VIOLATED)
_20202_/X                                 6     12     -6 (VIOLATED)
_20245_/X                                 6     12     -6 (VIOLATED)
_20250_/X                                 6     12     -6 (VIOLATED)
_20279_/X                                 6     12     -6 (VIOLATED)
_20285_/X                                 6     12     -6 (VIOLATED)
_20287_/X                                 6     12     -6 (VIOLATED)
_20646_/X                                 6     12     -6 (VIOLATED)
_20773_/X                                 6     12     -6 (VIOLATED)
_20775_/X                                 6     12     -6 (VIOLATED)
_20776_/X                                 6     12     -6 (VIOLATED)
_20778_/X                                 6     12     -6 (VIOLATED)
_20779_/X                                 6     12     -6 (VIOLATED)
_20780_/X                                 6     12     -6 (VIOLATED)
_20782_/X                                 6     12     -6 (VIOLATED)
_20784_/X                                 6     12     -6 (VIOLATED)
_20789_/X                                 6     12     -6 (VIOLATED)
_20790_/X                                 6     12     -6 (VIOLATED)
_20791_/X                                 6     12     -6 (VIOLATED)
_20792_/X                                 6     12     -6 (VIOLATED)
_20795_/X                                 6     12     -6 (VIOLATED)
_20796_/X                                 6     12     -6 (VIOLATED)
_20799_/X                                 6     12     -6 (VIOLATED)
_20800_/X                                 6     12     -6 (VIOLATED)
_20803_/X                                 6     12     -6 (VIOLATED)
_20804_/X                                 6     12     -6 (VIOLATED)
_20807_/X                                 6     12     -6 (VIOLATED)
_20808_/X                                 6     12     -6 (VIOLATED)
_20811_/X                                 6     12     -6 (VIOLATED)
_20814_/X                                 6     12     -6 (VIOLATED)
_20820_/X                                 6     12     -6 (VIOLATED)
_20823_/X                                 6     12     -6 (VIOLATED)
_20826_/X                                 6     12     -6 (VIOLATED)
_20829_/X                                 6     12     -6 (VIOLATED)
_20832_/X                                 6     12     -6 (VIOLATED)
_20835_/X                                 6     12     -6 (VIOLATED)
_20841_/X                                 6     12     -6 (VIOLATED)
_20844_/X                                 6     12     -6 (VIOLATED)
_20847_/X                                 6     12     -6 (VIOLATED)
_20850_/X                                 6     12     -6 (VIOLATED)
_20853_/X                                 6     12     -6 (VIOLATED)
_20856_/X                                 6     12     -6 (VIOLATED)
_20860_/X                                 6     12     -6 (VIOLATED)
_20863_/X                                 6     12     -6 (VIOLATED)
_20866_/X                                 6     12     -6 (VIOLATED)
_20869_/X                                 6     12     -6 (VIOLATED)
_20872_/X                                 6     12     -6 (VIOLATED)
_20875_/X                                 6     12     -6 (VIOLATED)
_20878_/X                                 6     12     -6 (VIOLATED)
_20884_/X                                 6     12     -6 (VIOLATED)
_20887_/X                                 6     12     -6 (VIOLATED)
_20890_/X                                 6     12     -6 (VIOLATED)
_20893_/X                                 6     12     -6 (VIOLATED)
_20896_/X                                 6     12     -6 (VIOLATED)
_20899_/X                                 6     12     -6 (VIOLATED)
_20901_/X                                 6     12     -6 (VIOLATED)
_20903_/X                                 6     12     -6 (VIOLATED)
_20907_/X                                 6     12     -6 (VIOLATED)
_20966_/X                                 6     12     -6 (VIOLATED)
_20967_/X                                 6     12     -6 (VIOLATED)
_20983_/X                                 6     12     -6 (VIOLATED)
_20992_/X                                 6     12     -6 (VIOLATED)
_20995_/X                                 6     12     -6 (VIOLATED)
_21047_/X                                 6     12     -6 (VIOLATED)
_21062_/X                                 6     12     -6 (VIOLATED)
_21063_/X                                 6     12     -6 (VIOLATED)
_21076_/X                                 6     12     -6 (VIOLATED)
_21079_/X                                 6     12     -6 (VIOLATED)
_21156_/X                                 6     12     -6 (VIOLATED)
_21161_/X                                 6     12     -6 (VIOLATED)
_21164_/X                                 6     12     -6 (VIOLATED)
_21235_/X                                 6     12     -6 (VIOLATED)
_21244_/X                                 6     12     -6 (VIOLATED)
_21247_/X                                 6     12     -6 (VIOLATED)
_21254_/X                                 6     12     -6 (VIOLATED)
_21255_/X                                 6     12     -6 (VIOLATED)
_21327_/X                                 6     12     -6 (VIOLATED)
_21329_/X                                 6     12     -6 (VIOLATED)
_21332_/X                                 6     12     -6 (VIOLATED)
_21337_/X                                 6     12     -6 (VIOLATED)
_21340_/X                                 6     12     -6 (VIOLATED)
_21343_/X                                 6     12     -6 (VIOLATED)
_21346_/X                                 6     12     -6 (VIOLATED)
_21349_/X                                 6     12     -6 (VIOLATED)
_21352_/X                                 6     12     -6 (VIOLATED)
_21356_/X                                 6     12     -6 (VIOLATED)
_21359_/X                                 6     12     -6 (VIOLATED)
_21362_/X                                 6     12     -6 (VIOLATED)
_21365_/X                                 6     12     -6 (VIOLATED)
_21368_/X                                 6     12     -6 (VIOLATED)
_21371_/X                                 6     12     -6 (VIOLATED)
_21374_/X                                 6     12     -6 (VIOLATED)
_21380_/X                                 6     12     -6 (VIOLATED)
_21383_/X                                 6     12     -6 (VIOLATED)
_21386_/X                                 6     12     -6 (VIOLATED)
_21389_/X                                 6     12     -6 (VIOLATED)
_21392_/X                                 6     12     -6 (VIOLATED)
_21395_/X                                 6     12     -6 (VIOLATED)
_21401_/X                                 6     12     -6 (VIOLATED)
_21404_/X                                 6     12     -6 (VIOLATED)
_21407_/X                                 6     12     -6 (VIOLATED)
_21410_/X                                 6     12     -6 (VIOLATED)
_21413_/X                                 6     12     -6 (VIOLATED)
_21416_/X                                 6     12     -6 (VIOLATED)
_21422_/X                                 6     12     -6 (VIOLATED)
_21425_/X                                 6     12     -6 (VIOLATED)
_21428_/X                                 6     12     -6 (VIOLATED)
_21431_/X                                 6     12     -6 (VIOLATED)
_21434_/X                                 6     12     -6 (VIOLATED)
_21437_/X                                 6     12     -6 (VIOLATED)
_21439_/X                                 6     12     -6 (VIOLATED)
_21441_/X                                 6     12     -6 (VIOLATED)
_21474_/X                                 6     12     -6 (VIOLATED)
_21520_/X                                 6     12     -6 (VIOLATED)
_21532_/X                                 6     12     -6 (VIOLATED)
_21533_/X                                 6     12     -6 (VIOLATED)
_21536_/X                                 6     12     -6 (VIOLATED)
_21539_/X                                 6     12     -6 (VIOLATED)
_21576_/X                                 6     12     -6 (VIOLATED)
_21577_/X                                 6     12     -6 (VIOLATED)
_21578_/X                                 6     12     -6 (VIOLATED)
_21579_/X                                 6     12     -6 (VIOLATED)
_21622_/X                                 6     12     -6 (VIOLATED)
_21625_/X                                 6     12     -6 (VIOLATED)
_21673_/X                                 6     12     -6 (VIOLATED)
_21702_/X                                 6     12     -6 (VIOLATED)
_21717_/X                                 6     12     -6 (VIOLATED)
_21719_/X                                 6     12     -6 (VIOLATED)
_21721_/X                                 6     12     -6 (VIOLATED)
_21722_/X                                 6     12     -6 (VIOLATED)
_21732_/X                                 6     12     -6 (VIOLATED)
_21733_/X                                 6     12     -6 (VIOLATED)
_21734_/X                                 6     12     -6 (VIOLATED)
_21737_/X                                 6     12     -6 (VIOLATED)
_21739_/X                                 6     12     -6 (VIOLATED)
_21741_/X                                 6     12     -6 (VIOLATED)
_21743_/X                                 6     12     -6 (VIOLATED)
_21745_/X                                 6     12     -6 (VIOLATED)
_21749_/X                                 6     12     -6 (VIOLATED)
_21785_/X                                 6     12     -6 (VIOLATED)
_21816_/X                                 6     12     -6 (VIOLATED)
_21827_/X                                 6     12     -6 (VIOLATED)
_21830_/X                                 6     12     -6 (VIOLATED)
_21835_/X                                 6     12     -6 (VIOLATED)
_21837_/X                                 6     12     -6 (VIOLATED)
_21840_/X                                 6     12     -6 (VIOLATED)
_21843_/X                                 6     12     -6 (VIOLATED)
_21883_/X                                 6     12     -6 (VIOLATED)
_21912_/X                                 6     12     -6 (VIOLATED)
_21917_/X                                 6     12     -6 (VIOLATED)
_21931_/X                                 6     12     -6 (VIOLATED)
_21935_/X                                 6     12     -6 (VIOLATED)
_21940_/X                                 6     12     -6 (VIOLATED)
_21943_/X                                 6     12     -6 (VIOLATED)
_21946_/X                                 6     12     -6 (VIOLATED)
_21949_/X                                 6     12     -6 (VIOLATED)
_21952_/X                                 6     12     -6 (VIOLATED)
_21956_/X                                 6     12     -6 (VIOLATED)
_21961_/X                                 6     12     -6 (VIOLATED)
_21964_/X                                 6     12     -6 (VIOLATED)
_21967_/X                                 6     12     -6 (VIOLATED)
_21970_/X                                 6     12     -6 (VIOLATED)
_21973_/X                                 6     12     -6 (VIOLATED)
_21977_/X                                 6     12     -6 (VIOLATED)
_21982_/X                                 6     12     -6 (VIOLATED)
_21985_/X                                 6     12     -6 (VIOLATED)
_21988_/X                                 6     12     -6 (VIOLATED)
_21991_/X                                 6     12     -6 (VIOLATED)
_21994_/X                                 6     12     -6 (VIOLATED)
_21996_/X                                 6     12     -6 (VIOLATED)
_21999_/X                                 6     12     -6 (VIOLATED)
_22004_/X                                 6     12     -6 (VIOLATED)
_22007_/X                                 6     12     -6 (VIOLATED)
_22010_/X                                 6     12     -6 (VIOLATED)
_22013_/X                                 6     12     -6 (VIOLATED)
_22016_/X                                 6     12     -6 (VIOLATED)
_22018_/X                                 6     12     -6 (VIOLATED)
_22020_/X                                 6     12     -6 (VIOLATED)
_22023_/X                                 6     12     -6 (VIOLATED)
_22027_/X                                 6     12     -6 (VIOLATED)
_22030_/X                                 6     12     -6 (VIOLATED)
_22099_/X                                 6     12     -6 (VIOLATED)
_22100_/X                                 6     12     -6 (VIOLATED)
_22111_/X                                 6     12     -6 (VIOLATED)
_22114_/X                                 6     12     -6 (VIOLATED)
_22192_/X                                 6     12     -6 (VIOLATED)
_22193_/X                                 6     12     -6 (VIOLATED)
_22194_/X                                 6     12     -6 (VIOLATED)
_22197_/X                                 6     12     -6 (VIOLATED)
_22200_/X                                 6     12     -6 (VIOLATED)
_22273_/X                                 6     12     -6 (VIOLATED)
_22279_/X                                 6     12     -6 (VIOLATED)
_22284_/X                                 6     12     -6 (VIOLATED)
_22288_/X                                 6     12     -6 (VIOLATED)
_22355_/X                                 6     12     -6 (VIOLATED)
_22366_/X                                 6     12     -6 (VIOLATED)
_22369_/X                                 6     12     -6 (VIOLATED)
_22374_/X                                 6     12     -6 (VIOLATED)
_22376_/X                                 6     12     -6 (VIOLATED)
_22379_/X                                 6     12     -6 (VIOLATED)
_22382_/X                                 6     12     -6 (VIOLATED)
_22392_/X                                 6     12     -6 (VIOLATED)
_22423_/X                                 6     12     -6 (VIOLATED)
_22454_/X                                 6     12     -6 (VIOLATED)
_22457_/X                                 6     12     -6 (VIOLATED)
_22469_/X                                 6     12     -6 (VIOLATED)
_22473_/X                                 6     12     -6 (VIOLATED)
_22478_/X                                 6     12     -6 (VIOLATED)
_22481_/X                                 6     12     -6 (VIOLATED)
_22484_/X                                 6     12     -6 (VIOLATED)
_22487_/X                                 6     12     -6 (VIOLATED)
_22490_/X                                 6     12     -6 (VIOLATED)
_22492_/X                                 6     12     -6 (VIOLATED)
_22495_/X                                 6     12     -6 (VIOLATED)
_22500_/X                                 6     12     -6 (VIOLATED)
_22503_/X                                 6     12     -6 (VIOLATED)
_22506_/X                                 6     12     -6 (VIOLATED)
_22509_/X                                 6     12     -6 (VIOLATED)
_22512_/X                                 6     12     -6 (VIOLATED)
_22516_/X                                 6     12     -6 (VIOLATED)
_22521_/X                                 6     12     -6 (VIOLATED)
_22524_/X                                 6     12     -6 (VIOLATED)
_22527_/X                                 6     12     -6 (VIOLATED)
_22530_/X                                 6     12     -6 (VIOLATED)
_22533_/X                                 6     12     -6 (VIOLATED)
_22535_/X                                 6     12     -6 (VIOLATED)
_22537_/X                                 6     12     -6 (VIOLATED)
_22542_/X                                 6     12     -6 (VIOLATED)
_22545_/X                                 6     12     -6 (VIOLATED)
_22548_/X                                 6     12     -6 (VIOLATED)
_22551_/X                                 6     12     -6 (VIOLATED)
_22554_/X                                 6     12     -6 (VIOLATED)
_22556_/X                                 6     12     -6 (VIOLATED)
_22558_/X                                 6     12     -6 (VIOLATED)
_22561_/X                                 6     12     -6 (VIOLATED)
_22565_/X                                 6     12     -6 (VIOLATED)
_22568_/X                                 6     12     -6 (VIOLATED)
_22607_/X                                 6     12     -6 (VIOLATED)
_22638_/X                                 6     12     -6 (VIOLATED)
_22652_/X                                 6     12     -6 (VIOLATED)
_22655_/X                                 6     12     -6 (VIOLATED)
_22660_/X                                 6     12     -6 (VIOLATED)
_22705_/X                                 6     12     -6 (VIOLATED)
_22706_/X                                 6     12     -6 (VIOLATED)
_22734_/X                                 6     12     -6 (VIOLATED)
_22737_/X                                 6     12     -6 (VIOLATED)
_22740_/X                                 6     12     -6 (VIOLATED)
_22798_/X                                 6     12     -6 (VIOLATED)
_22799_/X                                 6     12     -6 (VIOLATED)
_22800_/X                                 6     12     -6 (VIOLATED)
_22815_/X                                 6     12     -6 (VIOLATED)
_22822_/X                                 6     12     -6 (VIOLATED)
_22825_/X                                 6     12     -6 (VIOLATED)
_22879_/X                                 6     12     -6 (VIOLATED)
_22894_/X                                 6     12     -6 (VIOLATED)
_22895_/X                                 6     12     -6 (VIOLATED)
_22906_/X                                 6     12     -6 (VIOLATED)
_22909_/X                                 6     12     -6 (VIOLATED)
_22929_/X                                 6     12     -6 (VIOLATED)
_22959_/X                                 6     12     -6 (VIOLATED)
_22987_/X                                 6     12     -6 (VIOLATED)
_22988_/X                                 6     12     -6 (VIOLATED)
_22991_/X                                 6     12     -6 (VIOLATED)
_22994_/X                                 6     12     -6 (VIOLATED)
_23067_/X                                 6     12     -6 (VIOLATED)
_23074_/X                                 6     12     -6 (VIOLATED)
_23077_/X                                 6     12     -6 (VIOLATED)
_23086_/X                                 6     12     -6 (VIOLATED)
_23147_/X                                 6     12     -6 (VIOLATED)
_23157_/X                                 6     12     -6 (VIOLATED)
_23191_/X                                 6     12     -6 (VIOLATED)
_23192_/X                                 6     12     -6 (VIOLATED)
_23193_/X                                 6     12     -6 (VIOLATED)
_23200_/X                                 6     12     -6 (VIOLATED)
_23201_/X                                 6     12     -6 (VIOLATED)
_23255_/X                                 6     12     -6 (VIOLATED)
_23262_/X                                 6     12     -6 (VIOLATED)
_23315_/X                                 6     12     -6 (VIOLATED)
_23323_/X                                 6     12     -6 (VIOLATED)
_23377_/X                                 6     12     -6 (VIOLATED)
_23397_/X                                 6     12     -6 (VIOLATED)
_23437_/X                                 6     12     -6 (VIOLATED)
_23445_/X                                 6     12     -6 (VIOLATED)
_23446_/X                                 6     12     -6 (VIOLATED)
_23479_/X                                 6     12     -6 (VIOLATED)
_23499_/X                                 6     12     -6 (VIOLATED)
_23559_/X                                 6     12     -6 (VIOLATED)
_23560_/X                                 6     12     -6 (VIOLATED)
_23567_/X                                 6     12     -6 (VIOLATED)
_23581_/X                                 6     12     -6 (VIOLATED)
_23588_/X                                 6     12     -6 (VIOLATED)
_23608_/X                                 6     12     -6 (VIOLATED)
_23681_/X                                 6     12     -6 (VIOLATED)
_23689_/X                                 6     12     -6 (VIOLATED)
_23690_/X                                 6     12     -6 (VIOLATED)
_23710_/X                                 6     12     -6 (VIOLATED)
_23803_/X                                 6     12     -6 (VIOLATED)
_23804_/X                                 6     12     -6 (VIOLATED)
_23811_/X                                 6     12     -6 (VIOLATED)
_23812_/X                                 6     12     -6 (VIOLATED)
_23826_/X                                 6     12     -6 (VIOLATED)
_23833_/X                                 6     12     -6 (VIOLATED)
_23846_/X                                 6     12     -6 (VIOLATED)
_23886_/X                                 6     12     -6 (VIOLATED)
_23926_/X                                 6     12     -6 (VIOLATED)
_23927_/X                                 6     12     -6 (VIOLATED)
_23928_/X                                 6     12     -6 (VIOLATED)
_23935_/X                                 6     12     -6 (VIOLATED)
_23989_/X                                 6     12     -6 (VIOLATED)
_23996_/X                                 6     12     -6 (VIOLATED)
_24016_/X                                 6     12     -6 (VIOLATED)
_24029_/X                                 6     12     -6 (VIOLATED)
_24036_/X                                 6     12     -6 (VIOLATED)
_24049_/X                                 6     12     -6 (VIOLATED)
_24050_/X                                 6     12     -6 (VIOLATED)
_24057_/X                                 6     12     -6 (VIOLATED)
_24058_/X                                 6     12     -6 (VIOLATED)
_24098_/X                                 6     12     -6 (VIOLATED)
_24131_/X                                 6     12     -6 (VIOLATED)
_24151_/X                                 6     12     -6 (VIOLATED)
_24171_/X                                 6     12     -6 (VIOLATED)
_24179_/X                                 6     12     -6 (VIOLATED)
_24213_/X                                 6     12     -6 (VIOLATED)
_24233_/X                                 6     12     -6 (VIOLATED)
_24240_/X                                 6     12     -6 (VIOLATED)
_24253_/X                                 6     12     -6 (VIOLATED)
_24260_/X                                 6     12     -6 (VIOLATED)
_24293_/X                                 6     12     -6 (VIOLATED)
_24301_/X                                 6     12     -6 (VIOLATED)
_24322_/X                                 6     12     -6 (VIOLATED)
_24342_/X                                 6     12     -6 (VIOLATED)
_24415_/X                                 6     12     -6 (VIOLATED)
_24423_/X                                 6     12     -6 (VIOLATED)
_24457_/X                                 6     12     -6 (VIOLATED)
_24524_/X                                 6     12     -6 (VIOLATED)
_24537_/X                                 6     12     -6 (VIOLATED)
_24545_/X                                 6     12     -6 (VIOLATED)
_24546_/X                                 6     12     -6 (VIOLATED)
_24547_/X                                 6     12     -6 (VIOLATED)
_24560_/X                                 6     12     -6 (VIOLATED)
_24567_/X                                 6     12     -6 (VIOLATED)
_24580_/X                                 6     12     -6 (VIOLATED)
_24587_/X                                 6     12     -6 (VIOLATED)
_24660_/X                                 6     12     -6 (VIOLATED)
_24661_/X                                 6     12     -6 (VIOLATED)
_24668_/X                                 6     12     -6 (VIOLATED)
_24669_/X                                 6     12     -6 (VIOLATED)
_24749_/X                                 6     12     -6 (VIOLATED)
_24769_/X                                 6     12     -6 (VIOLATED)
_24782_/X                                 6     12     -6 (VIOLATED)
_24789_/X                                 6     12     -6 (VIOLATED)
_24830_/X                                 6     12     -6 (VIOLATED)
_24850_/X                                 6     12     -6 (VIOLATED)
_24863_/X                                 6     12     -6 (VIOLATED)
_24889_/X                                 6     12     -6 (VIOLATED)
_24897_/X                                 6     12     -6 (VIOLATED)
_24898_/X                                 6     12     -6 (VIOLATED)
_24904_/X                                 6     12     -6 (VIOLATED)
_24919_/X                                 6     12     -6 (VIOLATED)
_24965_/X                                 6     12     -6 (VIOLATED)
_24976_/X                                 6     12     -6 (VIOLATED)
_24977_/X                                 6     12     -6 (VIOLATED)
_24992_/X                                 6     12     -6 (VIOLATED)
_25013_/X                                 6     12     -6 (VIOLATED)
_25059_/X                                 6     12     -6 (VIOLATED)
_25070_/X                                 6     12     -6 (VIOLATED)
_25085_/X                                 6     12     -6 (VIOLATED)
_25086_/X                                 6     12     -6 (VIOLATED)
_25091_/X                                 6     12     -6 (VIOLATED)
_25106_/X                                 6     12     -6 (VIOLATED)
_25107_/X                                 6     12     -6 (VIOLATED)
_25164_/X                                 6     12     -6 (VIOLATED)
_25179_/X                                 6     12     -6 (VIOLATED)
_25200_/X                                 6     12     -6 (VIOLATED)
_25257_/X                                 6     12     -6 (VIOLATED)
_25272_/X                                 6     12     -6 (VIOLATED)
_25278_/X                                 6     12     -6 (VIOLATED)
_25293_/X                                 6     12     -6 (VIOLATED)
_25334_/X                                 6     12     -6 (VIOLATED)
_25335_/X                                 6     12     -6 (VIOLATED)
_25339_/X                                 6     12     -6 (VIOLATED)
_25350_/X                                 6     12     -6 (VIOLATED)
_25365_/X                                 6     12     -6 (VIOLATED)
_25386_/X                                 6     12     -6 (VIOLATED)
_25443_/X                                 6     12     -6 (VIOLATED)
_25458_/X                                 6     12     -6 (VIOLATED)
_25474_/X                                 6     12     -6 (VIOLATED)
_25475_/X                                 6     12     -6 (VIOLATED)
_25479_/X                                 6     12     -6 (VIOLATED)
_25480_/X                                 6     12     -6 (VIOLATED)
_25536_/X                                 6     12     -6 (VIOLATED)
_25551_/X                                 6     12     -6 (VIOLATED)
_25557_/X                                 6     12     -6 (VIOLATED)
_25572_/X                                 6     12     -6 (VIOLATED)
_25644_/X                                 6     12     -6 (VIOLATED)
_25665_/X                                 6     12     -6 (VIOLATED)
_25666_/X                                 6     12     -6 (VIOLATED)
_25722_/X                                 6     12     -6 (VIOLATED)
_25723_/X                                 6     12     -6 (VIOLATED)
_25727_/X                                 6     12     -6 (VIOLATED)
_25729_/X                                 6     12     -6 (VIOLATED)
_25730_/X                                 6     12     -6 (VIOLATED)
_25731_/X                                 6     12     -6 (VIOLATED)
_25733_/X                                 6     12     -6 (VIOLATED)
_25734_/X                                 6     12     -6 (VIOLATED)
_25738_/X                                 6     12     -6 (VIOLATED)
_25752_/X                                 6     12     -6 (VIOLATED)
_25753_/X                                 6     12     -6 (VIOLATED)
_25761_/X                                 6     12     -6 (VIOLATED)
_25762_/X                                 6     12     -6 (VIOLATED)
_25765_/X                                 6     12     -6 (VIOLATED)
_25779_/X                                 6     12     -6 (VIOLATED)
_25785_/X                                 6     12     -6 (VIOLATED)
_25826_/X                                 6     12     -6 (VIOLATED)
_25873_/X                                 6     12     -6 (VIOLATED)
_25882_/X                                 6     12     -6 (VIOLATED)
_25884_/X                                 6     12     -6 (VIOLATED)
_25885_/X                                 6     12     -6 (VIOLATED)
_25886_/X                                 6     12     -6 (VIOLATED)
_25926_/X                                 6     12     -6 (VIOLATED)
_25929_/X                                 6     12     -6 (VIOLATED)
_25937_/X                                 6     12     -6 (VIOLATED)
_25950_/X                                 6     12     -6 (VIOLATED)
_25957_/X                                 6     12     -6 (VIOLATED)
_25967_/X                                 6     12     -6 (VIOLATED)
_25979_/X                                 6     12     -6 (VIOLATED)
_25980_/X                                 6     12     -6 (VIOLATED)
_25982_/X                                 6     12     -6 (VIOLATED)
_25989_/X                                 6     12     -6 (VIOLATED)
_26005_/X                                 6     12     -6 (VIOLATED)
_26026_/X                                 6     12     -6 (VIOLATED)
_26032_/X                                 6     12     -6 (VIOLATED)
_26039_/X                                 6     12     -6 (VIOLATED)
_26073_/X                                 6     12     -6 (VIOLATED)
_26074_/X                                 6     12     -6 (VIOLATED)
_26085_/X                                 6     12     -6 (VIOLATED)
_26103_/X                                 6     12     -6 (VIOLATED)
_26108_/X                                 6     12     -6 (VIOLATED)
_26118_/X                                 6     12     -6 (VIOLATED)
_26136_/X                                 6     12     -6 (VIOLATED)
_26146_/X                                 6     12     -6 (VIOLATED)
_26166_/X                                 6     12     -6 (VIOLATED)
_26198_/X                                 6     12     -6 (VIOLATED)
_26199_/X                                 6     12     -6 (VIOLATED)
_26200_/X                                 6     12     -6 (VIOLATED)
_26203_/X                                 6     12     -6 (VIOLATED)
_26204_/X                                 6     12     -6 (VIOLATED)
_26211_/X                                 6     12     -6 (VIOLATED)
_26219_/X                                 6     12     -6 (VIOLATED)
_26231_/X                                 6     12     -6 (VIOLATED)
_26276_/X                                 6     12     -6 (VIOLATED)
_26288_/X                                 6     12     -6 (VIOLATED)
_26295_/X                                 6     12     -6 (VIOLATED)
_26305_/X                                 6     12     -6 (VIOLATED)
_26318_/X                                 6     12     -6 (VIOLATED)
_26334_/X                                 6     12     -6 (VIOLATED)
_26374_/X                                 6     12     -6 (VIOLATED)
_26383_/X                                 6     12     -6 (VIOLATED)
_26411_/X                                 6     12     -6 (VIOLATED)
_26432_/X                                 6     12     -6 (VIOLATED)
_26467_/X                                 6     12     -6 (VIOLATED)
_26477_/X                                 6     12     -6 (VIOLATED)
_26478_/X                                 6     12     -6 (VIOLATED)
_26490_/X                                 6     12     -6 (VIOLATED)
_26506_/X                                 6     12     -6 (VIOLATED)
_26518_/X                                 6     12     -6 (VIOLATED)
_26534_/X                                 6     12     -6 (VIOLATED)
_26546_/X                                 6     12     -6 (VIOLATED)
_26583_/X                                 6     12     -6 (VIOLATED)
_26620_/X                                 6     12     -6 (VIOLATED)
_26632_/X                                 6     12     -6 (VIOLATED)
_26648_/X                                 6     12     -6 (VIOLATED)
_26661_/X                                 6     12     -6 (VIOLATED)
_26677_/X                                 6     12     -6 (VIOLATED)
_26689_/X                                 6     12     -6 (VIOLATED)
_26705_/X                                 6     12     -6 (VIOLATED)
_26717_/X                                 6     12     -6 (VIOLATED)
_26773_/X                                 6     12     -6 (VIOLATED)
_26787_/X                                 6     12     -6 (VIOLATED)
_26800_/X                                 6     12     -6 (VIOLATED)
_26801_/X                                 6     12     -6 (VIOLATED)
_26821_/X                                 6     12     -6 (VIOLATED)
_26834_/X                                 6     12     -6 (VIOLATED)
_26853_/X                                 6     12     -6 (VIOLATED)
_26865_/X                                 6     12     -6 (VIOLATED)
_26888_/X                                 6     12     -6 (VIOLATED)
_26889_/X                                 6     12     -6 (VIOLATED)
_26896_/X                                 6     12     -6 (VIOLATED)
_26902_/X                                 6     12     -6 (VIOLATED)
_26903_/X                                 6     12     -6 (VIOLATED)
_26905_/X                                 6     12     -6 (VIOLATED)
_26909_/X                                 6     12     -6 (VIOLATED)
_26917_/X                                 6     12     -6 (VIOLATED)
_26928_/X                                 6     12     -6 (VIOLATED)
_26939_/X                                 6     12     -6 (VIOLATED)
_26946_/X                                 6     12     -6 (VIOLATED)
_26947_/X                                 6     12     -6 (VIOLATED)
_26962_/X                                 6     12     -6 (VIOLATED)
_26973_/X                                 6     12     -6 (VIOLATED)
_26983_/X                                 6     12     -6 (VIOLATED)
_26984_/X                                 6     12     -6 (VIOLATED)
_26985_/X                                 6     12     -6 (VIOLATED)
_26996_/X                                 6     12     -6 (VIOLATED)
_27006_/X                                 6     12     -6 (VIOLATED)
_27013_/X                                 6     12     -6 (VIOLATED)
_27053_/X                                 6     12     -6 (VIOLATED)
_27073_/X                                 6     12     -6 (VIOLATED)
_27074_/X                                 6     12     -6 (VIOLATED)
_27107_/X                                 6     12     -6 (VIOLATED)
_27108_/X                                 6     12     -6 (VIOLATED)
_27135_/X                                 6     12     -6 (VIOLATED)
_27148_/X                                 6     12     -6 (VIOLATED)
_27155_/X                                 6     12     -6 (VIOLATED)
_27168_/X                                 6     12     -6 (VIOLATED)
_27195_/X                                 6     12     -6 (VIOLATED)
_27228_/X                                 6     12     -6 (VIOLATED)
_27229_/X                                 6     12     -6 (VIOLATED)
_27236_/X                                 6     12     -6 (VIOLATED)
_27237_/X                                 6     12     -6 (VIOLATED)
_27238_/X                                 6     12     -6 (VIOLATED)
_27239_/X                                 6     12     -6 (VIOLATED)
_27241_/X                                 6     12     -6 (VIOLATED)
_27251_/X                                 6     12     -6 (VIOLATED)
_27254_/X                                 6     12     -6 (VIOLATED)
_27259_/X                                 6     12     -6 (VIOLATED)
_27266_/X                                 6     12     -6 (VIOLATED)
_27282_/X                                 6     12     -6 (VIOLATED)
_27294_/X                                 6     12     -6 (VIOLATED)
_27295_/X                                 6     12     -6 (VIOLATED)
_27310_/X                                 6     12     -6 (VIOLATED)
_27312_/X                                 6     12     -6 (VIOLATED)
_27323_/X                                 6     12     -6 (VIOLATED)
_27400_/X                                 6     12     -6 (VIOLATED)
_27402_/Y                                 6     12     -6 (VIOLATED)
_27410_/X                                 6     12     -6 (VIOLATED)
_27423_/X                                 6     12     -6 (VIOLATED)
_27424_/X                                 6     12     -6 (VIOLATED)
_27440_/X                                 6     12     -6 (VIOLATED)
_27444_/X                                 6     12     -6 (VIOLATED)
_27460_/X                                 6     12     -6 (VIOLATED)
_27479_/X                                 6     12     -6 (VIOLATED)
_27497_/Y                                 6     12     -6 (VIOLATED)
_27498_/X                                 6     12     -6 (VIOLATED)
_27520_/X                                 6     12     -6 (VIOLATED)
_27523_/X                                 6     12     -6 (VIOLATED)
_27543_/X                                 6     12     -6 (VIOLATED)
_27562_/X                                 6     12     -6 (VIOLATED)
_27563_/X                                 6     12     -6 (VIOLATED)
_27593_/Y                                 6     12     -6 (VIOLATED)
_27597_/X                                 6     12     -6 (VIOLATED)
_27605_/X                                 6     12     -6 (VIOLATED)
_27613_/X                                 6     12     -6 (VIOLATED)
_27618_/X                                 6     12     -6 (VIOLATED)
_27622_/X                                 6     12     -6 (VIOLATED)
_27628_/X                                 6     12     -6 (VIOLATED)
_27638_/X                                 6     12     -6 (VIOLATED)
_27641_/X                                 6     12     -6 (VIOLATED)
_27643_/X                                 6     12     -6 (VIOLATED)
_27649_/X                                 6     12     -6 (VIOLATED)
_27651_/X                                 6     12     -6 (VIOLATED)
_27657_/X                                 6     12     -6 (VIOLATED)
_27660_/X                                 6     12     -6 (VIOLATED)
_27665_/X                                 6     12     -6 (VIOLATED)
_27668_/X                                 6     12     -6 (VIOLATED)
_27681_/X                                 6     12     -6 (VIOLATED)
_27682_/X                                 6     12     -6 (VIOLATED)
_27684_/Y                                 6     12     -6 (VIOLATED)
_27686_/X                                 6     12     -6 (VIOLATED)
_27692_/X                                 6     12     -6 (VIOLATED)
_27696_/X                                 6     12     -6 (VIOLATED)
_27701_/X                                 6     12     -6 (VIOLATED)
_27705_/X                                 6     12     -6 (VIOLATED)
_27707_/X                                 6     12     -6 (VIOLATED)
_27712_/X                                 6     12     -6 (VIOLATED)
_27719_/X                                 6     12     -6 (VIOLATED)
_27735_/X                                 6     12     -6 (VIOLATED)
_27739_/X                                 6     12     -6 (VIOLATED)
_27747_/X                                 6     12     -6 (VIOLATED)
_27756_/X                                 6     12     -6 (VIOLATED)
_27757_/X                                 6     12     -6 (VIOLATED)
_27760_/X                                 6     12     -6 (VIOLATED)
_27764_/X                                 6     12     -6 (VIOLATED)
_27766_/Y                                 6     12     -6 (VIOLATED)
_27771_/X                                 6     12     -6 (VIOLATED)
_27772_/X                                 6     12     -6 (VIOLATED)
_27773_/X                                 6     12     -6 (VIOLATED)
_27775_/X                                 6     12     -6 (VIOLATED)
_27781_/X                                 6     12     -6 (VIOLATED)
_27792_/X                                 6     12     -6 (VIOLATED)
_27803_/Y                                 6     12     -6 (VIOLATED)
_27852_/X                                 6     12     -6 (VIOLATED)
_27860_/X                                 6     12     -6 (VIOLATED)
_27870_/Y                                 6     12     -6 (VIOLATED)
_27878_/X                                 6     12     -6 (VIOLATED)
_27886_/X                                 6     12     -6 (VIOLATED)
_27888_/X                                 6     12     -6 (VIOLATED)
_27907_/X                                 6     12     -6 (VIOLATED)
_27925_/X                                 6     12     -6 (VIOLATED)
_27929_/Y                                 6     12     -6 (VIOLATED)
_27952_/X                                 6     12     -6 (VIOLATED)
_27953_/X                                 6     12     -6 (VIOLATED)
_27955_/X                                 6     12     -6 (VIOLATED)
_27961_/X                                 6     12     -6 (VIOLATED)
_27963_/X                                 6     12     -6 (VIOLATED)
_27975_/X                                 6     12     -6 (VIOLATED)
_27976_/X                                 6     12     -6 (VIOLATED)
_27978_/X                                 6     12     -6 (VIOLATED)
_27985_/X                                 6     12     -6 (VIOLATED)
_27991_/X                                 6     12     -6 (VIOLATED)
_27992_/X                                 6     12     -6 (VIOLATED)
_27994_/Y                                 6     12     -6 (VIOLATED)
_28050_/Y                                 6     12     -6 (VIOLATED)
_28056_/X                                 6     12     -6 (VIOLATED)
_28058_/Y                                 6     12     -6 (VIOLATED)
_28085_/X                                 6     12     -6 (VIOLATED)
_28091_/X                                 6     12     -6 (VIOLATED)
_28107_/X                                 6     12     -6 (VIOLATED)
_28110_/X                                 6     12     -6 (VIOLATED)
_28124_/Y                                 6     12     -6 (VIOLATED)
_28159_/X                                 6     12     -6 (VIOLATED)
_28178_/X                                 6     12     -6 (VIOLATED)
_28184_/X                                 6     12     -6 (VIOLATED)
_28185_/X                                 6     12     -6 (VIOLATED)
_28193_/X                                 6     12     -6 (VIOLATED)
_28194_/X                                 6     12     -6 (VIOLATED)
_28195_/Y                                 6     12     -6 (VIOLATED)
_28199_/X                                 6     12     -6 (VIOLATED)
_28216_/X                                 6     12     -6 (VIOLATED)
_28217_/X                                 6     12     -6 (VIOLATED)
_28218_/X                                 6     12     -6 (VIOLATED)
_28243_/X                                 6     12     -6 (VIOLATED)
_28244_/X                                 6     12     -6 (VIOLATED)
_28258_/X                                 6     12     -6 (VIOLATED)
_28259_/X                                 6     12     -6 (VIOLATED)
_28274_/X                                 6     12     -6 (VIOLATED)
_28293_/X                                 6     12     -6 (VIOLATED)
_28294_/X                                 6     12     -6 (VIOLATED)
_28297_/X                                 6     12     -6 (VIOLATED)
_28298_/X                                 6     12     -6 (VIOLATED)
_28318_/X                                 6     12     -6 (VIOLATED)
_28354_/X                                 6     12     -6 (VIOLATED)
_28366_/X                                 6     12     -6 (VIOLATED)
_28367_/X                                 6     12     -6 (VIOLATED)
_28370_/X                                 6     12     -6 (VIOLATED)
_28379_/X                                 6     12     -6 (VIOLATED)
_28398_/X                                 6     12     -6 (VIOLATED)
_28411_/X                                 6     12     -6 (VIOLATED)
_28415_/X                                 6     12     -6 (VIOLATED)
_28417_/X                                 6     12     -6 (VIOLATED)
_28429_/X                                 6     12     -6 (VIOLATED)
_28430_/X                                 6     12     -6 (VIOLATED)
_28443_/X                                 6     12     -6 (VIOLATED)
_28453_/X                                 6     12     -6 (VIOLATED)
_28481_/X                                 6     12     -6 (VIOLATED)
_28511_/X                                 6     12     -6 (VIOLATED)
_28524_/X                                 6     12     -6 (VIOLATED)
_28529_/X                                 6     12     -6 (VIOLATED)
_28593_/X                                 6     12     -6 (VIOLATED)
_28601_/X                                 6     12     -6 (VIOLATED)
_28620_/X                                 6     12     -6 (VIOLATED)
_28674_/X                                 6     12     -6 (VIOLATED)
_28686_/X                                 6     12     -6 (VIOLATED)
_28708_/X                                 6     12     -6 (VIOLATED)
_28712_/X                                 6     12     -6 (VIOLATED)
_28726_/X                                 6     12     -6 (VIOLATED)
_28739_/X                                 6     12     -6 (VIOLATED)
_28742_/X                                 6     12     -6 (VIOLATED)
_28753_/X                                 6     12     -6 (VIOLATED)
_28792_/X                                 6     12     -6 (VIOLATED)
_28797_/X                                 6     12     -6 (VIOLATED)
_28817_/X                                 6     12     -6 (VIOLATED)
_28820_/X                                 6     12     -6 (VIOLATED)
_28824_/X                                 6     12     -6 (VIOLATED)
_28840_/X                                 6     12     -6 (VIOLATED)
_28850_/X                                 6     12     -6 (VIOLATED)
_28872_/X                                 6     12     -6 (VIOLATED)
_28876_/X                                 6     12     -6 (VIOLATED)
_28878_/X                                 6     12     -6 (VIOLATED)
_28891_/X                                 6     12     -6 (VIOLATED)
_28892_/X                                 6     12     -6 (VIOLATED)
_28896_/X                                 6     12     -6 (VIOLATED)
_28902_/X                                 6     12     -6 (VIOLATED)
_28912_/X                                 6     12     -6 (VIOLATED)
_28915_/X                                 6     12     -6 (VIOLATED)
_28918_/X                                 6     12     -6 (VIOLATED)
_28922_/X                                 6     12     -6 (VIOLATED)
_28929_/Y                                 6     12     -6 (VIOLATED)
_28963_/X                                 6     12     -6 (VIOLATED)
_28971_/Y                                 6     12     -6 (VIOLATED)
_28989_/X                                 6     12     -6 (VIOLATED)
_29002_/X                                 6     12     -6 (VIOLATED)
_29004_/X                                 6     12     -6 (VIOLATED)
_29019_/X                                 6     12     -6 (VIOLATED)
_29021_/X                                 6     12     -6 (VIOLATED)
_29040_/X                                 6     12     -6 (VIOLATED)
_29058_/X                                 6     12     -6 (VIOLATED)
_29163_/X                                 6     12     -6 (VIOLATED)
_29164_/X                                 6     12     -6 (VIOLATED)
_29178_/X                                 6     12     -6 (VIOLATED)
_29183_/X                                 6     12     -6 (VIOLATED)
_29193_/X                                 6     12     -6 (VIOLATED)
_29212_/X                                 6     12     -6 (VIOLATED)
_29215_/X                                 6     12     -6 (VIOLATED)
_29222_/X                                 6     12     -6 (VIOLATED)
_29230_/X                                 6     12     -6 (VIOLATED)
_29287_/X                                 6     12     -6 (VIOLATED)
_29429_/X                                 6     12     -6 (VIOLATED)
_29458_/X                                 6     12     -6 (VIOLATED)
_29515_/X                                 6     12     -6 (VIOLATED)
_29518_/X                                 6     12     -6 (VIOLATED)
_29544_/X                                 6     12     -6 (VIOLATED)
_29545_/X                                 6     12     -6 (VIOLATED)
_29563_/X                                 6     12     -6 (VIOLATED)
_29619_/X                                 6     12     -6 (VIOLATED)
_29641_/X                                 6     12     -6 (VIOLATED)
_29661_/X                                 6     12     -6 (VIOLATED)
_29685_/X                                 6     12     -6 (VIOLATED)
_29688_/X                                 6     12     -6 (VIOLATED)
_29689_/X                                 6     12     -6 (VIOLATED)
_29694_/X                                 6     12     -6 (VIOLATED)
_29695_/X                                 6     12     -6 (VIOLATED)
_29707_/X                                 6     12     -6 (VIOLATED)
_29711_/X                                 6     12     -6 (VIOLATED)
_29720_/X                                 6     12     -6 (VIOLATED)
_29732_/X                                 6     12     -6 (VIOLATED)
_29741_/X                                 6     12     -6 (VIOLATED)
_29744_/X                                 6     12     -6 (VIOLATED)
_29762_/X                                 6     12     -6 (VIOLATED)
_29765_/X                                 6     12     -6 (VIOLATED)
_29786_/X                                 6     12     -6 (VIOLATED)
_29789_/X                                 6     12     -6 (VIOLATED)
_29839_/Y                                 6     12     -6 (VIOLATED)
_29870_/X                                 6     12     -6 (VIOLATED)
_29905_/X                                 6     12     -6 (VIOLATED)
_29908_/X                                 6     12     -6 (VIOLATED)
_29922_/X                                 6     12     -6 (VIOLATED)
_29929_/X                                 6     12     -6 (VIOLATED)
_29947_/X                                 6     12     -6 (VIOLATED)
_29955_/X                                 6     12     -6 (VIOLATED)
_29975_/X                                 6     12     -6 (VIOLATED)
_29988_/X                                 6     12     -6 (VIOLATED)
_30003_/X                                 6     12     -6 (VIOLATED)
_30010_/X                                 6     12     -6 (VIOLATED)
_30022_/X                                 6     12     -6 (VIOLATED)
_30035_/X                                 6     12     -6 (VIOLATED)
_30057_/X                                 6     12     -6 (VIOLATED)
_30061_/X                                 6     12     -6 (VIOLATED)
_30071_/X                                 6     12     -6 (VIOLATED)
_30077_/X                                 6     12     -6 (VIOLATED)
_30100_/X                                 6     12     -6 (VIOLATED)
_30106_/X                                 6     12     -6 (VIOLATED)
_30110_/X                                 6     12     -6 (VIOLATED)
_30113_/X                                 6     12     -6 (VIOLATED)
_30177_/X                                 6     12     -6 (VIOLATED)
_30185_/X                                 6     12     -6 (VIOLATED)
_30197_/X                                 6     12     -6 (VIOLATED)
_30226_/X                                 6     12     -6 (VIOLATED)
_30233_/X                                 6     12     -6 (VIOLATED)
_30234_/X                                 6     12     -6 (VIOLATED)
_30257_/X                                 6     12     -6 (VIOLATED)
_30271_/Y                                 6     12     -6 (VIOLATED)
_30273_/X                                 6     12     -6 (VIOLATED)
_30285_/X                                 6     12     -6 (VIOLATED)
_30308_/Y                                 6     12     -6 (VIOLATED)
_30323_/X                                 6     12     -6 (VIOLATED)
_30350_/X                                 6     12     -6 (VIOLATED)
_30357_/X                                 6     12     -6 (VIOLATED)
_30400_/X                                 6     12     -6 (VIOLATED)
_30415_/X                                 6     12     -6 (VIOLATED)
_30417_/X                                 6     12     -6 (VIOLATED)
_30448_/X                                 6     12     -6 (VIOLATED)
_30488_/X                                 6     12     -6 (VIOLATED)
_30548_/X                                 6     12     -6 (VIOLATED)
_30557_/X                                 6     12     -6 (VIOLATED)
_30608_/X                                 6     12     -6 (VIOLATED)
_30627_/Y                                 6     12     -6 (VIOLATED)
_30628_/X                                 6     12     -6 (VIOLATED)
_30633_/X                                 6     12     -6 (VIOLATED)
_30644_/X                                 6     12     -6 (VIOLATED)
_30744_/X                                 6     12     -6 (VIOLATED)
_30758_/X                                 6     12     -6 (VIOLATED)
_30826_/X                                 6     12     -6 (VIOLATED)
_30849_/X                                 6     12     -6 (VIOLATED)
_30888_/X                                 6     12     -6 (VIOLATED)
_30891_/X                                 6     12     -6 (VIOLATED)
_30896_/X                                 6     12     -6 (VIOLATED)
_30903_/X                                 6     12     -6 (VIOLATED)
_30921_/X                                 6     12     -6 (VIOLATED)
_30922_/X                                 6     12     -6 (VIOLATED)
_30950_/X                                 6     12     -6 (VIOLATED)
_31042_/X                                 6     12     -6 (VIOLATED)
_31067_/X                                 6     12     -6 (VIOLATED)
_31078_/X                                 6     12     -6 (VIOLATED)
_31089_/X                                 6     12     -6 (VIOLATED)
_31095_/X                                 6     12     -6 (VIOLATED)
_31096_/X                                 6     12     -6 (VIOLATED)
_31139_/X                                 6     12     -6 (VIOLATED)
_31147_/Y                                 6     12     -6 (VIOLATED)
_31151_/X                                 6     12     -6 (VIOLATED)
_31155_/Y                                 6     12     -6 (VIOLATED)
_31165_/X                                 6     12     -6 (VIOLATED)
_31169_/X                                 6     12     -6 (VIOLATED)
_31174_/Y                                 6     12     -6 (VIOLATED)
_31176_/X                                 6     12     -6 (VIOLATED)
_31179_/X                                 6     12     -6 (VIOLATED)
_31189_/X                                 6     12     -6 (VIOLATED)
_31210_/X                                 6     12     -6 (VIOLATED)
_31214_/X                                 6     12     -6 (VIOLATED)
_31240_/X                                 6     12     -6 (VIOLATED)
_31245_/Y                                 6     12     -6 (VIOLATED)
_31268_/X                                 6     12     -6 (VIOLATED)
_31277_/X                                 6     12     -6 (VIOLATED)
_31286_/X                                 6     12     -6 (VIOLATED)
_31290_/X                                 6     12     -6 (VIOLATED)
_31291_/X                                 6     12     -6 (VIOLATED)
_31293_/X                                 6     12     -6 (VIOLATED)
_31294_/X                                 6     12     -6 (VIOLATED)
_31300_/X                                 6     12     -6 (VIOLATED)
_31315_/Y                                 6     12     -6 (VIOLATED)
_31323_/X                                 6     12     -6 (VIOLATED)
_31330_/X                                 6     12     -6 (VIOLATED)
_31340_/Y                                 6     12     -6 (VIOLATED)
_31358_/Y                                 6     12     -6 (VIOLATED)
_31371_/Y                                 6     12     -6 (VIOLATED)
_31387_/X                                 6     12     -6 (VIOLATED)
_31402_/Y                                 6     12     -6 (VIOLATED)
_31420_/Y                                 6     12     -6 (VIOLATED)
_31433_/X                                 6     12     -6 (VIOLATED)
_31439_/X                                 6     12     -6 (VIOLATED)
_31447_/X                                 6     12     -6 (VIOLATED)
_31451_/X                                 6     12     -6 (VIOLATED)
_31466_/X                                 6     12     -6 (VIOLATED)
_31472_/X                                 6     12     -6 (VIOLATED)
_31473_/X                                 6     12     -6 (VIOLATED)
_31480_/X                                 6     12     -6 (VIOLATED)
_31496_/X                                 6     12     -6 (VIOLATED)
_31501_/Y                                 6     12     -6 (VIOLATED)
_31528_/X                                 6     12     -6 (VIOLATED)
_31534_/Y                                 6     12     -6 (VIOLATED)
_31553_/X                                 6     12     -6 (VIOLATED)
_31567_/X                                 6     12     -6 (VIOLATED)
_31570_/X                                 6     12     -6 (VIOLATED)
_31605_/Y                                 6     12     -6 (VIOLATED)
_31634_/Y                                 6     12     -6 (VIOLATED)
_31646_/Y                                 6     12     -6 (VIOLATED)
_31654_/X                                 6     12     -6 (VIOLATED)
_31783_/X                                 6     12     -6 (VIOLATED)
_31969_/X                                 6     12     -6 (VIOLATED)
_31970_/X                                 6     12     -6 (VIOLATED)
_31971_/X                                 6     12     -6 (VIOLATED)
_32005_/X                                 6     12     -6 (VIOLATED)
_32088_/X                                 6     12     -6 (VIOLATED)
_32089_/X                                 6     12     -6 (VIOLATED)
_32090_/X                                 6     12     -6 (VIOLATED)
_32091_/X                                 6     12     -6 (VIOLATED)
_32092_/X                                 6     12     -6 (VIOLATED)
_32093_/X                                 6     12     -6 (VIOLATED)
_32095_/X                                 6     12     -6 (VIOLATED)
_32096_/X                                 6     12     -6 (VIOLATED)
_32099_/X                                 6     12     -6 (VIOLATED)
_32116_/X                                 6     12     -6 (VIOLATED)
_32117_/X                                 6     12     -6 (VIOLATED)
_32118_/X                                 6     12     -6 (VIOLATED)
_32119_/X                                 6     12     -6 (VIOLATED)
_32120_/X                                 6     12     -6 (VIOLATED)
_32128_/X                                 6     12     -6 (VIOLATED)
_32130_/X                                 6     12     -6 (VIOLATED)
_32131_/X                                 6     12     -6 (VIOLATED)
_32138_/X                                 6     12     -6 (VIOLATED)
_32143_/X                                 6     12     -6 (VIOLATED)
_32144_/X                                 6     12     -6 (VIOLATED)
_32200_/X                                 6     12     -6 (VIOLATED)
_32224_/X                                 6     12     -6 (VIOLATED)
_32267_/X                                 6     12     -6 (VIOLATED)
_32276_/X                                 6     12     -6 (VIOLATED)
_32277_/X                                 6     12     -6 (VIOLATED)
_32279_/X                                 6     12     -6 (VIOLATED)
_32281_/X                                 6     12     -6 (VIOLATED)
_32282_/X                                 6     12     -6 (VIOLATED)
_32286_/X                                 6     12     -6 (VIOLATED)
_32292_/X                                 6     12     -6 (VIOLATED)
_32311_/X                                 6     12     -6 (VIOLATED)
_32313_/X                                 6     12     -6 (VIOLATED)
_32317_/X                                 6     12     -6 (VIOLATED)
_32318_/X                                 6     12     -6 (VIOLATED)
_32334_/X                                 6     12     -6 (VIOLATED)
_32435_/X                                 6     12     -6 (VIOLATED)
_32436_/X                                 6     12     -6 (VIOLATED)
_32442_/X                                 6     12     -6 (VIOLATED)
_32449_/X                                 6     12     -6 (VIOLATED)
_32464_/X                                 6     12     -6 (VIOLATED)
_32490_/X                                 6     12     -6 (VIOLATED)
_32510_/X                                 6     12     -6 (VIOLATED)
_32552_/X                                 6     12     -6 (VIOLATED)
_32563_/X                                 6     12     -6 (VIOLATED)
_32605_/X                                 6     12     -6 (VIOLATED)
_32606_/X                                 6     12     -6 (VIOLATED)
_32653_/X                                 6     12     -6 (VIOLATED)
_32654_/X                                 6     12     -6 (VIOLATED)
_32669_/X                                 6     12     -6 (VIOLATED)
_32694_/X                                 6     12     -6 (VIOLATED)
_32701_/X                                 6     12     -6 (VIOLATED)
_32720_/X                                 6     12     -6 (VIOLATED)
_32735_/X                                 6     12     -6 (VIOLATED)
_32747_/X                                 6     12     -6 (VIOLATED)
_32757_/X                                 6     12     -6 (VIOLATED)
_32762_/X                                 6     12     -6 (VIOLATED)
_32763_/X                                 6     12     -6 (VIOLATED)
_32764_/X                                 6     12     -6 (VIOLATED)
_32766_/X                                 6     12     -6 (VIOLATED)
_32769_/X                                 6     12     -6 (VIOLATED)
_32770_/X                                 6     12     -6 (VIOLATED)
_32771_/X                                 6     12     -6 (VIOLATED)
_32774_/X                                 6     12     -6 (VIOLATED)
_32775_/X                                 6     12     -6 (VIOLATED)
_32778_/X                                 6     12     -6 (VIOLATED)
_32781_/X                                 6     12     -6 (VIOLATED)
_32784_/X                                 6     12     -6 (VIOLATED)
_32791_/X                                 6     12     -6 (VIOLATED)
_32792_/X                                 6     12     -6 (VIOLATED)
_32795_/X                                 6     12     -6 (VIOLATED)
_32799_/X                                 6     12     -6 (VIOLATED)
_32800_/X                                 6     12     -6 (VIOLATED)
_32801_/X                                 6     12     -6 (VIOLATED)
_32806_/X                                 6     12     -6 (VIOLATED)
_32810_/X                                 6     12     -6 (VIOLATED)
_32811_/X                                 6     12     -6 (VIOLATED)
_32822_/X                                 6     12     -6 (VIOLATED)
_32849_/X                                 6     12     -6 (VIOLATED)
_32853_/X                                 6     12     -6 (VIOLATED)
_32857_/X                                 6     12     -6 (VIOLATED)
_32864_/X                                 6     12     -6 (VIOLATED)
_32866_/X                                 6     12     -6 (VIOLATED)
_32870_/X                                 6     12     -6 (VIOLATED)
_32872_/X                                 6     12     -6 (VIOLATED)
_32876_/X                                 6     12     -6 (VIOLATED)
_32880_/X                                 6     12     -6 (VIOLATED)
_32902_/X                                 6     12     -6 (VIOLATED)
_32910_/X                                 6     12     -6 (VIOLATED)
_32943_/X                                 6     12     -6 (VIOLATED)
_32953_/X                                 6     12     -6 (VIOLATED)
_32979_/X                                 6     12     -6 (VIOLATED)
_32983_/X                                 6     12     -6 (VIOLATED)
_33004_/X                                 6     12     -6 (VIOLATED)
_33014_/X                                 6     12     -6 (VIOLATED)
_33022_/X                                 6     12     -6 (VIOLATED)
_33023_/X                                 6     12     -6 (VIOLATED)
_33028_/X                                 6     12     -6 (VIOLATED)
_33029_/X                                 6     12     -6 (VIOLATED)
_33036_/X                                 6     12     -6 (VIOLATED)
_33043_/X                                 6     12     -6 (VIOLATED)
_33048_/X                                 6     12     -6 (VIOLATED)
_33049_/X                                 6     12     -6 (VIOLATED)
_33054_/X                                 6     12     -6 (VIOLATED)
_33061_/X                                 6     12     -6 (VIOLATED)
_33066_/X                                 6     12     -6 (VIOLATED)
_33070_/X                                 6     12     -6 (VIOLATED)
_33074_/X                                 6     12     -6 (VIOLATED)
_33087_/X                                 6     12     -6 (VIOLATED)
_33088_/X                                 6     12     -6 (VIOLATED)
_33094_/X                                 6     12     -6 (VIOLATED)
_33137_/X                                 6     12     -6 (VIOLATED)
_33142_/X                                 6     12     -6 (VIOLATED)
_33165_/X                                 6     12     -6 (VIOLATED)
_33168_/X                                 6     12     -6 (VIOLATED)
_33178_/X                                 6     12     -6 (VIOLATED)
_33183_/X                                 6     12     -6 (VIOLATED)
_33186_/X                                 6     12     -6 (VIOLATED)
_33205_/X                                 6     12     -6 (VIOLATED)
_33231_/X                                 6     12     -6 (VIOLATED)
_33241_/X                                 6     12     -6 (VIOLATED)
_33242_/X                                 6     12     -6 (VIOLATED)
_33331_/X                                 6     12     -6 (VIOLATED)
_33347_/X                                 6     12     -6 (VIOLATED)
_33372_/X                                 6     12     -6 (VIOLATED)
_33380_/X                                 6     12     -6 (VIOLATED)
_33426_/X                                 6     12     -6 (VIOLATED)
_33429_/X                                 6     12     -6 (VIOLATED)
_33430_/X                                 6     12     -6 (VIOLATED)
_33443_/X                                 6     12     -6 (VIOLATED)
_33444_/X                                 6     12     -6 (VIOLATED)
_33481_/X                                 6     12     -6 (VIOLATED)
_33495_/X                                 6     12     -6 (VIOLATED)
_33503_/X                                 6     12     -6 (VIOLATED)
_33536_/X                                 6     12     -6 (VIOLATED)
_33562_/X                                 6     12     -6 (VIOLATED)
_33587_/X                                 6     12     -6 (VIOLATED)
_33628_/X                                 6     12     -6 (VIOLATED)
_33631_/X                                 6     12     -6 (VIOLATED)
_33635_/X                                 6     12     -6 (VIOLATED)
_33636_/X                                 6     12     -6 (VIOLATED)
_33668_/X                                 6     12     -6 (VIOLATED)
_33687_/X                                 6     12     -6 (VIOLATED)
_33877_/X                                 6     12     -6 (VIOLATED)
_33916_/X                                 6     12     -6 (VIOLATED)
_33942_/X                                 6     12     -6 (VIOLATED)
_33943_/X                                 6     12     -6 (VIOLATED)
_33945_/X                                 6     12     -6 (VIOLATED)
_33946_/X                                 6     12     -6 (VIOLATED)
_33950_/X                                 6     12     -6 (VIOLATED)
_33956_/X                                 6     12     -6 (VIOLATED)
_33966_/X                                 6     12     -6 (VIOLATED)
_34003_/X                                 6     12     -6 (VIOLATED)
_34004_/X                                 6     12     -6 (VIOLATED)
_34040_/X                                 6     12     -6 (VIOLATED)
_34041_/X                                 6     12     -6 (VIOLATED)
_34060_/X                                 6     12     -6 (VIOLATED)
_34097_/X                                 6     12     -6 (VIOLATED)
_34122_/X                                 6     12     -6 (VIOLATED)
_34133_/X                                 6     12     -6 (VIOLATED)
_34138_/X                                 6     12     -6 (VIOLATED)
_34153_/X                                 6     12     -6 (VIOLATED)
_34165_/X                                 6     12     -6 (VIOLATED)
_34169_/X                                 6     12     -6 (VIOLATED)
_34190_/X                                 6     12     -6 (VIOLATED)
_34226_/X                                 6     12     -6 (VIOLATED)
_34246_/X                                 6     12     -6 (VIOLATED)
_34247_/X                                 6     12     -6 (VIOLATED)
_34253_/X                                 6     12     -6 (VIOLATED)
_34268_/X                                 6     12     -6 (VIOLATED)
_34273_/X                                 6     12     -6 (VIOLATED)
_34277_/X                                 6     12     -6 (VIOLATED)
_34283_/X                                 6     12     -6 (VIOLATED)
_34314_/X                                 6     12     -6 (VIOLATED)
_34319_/X                                 6     12     -6 (VIOLATED)
_34320_/X                                 6     12     -6 (VIOLATED)
_34331_/X                                 6     12     -6 (VIOLATED)
_34340_/X                                 6     12     -6 (VIOLATED)
_34352_/X                                 6     12     -6 (VIOLATED)
_34356_/X                                 6     12     -6 (VIOLATED)
_34362_/X                                 6     12     -6 (VIOLATED)
_34367_/X                                 6     12     -6 (VIOLATED)
_34371_/X                                 6     12     -6 (VIOLATED)
_34377_/X                                 6     12     -6 (VIOLATED)
_34414_/X                                 6     12     -6 (VIOLATED)
_34418_/X                                 6     12     -6 (VIOLATED)
_34433_/X                                 6     12     -6 (VIOLATED)
_34434_/X                                 6     12     -6 (VIOLATED)
_34465_/X                                 6     12     -6 (VIOLATED)
_34471_/X                                 6     12     -6 (VIOLATED)
_34507_/X                                 6     12     -6 (VIOLATED)
_34523_/X                                 6     12     -6 (VIOLATED)
_34527_/X                                 6     12     -6 (VIOLATED)
_34564_/X                                 6     12     -6 (VIOLATED)
_34565_/X                                 6     12     -6 (VIOLATED)
_34581_/X                                 6     12     -6 (VIOLATED)
_34586_/X                                 6     12     -6 (VIOLATED)
_34590_/X                                 6     12     -6 (VIOLATED)
_34601_/X                                 6     12     -6 (VIOLATED)
_34602_/X                                 6     12     -6 (VIOLATED)
_34606_/X                                 6     12     -6 (VIOLATED)
_34617_/X                                 6     12     -6 (VIOLATED)
_34621_/X                                 6     12     -6 (VIOLATED)
_34658_/X                                 6     12     -6 (VIOLATED)
_34664_/X                                 6     12     -6 (VIOLATED)
_34668_/X                                 6     12     -6 (VIOLATED)
_34679_/X                                 6     12     -6 (VIOLATED)
_34689_/X                                 6     12     -6 (VIOLATED)
_34694_/X                                 6     12     -6 (VIOLATED)
_34714_/X                                 6     12     -6 (VIOLATED)
_34751_/X                                 6     12     -6 (VIOLATED)
_34787_/X                                 6     12     -6 (VIOLATED)
_34807_/X                                 6     12     -6 (VIOLATED)
_34838_/X                                 6     12     -6 (VIOLATED)
_34844_/X                                 6     12     -6 (VIOLATED)
_34850_/X                                 6     12     -6 (VIOLATED)
_34880_/X                                 6     12     -6 (VIOLATED)
_34881_/X                                 6     12     -6 (VIOLATED)
_34897_/X                                 6     12     -6 (VIOLATED)
_34901_/X                                 6     12     -6 (VIOLATED)
_34902_/X                                 6     12     -6 (VIOLATED)
_34932_/X                                 6     12     -6 (VIOLATED)
_34938_/X                                 6     12     -6 (VIOLATED)
_34939_/X                                 6     12     -6 (VIOLATED)
_34974_/X                                 6     12     -6 (VIOLATED)
_34994_/X                                 6     12     -6 (VIOLATED)
_34995_/X                                 6     12     -6 (VIOLATED)
_35032_/X                                 6     12     -6 (VIOLATED)
_35068_/X                                 6     12     -6 (VIOLATED)
_35088_/X                                 6     12     -6 (VIOLATED)
_35100_/X                                 6     12     -6 (VIOLATED)
_35104_/X                                 6     12     -6 (VIOLATED)
_35125_/X                                 6     12     -6 (VIOLATED)
_35161_/X                                 6     12     -6 (VIOLATED)
_35181_/X                                 6     12     -6 (VIOLATED)
_35253_/X                                 6     12     -6 (VIOLATED)
_35263_/X                                 6     12     -6 (VIOLATED)
_35271_/X                                 6     12     -6 (VIOLATED)
_35272_/X                                 6     12     -6 (VIOLATED)
_35274_/X                                 6     12     -6 (VIOLATED)
_35275_/X                                 6     12     -6 (VIOLATED)
_35352_/X                                 6     12     -6 (VIOLATED)
_35353_/X                                 6     12     -6 (VIOLATED)
_35354_/X                                 6     12     -6 (VIOLATED)
_35356_/X                                 6     12     -6 (VIOLATED)
_35389_/X                                 6     12     -6 (VIOLATED)
_35390_/X                                 6     12     -6 (VIOLATED)
_35400_/X                                 6     12     -6 (VIOLATED)
_35417_/X                                 6     12     -6 (VIOLATED)
_35418_/X                                 6     12     -6 (VIOLATED)
_35424_/X                                 6     12     -6 (VIOLATED)
_35425_/X                                 6     12     -6 (VIOLATED)
_35444_/X                                 6     12     -6 (VIOLATED)
_35445_/X                                 6     12     -6 (VIOLATED)
_35459_/X                                 6     12     -6 (VIOLATED)
_35461_/X                                 6     12     -6 (VIOLATED)
_35484_/X                                 6     12     -6 (VIOLATED)
_35485_/X                                 6     12     -6 (VIOLATED)
_35499_/X                                 6     12     -6 (VIOLATED)
_35501_/X                                 6     12     -6 (VIOLATED)
_35524_/X                                 6     12     -6 (VIOLATED)
_35530_/X                                 6     12     -6 (VIOLATED)
_35678_/X                                 6     12     -6 (VIOLATED)
_35697_/X                                 6     12     -6 (VIOLATED)
_35698_/X                                 6     12     -6 (VIOLATED)
_35759_/X                                 6     12     -6 (VIOLATED)
_35797_/X                                 6     12     -6 (VIOLATED)
_35799_/X                                 6     12     -6 (VIOLATED)
_35821_/X                                 6     12     -6 (VIOLATED)
_35842_/X                                 6     12     -6 (VIOLATED)
_35858_/X                                 6     12     -6 (VIOLATED)
_35859_/X                                 6     12     -6 (VIOLATED)
_35865_/X                                 6     12     -6 (VIOLATED)
_35960_/X                                 6     12     -6 (VIOLATED)
_35963_/X                                 6     12     -6 (VIOLATED)
_35987_/X                                 6     12     -6 (VIOLATED)
_36014_/X                                 6     12     -6 (VIOLATED)
_36079_/X                                 6     12     -6 (VIOLATED)
_36080_/X                                 6     12     -6 (VIOLATED)
_36094_/X                                 6     12     -6 (VIOLATED)
_36096_/X                                 6     12     -6 (VIOLATED)
_36123_/X                                 6     12     -6 (VIOLATED)
_36131_/X                                 6     12     -6 (VIOLATED)
_36240_/X                                 6     12     -6 (VIOLATED)
_36277_/X                                 6     12     -6 (VIOLATED)
_36290_/X                                 6     12     -6 (VIOLATED)
_36313_/X                                 6     12     -6 (VIOLATED)
_36336_/X                                 6     12     -6 (VIOLATED)
_36352_/X                                 6     12     -6 (VIOLATED)
_36353_/X                                 6     12     -6 (VIOLATED)
_36376_/X                                 6     12     -6 (VIOLATED)
_36390_/X                                 6     12     -6 (VIOLATED)
_36392_/X                                 6     12     -6 (VIOLATED)
_36421_/X                                 6     12     -6 (VIOLATED)
_36422_/X                                 6     12     -6 (VIOLATED)
_36438_/X                                 6     12     -6 (VIOLATED)
_36541_/X                                 6     12     -6 (VIOLATED)
_36565_/X                                 6     12     -6 (VIOLATED)
_36566_/X                                 6     12     -6 (VIOLATED)
_36574_/X                                 6     12     -6 (VIOLATED)
_36593_/X                                 6     12     -6 (VIOLATED)
_36607_/X                                 6     12     -6 (VIOLATED)
_36672_/X                                 6     12     -6 (VIOLATED)
_36673_/X                                 6     12     -6 (VIOLATED)
_36687_/X                                 6     12     -6 (VIOLATED)
_36694_/X                                 6     12     -6 (VIOLATED)
_36710_/X                                 6     12     -6 (VIOLATED)
_36726_/X                                 6     12     -6 (VIOLATED)
_36729_/X                                 6     12     -6 (VIOLATED)
_36830_/X                                 6     12     -6 (VIOLATED)
_36854_/X                                 6     12     -6 (VIOLATED)
_36857_/X                                 6     12     -6 (VIOLATED)
_36943_/X                                 6     12     -6 (VIOLATED)
_36967_/X                                 6     12     -6 (VIOLATED)
_36980_/X                                 6     12     -6 (VIOLATED)
_36998_/X                                 6     12     -6 (VIOLATED)
_37007_/X                                 6     12     -6 (VIOLATED)
_37008_/X                                 6     12     -6 (VIOLATED)
_37023_/X                                 6     12     -6 (VIOLATED)
_37119_/X                                 6     12     -6 (VIOLATED)
_37120_/X                                 6     12     -6 (VIOLATED)
_37135_/X                                 6     12     -6 (VIOLATED)
_37145_/X                                 6     12     -6 (VIOLATED)
_37198_/X                                 6     12     -6 (VIOLATED)
_37240_/X                                 6     12     -6 (VIOLATED)
_37263_/X                                 6     12     -6 (VIOLATED)
_37264_/X                                 6     12     -6 (VIOLATED)
_37275_/X                                 6     12     -6 (VIOLATED)
_37289_/X                                 6     12     -6 (VIOLATED)
_37290_/X                                 6     12     -6 (VIOLATED)
_37295_/X                                 6     12     -6 (VIOLATED)
_37417_/X                                 6     12     -6 (VIOLATED)
_37497_/X                                 6     12     -6 (VIOLATED)
_37534_/X                                 6     12     -6 (VIOLATED)
_37536_/X                                 6     12     -6 (VIOLATED)
_37537_/X                                 6     12     -6 (VIOLATED)
_37559_/X                                 6     12     -6 (VIOLATED)
_37577_/X                                 6     12     -6 (VIOLATED)
_37580_/X                                 6     12     -6 (VIOLATED)
_37596_/X                                 6     12     -6 (VIOLATED)
_37602_/X                                 6     12     -6 (VIOLATED)
_37700_/X                                 6     12     -6 (VIOLATED)
_37724_/X                                 6     12     -6 (VIOLATED)
_37790_/X                                 6     12     -6 (VIOLATED)
_37791_/X                                 6     12     -6 (VIOLATED)
_37830_/X                                 6     12     -6 (VIOLATED)
_37832_/X                                 6     12     -6 (VIOLATED)
_37850_/X                                 6     12     -6 (VIOLATED)
_37851_/X                                 6     12     -6 (VIOLATED)
_37860_/X                                 6     12     -6 (VIOLATED)
_37861_/X                                 6     12     -6 (VIOLATED)
_37869_/X                                 6     12     -6 (VIOLATED)
_37988_/X                                 6     12     -6 (VIOLATED)
_38035_/X                                 6     12     -6 (VIOLATED)
_38052_/X                                 6     12     -6 (VIOLATED)
_38114_/X                                 6     12     -6 (VIOLATED)
_38128_/X                                 6     12     -6 (VIOLATED)
_38130_/X                                 6     12     -6 (VIOLATED)
_38131_/X                                 6     12     -6 (VIOLATED)
_38160_/X                                 6     12     -6 (VIOLATED)
_38176_/X                                 6     12     -6 (VIOLATED)
_38303_/X                                 6     12     -6 (VIOLATED)
_38344_/X                                 6     12     -6 (VIOLATED)
_38383_/X                                 6     12     -6 (VIOLATED)
_38409_/X                                 6     12     -6 (VIOLATED)
_38430_/X                                 6     12     -6 (VIOLATED)
_38446_/X                                 6     12     -6 (VIOLATED)
_38462_/X                                 6     12     -6 (VIOLATED)
_38472_/X                                 6     12     -6 (VIOLATED)
_38591_/X                                 6     12     -6 (VIOLATED)
_38592_/X                                 6     12     -6 (VIOLATED)
_38595_/X                                 6     12     -6 (VIOLATED)
_38704_/X                                 6     12     -6 (VIOLATED)
_38717_/X                                 6     12     -6 (VIOLATED)
_38736_/X                                 6     12     -6 (VIOLATED)
_38745_/X                                 6     12     -6 (VIOLATED)
_38753_/X                                 6     12     -6 (VIOLATED)
_38760_/X                                 6     12     -6 (VIOLATED)
_38762_/X                                 6     12     -6 (VIOLATED)
_38763_/X                                 6     12     -6 (VIOLATED)
_38764_/X                                 6     12     -6 (VIOLATED)
_38765_/X                                 6     12     -6 (VIOLATED)
_38766_/X                                 6     12     -6 (VIOLATED)
_38767_/X                                 6     12     -6 (VIOLATED)
_38768_/X                                 6     12     -6 (VIOLATED)
_38769_/X                                 6     12     -6 (VIOLATED)
_38770_/X                                 6     12     -6 (VIOLATED)
_38771_/X                                 6     12     -6 (VIOLATED)
_38772_/X                                 6     12     -6 (VIOLATED)
_38773_/X                                 6     12     -6 (VIOLATED)
_38774_/X                                 6     12     -6 (VIOLATED)
_38775_/X                                 6     12     -6 (VIOLATED)
_38812_/X                                 6     12     -6 (VIOLATED)
_38813_/X                                 6     12     -6 (VIOLATED)
_38815_/X                                 6     12     -6 (VIOLATED)
_38828_/X                                 6     12     -6 (VIOLATED)
_38832_/X                                 6     12     -6 (VIOLATED)
_38836_/X                                 6     12     -6 (VIOLATED)
_38840_/X                                 6     12     -6 (VIOLATED)
_38850_/X                                 6     12     -6 (VIOLATED)
_38851_/X                                 6     12     -6 (VIOLATED)
_38867_/X                                 6     12     -6 (VIOLATED)
_38877_/X                                 6     12     -6 (VIOLATED)
_38880_/X                                 6     12     -6 (VIOLATED)
_38921_/X                                 6     12     -6 (VIOLATED)
_38938_/X                                 6     12     -6 (VIOLATED)
_38956_/X                                 6     12     -6 (VIOLATED)
_38962_/X                                 6     12     -6 (VIOLATED)
_38963_/X                                 6     12     -6 (VIOLATED)
_38978_/X                                 6     12     -6 (VIOLATED)
_39092_/X                                 6     12     -6 (VIOLATED)
_39196_/X                                 6     12     -6 (VIOLATED)
_39197_/X                                 6     12     -6 (VIOLATED)
_39205_/X                                 6     12     -6 (VIOLATED)
_39262_/X                                 6     12     -6 (VIOLATED)
_39280_/X                                 6     12     -6 (VIOLATED)
_39281_/X                                 6     12     -6 (VIOLATED)
_39285_/X                                 6     12     -6 (VIOLATED)
_39311_/X                                 6     12     -6 (VIOLATED)
_39372_/X                                 6     12     -6 (VIOLATED)
_39432_/X                                 6     12     -6 (VIOLATED)
_39621_/X                                 6     12     -6 (VIOLATED)
_39625_/X                                 6     12     -6 (VIOLATED)
_39626_/X                                 6     12     -6 (VIOLATED)
_39633_/X                                 6     12     -6 (VIOLATED)
_39644_/X                                 6     12     -6 (VIOLATED)
_39663_/X                                 6     12     -6 (VIOLATED)
_39685_/X                                 6     12     -6 (VIOLATED)
_39687_/X                                 6     12     -6 (VIOLATED)
_39713_/X                                 6     12     -6 (VIOLATED)
_39759_/X                                 6     12     -6 (VIOLATED)
_39778_/X                                 6     12     -6 (VIOLATED)
_39780_/X                                 6     12     -6 (VIOLATED)
_39785_/X                                 6     12     -6 (VIOLATED)
_39786_/X                                 6     12     -6 (VIOLATED)
_39789_/X                                 6     12     -6 (VIOLATED)
_39805_/X                                 6     12     -6 (VIOLATED)
_39819_/X                                 6     12     -6 (VIOLATED)
_39837_/X                                 6     12     -6 (VIOLATED)
_42040_/Q                                 6     12     -6 (VIOLATED)
_42053_/Q                                 6     12     -6 (VIOLATED)
_42058_/Q                                 6     12     -6 (VIOLATED)
_42059_/Q                                 6     12     -6 (VIOLATED)
_42062_/Q                                 6     12     -6 (VIOLATED)
_42063_/Q                                 6     12     -6 (VIOLATED)
_42068_/Q                                 6     12     -6 (VIOLATED)
_42071_/Q                                 6     12     -6 (VIOLATED)
_42073_/Q                                 6     12     -6 (VIOLATED)
_42092_/Q                                 6     12     -6 (VIOLATED)
_42097_/Q                                 6     12     -6 (VIOLATED)
_42107_/Q                                 6     12     -6 (VIOLATED)
_42118_/Q                                 6     12     -6 (VIOLATED)
_42120_/Q                                 6     12     -6 (VIOLATED)
_42127_/Q                                 6     12     -6 (VIOLATED)
_42133_/Q                                 6     12     -6 (VIOLATED)
_42150_/Q                                 6     12     -6 (VIOLATED)
_42151_/Q                                 6     12     -6 (VIOLATED)
_42154_/Q                                 6     12     -6 (VIOLATED)
_42155_/Q                                 6     12     -6 (VIOLATED)
_42156_/Q                                 6     12     -6 (VIOLATED)
_42157_/Q                                 6     12     -6 (VIOLATED)
_42158_/Q                                 6     12     -6 (VIOLATED)
_42159_/Q                                 6     12     -6 (VIOLATED)
_42160_/Q                                 6     12     -6 (VIOLATED)
_42161_/Q                                 6     12     -6 (VIOLATED)
_42162_/Q                                 6     12     -6 (VIOLATED)
_42163_/Q                                 6     12     -6 (VIOLATED)
_42164_/Q                                 6     12     -6 (VIOLATED)
_42165_/Q                                 6     12     -6 (VIOLATED)
_42166_/Q                                 6     12     -6 (VIOLATED)
_42167_/Q                                 6     12     -6 (VIOLATED)
_42168_/Q                                 6     12     -6 (VIOLATED)
_42169_/Q                                 6     12     -6 (VIOLATED)
_42170_/Q                                 6     12     -6 (VIOLATED)
_42171_/Q                                 6     12     -6 (VIOLATED)
_42182_/Q                                 6     12     -6 (VIOLATED)
_42183_/Q                                 6     12     -6 (VIOLATED)
_42186_/Q                                 6     12     -6 (VIOLATED)
_42187_/Q                                 6     12     -6 (VIOLATED)
_42188_/Q                                 6     12     -6 (VIOLATED)
_42189_/Q                                 6     12     -6 (VIOLATED)
_42190_/Q                                 6     12     -6 (VIOLATED)
_42191_/Q                                 6     12     -6 (VIOLATED)
_42192_/Q                                 6     12     -6 (VIOLATED)
_42193_/Q                                 6     12     -6 (VIOLATED)
_42194_/Q                                 6     12     -6 (VIOLATED)
_42195_/Q                                 6     12     -6 (VIOLATED)
_42196_/Q                                 6     12     -6 (VIOLATED)
_42197_/Q                                 6     12     -6 (VIOLATED)
_42198_/Q                                 6     12     -6 (VIOLATED)
_42199_/Q                                 6     12     -6 (VIOLATED)
_42200_/Q                                 6     12     -6 (VIOLATED)
_42202_/Q                                 6     12     -6 (VIOLATED)
_42203_/Q                                 6     12     -6 (VIOLATED)
_42214_/Q                                 6     12     -6 (VIOLATED)
_42215_/Q                                 6     12     -6 (VIOLATED)
_42218_/Q                                 6     12     -6 (VIOLATED)
_42219_/Q                                 6     12     -6 (VIOLATED)
_42220_/Q                                 6     12     -6 (VIOLATED)
_42221_/Q                                 6     12     -6 (VIOLATED)
_42222_/Q                                 6     12     -6 (VIOLATED)
_42223_/Q                                 6     12     -6 (VIOLATED)
_42224_/Q                                 6     12     -6 (VIOLATED)
_42225_/Q                                 6     12     -6 (VIOLATED)
_42226_/Q                                 6     12     -6 (VIOLATED)
_42227_/Q                                 6     12     -6 (VIOLATED)
_42228_/Q                                 6     12     -6 (VIOLATED)
_42229_/Q                                 6     12     -6 (VIOLATED)
_42230_/Q                                 6     12     -6 (VIOLATED)
_42231_/Q                                 6     12     -6 (VIOLATED)
_42232_/Q                                 6     12     -6 (VIOLATED)
_42233_/Q                                 6     12     -6 (VIOLATED)
_42234_/Q                                 6     12     -6 (VIOLATED)
_42235_/Q                                 6     12     -6 (VIOLATED)
_42246_/Q                                 6     12     -6 (VIOLATED)
_42247_/Q                                 6     12     -6 (VIOLATED)
_42250_/Q                                 6     12     -6 (VIOLATED)
_42251_/Q                                 6     12     -6 (VIOLATED)
_42252_/Q                                 6     12     -6 (VIOLATED)
_42253_/Q                                 6     12     -6 (VIOLATED)
_42254_/Q                                 6     12     -6 (VIOLATED)
_42255_/Q                                 6     12     -6 (VIOLATED)
_42256_/Q                                 6     12     -6 (VIOLATED)
_42257_/Q                                 6     12     -6 (VIOLATED)
_42258_/Q                                 6     12     -6 (VIOLATED)
_42259_/Q                                 6     12     -6 (VIOLATED)
_42260_/Q                                 6     12     -6 (VIOLATED)
_42261_/Q                                 6     12     -6 (VIOLATED)
_42262_/Q                                 6     12     -6 (VIOLATED)
_42263_/Q                                 6     12     -6 (VIOLATED)
_42264_/Q                                 6     12     -6 (VIOLATED)
_42265_/Q                                 6     12     -6 (VIOLATED)
_42266_/Q                                 6     12     -6 (VIOLATED)
_42267_/Q                                 6     12     -6 (VIOLATED)
_42278_/Q                                 6     12     -6 (VIOLATED)
_42282_/Q                                 6     12     -6 (VIOLATED)
_42284_/Q                                 6     12     -6 (VIOLATED)
_42285_/Q                                 6     12     -6 (VIOLATED)
_42286_/Q                                 6     12     -6 (VIOLATED)
_42287_/Q                                 6     12     -6 (VIOLATED)
_42288_/Q                                 6     12     -6 (VIOLATED)
_42289_/Q                                 6     12     -6 (VIOLATED)
_42291_/Q                                 6     12     -6 (VIOLATED)
_42292_/Q                                 6     12     -6 (VIOLATED)
_42293_/Q                                 6     12     -6 (VIOLATED)
_42294_/Q                                 6     12     -6 (VIOLATED)
_42296_/Q                                 6     12     -6 (VIOLATED)
_42299_/Q                                 6     12     -6 (VIOLATED)
_42310_/Q                                 6     12     -6 (VIOLATED)
_42311_/Q                                 6     12     -6 (VIOLATED)
_42314_/Q                                 6     12     -6 (VIOLATED)
_42315_/Q                                 6     12     -6 (VIOLATED)
_42316_/Q                                 6     12     -6 (VIOLATED)
_42317_/Q                                 6     12     -6 (VIOLATED)
_42318_/Q                                 6     12     -6 (VIOLATED)
_42319_/Q                                 6     12     -6 (VIOLATED)
_42320_/Q                                 6     12     -6 (VIOLATED)
_42321_/Q                                 6     12     -6 (VIOLATED)
_42322_/Q                                 6     12     -6 (VIOLATED)
_42324_/Q                                 6     12     -6 (VIOLATED)
_42325_/Q                                 6     12     -6 (VIOLATED)
_42326_/Q                                 6     12     -6 (VIOLATED)
_42327_/Q                                 6     12     -6 (VIOLATED)
_42328_/Q                                 6     12     -6 (VIOLATED)
_42329_/Q                                 6     12     -6 (VIOLATED)
_42330_/Q                                 6     12     -6 (VIOLATED)
_42331_/Q                                 6     12     -6 (VIOLATED)
_42342_/Q                                 6     12     -6 (VIOLATED)
_42343_/Q                                 6     12     -6 (VIOLATED)
_42346_/Q                                 6     12     -6 (VIOLATED)
_42348_/Q                                 6     12     -6 (VIOLATED)
_42349_/Q                                 6     12     -6 (VIOLATED)
_42350_/Q                                 6     12     -6 (VIOLATED)
_42351_/Q                                 6     12     -6 (VIOLATED)
_42352_/Q                                 6     12     -6 (VIOLATED)
_42353_/Q                                 6     12     -6 (VIOLATED)
_42354_/Q                                 6     12     -6 (VIOLATED)
_42355_/Q                                 6     12     -6 (VIOLATED)
_42356_/Q                                 6     12     -6 (VIOLATED)
_42357_/Q                                 6     12     -6 (VIOLATED)
_42358_/Q                                 6     12     -6 (VIOLATED)
_42359_/Q                                 6     12     -6 (VIOLATED)
_42360_/Q                                 6     12     -6 (VIOLATED)
_42361_/Q                                 6     12     -6 (VIOLATED)
_42362_/Q                                 6     12     -6 (VIOLATED)
_42363_/Q                                 6     12     -6 (VIOLATED)
_42375_/Q                                 6     12     -6 (VIOLATED)
_42378_/Q                                 6     12     -6 (VIOLATED)
_42379_/Q                                 6     12     -6 (VIOLATED)
_42380_/Q                                 6     12     -6 (VIOLATED)
_42381_/Q                                 6     12     -6 (VIOLATED)
_42382_/Q                                 6     12     -6 (VIOLATED)
_42383_/Q                                 6     12     -6 (VIOLATED)
_42384_/Q                                 6     12     -6 (VIOLATED)
_42385_/Q                                 6     12     -6 (VIOLATED)
_42386_/Q                                 6     12     -6 (VIOLATED)
_42387_/Q                                 6     12     -6 (VIOLATED)
_42388_/Q                                 6     12     -6 (VIOLATED)
_42389_/Q                                 6     12     -6 (VIOLATED)
_42390_/Q                                 6     12     -6 (VIOLATED)
_42391_/Q                                 6     12     -6 (VIOLATED)
_42392_/Q                                 6     12     -6 (VIOLATED)
_42393_/Q                                 6     12     -6 (VIOLATED)
_42394_/Q                                 6     12     -6 (VIOLATED)
_42395_/Q                                 6     12     -6 (VIOLATED)
_42406_/Q                                 6     12     -6 (VIOLATED)
_42407_/Q                                 6     12     -6 (VIOLATED)
_42410_/Q                                 6     12     -6 (VIOLATED)
_42411_/Q                                 6     12     -6 (VIOLATED)
_42412_/Q                                 6     12     -6 (VIOLATED)
_42413_/Q                                 6     12     -6 (VIOLATED)
_42414_/Q                                 6     12     -6 (VIOLATED)
_42415_/Q                                 6     12     -6 (VIOLATED)
_42416_/Q                                 6     12     -6 (VIOLATED)
_42417_/Q                                 6     12     -6 (VIOLATED)
_42418_/Q                                 6     12     -6 (VIOLATED)
_42419_/Q                                 6     12     -6 (VIOLATED)
_42420_/Q                                 6     12     -6 (VIOLATED)
_42421_/Q                                 6     12     -6 (VIOLATED)
_42422_/Q                                 6     12     -6 (VIOLATED)
_42423_/Q                                 6     12     -6 (VIOLATED)
_42424_/Q                                 6     12     -6 (VIOLATED)
_42425_/Q                                 6     12     -6 (VIOLATED)
_42426_/Q                                 6     12     -6 (VIOLATED)
_42427_/Q                                 6     12     -6 (VIOLATED)
_42438_/Q                                 6     12     -6 (VIOLATED)
_42439_/Q                                 6     12     -6 (VIOLATED)
_42442_/Q                                 6     12     -6 (VIOLATED)
_42443_/Q                                 6     12     -6 (VIOLATED)
_42444_/Q                                 6     12     -6 (VIOLATED)
_42445_/Q                                 6     12     -6 (VIOLATED)
_42446_/Q                                 6     12     -6 (VIOLATED)
_42447_/Q                                 6     12     -6 (VIOLATED)
_42448_/Q                                 6     12     -6 (VIOLATED)
_42449_/Q                                 6     12     -6 (VIOLATED)
_42450_/Q                                 6     12     -6 (VIOLATED)
_42451_/Q                                 6     12     -6 (VIOLATED)
_42452_/Q                                 6     12     -6 (VIOLATED)
_42453_/Q                                 6     12     -6 (VIOLATED)
_42454_/Q                                 6     12     -6 (VIOLATED)
_42455_/Q                                 6     12     -6 (VIOLATED)
_42457_/Q                                 6     12     -6 (VIOLATED)
_42458_/Q                                 6     12     -6 (VIOLATED)
_42459_/Q                                 6     12     -6 (VIOLATED)
_42470_/Q                                 6     12     -6 (VIOLATED)
_42471_/Q                                 6     12     -6 (VIOLATED)
_42474_/Q                                 6     12     -6 (VIOLATED)
_42475_/Q                                 6     12     -6 (VIOLATED)
_42476_/Q                                 6     12     -6 (VIOLATED)
_42477_/Q                                 6     12     -6 (VIOLATED)
_42478_/Q                                 6     12     -6 (VIOLATED)
_42479_/Q                                 6     12     -6 (VIOLATED)
_42480_/Q                                 6     12     -6 (VIOLATED)
_42481_/Q                                 6     12     -6 (VIOLATED)
_42482_/Q                                 6     12     -6 (VIOLATED)
_42483_/Q                                 6     12     -6 (VIOLATED)
_42484_/Q                                 6     12     -6 (VIOLATED)
_42485_/Q                                 6     12     -6 (VIOLATED)
_42486_/Q                                 6     12     -6 (VIOLATED)
_42487_/Q                                 6     12     -6 (VIOLATED)
_42488_/Q                                 6     12     -6 (VIOLATED)
_42489_/Q                                 6     12     -6 (VIOLATED)
_42490_/Q                                 6     12     -6 (VIOLATED)
_42491_/Q                                 6     12     -6 (VIOLATED)
_42502_/Q                                 6     12     -6 (VIOLATED)
_42503_/Q                                 6     12     -6 (VIOLATED)
_42506_/Q                                 6     12     -6 (VIOLATED)
_42507_/Q                                 6     12     -6 (VIOLATED)
_42508_/Q                                 6     12     -6 (VIOLATED)
_42509_/Q                                 6     12     -6 (VIOLATED)
_42510_/Q                                 6     12     -6 (VIOLATED)
_42511_/Q                                 6     12     -6 (VIOLATED)
_42512_/Q                                 6     12     -6 (VIOLATED)
_42513_/Q                                 6     12     -6 (VIOLATED)
_42514_/Q                                 6     12     -6 (VIOLATED)
_42515_/Q                                 6     12     -6 (VIOLATED)
_42516_/Q                                 6     12     -6 (VIOLATED)
_42517_/Q                                 6     12     -6 (VIOLATED)
_42518_/Q                                 6     12     -6 (VIOLATED)
_42519_/Q                                 6     12     -6 (VIOLATED)
_42520_/Q                                 6     12     -6 (VIOLATED)
_42521_/Q                                 6     12     -6 (VIOLATED)
_42522_/Q                                 6     12     -6 (VIOLATED)
_42523_/Q                                 6     12     -6 (VIOLATED)
_43610_/Q                                 6     12     -6 (VIOLATED)
_43613_/Q                                 6     12     -6 (VIOLATED)
_43616_/Q                                 6     12     -6 (VIOLATED)
clkbuf_6_53_0_clk/X                       6     12     -6 (VIOLATED)
clkbuf_6_54_0_clk/X                       6     12     -6 (VIOLATED)
input13/X                                 6     12     -6 (VIOLATED)
input14/X                                 6     12     -6 (VIOLATED)
input15/X                                 6     12     -6 (VIOLATED)
input16/X                                 6     12     -6 (VIOLATED)
input17/X                                 6     12     -6 (VIOLATED)
input18/X                                 6     12     -6 (VIOLATED)
input19/X                                 6     12     -6 (VIOLATED)
input20/X                                 6     12     -6 (VIOLATED)
input21/X                                 6     12     -6 (VIOLATED)
input22/X                                 6     12     -6 (VIOLATED)
input24/X                                 6     12     -6 (VIOLATED)
input25/X                                 6     12     -6 (VIOLATED)
input26/X                                 6     12     -6 (VIOLATED)
input27/X                                 6     12     -6 (VIOLATED)
input28/X                                 6     12     -6 (VIOLATED)
input29/X                                 6     12     -6 (VIOLATED)
input30/X                                 6     12     -6 (VIOLATED)
input31/X                                 6     12     -6 (VIOLATED)
input32/X                                 6     12     -6 (VIOLATED)
input33/X                                 6     12     -6 (VIOLATED)
input35/X                                 6     12     -6 (VIOLATED)
input36/X                                 6     12     -6 (VIOLATED)
input39/X                                 6     12     -6 (VIOLATED)
input40/X                                 6     12     -6 (VIOLATED)
input41/X                                 6     12     -6 (VIOLATED)
input42/X                                 6     12     -6 (VIOLATED)
input43/X                                 6     12     -6 (VIOLATED)
input6/X                                  6     12     -6 (VIOLATED)
_29598_/Y                                 6     11     -5 (VIOLATED)
_42465_/Q                                 6     11     -5 (VIOLATED)
_20023_/Y                                 6     10     -4 (VIOLATED)
_20040_/Y                                 6     10     -4 (VIOLATED)
_20059_/Y                                 6     10     -4 (VIOLATED)
_20070_/X                                 6     10     -4 (VIOLATED)
_20114_/Y                                 6     10     -4 (VIOLATED)
_20124_/Y                                 6     10     -4 (VIOLATED)
_21738_/X                                 6     10     -4 (VIOLATED)
_27286_/X                                 6     10     -4 (VIOLATED)
_27394_/X                                 6     10     -4 (VIOLATED)
_27418_/Y                                 6     10     -4 (VIOLATED)
_27470_/X                                 6     10     -4 (VIOLATED)
_27541_/X                                 6     10     -4 (VIOLATED)
_27548_/X                                 6     10     -4 (VIOLATED)
_27671_/Y                                 6     10     -4 (VIOLATED)
_28041_/X                                 6     10     -4 (VIOLATED)
_28042_/Y                                 6     10     -4 (VIOLATED)
_28067_/Y                                 6     10     -4 (VIOLATED)
_28242_/X                                 6     10     -4 (VIOLATED)
_28569_/X                                 6     10     -4 (VIOLATED)
_28609_/Y                                 6     10     -4 (VIOLATED)
_28690_/Y                                 6     10     -4 (VIOLATED)
_28806_/Y                                 6     10     -4 (VIOLATED)
_28834_/Y                                 6     10     -4 (VIOLATED)
_28904_/Y                                 6     10     -4 (VIOLATED)
_28945_/Y                                 6     10     -4 (VIOLATED)
_28955_/Y                                 6     10     -4 (VIOLATED)
_28981_/Y                                 6     10     -4 (VIOLATED)
_29054_/Y                                 6     10     -4 (VIOLATED)
_29107_/Y                                 6     10     -4 (VIOLATED)
_29120_/X                                 6     10     -4 (VIOLATED)
_29126_/X                                 6     10     -4 (VIOLATED)
_29166_/Y                                 6     10     -4 (VIOLATED)
_29323_/X                                 6     10     -4 (VIOLATED)
_29333_/X                                 6     10     -4 (VIOLATED)
_29345_/Y                                 6     10     -4 (VIOLATED)
_29370_/Y                                 6     10     -4 (VIOLATED)
_29373_/Y                                 6     10     -4 (VIOLATED)
_29384_/X                                 6     10     -4 (VIOLATED)
_29421_/Y                                 6     10     -4 (VIOLATED)
_29506_/Y                                 6     10     -4 (VIOLATED)
_29521_/X                                 6     10     -4 (VIOLATED)
_29531_/Y                                 6     10     -4 (VIOLATED)
_29603_/Y                                 6     10     -4 (VIOLATED)
_29835_/X                                 6     10     -4 (VIOLATED)
_29938_/X                                 6     10     -4 (VIOLATED)
_29979_/Y                                 6     10     -4 (VIOLATED)
_29981_/Y                                 6     10     -4 (VIOLATED)
_30040_/Y                                 6     10     -4 (VIOLATED)
_30049_/Y                                 6     10     -4 (VIOLATED)
_30095_/X                                 6     10     -4 (VIOLATED)
_30104_/Y                                 6     10     -4 (VIOLATED)
_30129_/Y                                 6     10     -4 (VIOLATED)
_30160_/Y                                 6     10     -4 (VIOLATED)
_30222_/X                                 6     10     -4 (VIOLATED)
_30264_/Y                                 6     10     -4 (VIOLATED)
_30294_/X                                 6     10     -4 (VIOLATED)
_30326_/Y                                 6     10     -4 (VIOLATED)
_30337_/X                                 6     10     -4 (VIOLATED)
_30408_/Y                                 6     10     -4 (VIOLATED)
_31100_/Y                                 6     10     -4 (VIOLATED)
_31219_/Y                                 6     10     -4 (VIOLATED)
_31228_/X                                 6     10     -4 (VIOLATED)
_31252_/Y                                 6     10     -4 (VIOLATED)
_31264_/Y                                 6     10     -4 (VIOLATED)
_31275_/Y                                 6     10     -4 (VIOLATED)
_31283_/Y                                 6     10     -4 (VIOLATED)
_31518_/Y                                 6     10     -4 (VIOLATED)
_31564_/Y                                 6     10     -4 (VIOLATED)
_31584_/Y                                 6     10     -4 (VIOLATED)
_31669_/Y                                 6     10     -4 (VIOLATED)
_31688_/Y                                 6     10     -4 (VIOLATED)
_31705_/Y                                 6     10     -4 (VIOLATED)
_31720_/Y                                 6     10     -4 (VIOLATED)
_31731_/Y                                 6     10     -4 (VIOLATED)
_31778_/Y                                 6     10     -4 (VIOLATED)
_31834_/Y                                 6     10     -4 (VIOLATED)
_33944_/Y                                 6     10     -4 (VIOLATED)
_39224_/X                                 6     10     -4 (VIOLATED)
_39410_/X                                 6     10     -4 (VIOLATED)
_39930_/Y                                 6     10     -4 (VIOLATED)
_40282_/Q                                 6     10     -4 (VIOLATED)
_40284_/Q                                 6     10     -4 (VIOLATED)
_41312_/Q                                 6     10     -4 (VIOLATED)
_42021_/Q                                 6     10     -4 (VIOLATED)
_42024_/Q                                 6     10     -4 (VIOLATED)
_42037_/Q                                 6     10     -4 (VIOLATED)
_42038_/Q                                 6     10     -4 (VIOLATED)
_42039_/Q                                 6     10     -4 (VIOLATED)
_42043_/Q                                 6     10     -4 (VIOLATED)
_42050_/Q                                 6     10     -4 (VIOLATED)
_42069_/Q                                 6     10     -4 (VIOLATED)
_42075_/Q                                 6     10     -4 (VIOLATED)
_42077_/Q                                 6     10     -4 (VIOLATED)
_42086_/Q                                 6     10     -4 (VIOLATED)
_42088_/Q                                 6     10     -4 (VIOLATED)
_42098_/Q                                 6     10     -4 (VIOLATED)
_42112_/Q                                 6     10     -4 (VIOLATED)
_42114_/Q                                 6     10     -4 (VIOLATED)
_42131_/Q                                 6     10     -4 (VIOLATED)
_42135_/Q                                 6     10     -4 (VIOLATED)
_42141_/Q                                 6     10     -4 (VIOLATED)
_42143_/Q                                 6     10     -4 (VIOLATED)
_42147_/Q                                 6     10     -4 (VIOLATED)
_42148_/Q                                 6     10     -4 (VIOLATED)
_42149_/Q                                 6     10     -4 (VIOLATED)
_42152_/Q                                 6     10     -4 (VIOLATED)
_42153_/Q                                 6     10     -4 (VIOLATED)
_42172_/Q                                 6     10     -4 (VIOLATED)
_42173_/Q                                 6     10     -4 (VIOLATED)
_42174_/Q                                 6     10     -4 (VIOLATED)
_42175_/Q                                 6     10     -4 (VIOLATED)
_42176_/Q                                 6     10     -4 (VIOLATED)
_42177_/Q                                 6     10     -4 (VIOLATED)
_42178_/Q                                 6     10     -4 (VIOLATED)
_42180_/Q                                 6     10     -4 (VIOLATED)
_42181_/Q                                 6     10     -4 (VIOLATED)
_42184_/Q                                 6     10     -4 (VIOLATED)
_42185_/Q                                 6     10     -4 (VIOLATED)
_42204_/Q                                 6     10     -4 (VIOLATED)
_42205_/Q                                 6     10     -4 (VIOLATED)
_42206_/Q                                 6     10     -4 (VIOLATED)
_42207_/Q                                 6     10     -4 (VIOLATED)
_42208_/Q                                 6     10     -4 (VIOLATED)
_42209_/Q                                 6     10     -4 (VIOLATED)
_42210_/Q                                 6     10     -4 (VIOLATED)
_42212_/Q                                 6     10     -4 (VIOLATED)
_42213_/Q                                 6     10     -4 (VIOLATED)
_42216_/Q                                 6     10     -4 (VIOLATED)
_42217_/Q                                 6     10     -4 (VIOLATED)
_42236_/Q                                 6     10     -4 (VIOLATED)
_42237_/Q                                 6     10     -4 (VIOLATED)
_42238_/Q                                 6     10     -4 (VIOLATED)
_42239_/Q                                 6     10     -4 (VIOLATED)
_42240_/Q                                 6     10     -4 (VIOLATED)
_42241_/Q                                 6     10     -4 (VIOLATED)
_42242_/Q                                 6     10     -4 (VIOLATED)
_42244_/Q                                 6     10     -4 (VIOLATED)
_42245_/Q                                 6     10     -4 (VIOLATED)
_42248_/Q                                 6     10     -4 (VIOLATED)
_42249_/Q                                 6     10     -4 (VIOLATED)
_42268_/Q                                 6     10     -4 (VIOLATED)
_42269_/Q                                 6     10     -4 (VIOLATED)
_42270_/Q                                 6     10     -4 (VIOLATED)
_42271_/Q                                 6     10     -4 (VIOLATED)
_42272_/Q                                 6     10     -4 (VIOLATED)
_42273_/Q                                 6     10     -4 (VIOLATED)
_42274_/Q                                 6     10     -4 (VIOLATED)
_42276_/Q                                 6     10     -4 (VIOLATED)
_42277_/Q                                 6     10     -4 (VIOLATED)
_42295_/Q                                 6     10     -4 (VIOLATED)
_42300_/Q                                 6     10     -4 (VIOLATED)
_42301_/Q                                 6     10     -4 (VIOLATED)
_42302_/Q                                 6     10     -4 (VIOLATED)
_42303_/Q                                 6     10     -4 (VIOLATED)
_42304_/Q                                 6     10     -4 (VIOLATED)
_42305_/Q                                 6     10     -4 (VIOLATED)
_42306_/Q                                 6     10     -4 (VIOLATED)
_42308_/Q                                 6     10     -4 (VIOLATED)
_42309_/Q                                 6     10     -4 (VIOLATED)
_42312_/Q                                 6     10     -4 (VIOLATED)
_42313_/Q                                 6     10     -4 (VIOLATED)
_42323_/Q                                 6     10     -4 (VIOLATED)
_42332_/Q                                 6     10     -4 (VIOLATED)
_42333_/Q                                 6     10     -4 (VIOLATED)
_42334_/Q                                 6     10     -4 (VIOLATED)
_42335_/Q                                 6     10     -4 (VIOLATED)
_42336_/Q                                 6     10     -4 (VIOLATED)
_42337_/Q                                 6     10     -4 (VIOLATED)
_42338_/Q                                 6     10     -4 (VIOLATED)
_42340_/Q                                 6     10     -4 (VIOLATED)
_42341_/Q                                 6     10     -4 (VIOLATED)
_42344_/Q                                 6     10     -4 (VIOLATED)
_42345_/Q                                 6     10     -4 (VIOLATED)
_42347_/Q                                 6     10     -4 (VIOLATED)
_42364_/Q                                 6     10     -4 (VIOLATED)
_42365_/Q                                 6     10     -4 (VIOLATED)
_42366_/Q                                 6     10     -4 (VIOLATED)
_42367_/Q                                 6     10     -4 (VIOLATED)
_42368_/Q                                 6     10     -4 (VIOLATED)
_42369_/Q                                 6     10     -4 (VIOLATED)
_42370_/Q                                 6     10     -4 (VIOLATED)
_42373_/Q                                 6     10     -4 (VIOLATED)
_42376_/Q                                 6     10     -4 (VIOLATED)
_42377_/Q                                 6     10     -4 (VIOLATED)
_42396_/Q                                 6     10     -4 (VIOLATED)
_42397_/Q                                 6     10     -4 (VIOLATED)
_42398_/Q                                 6     10     -4 (VIOLATED)
_42399_/Q                                 6     10     -4 (VIOLATED)
_42400_/Q                                 6     10     -4 (VIOLATED)
_42401_/Q                                 6     10     -4 (VIOLATED)
_42402_/Q                                 6     10     -4 (VIOLATED)
_42404_/Q                                 6     10     -4 (VIOLATED)
_42405_/Q                                 6     10     -4 (VIOLATED)
_42408_/Q                                 6     10     -4 (VIOLATED)
_42409_/Q                                 6     10     -4 (VIOLATED)
_42428_/Q                                 6     10     -4 (VIOLATED)
_42429_/Q                                 6     10     -4 (VIOLATED)
_42430_/Q                                 6     10     -4 (VIOLATED)
_42431_/Q                                 6     10     -4 (VIOLATED)
_42432_/Q                                 6     10     -4 (VIOLATED)
_42433_/Q                                 6     10     -4 (VIOLATED)
_42434_/Q                                 6     10     -4 (VIOLATED)
_42436_/Q                                 6     10     -4 (VIOLATED)
_42437_/Q                                 6     10     -4 (VIOLATED)
_42440_/Q                                 6     10     -4 (VIOLATED)
_42441_/Q                                 6     10     -4 (VIOLATED)
_42460_/Q                                 6     10     -4 (VIOLATED)
_42461_/Q                                 6     10     -4 (VIOLATED)
_42462_/Q                                 6     10     -4 (VIOLATED)
_42463_/Q                                 6     10     -4 (VIOLATED)
_42464_/Q                                 6     10     -4 (VIOLATED)
_42466_/Q                                 6     10     -4 (VIOLATED)
_42468_/Q                                 6     10     -4 (VIOLATED)
_42469_/Q                                 6     10     -4 (VIOLATED)
_42472_/Q                                 6     10     -4 (VIOLATED)
_42473_/Q                                 6     10     -4 (VIOLATED)
_42492_/Q                                 6     10     -4 (VIOLATED)
_42493_/Q                                 6     10     -4 (VIOLATED)
_42494_/Q                                 6     10     -4 (VIOLATED)
_42495_/Q                                 6     10     -4 (VIOLATED)
_42496_/Q                                 6     10     -4 (VIOLATED)
_42497_/Q                                 6     10     -4 (VIOLATED)
_42498_/Q                                 6     10     -4 (VIOLATED)
_42500_/Q                                 6     10     -4 (VIOLATED)
_42501_/Q                                 6     10     -4 (VIOLATED)
_42504_/Q                                 6     10     -4 (VIOLATED)
_42505_/Q                                 6     10     -4 (VIOLATED)
_42524_/Q                                 6     10     -4 (VIOLATED)
_42525_/Q                                 6     10     -4 (VIOLATED)
_42526_/Q                                 6     10     -4 (VIOLATED)
_42527_/Q                                 6     10     -4 (VIOLATED)
_42528_/Q                                 6     10     -4 (VIOLATED)
_42529_/Q                                 6     10     -4 (VIOLATED)
_42530_/Q                                 6     10     -4 (VIOLATED)
_43576_/Q                                 6     10     -4 (VIOLATED)
_43579_/Q                                 6     10     -4 (VIOLATED)
_43592_/Q                                 6     10     -4 (VIOLATED)
_43603_/Q                                 6     10     -4 (VIOLATED)
_43619_/Q                                 6     10     -4 (VIOLATED)
_43621_/Q                                 6     10     -4 (VIOLATED)
_43624_/Q                                 6     10     -4 (VIOLATED)
hold2745/X                                6     10     -4 (VIOLATED)
hold3490/X                                6     10     -4 (VIOLATED)
input11/X                                 6     10     -4 (VIOLATED)
input5/X                                  6     10     -4 (VIOLATED)
max_cap2/X                                6     10     -4 (VIOLATED)
wire132/X                                 6     10     -4 (VIOLATED)
wire135/X                                 6     10     -4 (VIOLATED)
wire137/X                                 6     10     -4 (VIOLATED)
_41370_/Q                                 6      9     -3 (VIOLATED)
clkbuf_leaf_170_clk/X                     6      9     -3 (VIOLATED)
clkbuf_leaf_350_clk/X                     6      9     -3 (VIOLATED)
clkbuf_leaf_438_clk/X                     6      9     -3 (VIOLATED)
clkbuf_leaf_444_clk/X                     6      9     -3 (VIOLATED)
clkbuf_leaf_493_clk/X                     6      9     -3 (VIOLATED)
clkbuf_leaf_575_clk/X                     6      9     -3 (VIOLATED)
clkbuf_leaf_767_clk/X                     6      9     -3 (VIOLATED)
_20005_/Y                                 6      8     -2 (VIOLATED)
_20057_/X                                 6      8     -2 (VIOLATED)
_20063_/Y                                 6      8     -2 (VIOLATED)
_20085_/Y                                 6      8     -2 (VIOLATED)
_20099_/Y                                 6      8     -2 (VIOLATED)
_20102_/X                                 6      8     -2 (VIOLATED)
_20113_/Y                                 6      8     -2 (VIOLATED)
_20116_/X                                 6      8     -2 (VIOLATED)
_20127_/X                                 6      8     -2 (VIOLATED)
_24896_/Y                                 6      8     -2 (VIOLATED)
_25735_/Y                                 6      8     -2 (VIOLATED)
_27284_/X                                 6      8     -2 (VIOLATED)
_27291_/X                                 6      8     -2 (VIOLATED)
_27296_/X                                 6      8     -2 (VIOLATED)
_27299_/X                                 6      8     -2 (VIOLATED)
_27317_/X                                 6      8     -2 (VIOLATED)
_27321_/X                                 6      8     -2 (VIOLATED)
_27326_/X                                 6      8     -2 (VIOLATED)
_27327_/Y                                 6      8     -2 (VIOLATED)
_27338_/X                                 6      8     -2 (VIOLATED)
_27448_/Y                                 6      8     -2 (VIOLATED)
_27455_/X                                 6      8     -2 (VIOLATED)
_27480_/X                                 6      8     -2 (VIOLATED)
_27488_/X                                 6      8     -2 (VIOLATED)
_27554_/Y                                 6      8     -2 (VIOLATED)
_27582_/Y                                 6      8     -2 (VIOLATED)
_27588_/Y                                 6      8     -2 (VIOLATED)
_27648_/Y                                 6      8     -2 (VIOLATED)
_27664_/X                                 6      8     -2 (VIOLATED)
_27783_/Y                                 6      8     -2 (VIOLATED)
_27798_/X                                 6      8     -2 (VIOLATED)
_27805_/Y                                 6      8     -2 (VIOLATED)
_27810_/X                                 6      8     -2 (VIOLATED)
_27829_/Y                                 6      8     -2 (VIOLATED)
_27848_/Y                                 6      8     -2 (VIOLATED)
_27866_/X                                 6      8     -2 (VIOLATED)
_27895_/X                                 6      8     -2 (VIOLATED)
_27948_/X                                 6      8     -2 (VIOLATED)
_28001_/Y                                 6      8     -2 (VIOLATED)
_28027_/X                                 6      8     -2 (VIOLATED)
_28071_/X                                 6      8     -2 (VIOLATED)
_28087_/Y                                 6      8     -2 (VIOLATED)
_28105_/X                                 6      8     -2 (VIOLATED)
_28161_/Y                                 6      8     -2 (VIOLATED)
_28170_/X                                 6      8     -2 (VIOLATED)
_28189_/Y                                 6      8     -2 (VIOLATED)
_28201_/X                                 6      8     -2 (VIOLATED)
_28314_/Y                                 6      8     -2 (VIOLATED)
_28373_/Y                                 6      8     -2 (VIOLATED)
_28567_/X                                 6      8     -2 (VIOLATED)
_28580_/X                                 6      8     -2 (VIOLATED)
_28582_/X                                 6      8     -2 (VIOLATED)
_28599_/X                                 6      8     -2 (VIOLATED)
_28608_/X                                 6      8     -2 (VIOLATED)
_28610_/X                                 6      8     -2 (VIOLATED)
_28615_/Y                                 6      8     -2 (VIOLATED)
_28621_/X                                 6      8     -2 (VIOLATED)
_28630_/X                                 6      8     -2 (VIOLATED)
_28654_/X                                 6      8     -2 (VIOLATED)
_28657_/X                                 6      8     -2 (VIOLATED)
_28670_/X                                 6      8     -2 (VIOLATED)
_28671_/Y                                 6      8     -2 (VIOLATED)
_28672_/X                                 6      8     -2 (VIOLATED)
_28733_/X                                 6      8     -2 (VIOLATED)
_28747_/X                                 6      8     -2 (VIOLATED)
_28823_/X                                 6      8     -2 (VIOLATED)
_28845_/Y                                 6      8     -2 (VIOLATED)
_28901_/Y                                 6      8     -2 (VIOLATED)
_28911_/Y                                 6      8     -2 (VIOLATED)
_28948_/Y                                 6      8     -2 (VIOLATED)
_29027_/Y                                 6      8     -2 (VIOLATED)
_29072_/Y                                 6      8     -2 (VIOLATED)
_29085_/Y                                 6      8     -2 (VIOLATED)
_29122_/X                                 6      8     -2 (VIOLATED)
_29133_/Y                                 6      8     -2 (VIOLATED)
_29151_/Y                                 6      8     -2 (VIOLATED)
_29268_/Y                                 6      8     -2 (VIOLATED)
_29289_/Y                                 6      8     -2 (VIOLATED)
_29294_/X                                 6      8     -2 (VIOLATED)
_29295_/Y                                 6      8     -2 (VIOLATED)
_29298_/Y                                 6      8     -2 (VIOLATED)
_29307_/X                                 6      8     -2 (VIOLATED)
_29366_/Y                                 6      8     -2 (VIOLATED)
_29375_/Y                                 6      8     -2 (VIOLATED)
_29406_/Y                                 6      8     -2 (VIOLATED)
_29417_/X                                 6      8     -2 (VIOLATED)
_29435_/Y                                 6      8     -2 (VIOLATED)
_29447_/Y                                 6      8     -2 (VIOLATED)
_29461_/Y                                 6      8     -2 (VIOLATED)
_29473_/Y                                 6      8     -2 (VIOLATED)
_29493_/Y                                 6      8     -2 (VIOLATED)
_29554_/Y                                 6      8     -2 (VIOLATED)
_29566_/Y                                 6      8     -2 (VIOLATED)
_29580_/Y                                 6      8     -2 (VIOLATED)
_29595_/Y                                 6      8     -2 (VIOLATED)
_29609_/Y                                 6      8     -2 (VIOLATED)
_29623_/Y                                 6      8     -2 (VIOLATED)
_29753_/X                                 6      8     -2 (VIOLATED)
_29763_/X                                 6      8     -2 (VIOLATED)
_29787_/X                                 6      8     -2 (VIOLATED)
_29807_/X                                 6      8     -2 (VIOLATED)
_29824_/X                                 6      8     -2 (VIOLATED)
_29833_/X                                 6      8     -2 (VIOLATED)
_29840_/X                                 6      8     -2 (VIOLATED)
_29868_/X                                 6      8     -2 (VIOLATED)
_29871_/X                                 6      8     -2 (VIOLATED)
_29882_/X                                 6      8     -2 (VIOLATED)
_29951_/X                                 6      8     -2 (VIOLATED)
_29970_/Y                                 6      8     -2 (VIOLATED)
_29971_/X                                 6      8     -2 (VIOLATED)
_30002_/X                                 6      8     -2 (VIOLATED)
_30217_/Y                                 6      8     -2 (VIOLATED)
_30241_/X                                 6      8     -2 (VIOLATED)
_30258_/Y                                 6      8     -2 (VIOLATED)
_30267_/Y                                 6      8     -2 (VIOLATED)
_30274_/X                                 6      8     -2 (VIOLATED)
_30352_/Y                                 6      8     -2 (VIOLATED)
_30426_/Y                                 6      8     -2 (VIOLATED)
_30436_/Y                                 6      8     -2 (VIOLATED)
_30486_/Y                                 6      8     -2 (VIOLATED)
_30500_/Y                                 6      8     -2 (VIOLATED)
_30512_/Y                                 6      8     -2 (VIOLATED)
_30526_/Y                                 6      8     -2 (VIOLATED)
_30530_/Y                                 6      8     -2 (VIOLATED)
_30531_/X                                 6      8     -2 (VIOLATED)
_30555_/Y                                 6      8     -2 (VIOLATED)
_30569_/Y                                 6      8     -2 (VIOLATED)
_30599_/Y                                 6      8     -2 (VIOLATED)
_30650_/Y                                 6      8     -2 (VIOLATED)
_30661_/X                                 6      8     -2 (VIOLATED)
_30763_/Y                                 6      8     -2 (VIOLATED)
_30817_/Y                                 6      8     -2 (VIOLATED)
_30927_/X                                 6      8     -2 (VIOLATED)
_30929_/X                                 6      8     -2 (VIOLATED)
_30931_/X                                 6      8     -2 (VIOLATED)
_30938_/X                                 6      8     -2 (VIOLATED)
_30960_/X                                 6      8     -2 (VIOLATED)
_30974_/X                                 6      8     -2 (VIOLATED)
_30978_/X                                 6      8     -2 (VIOLATED)
_30986_/X                                 6      8     -2 (VIOLATED)
_30988_/X                                 6      8     -2 (VIOLATED)
_31003_/X                                 6      8     -2 (VIOLATED)
_31041_/X                                 6      8     -2 (VIOLATED)
_31048_/X                                 6      8     -2 (VIOLATED)
_31049_/X                                 6      8     -2 (VIOLATED)
_31051_/X                                 6      8     -2 (VIOLATED)
_31060_/X                                 6      8     -2 (VIOLATED)
_31102_/Y                                 6      8     -2 (VIOLATED)
_31163_/Y                                 6      8     -2 (VIOLATED)
_31299_/Y                                 6      8     -2 (VIOLATED)
_31321_/Y                                 6      8     -2 (VIOLATED)
_31333_/Y                                 6      8     -2 (VIOLATED)
_31352_/Y                                 6      8     -2 (VIOLATED)
_31396_/Y                                 6      8     -2 (VIOLATED)
_31412_/Y                                 6      8     -2 (VIOLATED)
_31491_/Y                                 6      8     -2 (VIOLATED)
_31507_/X                                 6      8     -2 (VIOLATED)
_31515_/X                                 6      8     -2 (VIOLATED)
_31530_/Y                                 6      8     -2 (VIOLATED)
_31594_/Y                                 6      8     -2 (VIOLATED)
_31625_/Y                                 6      8     -2 (VIOLATED)
_31666_/Y                                 6      8     -2 (VIOLATED)
_31673_/Y                                 6      8     -2 (VIOLATED)
_31682_/Y                                 6      8     -2 (VIOLATED)
_31695_/X                                 6      8     -2 (VIOLATED)
_31700_/Y                                 6      8     -2 (VIOLATED)
_31709_/Y                                 6      8     -2 (VIOLATED)
_31713_/Y                                 6      8     -2 (VIOLATED)
_31798_/Y                                 6      8     -2 (VIOLATED)
_31810_/X                                 6      8     -2 (VIOLATED)
_31820_/Y                                 6      8     -2 (VIOLATED)
_31844_/Y                                 6      8     -2 (VIOLATED)
_31859_/X                                 6      8     -2 (VIOLATED)
_31861_/Y                                 6      8     -2 (VIOLATED)
_31871_/Y                                 6      8     -2 (VIOLATED)
_31883_/Y                                 6      8     -2 (VIOLATED)
_31895_/Y                                 6      8     -2 (VIOLATED)
_31918_/Y                                 6      8     -2 (VIOLATED)
_31928_/Y                                 6      8     -2 (VIOLATED)
_31943_/Y                                 6      8     -2 (VIOLATED)
_31960_/Y                                 6      8     -2 (VIOLATED)
_31976_/Y                                 6      8     -2 (VIOLATED)
_31989_/Y                                 6      8     -2 (VIOLATED)
_32280_/Y                                 6      8     -2 (VIOLATED)
_37338_/Y                                 6      8     -2 (VIOLATED)
_38206_/Y                                 6      8     -2 (VIOLATED)
_39009_/X                                 6      8     -2 (VIOLATED)
_39416_/X                                 6      8     -2 (VIOLATED)
_39420_/X                                 6      8     -2 (VIOLATED)
_39624_/X                                 6      8     -2 (VIOLATED)
_39931_/X                                 6      8     -2 (VIOLATED)
_41314_/Q                                 6      8     -2 (VIOLATED)
_41315_/Q                                 6      8     -2 (VIOLATED)
_41316_/Q                                 6      8     -2 (VIOLATED)
_41317_/Q                                 6      8     -2 (VIOLATED)
_41318_/Q                                 6      8     -2 (VIOLATED)
_41319_/Q                                 6      8     -2 (VIOLATED)
_41320_/Q                                 6      8     -2 (VIOLATED)
_41322_/Q                                 6      8     -2 (VIOLATED)
_41323_/Q                                 6      8     -2 (VIOLATED)
_41325_/Q                                 6      8     -2 (VIOLATED)
_41327_/Q                                 6      8     -2 (VIOLATED)
_41328_/Q                                 6      8     -2 (VIOLATED)
_41329_/Q                                 6      8     -2 (VIOLATED)
_41330_/Q                                 6      8     -2 (VIOLATED)
_41334_/Q                                 6      8     -2 (VIOLATED)
_41338_/Q                                 6      8     -2 (VIOLATED)
_41340_/Q                                 6      8     -2 (VIOLATED)
_41342_/Q                                 6      8     -2 (VIOLATED)
_41343_/Q                                 6      8     -2 (VIOLATED)
_41346_/Q                                 6      8     -2 (VIOLATED)
_41348_/Q                                 6      8     -2 (VIOLATED)
_41350_/Q                                 6      8     -2 (VIOLATED)
_41351_/Q                                 6      8     -2 (VIOLATED)
_41354_/Q                                 6      8     -2 (VIOLATED)
_41355_/Q                                 6      8     -2 (VIOLATED)
_41357_/Q                                 6      8     -2 (VIOLATED)
_41359_/Q                                 6      8     -2 (VIOLATED)
_41360_/Q                                 6      8     -2 (VIOLATED)
_41361_/Q                                 6      8     -2 (VIOLATED)
_41364_/Q                                 6      8     -2 (VIOLATED)
_41372_/Q                                 6      8     -2 (VIOLATED)
_41373_/Q                                 6      8     -2 (VIOLATED)
_41374_/Q                                 6      8     -2 (VIOLATED)
_41375_/Q                                 6      8     -2 (VIOLATED)
_41376_/Q                                 6      8     -2 (VIOLATED)
_41377_/Q                                 6      8     -2 (VIOLATED)
_41379_/Q                                 6      8     -2 (VIOLATED)
_41380_/Q                                 6      8     -2 (VIOLATED)
_41383_/Q                                 6      8     -2 (VIOLATED)
_41385_/Q                                 6      8     -2 (VIOLATED)
_41394_/Q                                 6      8     -2 (VIOLATED)
_41395_/Q                                 6      8     -2 (VIOLATED)
_41396_/Q                                 6      8     -2 (VIOLATED)
_41397_/Q                                 6      8     -2 (VIOLATED)
_41399_/Q                                 6      8     -2 (VIOLATED)
_41400_/Q                                 6      8     -2 (VIOLATED)
_41401_/Q                                 6      8     -2 (VIOLATED)
_41402_/Q                                 6      8     -2 (VIOLATED)
_41403_/Q                                 6      8     -2 (VIOLATED)
_41404_/Q                                 6      8     -2 (VIOLATED)
_41405_/Q                                 6      8     -2 (VIOLATED)
_41419_/Q                                 6      8     -2 (VIOLATED)
_41645_/Q                                 6      8     -2 (VIOLATED)
_41647_/Q                                 6      8     -2 (VIOLATED)
_41676_/Q                                 6      8     -2 (VIOLATED)
_41677_/Q                                 6      8     -2 (VIOLATED)
_41678_/Q                                 6      8     -2 (VIOLATED)
_41679_/Q                                 6      8     -2 (VIOLATED)
_41687_/Q                                 6      8     -2 (VIOLATED)
_41690_/Q                                 6      8     -2 (VIOLATED)
_41709_/Q                                 6      8     -2 (VIOLATED)
_41714_/Q                                 6      8     -2 (VIOLATED)
_41719_/Q                                 6      8     -2 (VIOLATED)
_41741_/Q                                 6      8     -2 (VIOLATED)
_41742_/Q                                 6      8     -2 (VIOLATED)
_41745_/Q                                 6      8     -2 (VIOLATED)
_41751_/Q                                 6      8     -2 (VIOLATED)
_41754_/Q                                 6      8     -2 (VIOLATED)
_41908_/Q                                 6      8     -2 (VIOLATED)
_41909_/Q                                 6      8     -2 (VIOLATED)
_41910_/Q                                 6      8     -2 (VIOLATED)
_41926_/Q                                 6      8     -2 (VIOLATED)
_41927_/Q                                 6      8     -2 (VIOLATED)
_42025_/Q                                 6      8     -2 (VIOLATED)
_42027_/Q                                 6      8     -2 (VIOLATED)
_42029_/Q                                 6      8     -2 (VIOLATED)
_42033_/Q                                 6      8     -2 (VIOLATED)
_42035_/Q                                 6      8     -2 (VIOLATED)
_42046_/Q                                 6      8     -2 (VIOLATED)
_42047_/Q                                 6      8     -2 (VIOLATED)
_42051_/Q                                 6      8     -2 (VIOLATED)
_42057_/Q                                 6      8     -2 (VIOLATED)
_42064_/Q                                 6      8     -2 (VIOLATED)
_42065_/Q                                 6      8     -2 (VIOLATED)
_42076_/Q                                 6      8     -2 (VIOLATED)
_42078_/Q                                 6      8     -2 (VIOLATED)
_42085_/Q                                 6      8     -2 (VIOLATED)
_42089_/Q                                 6      8     -2 (VIOLATED)
_42091_/Q                                 6      8     -2 (VIOLATED)
_42096_/Q                                 6      8     -2 (VIOLATED)
_42101_/Q                                 6      8     -2 (VIOLATED)
_42110_/Q                                 6      8     -2 (VIOLATED)
_42115_/Q                                 6      8     -2 (VIOLATED)
_42117_/Q                                 6      8     -2 (VIOLATED)
_42123_/Q                                 6      8     -2 (VIOLATED)
_42125_/Q                                 6      8     -2 (VIOLATED)
_42128_/Q                                 6      8     -2 (VIOLATED)
_42130_/Q                                 6      8     -2 (VIOLATED)
_42138_/Q                                 6      8     -2 (VIOLATED)
_42144_/Q                                 6      8     -2 (VIOLATED)
_42179_/Q                                 6      8     -2 (VIOLATED)
_42211_/Q                                 6      8     -2 (VIOLATED)
_42243_/Q                                 6      8     -2 (VIOLATED)
_42275_/Q                                 6      8     -2 (VIOLATED)
_42290_/Q                                 6      8     -2 (VIOLATED)
_42297_/Q                                 6      8     -2 (VIOLATED)
_42298_/Q                                 6      8     -2 (VIOLATED)
_42307_/Q                                 6      8     -2 (VIOLATED)
_42339_/Q                                 6      8     -2 (VIOLATED)
_42371_/Q                                 6      8     -2 (VIOLATED)
_42403_/Q                                 6      8     -2 (VIOLATED)
_42435_/Q                                 6      8     -2 (VIOLATED)
_42456_/Q                                 6      8     -2 (VIOLATED)
_42467_/Q                                 6      8     -2 (VIOLATED)
_42499_/Q                                 6      8     -2 (VIOLATED)
_42531_/Q                                 6      8     -2 (VIOLATED)
_43560_/Q                                 6      8     -2 (VIOLATED)
_43607_/Q                                 6      8     -2 (VIOLATED)
_43612_/Q                                 6      8     -2 (VIOLATED)
_43618_/Q                                 6      8     -2 (VIOLATED)
_43628_/Q                                 6      8     -2 (VIOLATED)
clkbuf_0_clk/X                            6      8     -2 (VIOLATED)
clkbuf_6_52_0_clk/X                       6      8     -2 (VIOLATED)
clkbuf_leaf_101_clk/X                     6      8     -2 (VIOLATED)
clkbuf_leaf_103_clk/X                     6      8     -2 (VIOLATED)
clkbuf_leaf_12_clk/X                      6      8     -2 (VIOLATED)
clkbuf_leaf_14_clk/X                      6      8     -2 (VIOLATED)
clkbuf_leaf_173_clk/X                     6      8     -2 (VIOLATED)
clkbuf_leaf_187_clk/X                     6      8     -2 (VIOLATED)
clkbuf_leaf_226_clk/X                     6      8     -2 (VIOLATED)
clkbuf_leaf_229_clk/X                     6      8     -2 (VIOLATED)
clkbuf_leaf_279_clk/X                     6      8     -2 (VIOLATED)
clkbuf_leaf_308_clk/X                     6      8     -2 (VIOLATED)
clkbuf_leaf_330_clk/X                     6      8     -2 (VIOLATED)
clkbuf_leaf_331_clk/X                     6      8     -2 (VIOLATED)
clkbuf_leaf_333_clk/X                     6      8     -2 (VIOLATED)
clkbuf_leaf_352_clk/X                     6      8     -2 (VIOLATED)
clkbuf_leaf_356_clk/X                     6      8     -2 (VIOLATED)
clkbuf_leaf_375_clk/X                     6      8     -2 (VIOLATED)
clkbuf_leaf_424_clk/X                     6      8     -2 (VIOLATED)
clkbuf_leaf_446_clk/X                     6      8     -2 (VIOLATED)
clkbuf_leaf_454_clk/X                     6      8     -2 (VIOLATED)
clkbuf_leaf_455_clk/X                     6      8     -2 (VIOLATED)
clkbuf_leaf_464_clk/X                     6      8     -2 (VIOLATED)
clkbuf_leaf_472_clk/X                     6      8     -2 (VIOLATED)
clkbuf_leaf_481_clk/X                     6      8     -2 (VIOLATED)
clkbuf_leaf_520_clk/X                     6      8     -2 (VIOLATED)
clkbuf_leaf_521_clk/X                     6      8     -2 (VIOLATED)
clkbuf_leaf_571_clk/X                     6      8     -2 (VIOLATED)
clkbuf_leaf_607_clk/X                     6      8     -2 (VIOLATED)
clkbuf_leaf_617_clk/X                     6      8     -2 (VIOLATED)
clkbuf_leaf_62_clk/X                      6      8     -2 (VIOLATED)
clkbuf_leaf_631_clk/X                     6      8     -2 (VIOLATED)
clkbuf_leaf_656_clk/X                     6      8     -2 (VIOLATED)
clkbuf_leaf_662_clk/X                     6      8     -2 (VIOLATED)
clkbuf_leaf_693_clk/X                     6      8     -2 (VIOLATED)
clkbuf_leaf_6_clk/X                       6      8     -2 (VIOLATED)
clkbuf_leaf_709_clk/X                     6      8     -2 (VIOLATED)
clkbuf_leaf_714_clk/X                     6      8     -2 (VIOLATED)
clkbuf_leaf_726_clk/X                     6      8     -2 (VIOLATED)
clkbuf_leaf_748_clk/X                     6      8     -2 (VIOLATED)
hold1320/X                                6      8     -2 (VIOLATED)
hold2580/X                                6      8     -2 (VIOLATED)
hold2591/X                                6      8     -2 (VIOLATED)
hold2844/X                                6      8     -2 (VIOLATED)
hold2972/X                                6      8     -2 (VIOLATED)
hold3150/X                                6      8     -2 (VIOLATED)
hold330/X                                 6      8     -2 (VIOLATED)
hold3387/X                                6      8     -2 (VIOLATED)
hold340/X                                 6      8     -2 (VIOLATED)
hold3462/X                                6      8     -2 (VIOLATED)
hold356/X                                 6      8     -2 (VIOLATED)
hold3636/X                                6      8     -2 (VIOLATED)
hold366/X                                 6      8     -2 (VIOLATED)
hold376/X                                 6      8     -2 (VIOLATED)
hold3859/X                                6      8     -2 (VIOLATED)
hold3953/X                                6      8     -2 (VIOLATED)
hold405/X                                 6      8     -2 (VIOLATED)
hold4113/X                                6      8     -2 (VIOLATED)
hold553/X                                 6      8     -2 (VIOLATED)
hold573/X                                 6      8     -2 (VIOLATED)
hold652/X                                 6      8     -2 (VIOLATED)
hold889/X                                 6      8     -2 (VIOLATED)
hold940/X                                 6      8     -2 (VIOLATED)
input12/X                                 6      8     -2 (VIOLATED)
input2/X                                  6      8     -2 (VIOLATED)
input9/X                                  6      8     -2 (VIOLATED)
max_cap112/X                              6      8     -2 (VIOLATED)
max_cap113/X                              6      8     -2 (VIOLATED)
max_cap114/X                              6      8     -2 (VIOLATED)
max_cap115/X                              6      8     -2 (VIOLATED)
max_cap116/X                              6      8     -2 (VIOLATED)
max_cap119/X                              6      8     -2 (VIOLATED)
max_cap120/X                              6      8     -2 (VIOLATED)
max_cap125/X                              6      8     -2 (VIOLATED)
max_cap126/X                              6      8     -2 (VIOLATED)
max_cap128/X                              6      8     -2 (VIOLATED)
max_cap130/X                              6      8     -2 (VIOLATED)
max_cap131/X                              6      8     -2 (VIOLATED)
max_cap134/X                              6      8     -2 (VIOLATED)
max_cap136/X                              6      8     -2 (VIOLATED)
max_cap138/X                              6      8     -2 (VIOLATED)
max_cap140/X                              6      8     -2 (VIOLATED)
max_cap141/X                              6      8     -2 (VIOLATED)
max_cap150/X                              6      8     -2 (VIOLATED)
max_cap153/X                              6      8     -2 (VIOLATED)
max_cap156/X                              6      8     -2 (VIOLATED)
max_cap161/X                              6      8     -2 (VIOLATED)
max_cap162/X                              6      8     -2 (VIOLATED)
max_cap163/X                              6      8     -2 (VIOLATED)
max_cap168/X                              6      8     -2 (VIOLATED)
max_cap171/X                              6      8     -2 (VIOLATED)
max_cap172/X                              6      8     -2 (VIOLATED)
max_cap173/X                              6      8     -2 (VIOLATED)
max_cap177/X                              6      8     -2 (VIOLATED)
max_cap179/X                              6      8     -2 (VIOLATED)
max_cap180/X                              6      8     -2 (VIOLATED)
max_cap181/X                              6      8     -2 (VIOLATED)
max_cap183/X                              6      8     -2 (VIOLATED)
max_cap186/X                              6      8     -2 (VIOLATED)
max_cap188/X                              6      8     -2 (VIOLATED)
max_cap189/X                              6      8     -2 (VIOLATED)
max_cap190/X                              6      8     -2 (VIOLATED)
max_cap194/X                              6      8     -2 (VIOLATED)
max_cap196/X                              6      8     -2 (VIOLATED)
max_cap87/X                               6      8     -2 (VIOLATED)
wire129/X                                 6      8     -2 (VIOLATED)
wire148/X                                 6      8     -2 (VIOLATED)
wire193/X                                 6      8     -2 (VIOLATED)
_30192_/Y                                 6      7        (VIOLATED)
clkbuf_leaf_0_clk/X                       6      7        (VIOLATED)
clkbuf_leaf_100_clk/X                     6      7        (VIOLATED)
clkbuf_leaf_107_clk/X                     6      7        (VIOLATED)
clkbuf_leaf_111_clk/X                     6      7        (VIOLATED)
clkbuf_leaf_112_clk/X                     6      7        (VIOLATED)
clkbuf_leaf_117_clk/X                     6      7        (VIOLATED)
clkbuf_leaf_122_clk/X                     6      7        (VIOLATED)
clkbuf_leaf_143_clk/X                     6      7        (VIOLATED)
clkbuf_leaf_145_clk/X                     6      7        (VIOLATED)
clkbuf_leaf_148_clk/X                     6      7        (VIOLATED)
clkbuf_leaf_152_clk/X                     6      7        (VIOLATED)
clkbuf_leaf_156_clk/X                     6      7        (VIOLATED)
clkbuf_leaf_167_clk/X                     6      7        (VIOLATED)
clkbuf_leaf_175_clk/X                     6      7        (VIOLATED)
clkbuf_leaf_201_clk/X                     6      7        (VIOLATED)
clkbuf_leaf_212_clk/X                     6      7        (VIOLATED)
clkbuf_leaf_237_clk/X                     6      7        (VIOLATED)
clkbuf_leaf_258_clk/X                     6      7        (VIOLATED)
clkbuf_leaf_259_clk/X                     6      7        (VIOLATED)
clkbuf_leaf_264_clk/X                     6      7        (VIOLATED)
clkbuf_leaf_267_clk/X                     6      7        (VIOLATED)
clkbuf_leaf_269_clk/X                     6      7        (VIOLATED)
clkbuf_leaf_270_clk/X                     6      7        (VIOLATED)
clkbuf_leaf_274_clk/X                     6      7        (VIOLATED)
clkbuf_leaf_283_clk/X                     6      7        (VIOLATED)
clkbuf_leaf_285_clk/X                     6      7        (VIOLATED)
clkbuf_leaf_292_clk/X                     6      7        (VIOLATED)
clkbuf_leaf_312_clk/X                     6      7        (VIOLATED)
clkbuf_leaf_328_clk/X                     6      7        (VIOLATED)
clkbuf_leaf_339_clk/X                     6      7        (VIOLATED)
clkbuf_leaf_344_clk/X                     6      7        (VIOLATED)
clkbuf_leaf_348_clk/X                     6      7        (VIOLATED)
clkbuf_leaf_354_clk/X                     6      7        (VIOLATED)
clkbuf_leaf_358_clk/X                     6      7        (VIOLATED)
clkbuf_leaf_395_clk/X                     6      7        (VIOLATED)
clkbuf_leaf_423_clk/X                     6      7        (VIOLATED)
clkbuf_leaf_445_clk/X                     6      7        (VIOLATED)
clkbuf_leaf_447_clk/X                     6      7        (VIOLATED)
clkbuf_leaf_453_clk/X                     6      7        (VIOLATED)
clkbuf_leaf_504_clk/X                     6      7        (VIOLATED)
clkbuf_leaf_517_clk/X                     6      7        (VIOLATED)
clkbuf_leaf_523_clk/X                     6      7        (VIOLATED)
clkbuf_leaf_52_clk/X                      6      7        (VIOLATED)
clkbuf_leaf_536_clk/X                     6      7        (VIOLATED)
clkbuf_leaf_539_clk/X                     6      7        (VIOLATED)
clkbuf_leaf_546_clk/X                     6      7        (VIOLATED)
clkbuf_leaf_549_clk/X                     6      7        (VIOLATED)
clkbuf_leaf_557_clk/X                     6      7        (VIOLATED)
clkbuf_leaf_559_clk/X                     6      7        (VIOLATED)
clkbuf_leaf_562_clk/X                     6      7        (VIOLATED)
clkbuf_leaf_569_clk/X                     6      7        (VIOLATED)
clkbuf_leaf_577_clk/X                     6      7        (VIOLATED)
clkbuf_leaf_611_clk/X                     6      7        (VIOLATED)
clkbuf_leaf_61_clk/X                      6      7        (VIOLATED)
clkbuf_leaf_624_clk/X                     6      7        (VIOLATED)
clkbuf_leaf_628_clk/X                     6      7        (VIOLATED)
clkbuf_leaf_635_clk/X                     6      7        (VIOLATED)
clkbuf_leaf_646_clk/X                     6      7        (VIOLATED)
clkbuf_leaf_660_clk/X                     6      7        (VIOLATED)
clkbuf_leaf_663_clk/X                     6      7        (VIOLATED)
clkbuf_leaf_664_clk/X                     6      7        (VIOLATED)
clkbuf_leaf_672_clk/X                     6      7        (VIOLATED)
clkbuf_leaf_678_clk/X                     6      7        (VIOLATED)
clkbuf_leaf_707_clk/X                     6      7        (VIOLATED)
clkbuf_leaf_70_clk/X                      6      7        (VIOLATED)
clkbuf_leaf_719_clk/X                     6      7        (VIOLATED)
clkbuf_leaf_721_clk/X                     6      7        (VIOLATED)
clkbuf_leaf_723_clk/X                     6      7        (VIOLATED)
clkbuf_leaf_724_clk/X                     6      7        (VIOLATED)
clkbuf_leaf_727_clk/X                     6      7        (VIOLATED)
clkbuf_leaf_738_clk/X                     6      7        (VIOLATED)
clkbuf_leaf_742_clk/X                     6      7        (VIOLATED)
clkbuf_leaf_745_clk/X                     6      7        (VIOLATED)
clkbuf_leaf_754_clk/X                     6      7        (VIOLATED)
clkbuf_leaf_761_clk/X                     6      7        (VIOLATED)
clkbuf_leaf_77_clk/X                      6      7        (VIOLATED)
clkbuf_leaf_796_clk/X                     6      7        (VIOLATED)
clkbuf_leaf_80_clk/X                      6      7        (VIOLATED)
clkbuf_leaf_92_clk/X                      6      7        (VIOLATED)
clkbuf_leaf_96_clk/X                      6      7        (VIOLATED)


======================= Typical Corner ===================================

max slew

Pin                                    Limit    Slew   Slack
------------------------------------------------------------
_32453_/A1                              0.75    0.93   -0.18 (VIOLATED)
ANTENNA__32453__A1/DIODE                0.75    0.93   -0.18 (VIOLATED)
_32451_/Y                               0.75    0.93   -0.18 (VIOLATED)
ANTENNA__33376__A0/DIODE                0.75    0.92   -0.17 (VIOLATED)
_33376_/A0                              0.75    0.92   -0.17 (VIOLATED)
_33849_/A0                              0.75    0.92   -0.17 (VIOLATED)
ANTENNA__33849__A0/DIODE                0.75    0.92   -0.17 (VIOLATED)
_28171_/B                               0.75    0.91   -0.16 (VIOLATED)
ANTENNA__28171__B/DIODE                 0.75    0.91   -0.16 (VIOLATED)
_28172_/B                               0.75    0.91   -0.16 (VIOLATED)
ANTENNA__28172__B/DIODE                 0.75    0.91   -0.16 (VIOLATED)
_28170_/X                               0.75    0.91   -0.16 (VIOLATED)
_32425_/A2                              0.75    0.85   -0.10 (VIOLATED)
ANTENNA__32425__A2/DIODE                0.75    0.85   -0.10 (VIOLATED)
_29063_/B                               0.75    0.85   -0.10 (VIOLATED)
_29062_/B                               0.75    0.85   -0.10 (VIOLATED)
ANTENNA__29063__B/DIODE                 0.75    0.85   -0.10 (VIOLATED)
ANTENNA__29062__B/DIODE                 0.75    0.85   -0.10 (VIOLATED)
_29061_/Y                               0.75    0.85   -0.10 (VIOLATED)
_32988_/B                               0.75    0.83   -0.08 (VIOLATED)
ANTENNA__32988__B/DIODE                 0.75    0.83   -0.08 (VIOLATED)
_33254_/A0                              0.75    0.83   -0.08 (VIOLATED)
ANTENNA__33254__A0/DIODE                0.75    0.83   -0.08 (VIOLATED)
ANTENNA__29006__B/DIODE                 0.75    0.83   -0.08 (VIOLATED)
_29006_/B                               0.75    0.83   -0.08 (VIOLATED)
ANTENNA__29005__B/DIODE                 0.75    0.83   -0.08 (VIOLATED)
_29005_/B                               0.75    0.83   -0.08 (VIOLATED)
_32523_/A1                              0.75    0.83   -0.08 (VIOLATED)
ANTENNA__32523__A1/DIODE                0.75    0.83   -0.08 (VIOLATED)
ANTENNA__29448__A/DIODE                 0.75    0.83   -0.08 (VIOLATED)
ANTENNA__29449__A/DIODE                 0.75    0.83   -0.08 (VIOLATED)
_29004_/X                               0.75    0.83   -0.08 (VIOLATED)
_29448_/A                               0.75    0.83   -0.08 (VIOLATED)
_29449_/A                               0.75    0.83   -0.08 (VIOLATED)
_32521_/Y                               0.75    0.83   -0.08 (VIOLATED)
_33784_/A0                              0.75    0.79   -0.04 (VIOLATED)
ANTENNA__33784__A0/DIODE                0.75    0.79   -0.04 (VIOLATED)
_33624_/A1                              0.75    0.79   -0.04 (VIOLATED)
ANTENNA__33624__A1/DIODE                0.75    0.79   -0.04 (VIOLATED)
_30832_/B                               0.75    0.78   -0.03 (VIOLATED)
ANTENNA__30832__B/DIODE                 0.75    0.78   -0.03 (VIOLATED)
_30831_/X                               0.75    0.78   -0.03 (VIOLATED)
_32392_/A0                              0.75    0.77   -0.02 (VIOLATED)
ANTENNA__32392__A0/DIODE                0.75    0.77   -0.02 (VIOLATED)
_32220_/A0                              0.75    0.77   -0.02 (VIOLATED)
ANTENNA__32220__A0/DIODE                0.75    0.77   -0.02 (VIOLATED)
_27404_/B                               0.75    0.77   -0.02 (VIOLATED)
_27403_/B                               0.75    0.77   -0.02 (VIOLATED)
_27979_/A                               0.75    0.77   -0.02 (VIOLATED)
ANTENNA__27404__B/DIODE                 0.75    0.77   -0.02 (VIOLATED)
ANTENNA__27979__A/DIODE                 0.75    0.77   -0.02 (VIOLATED)
ANTENNA__27403__B/DIODE                 0.75    0.77   -0.02 (VIOLATED)
_27980_/A                               0.75    0.77   -0.02 (VIOLATED)
ANTENNA__27980__A/DIODE                 0.75    0.77   -0.02 (VIOLATED)
_27402_/Y                               0.75    0.77   -0.02 (VIOLATED)
output44/A                              0.75    0.75   -0.00 (VIOLATED)
ANTENNA_output44_A/DIODE                0.75    0.75   -0.00 (VIOLATED)
_32287_/A1                              0.75    0.75   -0.00 (VIOLATED)
ANTENNA__32287__A1/DIODE                0.75    0.75   -0.00 (VIOLATED)
_32284_/Y                               0.75    0.75   -0.00 (VIOLATED)
_23141_/A1                              0.75    0.75   -0.00 (VIOLATED)
ANTENNA__23141__A1/DIODE                0.75    0.75   -0.00 (VIOLATED)
_33264_/A0                              0.75    0.75   -0.00 (VIOLATED)
ANTENNA__33264__A0/DIODE                0.75    0.75   -0.00 (VIOLATED)
_33001_/A0                              0.75    0.75   -0.00 (VIOLATED)
ANTENNA__33001__A0/DIODE                0.75    0.75   -0.00 (VIOLATED)
_29195_/B                               0.75    0.75   -0.00 (VIOLATED)
_29194_/B                               0.75    0.75   -0.00 (VIOLATED)
ANTENNA__29195__B/DIODE                 0.75    0.75   -0.00 (VIOLATED)
ANTENNA__29194__B/DIODE                 0.75    0.75   -0.00 (VIOLATED)
ANTENNA__29494__A/DIODE                 0.75    0.75   -0.00 (VIOLATED)
ANTENNA__29495__A/DIODE                 0.75    0.75   -0.00 (VIOLATED)
_29193_/X                               0.75    0.75   -0.00 (VIOLATED)
_29494_/A                               0.75    0.75   -0.00 (VIOLATED)
_29495_/A                               0.75    0.75   -0.00 (VIOLATED)
_20853_/A                               0.75    0.75   -0.00 (VIOLATED)
ANTENNA__20853__A/DIODE                 0.75    0.75   -0.00 (VIOLATED)
ANTENNA__21392__A/DIODE                 0.75    0.75   -0.00 (VIOLATED)
_21392_/A                               0.75    0.75   -0.00 (VIOLATED)

max fanout

Pin                                   Limit Fanout  Slack
---------------------------------------------------------
clkbuf_6_2_0_clk/X                        6     36    -30 (VIOLATED)
clkbuf_6_31_0_clk/X                       6     36    -30 (VIOLATED)
clkbuf_6_1_0_clk/X                        6     34    -28 (VIOLATED)
clkbuf_6_26_0_clk/X                       6     34    -28 (VIOLATED)
clkbuf_6_47_0_clk/X                       6     34    -28 (VIOLATED)
clkbuf_6_15_0_clk/X                       6     32    -26 (VIOLATED)
clkbuf_6_28_0_clk/X                       6     32    -26 (VIOLATED)
clkbuf_6_5_0_clk/X                        6     32    -26 (VIOLATED)
clkbuf_6_0_0_clk/X                        6     30    -24 (VIOLATED)
clkbuf_6_16_0_clk/X                       6     30    -24 (VIOLATED)
clkbuf_6_17_0_clk/X                       6     30    -24 (VIOLATED)
clkbuf_6_20_0_clk/X                       6     30    -24 (VIOLATED)
clkbuf_6_25_0_clk/X                       6     30    -24 (VIOLATED)
clkbuf_6_34_0_clk/X                       6     30    -24 (VIOLATED)
clkbuf_6_35_0_clk/X                       6     30    -24 (VIOLATED)
clkbuf_6_45_0_clk/X                       6     30    -24 (VIOLATED)
clkbuf_6_46_0_clk/X                       6     30    -24 (VIOLATED)
clkbuf_6_58_0_clk/X                       6     30    -24 (VIOLATED)
clkbuf_6_7_0_clk/X                        6     30    -24 (VIOLATED)
clkbuf_6_11_0_clk/X                       6     28    -22 (VIOLATED)
clkbuf_6_23_0_clk/X                       6     28    -22 (VIOLATED)
clkbuf_6_32_0_clk/X                       6     28    -22 (VIOLATED)
clkbuf_6_33_0_clk/X                       6     28    -22 (VIOLATED)
clkbuf_6_40_0_clk/X                       6     28    -22 (VIOLATED)
clkbuf_6_10_0_clk/X                       6     26    -20 (VIOLATED)
clkbuf_6_12_0_clk/X                       6     26    -20 (VIOLATED)
clkbuf_6_18_0_clk/X                       6     26    -20 (VIOLATED)
clkbuf_6_19_0_clk/X                       6     26    -20 (VIOLATED)
clkbuf_6_30_0_clk/X                       6     26    -20 (VIOLATED)
clkbuf_6_36_0_clk/X                       6     26    -20 (VIOLATED)
clkbuf_6_37_0_clk/X                       6     26    -20 (VIOLATED)
clkbuf_6_38_0_clk/X                       6     26    -20 (VIOLATED)
clkbuf_6_39_0_clk/X                       6     26    -20 (VIOLATED)
clkbuf_6_3_0_clk/X                        6     26    -20 (VIOLATED)
clkbuf_6_59_0_clk/X                       6     26    -20 (VIOLATED)
clkbuf_6_9_0_clk/X                        6     26    -20 (VIOLATED)
_42201_/Q                                 6     24    -18 (VIOLATED)
clkbuf_6_13_0_clk/X                       6     24    -18 (VIOLATED)
clkbuf_6_21_0_clk/X                       6     24    -18 (VIOLATED)
clkbuf_6_22_0_clk/X                       6     24    -18 (VIOLATED)
clkbuf_6_24_0_clk/X                       6     24    -18 (VIOLATED)
clkbuf_6_27_0_clk/X                       6     24    -18 (VIOLATED)
clkbuf_6_29_0_clk/X                       6     24    -18 (VIOLATED)
clkbuf_6_43_0_clk/X                       6     24    -18 (VIOLATED)
clkbuf_6_48_0_clk/X                       6     24    -18 (VIOLATED)
clkbuf_6_4_0_clk/X                        6     24    -18 (VIOLATED)
clkbuf_6_56_0_clk/X                       6     24    -18 (VIOLATED)
clkbuf_6_63_0_clk/X                       6     24    -18 (VIOLATED)
clkbuf_6_14_0_clk/X                       6     22    -16 (VIOLATED)
clkbuf_6_44_0_clk/X                       6     22    -16 (VIOLATED)
clkbuf_6_41_0_clk/X                       6     20    -14 (VIOLATED)
clkbuf_6_42_0_clk/X                       6     20    -14 (VIOLATED)
clkbuf_6_61_0_clk/X                       6     20    -14 (VIOLATED)
clkbuf_6_6_0_clk/X                        6     20    -14 (VIOLATED)
clkbuf_6_8_0_clk/X                        6     20    -14 (VIOLATED)
clkbuf_6_49_0_clk/X                       6     18    -12 (VIOLATED)
clkbuf_6_57_0_clk/X                       6     18    -12 (VIOLATED)
clkbuf_3_0_0_clk/X                        6     16    -10 (VIOLATED)
clkbuf_3_1_0_clk/X                        6     16    -10 (VIOLATED)
clkbuf_3_2_0_clk/X                        6     16    -10 (VIOLATED)
clkbuf_3_3_0_clk/X                        6     16    -10 (VIOLATED)
clkbuf_3_4_0_clk/X                        6     16    -10 (VIOLATED)
clkbuf_3_5_0_clk/X                        6     16    -10 (VIOLATED)
clkbuf_3_6_0_clk/X                        6     16    -10 (VIOLATED)
clkbuf_3_7_0_clk/X                        6     16    -10 (VIOLATED)
clkbuf_6_50_0_clk/X                       6     16    -10 (VIOLATED)
clkbuf_6_60_0_clk/X                       6     16    -10 (VIOLATED)
clkbuf_6_62_0_clk/X                       6     16    -10 (VIOLATED)
_21731_/X                                 6     15     -9 (VIOLATED)
_22451_/X                                 6     15     -9 (VIOLATED)
clkbuf_6_51_0_clk/X                       6     14     -8 (VIOLATED)
clkbuf_6_55_0_clk/X                       6     14     -8 (VIOLATED)
_19961_/X                                 6     13     -7 (VIOLATED)
_26951_/X                                 6     13     -7 (VIOLATED)
_28906_/X                                 6     13     -7 (VIOLATED)
_32779_/X                                 6     13     -7 (VIOLATED)
_33622_/X                                 6     13     -7 (VIOLATED)
_35537_/X                                 6     13     -7 (VIOLATED)
_42032_/Q                                 6     13     -7 (VIOLATED)
_42374_/Q                                 6     13     -7 (VIOLATED)
_19962_/X                                 6     12     -6 (VIOLATED)
_19963_/X                                 6     12     -6 (VIOLATED)
_19966_/X                                 6     12     -6 (VIOLATED)
_19968_/X                                 6     12     -6 (VIOLATED)
_19969_/X                                 6     12     -6 (VIOLATED)
_19970_/X                                 6     12     -6 (VIOLATED)
_19986_/X                                 6     12     -6 (VIOLATED)
_19989_/X                                 6     12     -6 (VIOLATED)
_19990_/X                                 6     12     -6 (VIOLATED)
_19993_/X                                 6     12     -6 (VIOLATED)
_19994_/X                                 6     12     -6 (VIOLATED)
_19995_/X                                 6     12     -6 (VIOLATED)
_19997_/X                                 6     12     -6 (VIOLATED)
_19998_/Y                                 6     12     -6 (VIOLATED)
_20004_/X                                 6     12     -6 (VIOLATED)
_20007_/X                                 6     12     -6 (VIOLATED)
_20008_/X                                 6     12     -6 (VIOLATED)
_20013_/X                                 6     12     -6 (VIOLATED)
_20014_/X                                 6     12     -6 (VIOLATED)
_20015_/X                                 6     12     -6 (VIOLATED)
_20016_/X                                 6     12     -6 (VIOLATED)
_20020_/X                                 6     12     -6 (VIOLATED)
_20024_/X                                 6     12     -6 (VIOLATED)
_20025_/X                                 6     12     -6 (VIOLATED)
_20026_/X                                 6     12     -6 (VIOLATED)
_20028_/X                                 6     12     -6 (VIOLATED)
_20029_/X                                 6     12     -6 (VIOLATED)
_20039_/X                                 6     12     -6 (VIOLATED)
_20047_/X                                 6     12     -6 (VIOLATED)
_20050_/X                                 6     12     -6 (VIOLATED)
_20071_/X                                 6     12     -6 (VIOLATED)
_20073_/X                                 6     12     -6 (VIOLATED)
_20101_/X                                 6     12     -6 (VIOLATED)
_20105_/X                                 6     12     -6 (VIOLATED)
_20109_/X                                 6     12     -6 (VIOLATED)
_20115_/X                                 6     12     -6 (VIOLATED)
_20118_/X                                 6     12     -6 (VIOLATED)
_20121_/X                                 6     12     -6 (VIOLATED)
_20126_/X                                 6     12     -6 (VIOLATED)
_20129_/X                                 6     12     -6 (VIOLATED)
_20133_/X                                 6     12     -6 (VIOLATED)
_20142_/X                                 6     12     -6 (VIOLATED)
_20144_/X                                 6     12     -6 (VIOLATED)
_20151_/X                                 6     12     -6 (VIOLATED)
_20152_/X                                 6     12     -6 (VIOLATED)
_20154_/X                                 6     12     -6 (VIOLATED)
_20158_/X                                 6     12     -6 (VIOLATED)
_20159_/X                                 6     12     -6 (VIOLATED)
_20160_/X                                 6     12     -6 (VIOLATED)
_20162_/X                                 6     12     -6 (VIOLATED)
_20163_/X                                 6     12     -6 (VIOLATED)
_20167_/X                                 6     12     -6 (VIOLATED)
_20170_/X                                 6     12     -6 (VIOLATED)
_20173_/X                                 6     12     -6 (VIOLATED)
_20174_/X                                 6     12     -6 (VIOLATED)
_20177_/X                                 6     12     -6 (VIOLATED)
_20183_/X                                 6     12     -6 (VIOLATED)
_20189_/X                                 6     12     -6 (VIOLATED)
_20190_/X                                 6     12     -6 (VIOLATED)
_20193_/X                                 6     12     -6 (VIOLATED)
_20198_/X                                 6     12     -6 (VIOLATED)
_20201_/X                                 6     12     -6 (VIOLATED)
_20202_/X                                 6     12     -6 (VIOLATED)
_20245_/X                                 6     12     -6 (VIOLATED)
_20250_/X                                 6     12     -6 (VIOLATED)
_20279_/X                                 6     12     -6 (VIOLATED)
_20285_/X                                 6     12     -6 (VIOLATED)
_20287_/X                                 6     12     -6 (VIOLATED)
_20646_/X                                 6     12     -6 (VIOLATED)
_20773_/X                                 6     12     -6 (VIOLATED)
_20775_/X                                 6     12     -6 (VIOLATED)
_20776_/X                                 6     12     -6 (VIOLATED)
_20778_/X                                 6     12     -6 (VIOLATED)
_20779_/X                                 6     12     -6 (VIOLATED)
_20780_/X                                 6     12     -6 (VIOLATED)
_20782_/X                                 6     12     -6 (VIOLATED)
_20784_/X                                 6     12     -6 (VIOLATED)
_20789_/X                                 6     12     -6 (VIOLATED)
_20790_/X                                 6     12     -6 (VIOLATED)
_20791_/X                                 6     12     -6 (VIOLATED)
_20792_/X                                 6     12     -6 (VIOLATED)
_20795_/X                                 6     12     -6 (VIOLATED)
_20796_/X                                 6     12     -6 (VIOLATED)
_20799_/X                                 6     12     -6 (VIOLATED)
_20800_/X                                 6     12     -6 (VIOLATED)
_20803_/X                                 6     12     -6 (VIOLATED)
_20804_/X                                 6     12     -6 (VIOLATED)
_20807_/X                                 6     12     -6 (VIOLATED)
_20808_/X                                 6     12     -6 (VIOLATED)
_20811_/X                                 6     12     -6 (VIOLATED)
_20814_/X                                 6     12     -6 (VIOLATED)
_20820_/X                                 6     12     -6 (VIOLATED)
_20823_/X                                 6     12     -6 (VIOLATED)
_20826_/X                                 6     12     -6 (VIOLATED)
_20829_/X                                 6     12     -6 (VIOLATED)
_20832_/X                                 6     12     -6 (VIOLATED)
_20835_/X                                 6     12     -6 (VIOLATED)
_20841_/X                                 6     12     -6 (VIOLATED)
_20844_/X                                 6     12     -6 (VIOLATED)
_20847_/X                                 6     12     -6 (VIOLATED)
_20850_/X                                 6     12     -6 (VIOLATED)
_20853_/X                                 6     12     -6 (VIOLATED)
_20856_/X                                 6     12     -6 (VIOLATED)
_20860_/X                                 6     12     -6 (VIOLATED)
_20863_/X                                 6     12     -6 (VIOLATED)
_20866_/X                                 6     12     -6 (VIOLATED)
_20869_/X                                 6     12     -6 (VIOLATED)
_20872_/X                                 6     12     -6 (VIOLATED)
_20875_/X                                 6     12     -6 (VIOLATED)
_20878_/X                                 6     12     -6 (VIOLATED)
_20884_/X                                 6     12     -6 (VIOLATED)
_20887_/X                                 6     12     -6 (VIOLATED)
_20890_/X                                 6     12     -6 (VIOLATED)
_20893_/X                                 6     12     -6 (VIOLATED)
_20896_/X                                 6     12     -6 (VIOLATED)
_20899_/X                                 6     12     -6 (VIOLATED)
_20901_/X                                 6     12     -6 (VIOLATED)
_20903_/X                                 6     12     -6 (VIOLATED)
_20907_/X                                 6     12     -6 (VIOLATED)
_20966_/X                                 6     12     -6 (VIOLATED)
_20967_/X                                 6     12     -6 (VIOLATED)
_20983_/X                                 6     12     -6 (VIOLATED)
_20992_/X                                 6     12     -6 (VIOLATED)
_20995_/X                                 6     12     -6 (VIOLATED)
_21047_/X                                 6     12     -6 (VIOLATED)
_21062_/X                                 6     12     -6 (VIOLATED)
_21063_/X                                 6     12     -6 (VIOLATED)
_21076_/X                                 6     12     -6 (VIOLATED)
_21079_/X                                 6     12     -6 (VIOLATED)
_21156_/X                                 6     12     -6 (VIOLATED)
_21161_/X                                 6     12     -6 (VIOLATED)
_21164_/X                                 6     12     -6 (VIOLATED)
_21235_/X                                 6     12     -6 (VIOLATED)
_21244_/X                                 6     12     -6 (VIOLATED)
_21247_/X                                 6     12     -6 (VIOLATED)
_21254_/X                                 6     12     -6 (VIOLATED)
_21255_/X                                 6     12     -6 (VIOLATED)
_21327_/X                                 6     12     -6 (VIOLATED)
_21329_/X                                 6     12     -6 (VIOLATED)
_21332_/X                                 6     12     -6 (VIOLATED)
_21337_/X                                 6     12     -6 (VIOLATED)
_21340_/X                                 6     12     -6 (VIOLATED)
_21343_/X                                 6     12     -6 (VIOLATED)
_21346_/X                                 6     12     -6 (VIOLATED)
_21349_/X                                 6     12     -6 (VIOLATED)
_21352_/X                                 6     12     -6 (VIOLATED)
_21356_/X                                 6     12     -6 (VIOLATED)
_21359_/X                                 6     12     -6 (VIOLATED)
_21362_/X                                 6     12     -6 (VIOLATED)
_21365_/X                                 6     12     -6 (VIOLATED)
_21368_/X                                 6     12     -6 (VIOLATED)
_21371_/X                                 6     12     -6 (VIOLATED)
_21374_/X                                 6     12     -6 (VIOLATED)
_21380_/X                                 6     12     -6 (VIOLATED)
_21383_/X                                 6     12     -6 (VIOLATED)
_21386_/X                                 6     12     -6 (VIOLATED)
_21389_/X                                 6     12     -6 (VIOLATED)
_21392_/X                                 6     12     -6 (VIOLATED)
_21395_/X                                 6     12     -6 (VIOLATED)
_21401_/X                                 6     12     -6 (VIOLATED)
_21404_/X                                 6     12     -6 (VIOLATED)
_21407_/X                                 6     12     -6 (VIOLATED)
_21410_/X                                 6     12     -6 (VIOLATED)
_21413_/X                                 6     12     -6 (VIOLATED)
_21416_/X                                 6     12     -6 (VIOLATED)
_21422_/X                                 6     12     -6 (VIOLATED)
_21425_/X                                 6     12     -6 (VIOLATED)
_21428_/X                                 6     12     -6 (VIOLATED)
_21431_/X                                 6     12     -6 (VIOLATED)
_21434_/X                                 6     12     -6 (VIOLATED)
_21437_/X                                 6     12     -6 (VIOLATED)
_21439_/X                                 6     12     -6 (VIOLATED)
_21441_/X                                 6     12     -6 (VIOLATED)
_21474_/X                                 6     12     -6 (VIOLATED)
_21520_/X                                 6     12     -6 (VIOLATED)
_21532_/X                                 6     12     -6 (VIOLATED)
_21533_/X                                 6     12     -6 (VIOLATED)
_21536_/X                                 6     12     -6 (VIOLATED)
_21539_/X                                 6     12     -6 (VIOLATED)
_21576_/X                                 6     12     -6 (VIOLATED)
_21577_/X                                 6     12     -6 (VIOLATED)
_21578_/X                                 6     12     -6 (VIOLATED)
_21579_/X                                 6     12     -6 (VIOLATED)
_21622_/X                                 6     12     -6 (VIOLATED)
_21625_/X                                 6     12     -6 (VIOLATED)
_21673_/X                                 6     12     -6 (VIOLATED)
_21702_/X                                 6     12     -6 (VIOLATED)
_21717_/X                                 6     12     -6 (VIOLATED)
_21719_/X                                 6     12     -6 (VIOLATED)
_21721_/X                                 6     12     -6 (VIOLATED)
_21722_/X                                 6     12     -6 (VIOLATED)
_21732_/X                                 6     12     -6 (VIOLATED)
_21733_/X                                 6     12     -6 (VIOLATED)
_21734_/X                                 6     12     -6 (VIOLATED)
_21737_/X                                 6     12     -6 (VIOLATED)
_21739_/X                                 6     12     -6 (VIOLATED)
_21741_/X                                 6     12     -6 (VIOLATED)
_21743_/X                                 6     12     -6 (VIOLATED)
_21745_/X                                 6     12     -6 (VIOLATED)
_21749_/X                                 6     12     -6 (VIOLATED)
_21785_/X                                 6     12     -6 (VIOLATED)
_21816_/X                                 6     12     -6 (VIOLATED)
_21827_/X                                 6     12     -6 (VIOLATED)
_21830_/X                                 6     12     -6 (VIOLATED)
_21835_/X                                 6     12     -6 (VIOLATED)
_21837_/X                                 6     12     -6 (VIOLATED)
_21840_/X                                 6     12     -6 (VIOLATED)
_21843_/X                                 6     12     -6 (VIOLATED)
_21883_/X                                 6     12     -6 (VIOLATED)
_21912_/X                                 6     12     -6 (VIOLATED)
_21917_/X                                 6     12     -6 (VIOLATED)
_21931_/X                                 6     12     -6 (VIOLATED)
_21935_/X                                 6     12     -6 (VIOLATED)
_21940_/X                                 6     12     -6 (VIOLATED)
_21943_/X                                 6     12     -6 (VIOLATED)
_21946_/X                                 6     12     -6 (VIOLATED)
_21949_/X                                 6     12     -6 (VIOLATED)
_21952_/X                                 6     12     -6 (VIOLATED)
_21956_/X                                 6     12     -6 (VIOLATED)
_21961_/X                                 6     12     -6 (VIOLATED)
_21964_/X                                 6     12     -6 (VIOLATED)
_21967_/X                                 6     12     -6 (VIOLATED)
_21970_/X                                 6     12     -6 (VIOLATED)
_21973_/X                                 6     12     -6 (VIOLATED)
_21977_/X                                 6     12     -6 (VIOLATED)
_21982_/X                                 6     12     -6 (VIOLATED)
_21985_/X                                 6     12     -6 (VIOLATED)
_21988_/X                                 6     12     -6 (VIOLATED)
_21991_/X                                 6     12     -6 (VIOLATED)
_21994_/X                                 6     12     -6 (VIOLATED)
_21996_/X                                 6     12     -6 (VIOLATED)
_21999_/X                                 6     12     -6 (VIOLATED)
_22004_/X                                 6     12     -6 (VIOLATED)
_22007_/X                                 6     12     -6 (VIOLATED)
_22010_/X                                 6     12     -6 (VIOLATED)
_22013_/X                                 6     12     -6 (VIOLATED)
_22016_/X                                 6     12     -6 (VIOLATED)
_22018_/X                                 6     12     -6 (VIOLATED)
_22020_/X                                 6     12     -6 (VIOLATED)
_22023_/X                                 6     12     -6 (VIOLATED)
_22027_/X                                 6     12     -6 (VIOLATED)
_22030_/X                                 6     12     -6 (VIOLATED)
_22099_/X                                 6     12     -6 (VIOLATED)
_22100_/X                                 6     12     -6 (VIOLATED)
_22111_/X                                 6     12     -6 (VIOLATED)
_22114_/X                                 6     12     -6 (VIOLATED)
_22192_/X                                 6     12     -6 (VIOLATED)
_22193_/X                                 6     12     -6 (VIOLATED)
_22194_/X                                 6     12     -6 (VIOLATED)
_22197_/X                                 6     12     -6 (VIOLATED)
_22200_/X                                 6     12     -6 (VIOLATED)
_22273_/X                                 6     12     -6 (VIOLATED)
_22279_/X                                 6     12     -6 (VIOLATED)
_22284_/X                                 6     12     -6 (VIOLATED)
_22288_/X                                 6     12     -6 (VIOLATED)
_22355_/X                                 6     12     -6 (VIOLATED)
_22366_/X                                 6     12     -6 (VIOLATED)
_22369_/X                                 6     12     -6 (VIOLATED)
_22374_/X                                 6     12     -6 (VIOLATED)
_22376_/X                                 6     12     -6 (VIOLATED)
_22379_/X                                 6     12     -6 (VIOLATED)
_22382_/X                                 6     12     -6 (VIOLATED)
_22392_/X                                 6     12     -6 (VIOLATED)
_22423_/X                                 6     12     -6 (VIOLATED)
_22454_/X                                 6     12     -6 (VIOLATED)
_22457_/X                                 6     12     -6 (VIOLATED)
_22469_/X                                 6     12     -6 (VIOLATED)
_22473_/X                                 6     12     -6 (VIOLATED)
_22478_/X                                 6     12     -6 (VIOLATED)
_22481_/X                                 6     12     -6 (VIOLATED)
_22484_/X                                 6     12     -6 (VIOLATED)
_22487_/X                                 6     12     -6 (VIOLATED)
_22490_/X                                 6     12     -6 (VIOLATED)
_22492_/X                                 6     12     -6 (VIOLATED)
_22495_/X                                 6     12     -6 (VIOLATED)
_22500_/X                                 6     12     -6 (VIOLATED)
_22503_/X                                 6     12     -6 (VIOLATED)
_22506_/X                                 6     12     -6 (VIOLATED)
_22509_/X                                 6     12     -6 (VIOLATED)
_22512_/X                                 6     12     -6 (VIOLATED)
_22516_/X                                 6     12     -6 (VIOLATED)
_22521_/X                                 6     12     -6 (VIOLATED)
_22524_/X                                 6     12     -6 (VIOLATED)
_22527_/X                                 6     12     -6 (VIOLATED)
_22530_/X                                 6     12     -6 (VIOLATED)
_22533_/X                                 6     12     -6 (VIOLATED)
_22535_/X                                 6     12     -6 (VIOLATED)
_22537_/X                                 6     12     -6 (VIOLATED)
_22542_/X                                 6     12     -6 (VIOLATED)
_22545_/X                                 6     12     -6 (VIOLATED)
_22548_/X                                 6     12     -6 (VIOLATED)
_22551_/X                                 6     12     -6 (VIOLATED)
_22554_/X                                 6     12     -6 (VIOLATED)
_22556_/X                                 6     12     -6 (VIOLATED)
_22558_/X                                 6     12     -6 (VIOLATED)
_22561_/X                                 6     12     -6 (VIOLATED)
_22565_/X                                 6     12     -6 (VIOLATED)
_22568_/X                                 6     12     -6 (VIOLATED)
_22607_/X                                 6     12     -6 (VIOLATED)
_22638_/X                                 6     12     -6 (VIOLATED)
_22652_/X                                 6     12     -6 (VIOLATED)
_22655_/X                                 6     12     -6 (VIOLATED)
_22660_/X                                 6     12     -6 (VIOLATED)
_22705_/X                                 6     12     -6 (VIOLATED)
_22706_/X                                 6     12     -6 (VIOLATED)
_22734_/X                                 6     12     -6 (VIOLATED)
_22737_/X                                 6     12     -6 (VIOLATED)
_22740_/X                                 6     12     -6 (VIOLATED)
_22798_/X                                 6     12     -6 (VIOLATED)
_22799_/X                                 6     12     -6 (VIOLATED)
_22800_/X                                 6     12     -6 (VIOLATED)
_22815_/X                                 6     12     -6 (VIOLATED)
_22822_/X                                 6     12     -6 (VIOLATED)
_22825_/X                                 6     12     -6 (VIOLATED)
_22879_/X                                 6     12     -6 (VIOLATED)
_22894_/X                                 6     12     -6 (VIOLATED)
_22895_/X                                 6     12     -6 (VIOLATED)
_22906_/X                                 6     12     -6 (VIOLATED)
_22909_/X                                 6     12     -6 (VIOLATED)
_22929_/X                                 6     12     -6 (VIOLATED)
_22959_/X                                 6     12     -6 (VIOLATED)
_22987_/X                                 6     12     -6 (VIOLATED)
_22988_/X                                 6     12     -6 (VIOLATED)
_22991_/X                                 6     12     -6 (VIOLATED)
_22994_/X                                 6     12     -6 (VIOLATED)
_23067_/X                                 6     12     -6 (VIOLATED)
_23074_/X                                 6     12     -6 (VIOLATED)
_23077_/X                                 6     12     -6 (VIOLATED)
_23086_/X                                 6     12     -6 (VIOLATED)
_23147_/X                                 6     12     -6 (VIOLATED)
_23157_/X                                 6     12     -6 (VIOLATED)
_23191_/X                                 6     12     -6 (VIOLATED)
_23192_/X                                 6     12     -6 (VIOLATED)
_23193_/X                                 6     12     -6 (VIOLATED)
_23200_/X                                 6     12     -6 (VIOLATED)
_23201_/X                                 6     12     -6 (VIOLATED)
_23255_/X                                 6     12     -6 (VIOLATED)
_23262_/X                                 6     12     -6 (VIOLATED)
_23315_/X                                 6     12     -6 (VIOLATED)
_23323_/X                                 6     12     -6 (VIOLATED)
_23377_/X                                 6     12     -6 (VIOLATED)
_23397_/X                                 6     12     -6 (VIOLATED)
_23437_/X                                 6     12     -6 (VIOLATED)
_23445_/X                                 6     12     -6 (VIOLATED)
_23446_/X                                 6     12     -6 (VIOLATED)
_23479_/X                                 6     12     -6 (VIOLATED)
_23499_/X                                 6     12     -6 (VIOLATED)
_23559_/X                                 6     12     -6 (VIOLATED)
_23560_/X                                 6     12     -6 (VIOLATED)
_23567_/X                                 6     12     -6 (VIOLATED)
_23581_/X                                 6     12     -6 (VIOLATED)
_23588_/X                                 6     12     -6 (VIOLATED)
_23608_/X                                 6     12     -6 (VIOLATED)
_23681_/X                                 6     12     -6 (VIOLATED)
_23689_/X                                 6     12     -6 (VIOLATED)
_23690_/X                                 6     12     -6 (VIOLATED)
_23710_/X                                 6     12     -6 (VIOLATED)
_23803_/X                                 6     12     -6 (VIOLATED)
_23804_/X                                 6     12     -6 (VIOLATED)
_23811_/X                                 6     12     -6 (VIOLATED)
_23812_/X                                 6     12     -6 (VIOLATED)
_23826_/X                                 6     12     -6 (VIOLATED)
_23833_/X                                 6     12     -6 (VIOLATED)
_23846_/X                                 6     12     -6 (VIOLATED)
_23886_/X                                 6     12     -6 (VIOLATED)
_23926_/X                                 6     12     -6 (VIOLATED)
_23927_/X                                 6     12     -6 (VIOLATED)
_23928_/X                                 6     12     -6 (VIOLATED)
_23935_/X                                 6     12     -6 (VIOLATED)
_23989_/X                                 6     12     -6 (VIOLATED)
_23996_/X                                 6     12     -6 (VIOLATED)
_24016_/X                                 6     12     -6 (VIOLATED)
_24029_/X                                 6     12     -6 (VIOLATED)
_24036_/X                                 6     12     -6 (VIOLATED)
_24049_/X                                 6     12     -6 (VIOLATED)
_24050_/X                                 6     12     -6 (VIOLATED)
_24057_/X                                 6     12     -6 (VIOLATED)
_24058_/X                                 6     12     -6 (VIOLATED)
_24098_/X                                 6     12     -6 (VIOLATED)
_24131_/X                                 6     12     -6 (VIOLATED)
_24151_/X                                 6     12     -6 (VIOLATED)
_24171_/X                                 6     12     -6 (VIOLATED)
_24179_/X                                 6     12     -6 (VIOLATED)
_24213_/X                                 6     12     -6 (VIOLATED)
_24233_/X                                 6     12     -6 (VIOLATED)
_24240_/X                                 6     12     -6 (VIOLATED)
_24253_/X                                 6     12     -6 (VIOLATED)
_24260_/X                                 6     12     -6 (VIOLATED)
_24293_/X                                 6     12     -6 (VIOLATED)
_24301_/X                                 6     12     -6 (VIOLATED)
_24322_/X                                 6     12     -6 (VIOLATED)
_24342_/X                                 6     12     -6 (VIOLATED)
_24415_/X                                 6     12     -6 (VIOLATED)
_24423_/X                                 6     12     -6 (VIOLATED)
_24457_/X                                 6     12     -6 (VIOLATED)
_24524_/X                                 6     12     -6 (VIOLATED)
_24537_/X                                 6     12     -6 (VIOLATED)
_24545_/X                                 6     12     -6 (VIOLATED)
_24546_/X                                 6     12     -6 (VIOLATED)
_24547_/X                                 6     12     -6 (VIOLATED)
_24560_/X                                 6     12     -6 (VIOLATED)
_24567_/X                                 6     12     -6 (VIOLATED)
_24580_/X                                 6     12     -6 (VIOLATED)
_24587_/X                                 6     12     -6 (VIOLATED)
_24660_/X                                 6     12     -6 (VIOLATED)
_24661_/X                                 6     12     -6 (VIOLATED)
_24668_/X                                 6     12     -6 (VIOLATED)
_24669_/X                                 6     12     -6 (VIOLATED)
_24749_/X                                 6     12     -6 (VIOLATED)
_24769_/X                                 6     12     -6 (VIOLATED)
_24782_/X                                 6     12     -6 (VIOLATED)
_24789_/X                                 6     12     -6 (VIOLATED)
_24830_/X                                 6     12     -6 (VIOLATED)
_24850_/X                                 6     12     -6 (VIOLATED)
_24863_/X                                 6     12     -6 (VIOLATED)
_24889_/X                                 6     12     -6 (VIOLATED)
_24897_/X                                 6     12     -6 (VIOLATED)
_24898_/X                                 6     12     -6 (VIOLATED)
_24904_/X                                 6     12     -6 (VIOLATED)
_24919_/X                                 6     12     -6 (VIOLATED)
_24965_/X                                 6     12     -6 (VIOLATED)
_24976_/X                                 6     12     -6 (VIOLATED)
_24977_/X                                 6     12     -6 (VIOLATED)
_24992_/X                                 6     12     -6 (VIOLATED)
_25013_/X                                 6     12     -6 (VIOLATED)
_25059_/X                                 6     12     -6 (VIOLATED)
_25070_/X                                 6     12     -6 (VIOLATED)
_25085_/X                                 6     12     -6 (VIOLATED)
_25086_/X                                 6     12     -6 (VIOLATED)
_25091_/X                                 6     12     -6 (VIOLATED)
_25106_/X                                 6     12     -6 (VIOLATED)
_25107_/X                                 6     12     -6 (VIOLATED)
_25164_/X                                 6     12     -6 (VIOLATED)
_25179_/X                                 6     12     -6 (VIOLATED)
_25200_/X                                 6     12     -6 (VIOLATED)
_25257_/X                                 6     12     -6 (VIOLATED)
_25272_/X                                 6     12     -6 (VIOLATED)
_25278_/X                                 6     12     -6 (VIOLATED)
_25293_/X                                 6     12     -6 (VIOLATED)
_25334_/X                                 6     12     -6 (VIOLATED)
_25335_/X                                 6     12     -6 (VIOLATED)
_25339_/X                                 6     12     -6 (VIOLATED)
_25350_/X                                 6     12     -6 (VIOLATED)
_25365_/X                                 6     12     -6 (VIOLATED)
_25386_/X                                 6     12     -6 (VIOLATED)
_25443_/X                                 6     12     -6 (VIOLATED)
_25458_/X                                 6     12     -6 (VIOLATED)
_25474_/X                                 6     12     -6 (VIOLATED)
_25475_/X                                 6     12     -6 (VIOLATED)
_25479_/X                                 6     12     -6 (VIOLATED)
_25480_/X                                 6     12     -6 (VIOLATED)
_25536_/X                                 6     12     -6 (VIOLATED)
_25551_/X                                 6     12     -6 (VIOLATED)
_25557_/X                                 6     12     -6 (VIOLATED)
_25572_/X                                 6     12     -6 (VIOLATED)
_25644_/X                                 6     12     -6 (VIOLATED)
_25665_/X                                 6     12     -6 (VIOLATED)
_25666_/X                                 6     12     -6 (VIOLATED)
_25722_/X                                 6     12     -6 (VIOLATED)
_25723_/X                                 6     12     -6 (VIOLATED)
_25727_/X                                 6     12     -6 (VIOLATED)
_25729_/X                                 6     12     -6 (VIOLATED)
_25730_/X                                 6     12     -6 (VIOLATED)
_25731_/X                                 6     12     -6 (VIOLATED)
_25733_/X                                 6     12     -6 (VIOLATED)
_25734_/X                                 6     12     -6 (VIOLATED)
_25738_/X                                 6     12     -6 (VIOLATED)
_25752_/X                                 6     12     -6 (VIOLATED)
_25753_/X                                 6     12     -6 (VIOLATED)
_25761_/X                                 6     12     -6 (VIOLATED)
_25762_/X                                 6     12     -6 (VIOLATED)
_25765_/X                                 6     12     -6 (VIOLATED)
_25779_/X                                 6     12     -6 (VIOLATED)
_25785_/X                                 6     12     -6 (VIOLATED)
_25826_/X                                 6     12     -6 (VIOLATED)
_25873_/X                                 6     12     -6 (VIOLATED)
_25882_/X                                 6     12     -6 (VIOLATED)
_25884_/X                                 6     12     -6 (VIOLATED)
_25885_/X                                 6     12     -6 (VIOLATED)
_25886_/X                                 6     12     -6 (VIOLATED)
_25926_/X                                 6     12     -6 (VIOLATED)
_25929_/X                                 6     12     -6 (VIOLATED)
_25937_/X                                 6     12     -6 (VIOLATED)
_25950_/X                                 6     12     -6 (VIOLATED)
_25957_/X                                 6     12     -6 (VIOLATED)
_25967_/X                                 6     12     -6 (VIOLATED)
_25979_/X                                 6     12     -6 (VIOLATED)
_25980_/X                                 6     12     -6 (VIOLATED)
_25982_/X                                 6     12     -6 (VIOLATED)
_25989_/X                                 6     12     -6 (VIOLATED)
_26005_/X                                 6     12     -6 (VIOLATED)
_26026_/X                                 6     12     -6 (VIOLATED)
_26032_/X                                 6     12     -6 (VIOLATED)
_26039_/X                                 6     12     -6 (VIOLATED)
_26073_/X                                 6     12     -6 (VIOLATED)
_26074_/X                                 6     12     -6 (VIOLATED)
_26085_/X                                 6     12     -6 (VIOLATED)
_26103_/X                                 6     12     -6 (VIOLATED)
_26108_/X                                 6     12     -6 (VIOLATED)
_26118_/X                                 6     12     -6 (VIOLATED)
_26136_/X                                 6     12     -6 (VIOLATED)
_26146_/X                                 6     12     -6 (VIOLATED)
_26166_/X                                 6     12     -6 (VIOLATED)
_26198_/X                                 6     12     -6 (VIOLATED)
_26199_/X                                 6     12     -6 (VIOLATED)
_26200_/X                                 6     12     -6 (VIOLATED)
_26203_/X                                 6     12     -6 (VIOLATED)
_26204_/X                                 6     12     -6 (VIOLATED)
_26211_/X                                 6     12     -6 (VIOLATED)
_26219_/X                                 6     12     -6 (VIOLATED)
_26231_/X                                 6     12     -6 (VIOLATED)
_26276_/X                                 6     12     -6 (VIOLATED)
_26288_/X                                 6     12     -6 (VIOLATED)
_26295_/X                                 6     12     -6 (VIOLATED)
_26305_/X                                 6     12     -6 (VIOLATED)
_26318_/X                                 6     12     -6 (VIOLATED)
_26334_/X                                 6     12     -6 (VIOLATED)
_26374_/X                                 6     12     -6 (VIOLATED)
_26383_/X                                 6     12     -6 (VIOLATED)
_26411_/X                                 6     12     -6 (VIOLATED)
_26432_/X                                 6     12     -6 (VIOLATED)
_26467_/X                                 6     12     -6 (VIOLATED)
_26477_/X                                 6     12     -6 (VIOLATED)
_26478_/X                                 6     12     -6 (VIOLATED)
_26490_/X                                 6     12     -6 (VIOLATED)
_26506_/X                                 6     12     -6 (VIOLATED)
_26518_/X                                 6     12     -6 (VIOLATED)
_26534_/X                                 6     12     -6 (VIOLATED)
_26546_/X                                 6     12     -6 (VIOLATED)
_26583_/X                                 6     12     -6 (VIOLATED)
_26620_/X                                 6     12     -6 (VIOLATED)
_26632_/X                                 6     12     -6 (VIOLATED)
_26648_/X                                 6     12     -6 (VIOLATED)
_26661_/X                                 6     12     -6 (VIOLATED)
_26677_/X                                 6     12     -6 (VIOLATED)
_26689_/X                                 6     12     -6 (VIOLATED)
_26705_/X                                 6     12     -6 (VIOLATED)
_26717_/X                                 6     12     -6 (VIOLATED)
_26773_/X                                 6     12     -6 (VIOLATED)
_26787_/X                                 6     12     -6 (VIOLATED)
_26800_/X                                 6     12     -6 (VIOLATED)
_26801_/X                                 6     12     -6 (VIOLATED)
_26821_/X                                 6     12     -6 (VIOLATED)
_26834_/X                                 6     12     -6 (VIOLATED)
_26853_/X                                 6     12     -6 (VIOLATED)
_26865_/X                                 6     12     -6 (VIOLATED)
_26888_/X                                 6     12     -6 (VIOLATED)
_26889_/X                                 6     12     -6 (VIOLATED)
_26896_/X                                 6     12     -6 (VIOLATED)
_26902_/X                                 6     12     -6 (VIOLATED)
_26903_/X                                 6     12     -6 (VIOLATED)
_26905_/X                                 6     12     -6 (VIOLATED)
_26909_/X                                 6     12     -6 (VIOLATED)
_26917_/X                                 6     12     -6 (VIOLATED)
_26928_/X                                 6     12     -6 (VIOLATED)
_26939_/X                                 6     12     -6 (VIOLATED)
_26946_/X                                 6     12     -6 (VIOLATED)
_26947_/X                                 6     12     -6 (VIOLATED)
_26962_/X                                 6     12     -6 (VIOLATED)
_26973_/X                                 6     12     -6 (VIOLATED)
_26983_/X                                 6     12     -6 (VIOLATED)
_26984_/X                                 6     12     -6 (VIOLATED)
_26985_/X                                 6     12     -6 (VIOLATED)
_26996_/X                                 6     12     -6 (VIOLATED)
_27006_/X                                 6     12     -6 (VIOLATED)
_27013_/X                                 6     12     -6 (VIOLATED)
_27053_/X                                 6     12     -6 (VIOLATED)
_27073_/X                                 6     12     -6 (VIOLATED)
_27074_/X                                 6     12     -6 (VIOLATED)
_27107_/X                                 6     12     -6 (VIOLATED)
_27108_/X                                 6     12     -6 (VIOLATED)
_27135_/X                                 6     12     -6 (VIOLATED)
_27148_/X                                 6     12     -6 (VIOLATED)
_27155_/X                                 6     12     -6 (VIOLATED)
_27168_/X                                 6     12     -6 (VIOLATED)
_27195_/X                                 6     12     -6 (VIOLATED)
_27228_/X                                 6     12     -6 (VIOLATED)
_27229_/X                                 6     12     -6 (VIOLATED)
_27236_/X                                 6     12     -6 (VIOLATED)
_27237_/X                                 6     12     -6 (VIOLATED)
_27238_/X                                 6     12     -6 (VIOLATED)
_27239_/X                                 6     12     -6 (VIOLATED)
_27241_/X                                 6     12     -6 (VIOLATED)
_27251_/X                                 6     12     -6 (VIOLATED)
_27254_/X                                 6     12     -6 (VIOLATED)
_27259_/X                                 6     12     -6 (VIOLATED)
_27266_/X                                 6     12     -6 (VIOLATED)
_27282_/X                                 6     12     -6 (VIOLATED)
_27294_/X                                 6     12     -6 (VIOLATED)
_27295_/X                                 6     12     -6 (VIOLATED)
_27310_/X                                 6     12     -6 (VIOLATED)
_27312_/X                                 6     12     -6 (VIOLATED)
_27323_/X                                 6     12     -6 (VIOLATED)
_27400_/X                                 6     12     -6 (VIOLATED)
_27402_/Y                                 6     12     -6 (VIOLATED)
_27410_/X                                 6     12     -6 (VIOLATED)
_27423_/X                                 6     12     -6 (VIOLATED)
_27424_/X                                 6     12     -6 (VIOLATED)
_27440_/X                                 6     12     -6 (VIOLATED)
_27444_/X                                 6     12     -6 (VIOLATED)
_27460_/X                                 6     12     -6 (VIOLATED)
_27479_/X                                 6     12     -6 (VIOLATED)
_27497_/Y                                 6     12     -6 (VIOLATED)
_27498_/X                                 6     12     -6 (VIOLATED)
_27520_/X                                 6     12     -6 (VIOLATED)
_27523_/X                                 6     12     -6 (VIOLATED)
_27543_/X                                 6     12     -6 (VIOLATED)
_27562_/X                                 6     12     -6 (VIOLATED)
_27563_/X                                 6     12     -6 (VIOLATED)
_27593_/Y                                 6     12     -6 (VIOLATED)
_27597_/X                                 6     12     -6 (VIOLATED)
_27605_/X                                 6     12     -6 (VIOLATED)
_27613_/X                                 6     12     -6 (VIOLATED)
_27618_/X                                 6     12     -6 (VIOLATED)
_27622_/X                                 6     12     -6 (VIOLATED)
_27628_/X                                 6     12     -6 (VIOLATED)
_27638_/X                                 6     12     -6 (VIOLATED)
_27641_/X                                 6     12     -6 (VIOLATED)
_27643_/X                                 6     12     -6 (VIOLATED)
_27649_/X                                 6     12     -6 (VIOLATED)
_27651_/X                                 6     12     -6 (VIOLATED)
_27657_/X                                 6     12     -6 (VIOLATED)
_27660_/X                                 6     12     -6 (VIOLATED)
_27665_/X                                 6     12     -6 (VIOLATED)
_27668_/X                                 6     12     -6 (VIOLATED)
_27681_/X                                 6     12     -6 (VIOLATED)
_27682_/X                                 6     12     -6 (VIOLATED)
_27684_/Y                                 6     12     -6 (VIOLATED)
_27686_/X                                 6     12     -6 (VIOLATED)
_27692_/X                                 6     12     -6 (VIOLATED)
_27696_/X                                 6     12     -6 (VIOLATED)
_27701_/X                                 6     12     -6 (VIOLATED)
_27705_/X                                 6     12     -6 (VIOLATED)
_27707_/X                                 6     12     -6 (VIOLATED)
_27712_/X                                 6     12     -6 (VIOLATED)
_27719_/X                                 6     12     -6 (VIOLATED)
_27735_/X                                 6     12     -6 (VIOLATED)
_27739_/X                                 6     12     -6 (VIOLATED)
_27747_/X                                 6     12     -6 (VIOLATED)
_27756_/X                                 6     12     -6 (VIOLATED)
_27757_/X                                 6     12     -6 (VIOLATED)
_27760_/X                                 6     12     -6 (VIOLATED)
_27764_/X                                 6     12     -6 (VIOLATED)
_27766_/Y                                 6     12     -6 (VIOLATED)
_27771_/X                                 6     12     -6 (VIOLATED)
_27772_/X                                 6     12     -6 (VIOLATED)
_27773_/X                                 6     12     -6 (VIOLATED)
_27775_/X                                 6     12     -6 (VIOLATED)
_27781_/X                                 6     12     -6 (VIOLATED)
_27792_/X                                 6     12     -6 (VIOLATED)
_27803_/Y                                 6     12     -6 (VIOLATED)
_27852_/X                                 6     12     -6 (VIOLATED)
_27860_/X                                 6     12     -6 (VIOLATED)
_27870_/Y                                 6     12     -6 (VIOLATED)
_27878_/X                                 6     12     -6 (VIOLATED)
_27886_/X                                 6     12     -6 (VIOLATED)
_27888_/X                                 6     12     -6 (VIOLATED)
_27907_/X                                 6     12     -6 (VIOLATED)
_27925_/X                                 6     12     -6 (VIOLATED)
_27929_/Y                                 6     12     -6 (VIOLATED)
_27952_/X                                 6     12     -6 (VIOLATED)
_27953_/X                                 6     12     -6 (VIOLATED)
_27955_/X                                 6     12     -6 (VIOLATED)
_27961_/X                                 6     12     -6 (VIOLATED)
_27963_/X                                 6     12     -6 (VIOLATED)
_27975_/X                                 6     12     -6 (VIOLATED)
_27976_/X                                 6     12     -6 (VIOLATED)
_27978_/X                                 6     12     -6 (VIOLATED)
_27985_/X                                 6     12     -6 (VIOLATED)
_27991_/X                                 6     12     -6 (VIOLATED)
_27992_/X                                 6     12     -6 (VIOLATED)
_27994_/Y                                 6     12     -6 (VIOLATED)
_28050_/Y                                 6     12     -6 (VIOLATED)
_28056_/X                                 6     12     -6 (VIOLATED)
_28058_/Y                                 6     12     -6 (VIOLATED)
_28085_/X                                 6     12     -6 (VIOLATED)
_28091_/X                                 6     12     -6 (VIOLATED)
_28107_/X                                 6     12     -6 (VIOLATED)
_28110_/X                                 6     12     -6 (VIOLATED)
_28124_/Y                                 6     12     -6 (VIOLATED)
_28159_/X                                 6     12     -6 (VIOLATED)
_28178_/X                                 6     12     -6 (VIOLATED)
_28184_/X                                 6     12     -6 (VIOLATED)
_28185_/X                                 6     12     -6 (VIOLATED)
_28193_/X                                 6     12     -6 (VIOLATED)
_28194_/X                                 6     12     -6 (VIOLATED)
_28195_/Y                                 6     12     -6 (VIOLATED)
_28199_/X                                 6     12     -6 (VIOLATED)
_28216_/X                                 6     12     -6 (VIOLATED)
_28217_/X                                 6     12     -6 (VIOLATED)
_28218_/X                                 6     12     -6 (VIOLATED)
_28243_/X                                 6     12     -6 (VIOLATED)
_28244_/X                                 6     12     -6 (VIOLATED)
_28258_/X                                 6     12     -6 (VIOLATED)
_28259_/X                                 6     12     -6 (VIOLATED)
_28274_/X                                 6     12     -6 (VIOLATED)
_28293_/X                                 6     12     -6 (VIOLATED)
_28294_/X                                 6     12     -6 (VIOLATED)
_28297_/X                                 6     12     -6 (VIOLATED)
_28298_/X                                 6     12     -6 (VIOLATED)
_28318_/X                                 6     12     -6 (VIOLATED)
_28354_/X                                 6     12     -6 (VIOLATED)
_28366_/X                                 6     12     -6 (VIOLATED)
_28367_/X                                 6     12     -6 (VIOLATED)
_28370_/X                                 6     12     -6 (VIOLATED)
_28379_/X                                 6     12     -6 (VIOLATED)
_28398_/X                                 6     12     -6 (VIOLATED)
_28411_/X                                 6     12     -6 (VIOLATED)
_28415_/X                                 6     12     -6 (VIOLATED)
_28417_/X                                 6     12     -6 (VIOLATED)
_28429_/X                                 6     12     -6 (VIOLATED)
_28430_/X                                 6     12     -6 (VIOLATED)
_28443_/X                                 6     12     -6 (VIOLATED)
_28453_/X                                 6     12     -6 (VIOLATED)
_28481_/X                                 6     12     -6 (VIOLATED)
_28511_/X                                 6     12     -6 (VIOLATED)
_28524_/X                                 6     12     -6 (VIOLATED)
_28529_/X                                 6     12     -6 (VIOLATED)
_28593_/X                                 6     12     -6 (VIOLATED)
_28601_/X                                 6     12     -6 (VIOLATED)
_28620_/X                                 6     12     -6 (VIOLATED)
_28674_/X                                 6     12     -6 (VIOLATED)
_28686_/X                                 6     12     -6 (VIOLATED)
_28708_/X                                 6     12     -6 (VIOLATED)
_28712_/X                                 6     12     -6 (VIOLATED)
_28726_/X                                 6     12     -6 (VIOLATED)
_28739_/X                                 6     12     -6 (VIOLATED)
_28742_/X                                 6     12     -6 (VIOLATED)
_28753_/X                                 6     12     -6 (VIOLATED)
_28792_/X                                 6     12     -6 (VIOLATED)
_28797_/X                                 6     12     -6 (VIOLATED)
_28817_/X                                 6     12     -6 (VIOLATED)
_28820_/X                                 6     12     -6 (VIOLATED)
_28824_/X                                 6     12     -6 (VIOLATED)
_28840_/X                                 6     12     -6 (VIOLATED)
_28850_/X                                 6     12     -6 (VIOLATED)
_28872_/X                                 6     12     -6 (VIOLATED)
_28876_/X                                 6     12     -6 (VIOLATED)
_28878_/X                                 6     12     -6 (VIOLATED)
_28891_/X                                 6     12     -6 (VIOLATED)
_28892_/X                                 6     12     -6 (VIOLATED)
_28896_/X                                 6     12     -6 (VIOLATED)
_28902_/X                                 6     12     -6 (VIOLATED)
_28912_/X                                 6     12     -6 (VIOLATED)
_28915_/X                                 6     12     -6 (VIOLATED)
_28918_/X                                 6     12     -6 (VIOLATED)
_28922_/X                                 6     12     -6 (VIOLATED)
_28929_/Y                                 6     12     -6 (VIOLATED)
_28963_/X                                 6     12     -6 (VIOLATED)
_28971_/Y                                 6     12     -6 (VIOLATED)
_28989_/X                                 6     12     -6 (VIOLATED)
_29002_/X                                 6     12     -6 (VIOLATED)
_29004_/X                                 6     12     -6 (VIOLATED)
_29019_/X                                 6     12     -6 (VIOLATED)
_29021_/X                                 6     12     -6 (VIOLATED)
_29040_/X                                 6     12     -6 (VIOLATED)
_29058_/X                                 6     12     -6 (VIOLATED)
_29163_/X                                 6     12     -6 (VIOLATED)
_29164_/X                                 6     12     -6 (VIOLATED)
_29178_/X                                 6     12     -6 (VIOLATED)
_29183_/X                                 6     12     -6 (VIOLATED)
_29193_/X                                 6     12     -6 (VIOLATED)
_29212_/X                                 6     12     -6 (VIOLATED)
_29215_/X                                 6     12     -6 (VIOLATED)
_29222_/X                                 6     12     -6 (VIOLATED)
_29230_/X                                 6     12     -6 (VIOLATED)
_29287_/X                                 6     12     -6 (VIOLATED)
_29429_/X                                 6     12     -6 (VIOLATED)
_29458_/X                                 6     12     -6 (VIOLATED)
_29515_/X                                 6     12     -6 (VIOLATED)
_29518_/X                                 6     12     -6 (VIOLATED)
_29544_/X                                 6     12     -6 (VIOLATED)
_29545_/X                                 6     12     -6 (VIOLATED)
_29563_/X                                 6     12     -6 (VIOLATED)
_29619_/X                                 6     12     -6 (VIOLATED)
_29641_/X                                 6     12     -6 (VIOLATED)
_29661_/X                                 6     12     -6 (VIOLATED)
_29685_/X                                 6     12     -6 (VIOLATED)
_29688_/X                                 6     12     -6 (VIOLATED)
_29689_/X                                 6     12     -6 (VIOLATED)
_29694_/X                                 6     12     -6 (VIOLATED)
_29695_/X                                 6     12     -6 (VIOLATED)
_29707_/X                                 6     12     -6 (VIOLATED)
_29711_/X                                 6     12     -6 (VIOLATED)
_29720_/X                                 6     12     -6 (VIOLATED)
_29732_/X                                 6     12     -6 (VIOLATED)
_29741_/X                                 6     12     -6 (VIOLATED)
_29744_/X                                 6     12     -6 (VIOLATED)
_29762_/X                                 6     12     -6 (VIOLATED)
_29765_/X                                 6     12     -6 (VIOLATED)
_29786_/X                                 6     12     -6 (VIOLATED)
_29789_/X                                 6     12     -6 (VIOLATED)
_29839_/Y                                 6     12     -6 (VIOLATED)
_29870_/X                                 6     12     -6 (VIOLATED)
_29905_/X                                 6     12     -6 (VIOLATED)
_29908_/X                                 6     12     -6 (VIOLATED)
_29922_/X                                 6     12     -6 (VIOLATED)
_29929_/X                                 6     12     -6 (VIOLATED)
_29947_/X                                 6     12     -6 (VIOLATED)
_29955_/X                                 6     12     -6 (VIOLATED)
_29975_/X                                 6     12     -6 (VIOLATED)
_29988_/X                                 6     12     -6 (VIOLATED)
_30003_/X                                 6     12     -6 (VIOLATED)
_30010_/X                                 6     12     -6 (VIOLATED)
_30022_/X                                 6     12     -6 (VIOLATED)
_30035_/X                                 6     12     -6 (VIOLATED)
_30057_/X                                 6     12     -6 (VIOLATED)
_30061_/X                                 6     12     -6 (VIOLATED)
_30071_/X                                 6     12     -6 (VIOLATED)
_30077_/X                                 6     12     -6 (VIOLATED)
_30100_/X                                 6     12     -6 (VIOLATED)
_30106_/X                                 6     12     -6 (VIOLATED)
_30110_/X                                 6     12     -6 (VIOLATED)
_30113_/X                                 6     12     -6 (VIOLATED)
_30177_/X                                 6     12     -6 (VIOLATED)
_30185_/X                                 6     12     -6 (VIOLATED)
_30197_/X                                 6     12     -6 (VIOLATED)
_30226_/X                                 6     12     -6 (VIOLATED)
_30233_/X                                 6     12     -6 (VIOLATED)
_30234_/X                                 6     12     -6 (VIOLATED)
_30257_/X                                 6     12     -6 (VIOLATED)
_30271_/Y                                 6     12     -6 (VIOLATED)
_30273_/X                                 6     12     -6 (VIOLATED)
_30285_/X                                 6     12     -6 (VIOLATED)
_30308_/Y                                 6     12     -6 (VIOLATED)
_30323_/X                                 6     12     -6 (VIOLATED)
_30350_/X                                 6     12     -6 (VIOLATED)
_30357_/X                                 6     12     -6 (VIOLATED)
_30400_/X                                 6     12     -6 (VIOLATED)
_30415_/X                                 6     12     -6 (VIOLATED)
_30417_/X                                 6     12     -6 (VIOLATED)
_30448_/X                                 6     12     -6 (VIOLATED)
_30488_/X                                 6     12     -6 (VIOLATED)
_30548_/X                                 6     12     -6 (VIOLATED)
_30557_/X                                 6     12     -6 (VIOLATED)
_30608_/X                                 6     12     -6 (VIOLATED)
_30627_/Y                                 6     12     -6 (VIOLATED)
_30628_/X                                 6     12     -6 (VIOLATED)
_30633_/X                                 6     12     -6 (VIOLATED)
_30644_/X                                 6     12     -6 (VIOLATED)
_30744_/X                                 6     12     -6 (VIOLATED)
_30758_/X                                 6     12     -6 (VIOLATED)
_30826_/X                                 6     12     -6 (VIOLATED)
_30849_/X                                 6     12     -6 (VIOLATED)
_30888_/X                                 6     12     -6 (VIOLATED)
_30891_/X                                 6     12     -6 (VIOLATED)
_30896_/X                                 6     12     -6 (VIOLATED)
_30903_/X                                 6     12     -6 (VIOLATED)
_30921_/X                                 6     12     -6 (VIOLATED)
_30922_/X                                 6     12     -6 (VIOLATED)
_30950_/X                                 6     12     -6 (VIOLATED)
_31042_/X                                 6     12     -6 (VIOLATED)
_31067_/X                                 6     12     -6 (VIOLATED)
_31078_/X                                 6     12     -6 (VIOLATED)
_31089_/X                                 6     12     -6 (VIOLATED)
_31095_/X                                 6     12     -6 (VIOLATED)
_31096_/X                                 6     12     -6 (VIOLATED)
_31139_/X                                 6     12     -6 (VIOLATED)
_31147_/Y                                 6     12     -6 (VIOLATED)
_31151_/X                                 6     12     -6 (VIOLATED)
_31155_/Y                                 6     12     -6 (VIOLATED)
_31165_/X                                 6     12     -6 (VIOLATED)
_31169_/X                                 6     12     -6 (VIOLATED)
_31174_/Y                                 6     12     -6 (VIOLATED)
_31176_/X                                 6     12     -6 (VIOLATED)
_31179_/X                                 6     12     -6 (VIOLATED)
_31189_/X                                 6     12     -6 (VIOLATED)
_31210_/X                                 6     12     -6 (VIOLATED)
_31214_/X                                 6     12     -6 (VIOLATED)
_31240_/X                                 6     12     -6 (VIOLATED)
_31245_/Y                                 6     12     -6 (VIOLATED)
_31268_/X                                 6     12     -6 (VIOLATED)
_31277_/X                                 6     12     -6 (VIOLATED)
_31286_/X                                 6     12     -6 (VIOLATED)
_31290_/X                                 6     12     -6 (VIOLATED)
_31291_/X                                 6     12     -6 (VIOLATED)
_31293_/X                                 6     12     -6 (VIOLATED)
_31294_/X                                 6     12     -6 (VIOLATED)
_31300_/X                                 6     12     -6 (VIOLATED)
_31315_/Y                                 6     12     -6 (VIOLATED)
_31323_/X                                 6     12     -6 (VIOLATED)
_31330_/X                                 6     12     -6 (VIOLATED)
_31340_/Y                                 6     12     -6 (VIOLATED)
_31358_/Y                                 6     12     -6 (VIOLATED)
_31371_/Y                                 6     12     -6 (VIOLATED)
_31387_/X                                 6     12     -6 (VIOLATED)
_31402_/Y                                 6     12     -6 (VIOLATED)
_31420_/Y                                 6     12     -6 (VIOLATED)
_31433_/X                                 6     12     -6 (VIOLATED)
_31439_/X                                 6     12     -6 (VIOLATED)
_31447_/X                                 6     12     -6 (VIOLATED)
_31451_/X                                 6     12     -6 (VIOLATED)
_31466_/X                                 6     12     -6 (VIOLATED)
_31472_/X                                 6     12     -6 (VIOLATED)
_31473_/X                                 6     12     -6 (VIOLATED)
_31480_/X                                 6     12     -6 (VIOLATED)
_31496_/X                                 6     12     -6 (VIOLATED)
_31501_/Y                                 6     12     -6 (VIOLATED)
_31528_/X                                 6     12     -6 (VIOLATED)
_31534_/Y                                 6     12     -6 (VIOLATED)
_31553_/X                                 6     12     -6 (VIOLATED)
_31567_/X                                 6     12     -6 (VIOLATED)
_31570_/X                                 6     12     -6 (VIOLATED)
_31605_/Y                                 6     12     -6 (VIOLATED)
_31634_/Y                                 6     12     -6 (VIOLATED)
_31646_/Y                                 6     12     -6 (VIOLATED)
_31654_/X                                 6     12     -6 (VIOLATED)
_31783_/X                                 6     12     -6 (VIOLATED)
_31969_/X                                 6     12     -6 (VIOLATED)
_31970_/X                                 6     12     -6 (VIOLATED)
_31971_/X                                 6     12     -6 (VIOLATED)
_32005_/X                                 6     12     -6 (VIOLATED)
_32088_/X                                 6     12     -6 (VIOLATED)
_32089_/X                                 6     12     -6 (VIOLATED)
_32090_/X                                 6     12     -6 (VIOLATED)
_32091_/X                                 6     12     -6 (VIOLATED)
_32092_/X                                 6     12     -6 (VIOLATED)
_32093_/X                                 6     12     -6 (VIOLATED)
_32095_/X                                 6     12     -6 (VIOLATED)
_32096_/X                                 6     12     -6 (VIOLATED)
_32099_/X                                 6     12     -6 (VIOLATED)
_32116_/X                                 6     12     -6 (VIOLATED)
_32117_/X                                 6     12     -6 (VIOLATED)
_32118_/X                                 6     12     -6 (VIOLATED)
_32119_/X                                 6     12     -6 (VIOLATED)
_32120_/X                                 6     12     -6 (VIOLATED)
_32128_/X                                 6     12     -6 (VIOLATED)
_32130_/X                                 6     12     -6 (VIOLATED)
_32131_/X                                 6     12     -6 (VIOLATED)
_32138_/X                                 6     12     -6 (VIOLATED)
_32143_/X                                 6     12     -6 (VIOLATED)
_32144_/X                                 6     12     -6 (VIOLATED)
_32200_/X                                 6     12     -6 (VIOLATED)
_32224_/X                                 6     12     -6 (VIOLATED)
_32267_/X                                 6     12     -6 (VIOLATED)
_32276_/X                                 6     12     -6 (VIOLATED)
_32277_/X                                 6     12     -6 (VIOLATED)
_32279_/X                                 6     12     -6 (VIOLATED)
_32281_/X                                 6     12     -6 (VIOLATED)
_32282_/X                                 6     12     -6 (VIOLATED)
_32286_/X                                 6     12     -6 (VIOLATED)
_32292_/X                                 6     12     -6 (VIOLATED)
_32311_/X                                 6     12     -6 (VIOLATED)
_32313_/X                                 6     12     -6 (VIOLATED)
_32317_/X                                 6     12     -6 (VIOLATED)
_32318_/X                                 6     12     -6 (VIOLATED)
_32334_/X                                 6     12     -6 (VIOLATED)
_32435_/X                                 6     12     -6 (VIOLATED)
_32436_/X                                 6     12     -6 (VIOLATED)
_32442_/X                                 6     12     -6 (VIOLATED)
_32449_/X                                 6     12     -6 (VIOLATED)
_32464_/X                                 6     12     -6 (VIOLATED)
_32490_/X                                 6     12     -6 (VIOLATED)
_32510_/X                                 6     12     -6 (VIOLATED)
_32552_/X                                 6     12     -6 (VIOLATED)
_32563_/X                                 6     12     -6 (VIOLATED)
_32605_/X                                 6     12     -6 (VIOLATED)
_32606_/X                                 6     12     -6 (VIOLATED)
_32653_/X                                 6     12     -6 (VIOLATED)
_32654_/X                                 6     12     -6 (VIOLATED)
_32669_/X                                 6     12     -6 (VIOLATED)
_32694_/X                                 6     12     -6 (VIOLATED)
_32701_/X                                 6     12     -6 (VIOLATED)
_32720_/X                                 6     12     -6 (VIOLATED)
_32735_/X                                 6     12     -6 (VIOLATED)
_32747_/X                                 6     12     -6 (VIOLATED)
_32757_/X                                 6     12     -6 (VIOLATED)
_32762_/X                                 6     12     -6 (VIOLATED)
_32763_/X                                 6     12     -6 (VIOLATED)
_32764_/X                                 6     12     -6 (VIOLATED)
_32766_/X                                 6     12     -6 (VIOLATED)
_32769_/X                                 6     12     -6 (VIOLATED)
_32770_/X                                 6     12     -6 (VIOLATED)
_32771_/X                                 6     12     -6 (VIOLATED)
_32774_/X                                 6     12     -6 (VIOLATED)
_32775_/X                                 6     12     -6 (VIOLATED)
_32778_/X                                 6     12     -6 (VIOLATED)
_32781_/X                                 6     12     -6 (VIOLATED)
_32784_/X                                 6     12     -6 (VIOLATED)
_32791_/X                                 6     12     -6 (VIOLATED)
_32792_/X                                 6     12     -6 (VIOLATED)
_32795_/X                                 6     12     -6 (VIOLATED)
_32799_/X                                 6     12     -6 (VIOLATED)
_32800_/X                                 6     12     -6 (VIOLATED)
_32801_/X                                 6     12     -6 (VIOLATED)
_32806_/X                                 6     12     -6 (VIOLATED)
_32810_/X                                 6     12     -6 (VIOLATED)
_32811_/X                                 6     12     -6 (VIOLATED)
_32822_/X                                 6     12     -6 (VIOLATED)
_32849_/X                                 6     12     -6 (VIOLATED)
_32853_/X                                 6     12     -6 (VIOLATED)
_32857_/X                                 6     12     -6 (VIOLATED)
_32864_/X                                 6     12     -6 (VIOLATED)
_32866_/X                                 6     12     -6 (VIOLATED)
_32870_/X                                 6     12     -6 (VIOLATED)
_32872_/X                                 6     12     -6 (VIOLATED)
_32876_/X                                 6     12     -6 (VIOLATED)
_32880_/X                                 6     12     -6 (VIOLATED)
_32902_/X                                 6     12     -6 (VIOLATED)
_32910_/X                                 6     12     -6 (VIOLATED)
_32943_/X                                 6     12     -6 (VIOLATED)
_32953_/X                                 6     12     -6 (VIOLATED)
_32979_/X                                 6     12     -6 (VIOLATED)
_32983_/X                                 6     12     -6 (VIOLATED)
_33004_/X                                 6     12     -6 (VIOLATED)
_33014_/X                                 6     12     -6 (VIOLATED)
_33022_/X                                 6     12     -6 (VIOLATED)
_33023_/X                                 6     12     -6 (VIOLATED)
_33028_/X                                 6     12     -6 (VIOLATED)
_33029_/X                                 6     12     -6 (VIOLATED)
_33036_/X                                 6     12     -6 (VIOLATED)
_33043_/X                                 6     12     -6 (VIOLATED)
_33048_/X                                 6     12     -6 (VIOLATED)
_33049_/X                                 6     12     -6 (VIOLATED)
_33054_/X                                 6     12     -6 (VIOLATED)
_33061_/X                                 6     12     -6 (VIOLATED)
_33066_/X                                 6     12     -6 (VIOLATED)
_33070_/X                                 6     12     -6 (VIOLATED)
_33074_/X                                 6     12     -6 (VIOLATED)
_33087_/X                                 6     12     -6 (VIOLATED)
_33088_/X                                 6     12     -6 (VIOLATED)
_33094_/X                                 6     12     -6 (VIOLATED)
_33137_/X                                 6     12     -6 (VIOLATED)
_33142_/X                                 6     12     -6 (VIOLATED)
_33165_/X                                 6     12     -6 (VIOLATED)
_33168_/X                                 6     12     -6 (VIOLATED)
_33178_/X                                 6     12     -6 (VIOLATED)
_33183_/X                                 6     12     -6 (VIOLATED)
_33186_/X                                 6     12     -6 (VIOLATED)
_33205_/X                                 6     12     -6 (VIOLATED)
_33231_/X                                 6     12     -6 (VIOLATED)
_33241_/X                                 6     12     -6 (VIOLATED)
_33242_/X                                 6     12     -6 (VIOLATED)
_33331_/X                                 6     12     -6 (VIOLATED)
_33347_/X                                 6     12     -6 (VIOLATED)
_33372_/X                                 6     12     -6 (VIOLATED)
_33380_/X                                 6     12     -6 (VIOLATED)
_33426_/X                                 6     12     -6 (VIOLATED)
_33429_/X                                 6     12     -6 (VIOLATED)
_33430_/X                                 6     12     -6 (VIOLATED)
_33443_/X                                 6     12     -6 (VIOLATED)
_33444_/X                                 6     12     -6 (VIOLATED)
_33481_/X                                 6     12     -6 (VIOLATED)
_33495_/X                                 6     12     -6 (VIOLATED)
_33503_/X                                 6     12     -6 (VIOLATED)
_33536_/X                                 6     12     -6 (VIOLATED)
_33562_/X                                 6     12     -6 (VIOLATED)
_33587_/X                                 6     12     -6 (VIOLATED)
_33628_/X                                 6     12     -6 (VIOLATED)
_33631_/X                                 6     12     -6 (VIOLATED)
_33635_/X                                 6     12     -6 (VIOLATED)
_33636_/X                                 6     12     -6 (VIOLATED)
_33668_/X                                 6     12     -6 (VIOLATED)
_33687_/X                                 6     12     -6 (VIOLATED)
_33877_/X                                 6     12     -6 (VIOLATED)
_33916_/X                                 6     12     -6 (VIOLATED)
_33942_/X                                 6     12     -6 (VIOLATED)
_33943_/X                                 6     12     -6 (VIOLATED)
_33945_/X                                 6     12     -6 (VIOLATED)
_33946_/X                                 6     12     -6 (VIOLATED)
_33950_/X                                 6     12     -6 (VIOLATED)
_33956_/X                                 6     12     -6 (VIOLATED)
_33966_/X                                 6     12     -6 (VIOLATED)
_34003_/X                                 6     12     -6 (VIOLATED)
_34004_/X                                 6     12     -6 (VIOLATED)
_34040_/X                                 6     12     -6 (VIOLATED)
_34041_/X                                 6     12     -6 (VIOLATED)
_34060_/X                                 6     12     -6 (VIOLATED)
_34097_/X                                 6     12     -6 (VIOLATED)
_34122_/X                                 6     12     -6 (VIOLATED)
_34133_/X                                 6     12     -6 (VIOLATED)
_34138_/X                                 6     12     -6 (VIOLATED)
_34153_/X                                 6     12     -6 (VIOLATED)
_34165_/X                                 6     12     -6 (VIOLATED)
_34169_/X                                 6     12     -6 (VIOLATED)
_34190_/X                                 6     12     -6 (VIOLATED)
_34226_/X                                 6     12     -6 (VIOLATED)
_34246_/X                                 6     12     -6 (VIOLATED)
_34247_/X                                 6     12     -6 (VIOLATED)
_34253_/X                                 6     12     -6 (VIOLATED)
_34268_/X                                 6     12     -6 (VIOLATED)
_34273_/X                                 6     12     -6 (VIOLATED)
_34277_/X                                 6     12     -6 (VIOLATED)
_34283_/X                                 6     12     -6 (VIOLATED)
_34314_/X                                 6     12     -6 (VIOLATED)
_34319_/X                                 6     12     -6 (VIOLATED)
_34320_/X                                 6     12     -6 (VIOLATED)
_34331_/X                                 6     12     -6 (VIOLATED)
_34340_/X                                 6     12     -6 (VIOLATED)
_34352_/X                                 6     12     -6 (VIOLATED)
_34356_/X                                 6     12     -6 (VIOLATED)
_34362_/X                                 6     12     -6 (VIOLATED)
_34367_/X                                 6     12     -6 (VIOLATED)
_34371_/X                                 6     12     -6 (VIOLATED)
_34377_/X                                 6     12     -6 (VIOLATED)
_34414_/X                                 6     12     -6 (VIOLATED)
_34418_/X                                 6     12     -6 (VIOLATED)
_34433_/X                                 6     12     -6 (VIOLATED)
_34434_/X                                 6     12     -6 (VIOLATED)
_34465_/X                                 6     12     -6 (VIOLATED)
_34471_/X                                 6     12     -6 (VIOLATED)
_34507_/X                                 6     12     -6 (VIOLATED)
_34523_/X                                 6     12     -6 (VIOLATED)
_34527_/X                                 6     12     -6 (VIOLATED)
_34564_/X                                 6     12     -6 (VIOLATED)
_34565_/X                                 6     12     -6 (VIOLATED)
_34581_/X                                 6     12     -6 (VIOLATED)
_34586_/X                                 6     12     -6 (VIOLATED)
_34590_/X                                 6     12     -6 (VIOLATED)
_34601_/X                                 6     12     -6 (VIOLATED)
_34602_/X                                 6     12     -6 (VIOLATED)
_34606_/X                                 6     12     -6 (VIOLATED)
_34617_/X                                 6     12     -6 (VIOLATED)
_34621_/X                                 6     12     -6 (VIOLATED)
_34658_/X                                 6     12     -6 (VIOLATED)
_34664_/X                                 6     12     -6 (VIOLATED)
_34668_/X                                 6     12     -6 (VIOLATED)
_34679_/X                                 6     12     -6 (VIOLATED)
_34689_/X                                 6     12     -6 (VIOLATED)
_34694_/X                                 6     12     -6 (VIOLATED)
_34714_/X                                 6     12     -6 (VIOLATED)
_34751_/X                                 6     12     -6 (VIOLATED)
_34787_/X                                 6     12     -6 (VIOLATED)
_34807_/X                                 6     12     -6 (VIOLATED)
_34838_/X                                 6     12     -6 (VIOLATED)
_34844_/X                                 6     12     -6 (VIOLATED)
_34850_/X                                 6     12     -6 (VIOLATED)
_34880_/X                                 6     12     -6 (VIOLATED)
_34881_/X                                 6     12     -6 (VIOLATED)
_34897_/X                                 6     12     -6 (VIOLATED)
_34901_/X                                 6     12     -6 (VIOLATED)
_34902_/X                                 6     12     -6 (VIOLATED)
_34932_/X                                 6     12     -6 (VIOLATED)
_34938_/X                                 6     12     -6 (VIOLATED)
_34939_/X                                 6     12     -6 (VIOLATED)
_34974_/X                                 6     12     -6 (VIOLATED)
_34994_/X                                 6     12     -6 (VIOLATED)
_34995_/X                                 6     12     -6 (VIOLATED)
_35032_/X                                 6     12     -6 (VIOLATED)
_35068_/X                                 6     12     -6 (VIOLATED)
_35088_/X                                 6     12     -6 (VIOLATED)
_35100_/X                                 6     12     -6 (VIOLATED)
_35104_/X                                 6     12     -6 (VIOLATED)
_35125_/X                                 6     12     -6 (VIOLATED)
_35161_/X                                 6     12     -6 (VIOLATED)
_35181_/X                                 6     12     -6 (VIOLATED)
_35253_/X                                 6     12     -6 (VIOLATED)
_35263_/X                                 6     12     -6 (VIOLATED)
_35271_/X                                 6     12     -6 (VIOLATED)
_35272_/X                                 6     12     -6 (VIOLATED)
_35274_/X                                 6     12     -6 (VIOLATED)
_35275_/X                                 6     12     -6 (VIOLATED)
_35352_/X                                 6     12     -6 (VIOLATED)
_35353_/X                                 6     12     -6 (VIOLATED)
_35354_/X                                 6     12     -6 (VIOLATED)
_35356_/X                                 6     12     -6 (VIOLATED)
_35389_/X                                 6     12     -6 (VIOLATED)
_35390_/X                                 6     12     -6 (VIOLATED)
_35400_/X                                 6     12     -6 (VIOLATED)
_35417_/X                                 6     12     -6 (VIOLATED)
_35418_/X                                 6     12     -6 (VIOLATED)
_35424_/X                                 6     12     -6 (VIOLATED)
_35425_/X                                 6     12     -6 (VIOLATED)
_35444_/X                                 6     12     -6 (VIOLATED)
_35445_/X                                 6     12     -6 (VIOLATED)
_35459_/X                                 6     12     -6 (VIOLATED)
_35461_/X                                 6     12     -6 (VIOLATED)
_35484_/X                                 6     12     -6 (VIOLATED)
_35485_/X                                 6     12     -6 (VIOLATED)
_35499_/X                                 6     12     -6 (VIOLATED)
_35501_/X                                 6     12     -6 (VIOLATED)
_35524_/X                                 6     12     -6 (VIOLATED)
_35530_/X                                 6     12     -6 (VIOLATED)
_35678_/X                                 6     12     -6 (VIOLATED)
_35697_/X                                 6     12     -6 (VIOLATED)
_35698_/X                                 6     12     -6 (VIOLATED)
_35759_/X                                 6     12     -6 (VIOLATED)
_35797_/X                                 6     12     -6 (VIOLATED)
_35799_/X                                 6     12     -6 (VIOLATED)
_35821_/X                                 6     12     -6 (VIOLATED)
_35842_/X                                 6     12     -6 (VIOLATED)
_35858_/X                                 6     12     -6 (VIOLATED)
_35859_/X                                 6     12     -6 (VIOLATED)
_35865_/X                                 6     12     -6 (VIOLATED)
_35960_/X                                 6     12     -6 (VIOLATED)
_35963_/X                                 6     12     -6 (VIOLATED)
_35987_/X                                 6     12     -6 (VIOLATED)
_36014_/X                                 6     12     -6 (VIOLATED)
_36079_/X                                 6     12     -6 (VIOLATED)
_36080_/X                                 6     12     -6 (VIOLATED)
_36094_/X                                 6     12     -6 (VIOLATED)
_36096_/X                                 6     12     -6 (VIOLATED)
_36123_/X                                 6     12     -6 (VIOLATED)
_36131_/X                                 6     12     -6 (VIOLATED)
_36240_/X                                 6     12     -6 (VIOLATED)
_36277_/X                                 6     12     -6 (VIOLATED)
_36290_/X                                 6     12     -6 (VIOLATED)
_36313_/X                                 6     12     -6 (VIOLATED)
_36336_/X                                 6     12     -6 (VIOLATED)
_36352_/X                                 6     12     -6 (VIOLATED)
_36353_/X                                 6     12     -6 (VIOLATED)
_36376_/X                                 6     12     -6 (VIOLATED)
_36390_/X                                 6     12     -6 (VIOLATED)
_36392_/X                                 6     12     -6 (VIOLATED)
_36421_/X                                 6     12     -6 (VIOLATED)
_36422_/X                                 6     12     -6 (VIOLATED)
_36438_/X                                 6     12     -6 (VIOLATED)
_36541_/X                                 6     12     -6 (VIOLATED)
_36565_/X                                 6     12     -6 (VIOLATED)
_36566_/X                                 6     12     -6 (VIOLATED)
_36574_/X                                 6     12     -6 (VIOLATED)
_36593_/X                                 6     12     -6 (VIOLATED)
_36607_/X                                 6     12     -6 (VIOLATED)
_36672_/X                                 6     12     -6 (VIOLATED)
_36673_/X                                 6     12     -6 (VIOLATED)
_36687_/X                                 6     12     -6 (VIOLATED)
_36694_/X                                 6     12     -6 (VIOLATED)
_36710_/X                                 6     12     -6 (VIOLATED)
_36726_/X                                 6     12     -6 (VIOLATED)
_36729_/X                                 6     12     -6 (VIOLATED)
_36830_/X                                 6     12     -6 (VIOLATED)
_36854_/X                                 6     12     -6 (VIOLATED)
_36857_/X                                 6     12     -6 (VIOLATED)
_36943_/X                                 6     12     -6 (VIOLATED)
_36967_/X                                 6     12     -6 (VIOLATED)
_36980_/X                                 6     12     -6 (VIOLATED)
_36998_/X                                 6     12     -6 (VIOLATED)
_37007_/X                                 6     12     -6 (VIOLATED)
_37008_/X                                 6     12     -6 (VIOLATED)
_37023_/X                                 6     12     -6 (VIOLATED)
_37119_/X                                 6     12     -6 (VIOLATED)
_37120_/X                                 6     12     -6 (VIOLATED)
_37135_/X                                 6     12     -6 (VIOLATED)
_37145_/X                                 6     12     -6 (VIOLATED)
_37198_/X                                 6     12     -6 (VIOLATED)
_37240_/X                                 6     12     -6 (VIOLATED)
_37263_/X                                 6     12     -6 (VIOLATED)
_37264_/X                                 6     12     -6 (VIOLATED)
_37275_/X                                 6     12     -6 (VIOLATED)
_37289_/X                                 6     12     -6 (VIOLATED)
_37290_/X                                 6     12     -6 (VIOLATED)
_37295_/X                                 6     12     -6 (VIOLATED)
_37417_/X                                 6     12     -6 (VIOLATED)
_37497_/X                                 6     12     -6 (VIOLATED)
_37534_/X                                 6     12     -6 (VIOLATED)
_37536_/X                                 6     12     -6 (VIOLATED)
_37537_/X                                 6     12     -6 (VIOLATED)
_37559_/X                                 6     12     -6 (VIOLATED)
_37577_/X                                 6     12     -6 (VIOLATED)
_37580_/X                                 6     12     -6 (VIOLATED)
_37596_/X                                 6     12     -6 (VIOLATED)
_37602_/X                                 6     12     -6 (VIOLATED)
_37700_/X                                 6     12     -6 (VIOLATED)
_37724_/X                                 6     12     -6 (VIOLATED)
_37790_/X                                 6     12     -6 (VIOLATED)
_37791_/X                                 6     12     -6 (VIOLATED)
_37830_/X                                 6     12     -6 (VIOLATED)
_37832_/X                                 6     12     -6 (VIOLATED)
_37850_/X                                 6     12     -6 (VIOLATED)
_37851_/X                                 6     12     -6 (VIOLATED)
_37860_/X                                 6     12     -6 (VIOLATED)
_37861_/X                                 6     12     -6 (VIOLATED)
_37869_/X                                 6     12     -6 (VIOLATED)
_37988_/X                                 6     12     -6 (VIOLATED)
_38035_/X                                 6     12     -6 (VIOLATED)
_38052_/X                                 6     12     -6 (VIOLATED)
_38114_/X                                 6     12     -6 (VIOLATED)
_38128_/X                                 6     12     -6 (VIOLATED)
_38130_/X                                 6     12     -6 (VIOLATED)
_38131_/X                                 6     12     -6 (VIOLATED)
_38160_/X                                 6     12     -6 (VIOLATED)
_38176_/X                                 6     12     -6 (VIOLATED)
_38303_/X                                 6     12     -6 (VIOLATED)
_38344_/X                                 6     12     -6 (VIOLATED)
_38383_/X                                 6     12     -6 (VIOLATED)
_38409_/X                                 6     12     -6 (VIOLATED)
_38430_/X                                 6     12     -6 (VIOLATED)
_38446_/X                                 6     12     -6 (VIOLATED)
_38462_/X                                 6     12     -6 (VIOLATED)
_38472_/X                                 6     12     -6 (VIOLATED)
_38591_/X                                 6     12     -6 (VIOLATED)
_38592_/X                                 6     12     -6 (VIOLATED)
_38595_/X                                 6     12     -6 (VIOLATED)
_38704_/X                                 6     12     -6 (VIOLATED)
_38717_/X                                 6     12     -6 (VIOLATED)
_38736_/X                                 6     12     -6 (VIOLATED)
_38745_/X                                 6     12     -6 (VIOLATED)
_38753_/X                                 6     12     -6 (VIOLATED)
_38760_/X                                 6     12     -6 (VIOLATED)
_38762_/X                                 6     12     -6 (VIOLATED)
_38763_/X                                 6     12     -6 (VIOLATED)
_38764_/X                                 6     12     -6 (VIOLATED)
_38765_/X                                 6     12     -6 (VIOLATED)
_38766_/X                                 6     12     -6 (VIOLATED)
_38767_/X                                 6     12     -6 (VIOLATED)
_38768_/X                                 6     12     -6 (VIOLATED)
_38769_/X                                 6     12     -6 (VIOLATED)
_38770_/X                                 6     12     -6 (VIOLATED)
_38771_/X                                 6     12     -6 (VIOLATED)
_38772_/X                                 6     12     -6 (VIOLATED)
_38773_/X                                 6     12     -6 (VIOLATED)
_38774_/X                                 6     12     -6 (VIOLATED)
_38775_/X                                 6     12     -6 (VIOLATED)
_38812_/X                                 6     12     -6 (VIOLATED)
_38813_/X                                 6     12     -6 (VIOLATED)
_38815_/X                                 6     12     -6 (VIOLATED)
_38828_/X                                 6     12     -6 (VIOLATED)
_38832_/X                                 6     12     -6 (VIOLATED)
_38836_/X                                 6     12     -6 (VIOLATED)
_38840_/X                                 6     12     -6 (VIOLATED)
_38850_/X                                 6     12     -6 (VIOLATED)
_38851_/X                                 6     12     -6 (VIOLATED)
_38867_/X                                 6     12     -6 (VIOLATED)
_38877_/X                                 6     12     -6 (VIOLATED)
_38880_/X                                 6     12     -6 (VIOLATED)
_38921_/X                                 6     12     -6 (VIOLATED)
_38938_/X                                 6     12     -6 (VIOLATED)
_38956_/X                                 6     12     -6 (VIOLATED)
_38962_/X                                 6     12     -6 (VIOLATED)
_38963_/X                                 6     12     -6 (VIOLATED)
_38978_/X                                 6     12     -6 (VIOLATED)
_39092_/X                                 6     12     -6 (VIOLATED)
_39196_/X                                 6     12     -6 (VIOLATED)
_39197_/X                                 6     12     -6 (VIOLATED)
_39205_/X                                 6     12     -6 (VIOLATED)
_39262_/X                                 6     12     -6 (VIOLATED)
_39280_/X                                 6     12     -6 (VIOLATED)
_39281_/X                                 6     12     -6 (VIOLATED)
_39285_/X                                 6     12     -6 (VIOLATED)
_39311_/X                                 6     12     -6 (VIOLATED)
_39372_/X                                 6     12     -6 (VIOLATED)
_39432_/X                                 6     12     -6 (VIOLATED)
_39621_/X                                 6     12     -6 (VIOLATED)
_39625_/X                                 6     12     -6 (VIOLATED)
_39626_/X                                 6     12     -6 (VIOLATED)
_39633_/X                                 6     12     -6 (VIOLATED)
_39644_/X                                 6     12     -6 (VIOLATED)
_39663_/X                                 6     12     -6 (VIOLATED)
_39685_/X                                 6     12     -6 (VIOLATED)
_39687_/X                                 6     12     -6 (VIOLATED)
_39713_/X                                 6     12     -6 (VIOLATED)
_39759_/X                                 6     12     -6 (VIOLATED)
_39778_/X                                 6     12     -6 (VIOLATED)
_39780_/X                                 6     12     -6 (VIOLATED)
_39785_/X                                 6     12     -6 (VIOLATED)
_39786_/X                                 6     12     -6 (VIOLATED)
_39789_/X                                 6     12     -6 (VIOLATED)
_39805_/X                                 6     12     -6 (VIOLATED)
_39819_/X                                 6     12     -6 (VIOLATED)
_39837_/X                                 6     12     -6 (VIOLATED)
_42040_/Q                                 6     12     -6 (VIOLATED)
_42053_/Q                                 6     12     -6 (VIOLATED)
_42058_/Q                                 6     12     -6 (VIOLATED)
_42059_/Q                                 6     12     -6 (VIOLATED)
_42062_/Q                                 6     12     -6 (VIOLATED)
_42063_/Q                                 6     12     -6 (VIOLATED)
_42068_/Q                                 6     12     -6 (VIOLATED)
_42071_/Q                                 6     12     -6 (VIOLATED)
_42073_/Q                                 6     12     -6 (VIOLATED)
_42092_/Q                                 6     12     -6 (VIOLATED)
_42097_/Q                                 6     12     -6 (VIOLATED)
_42107_/Q                                 6     12     -6 (VIOLATED)
_42118_/Q                                 6     12     -6 (VIOLATED)
_42120_/Q                                 6     12     -6 (VIOLATED)
_42127_/Q                                 6     12     -6 (VIOLATED)
_42133_/Q                                 6     12     -6 (VIOLATED)
_42150_/Q                                 6     12     -6 (VIOLATED)
_42151_/Q                                 6     12     -6 (VIOLATED)
_42154_/Q                                 6     12     -6 (VIOLATED)
_42155_/Q                                 6     12     -6 (VIOLATED)
_42156_/Q                                 6     12     -6 (VIOLATED)
_42157_/Q                                 6     12     -6 (VIOLATED)
_42158_/Q                                 6     12     -6 (VIOLATED)
_42159_/Q                                 6     12     -6 (VIOLATED)
_42160_/Q                                 6     12     -6 (VIOLATED)
_42161_/Q                                 6     12     -6 (VIOLATED)
_42162_/Q                                 6     12     -6 (VIOLATED)
_42163_/Q                                 6     12     -6 (VIOLATED)
_42164_/Q                                 6     12     -6 (VIOLATED)
_42165_/Q                                 6     12     -6 (VIOLATED)
_42166_/Q                                 6     12     -6 (VIOLATED)
_42167_/Q                                 6     12     -6 (VIOLATED)
_42168_/Q                                 6     12     -6 (VIOLATED)
_42169_/Q                                 6     12     -6 (VIOLATED)
_42170_/Q                                 6     12     -6 (VIOLATED)
_42171_/Q                                 6     12     -6 (VIOLATED)
_42182_/Q                                 6     12     -6 (VIOLATED)
_42183_/Q                                 6     12     -6 (VIOLATED)
_42186_/Q                                 6     12     -6 (VIOLATED)
_42187_/Q                                 6     12     -6 (VIOLATED)
_42188_/Q                                 6     12     -6 (VIOLATED)
_42189_/Q                                 6     12     -6 (VIOLATED)
_42190_/Q                                 6     12     -6 (VIOLATED)
_42191_/Q                                 6     12     -6 (VIOLATED)
_42192_/Q                                 6     12     -6 (VIOLATED)
_42193_/Q                                 6     12     -6 (VIOLATED)
_42194_/Q                                 6     12     -6 (VIOLATED)
_42195_/Q                                 6     12     -6 (VIOLATED)
_42196_/Q                                 6     12     -6 (VIOLATED)
_42197_/Q                                 6     12     -6 (VIOLATED)
_42198_/Q                                 6     12     -6 (VIOLATED)
_42199_/Q                                 6     12     -6 (VIOLATED)
_42200_/Q                                 6     12     -6 (VIOLATED)
_42202_/Q                                 6     12     -6 (VIOLATED)
_42203_/Q                                 6     12     -6 (VIOLATED)
_42214_/Q                                 6     12     -6 (VIOLATED)
_42215_/Q                                 6     12     -6 (VIOLATED)
_42218_/Q                                 6     12     -6 (VIOLATED)
_42219_/Q                                 6     12     -6 (VIOLATED)
_42220_/Q                                 6     12     -6 (VIOLATED)
_42221_/Q                                 6     12     -6 (VIOLATED)
_42222_/Q                                 6     12     -6 (VIOLATED)
_42223_/Q                                 6     12     -6 (VIOLATED)
_42224_/Q                                 6     12     -6 (VIOLATED)
_42225_/Q                                 6     12     -6 (VIOLATED)
_42226_/Q                                 6     12     -6 (VIOLATED)
_42227_/Q                                 6     12     -6 (VIOLATED)
_42228_/Q                                 6     12     -6 (VIOLATED)
_42229_/Q                                 6     12     -6 (VIOLATED)
_42230_/Q                                 6     12     -6 (VIOLATED)
_42231_/Q                                 6     12     -6 (VIOLATED)
_42232_/Q                                 6     12     -6 (VIOLATED)
_42233_/Q                                 6     12     -6 (VIOLATED)
_42234_/Q                                 6     12     -6 (VIOLATED)
_42235_/Q                                 6     12     -6 (VIOLATED)
_42246_/Q                                 6     12     -6 (VIOLATED)
_42247_/Q                                 6     12     -6 (VIOLATED)
_42250_/Q                                 6     12     -6 (VIOLATED)
_42251_/Q                                 6     12     -6 (VIOLATED)
_42252_/Q                                 6     12     -6 (VIOLATED)
_42253_/Q                                 6     12     -6 (VIOLATED)
_42254_/Q                                 6     12     -6 (VIOLATED)
_42255_/Q                                 6     12     -6 (VIOLATED)
_42256_/Q                                 6     12     -6 (VIOLATED)
_42257_/Q                                 6     12     -6 (VIOLATED)
_42258_/Q                                 6     12     -6 (VIOLATED)
_42259_/Q                                 6     12     -6 (VIOLATED)
_42260_/Q                                 6     12     -6 (VIOLATED)
_42261_/Q                                 6     12     -6 (VIOLATED)
_42262_/Q                                 6     12     -6 (VIOLATED)
_42263_/Q                                 6     12     -6 (VIOLATED)
_42264_/Q                                 6     12     -6 (VIOLATED)
_42265_/Q                                 6     12     -6 (VIOLATED)
_42266_/Q                                 6     12     -6 (VIOLATED)
_42267_/Q                                 6     12     -6 (VIOLATED)
_42278_/Q                                 6     12     -6 (VIOLATED)
_42282_/Q                                 6     12     -6 (VIOLATED)
_42284_/Q                                 6     12     -6 (VIOLATED)
_42285_/Q                                 6     12     -6 (VIOLATED)
_42286_/Q                                 6     12     -6 (VIOLATED)
_42287_/Q                                 6     12     -6 (VIOLATED)
_42288_/Q                                 6     12     -6 (VIOLATED)
_42289_/Q                                 6     12     -6 (VIOLATED)
_42291_/Q                                 6     12     -6 (VIOLATED)
_42292_/Q                                 6     12     -6 (VIOLATED)
_42293_/Q                                 6     12     -6 (VIOLATED)
_42294_/Q                                 6     12     -6 (VIOLATED)
_42296_/Q                                 6     12     -6 (VIOLATED)
_42299_/Q                                 6     12     -6 (VIOLATED)
_42310_/Q                                 6     12     -6 (VIOLATED)
_42311_/Q                                 6     12     -6 (VIOLATED)
_42314_/Q                                 6     12     -6 (VIOLATED)
_42315_/Q                                 6     12     -6 (VIOLATED)
_42316_/Q                                 6     12     -6 (VIOLATED)
_42317_/Q                                 6     12     -6 (VIOLATED)
_42318_/Q                                 6     12     -6 (VIOLATED)
_42319_/Q                                 6     12     -6 (VIOLATED)
_42320_/Q                                 6     12     -6 (VIOLATED)
_42321_/Q                                 6     12     -6 (VIOLATED)
_42322_/Q                                 6     12     -6 (VIOLATED)
_42324_/Q                                 6     12     -6 (VIOLATED)
_42325_/Q                                 6     12     -6 (VIOLATED)
_42326_/Q                                 6     12     -6 (VIOLATED)
_42327_/Q                                 6     12     -6 (VIOLATED)
_42328_/Q                                 6     12     -6 (VIOLATED)
_42329_/Q                                 6     12     -6 (VIOLATED)
_42330_/Q                                 6     12     -6 (VIOLATED)
_42331_/Q                                 6     12     -6 (VIOLATED)
_42342_/Q                                 6     12     -6 (VIOLATED)
_42343_/Q                                 6     12     -6 (VIOLATED)
_42346_/Q                                 6     12     -6 (VIOLATED)
_42348_/Q                                 6     12     -6 (VIOLATED)
_42349_/Q                                 6     12     -6 (VIOLATED)
_42350_/Q                                 6     12     -6 (VIOLATED)
_42351_/Q                                 6     12     -6 (VIOLATED)
_42352_/Q                                 6     12     -6 (VIOLATED)
_42353_/Q                                 6     12     -6 (VIOLATED)
_42354_/Q                                 6     12     -6 (VIOLATED)
_42355_/Q                                 6     12     -6 (VIOLATED)
_42356_/Q                                 6     12     -6 (VIOLATED)
_42357_/Q                                 6     12     -6 (VIOLATED)
_42358_/Q                                 6     12     -6 (VIOLATED)
_42359_/Q                                 6     12     -6 (VIOLATED)
_42360_/Q                                 6     12     -6 (VIOLATED)
_42361_/Q                                 6     12     -6 (VIOLATED)
_42362_/Q                                 6     12     -6 (VIOLATED)
_42363_/Q                                 6     12     -6 (VIOLATED)
_42375_/Q                                 6     12     -6 (VIOLATED)
_42378_/Q                                 6     12     -6 (VIOLATED)
_42379_/Q                                 6     12     -6 (VIOLATED)
_42380_/Q                                 6     12     -6 (VIOLATED)
_42381_/Q                                 6     12     -6 (VIOLATED)
_42382_/Q                                 6     12     -6 (VIOLATED)
_42383_/Q                                 6     12     -6 (VIOLATED)
_42384_/Q                                 6     12     -6 (VIOLATED)
_42385_/Q                                 6     12     -6 (VIOLATED)
_42386_/Q                                 6     12     -6 (VIOLATED)
_42387_/Q                                 6     12     -6 (VIOLATED)
_42388_/Q                                 6     12     -6 (VIOLATED)
_42389_/Q                                 6     12     -6 (VIOLATED)
_42390_/Q                                 6     12     -6 (VIOLATED)
_42391_/Q                                 6     12     -6 (VIOLATED)
_42392_/Q                                 6     12     -6 (VIOLATED)
_42393_/Q                                 6     12     -6 (VIOLATED)
_42394_/Q                                 6     12     -6 (VIOLATED)
_42395_/Q                                 6     12     -6 (VIOLATED)
_42406_/Q                                 6     12     -6 (VIOLATED)
_42407_/Q                                 6     12     -6 (VIOLATED)
_42410_/Q                                 6     12     -6 (VIOLATED)
_42411_/Q                                 6     12     -6 (VIOLATED)
_42412_/Q                                 6     12     -6 (VIOLATED)
_42413_/Q                                 6     12     -6 (VIOLATED)
_42414_/Q                                 6     12     -6 (VIOLATED)
_42415_/Q                                 6     12     -6 (VIOLATED)
_42416_/Q                                 6     12     -6 (VIOLATED)
_42417_/Q                                 6     12     -6 (VIOLATED)
_42418_/Q                                 6     12     -6 (VIOLATED)
_42419_/Q                                 6     12     -6 (VIOLATED)
_42420_/Q                                 6     12     -6 (VIOLATED)
_42421_/Q                                 6     12     -6 (VIOLATED)
_42422_/Q                                 6     12     -6 (VIOLATED)
_42423_/Q                                 6     12     -6 (VIOLATED)
_42424_/Q                                 6     12     -6 (VIOLATED)
_42425_/Q                                 6     12     -6 (VIOLATED)
_42426_/Q                                 6     12     -6 (VIOLATED)
_42427_/Q                                 6     12     -6 (VIOLATED)
_42438_/Q                                 6     12     -6 (VIOLATED)
_42439_/Q                                 6     12     -6 (VIOLATED)
_42442_/Q                                 6     12     -6 (VIOLATED)
_42443_/Q                                 6     12     -6 (VIOLATED)
_42444_/Q                                 6     12     -6 (VIOLATED)
_42445_/Q                                 6     12     -6 (VIOLATED)
_42446_/Q                                 6     12     -6 (VIOLATED)
_42447_/Q                                 6     12     -6 (VIOLATED)
_42448_/Q                                 6     12     -6 (VIOLATED)
_42449_/Q                                 6     12     -6 (VIOLATED)
_42450_/Q                                 6     12     -6 (VIOLATED)
_42451_/Q                                 6     12     -6 (VIOLATED)
_42452_/Q                                 6     12     -6 (VIOLATED)
_42453_/Q                                 6     12     -6 (VIOLATED)
_42454_/Q                                 6     12     -6 (VIOLATED)
_42455_/Q                                 6     12     -6 (VIOLATED)
_42457_/Q                                 6     12     -6 (VIOLATED)
_42458_/Q                                 6     12     -6 (VIOLATED)
_42459_/Q                                 6     12     -6 (VIOLATED)
_42470_/Q                                 6     12     -6 (VIOLATED)
_42471_/Q                                 6     12     -6 (VIOLATED)
_42474_/Q                                 6     12     -6 (VIOLATED)
_42475_/Q                                 6     12     -6 (VIOLATED)
_42476_/Q                                 6     12     -6 (VIOLATED)
_42477_/Q                                 6     12     -6 (VIOLATED)
_42478_/Q                                 6     12     -6 (VIOLATED)
_42479_/Q                                 6     12     -6 (VIOLATED)
_42480_/Q                                 6     12     -6 (VIOLATED)
_42481_/Q                                 6     12     -6 (VIOLATED)
_42482_/Q                                 6     12     -6 (VIOLATED)
_42483_/Q                                 6     12     -6 (VIOLATED)
_42484_/Q                                 6     12     -6 (VIOLATED)
_42485_/Q                                 6     12     -6 (VIOLATED)
_42486_/Q                                 6     12     -6 (VIOLATED)
_42487_/Q                                 6     12     -6 (VIOLATED)
_42488_/Q                                 6     12     -6 (VIOLATED)
_42489_/Q                                 6     12     -6 (VIOLATED)
_42490_/Q                                 6     12     -6 (VIOLATED)
_42491_/Q                                 6     12     -6 (VIOLATED)
_42502_/Q                                 6     12     -6 (VIOLATED)
_42503_/Q                                 6     12     -6 (VIOLATED)
_42506_/Q                                 6     12     -6 (VIOLATED)
_42507_/Q                                 6     12     -6 (VIOLATED)
_42508_/Q                                 6     12     -6 (VIOLATED)
_42509_/Q                                 6     12     -6 (VIOLATED)
_42510_/Q                                 6     12     -6 (VIOLATED)
_42511_/Q                                 6     12     -6 (VIOLATED)
_42512_/Q                                 6     12     -6 (VIOLATED)
_42513_/Q                                 6     12     -6 (VIOLATED)
_42514_/Q                                 6     12     -6 (VIOLATED)
_42515_/Q                                 6     12     -6 (VIOLATED)
_42516_/Q                                 6     12     -6 (VIOLATED)
_42517_/Q                                 6     12     -6 (VIOLATED)
_42518_/Q                                 6     12     -6 (VIOLATED)
_42519_/Q                                 6     12     -6 (VIOLATED)
_42520_/Q                                 6     12     -6 (VIOLATED)
_42521_/Q                                 6     12     -6 (VIOLATED)
_42522_/Q                                 6     12     -6 (VIOLATED)
_42523_/Q                                 6     12     -6 (VIOLATED)
_43610_/Q                                 6     12     -6 (VIOLATED)
_43613_/Q                                 6     12     -6 (VIOLATED)
_43616_/Q                                 6     12     -6 (VIOLATED)
clkbuf_6_53_0_clk/X                       6     12     -6 (VIOLATED)
clkbuf_6_54_0_clk/X                       6     12     -6 (VIOLATED)
input13/X                                 6     12     -6 (VIOLATED)
input14/X                                 6     12     -6 (VIOLATED)
input15/X                                 6     12     -6 (VIOLATED)
input16/X                                 6     12     -6 (VIOLATED)
input17/X                                 6     12     -6 (VIOLATED)
input18/X                                 6     12     -6 (VIOLATED)
input19/X                                 6     12     -6 (VIOLATED)
input20/X                                 6     12     -6 (VIOLATED)
input21/X                                 6     12     -6 (VIOLATED)
input22/X                                 6     12     -6 (VIOLATED)
input24/X                                 6     12     -6 (VIOLATED)
input25/X                                 6     12     -6 (VIOLATED)
input26/X                                 6     12     -6 (VIOLATED)
input27/X                                 6     12     -6 (VIOLATED)
input28/X                                 6     12     -6 (VIOLATED)
input29/X                                 6     12     -6 (VIOLATED)
input30/X                                 6     12     -6 (VIOLATED)
input31/X                                 6     12     -6 (VIOLATED)
input32/X                                 6     12     -6 (VIOLATED)
input33/X                                 6     12     -6 (VIOLATED)
input35/X                                 6     12     -6 (VIOLATED)
input36/X                                 6     12     -6 (VIOLATED)
input39/X                                 6     12     -6 (VIOLATED)
input40/X                                 6     12     -6 (VIOLATED)
input41/X                                 6     12     -6 (VIOLATED)
input42/X                                 6     12     -6 (VIOLATED)
input43/X                                 6     12     -6 (VIOLATED)
input6/X                                  6     12     -6 (VIOLATED)
_29598_/Y                                 6     11     -5 (VIOLATED)
_42465_/Q                                 6     11     -5 (VIOLATED)
_20023_/Y                                 6     10     -4 (VIOLATED)
_20040_/Y                                 6     10     -4 (VIOLATED)
_20059_/Y                                 6     10     -4 (VIOLATED)
_20070_/X                                 6     10     -4 (VIOLATED)
_20114_/Y                                 6     10     -4 (VIOLATED)
_20124_/Y                                 6     10     -4 (VIOLATED)
_21738_/X                                 6     10     -4 (VIOLATED)
_27286_/X                                 6     10     -4 (VIOLATED)
_27394_/X                                 6     10     -4 (VIOLATED)
_27418_/Y                                 6     10     -4 (VIOLATED)
_27470_/X                                 6     10     -4 (VIOLATED)
_27541_/X                                 6     10     -4 (VIOLATED)
_27548_/X                                 6     10     -4 (VIOLATED)
_27671_/Y                                 6     10     -4 (VIOLATED)
_28041_/X                                 6     10     -4 (VIOLATED)
_28042_/Y                                 6     10     -4 (VIOLATED)
_28067_/Y                                 6     10     -4 (VIOLATED)
_28242_/X                                 6     10     -4 (VIOLATED)
_28569_/X                                 6     10     -4 (VIOLATED)
_28609_/Y                                 6     10     -4 (VIOLATED)
_28690_/Y                                 6     10     -4 (VIOLATED)
_28806_/Y                                 6     10     -4 (VIOLATED)
_28834_/Y                                 6     10     -4 (VIOLATED)
_28904_/Y                                 6     10     -4 (VIOLATED)
_28945_/Y                                 6     10     -4 (VIOLATED)
_28955_/Y                                 6     10     -4 (VIOLATED)
_28981_/Y                                 6     10     -4 (VIOLATED)
_29054_/Y                                 6     10     -4 (VIOLATED)
_29107_/Y                                 6     10     -4 (VIOLATED)
_29120_/X                                 6     10     -4 (VIOLATED)
_29126_/X                                 6     10     -4 (VIOLATED)
_29166_/Y                                 6     10     -4 (VIOLATED)
_29323_/X                                 6     10     -4 (VIOLATED)
_29333_/X                                 6     10     -4 (VIOLATED)
_29345_/Y                                 6     10     -4 (VIOLATED)
_29370_/Y                                 6     10     -4 (VIOLATED)
_29373_/Y                                 6     10     -4 (VIOLATED)
_29384_/X                                 6     10     -4 (VIOLATED)
_29421_/Y                                 6     10     -4 (VIOLATED)
_29506_/Y                                 6     10     -4 (VIOLATED)
_29521_/X                                 6     10     -4 (VIOLATED)
_29531_/Y                                 6     10     -4 (VIOLATED)
_29603_/Y                                 6     10     -4 (VIOLATED)
_29835_/X                                 6     10     -4 (VIOLATED)
_29938_/X                                 6     10     -4 (VIOLATED)
_29979_/Y                                 6     10     -4 (VIOLATED)
_29981_/Y                                 6     10     -4 (VIOLATED)
_30040_/Y                                 6     10     -4 (VIOLATED)
_30049_/Y                                 6     10     -4 (VIOLATED)
_30095_/X                                 6     10     -4 (VIOLATED)
_30104_/Y                                 6     10     -4 (VIOLATED)
_30129_/Y                                 6     10     -4 (VIOLATED)
_30160_/Y                                 6     10     -4 (VIOLATED)
_30222_/X                                 6     10     -4 (VIOLATED)
_30264_/Y                                 6     10     -4 (VIOLATED)
_30294_/X                                 6     10     -4 (VIOLATED)
_30326_/Y                                 6     10     -4 (VIOLATED)
_30337_/X                                 6     10     -4 (VIOLATED)
_30408_/Y                                 6     10     -4 (VIOLATED)
_31100_/Y                                 6     10     -4 (VIOLATED)
_31219_/Y                                 6     10     -4 (VIOLATED)
_31228_/X                                 6     10     -4 (VIOLATED)
_31252_/Y                                 6     10     -4 (VIOLATED)
_31264_/Y                                 6     10     -4 (VIOLATED)
_31275_/Y                                 6     10     -4 (VIOLATED)
_31283_/Y                                 6     10     -4 (VIOLATED)
_31518_/Y                                 6     10     -4 (VIOLATED)
_31564_/Y                                 6     10     -4 (VIOLATED)
_31584_/Y                                 6     10     -4 (VIOLATED)
_31669_/Y                                 6     10     -4 (VIOLATED)
_31688_/Y                                 6     10     -4 (VIOLATED)
_31705_/Y                                 6     10     -4 (VIOLATED)
_31720_/Y                                 6     10     -4 (VIOLATED)
_31731_/Y                                 6     10     -4 (VIOLATED)
_31778_/Y                                 6     10     -4 (VIOLATED)
_31834_/Y                                 6     10     -4 (VIOLATED)
_33944_/Y                                 6     10     -4 (VIOLATED)
_39224_/X                                 6     10     -4 (VIOLATED)
_39410_/X                                 6     10     -4 (VIOLATED)
_39930_/Y                                 6     10     -4 (VIOLATED)
_40282_/Q                                 6     10     -4 (VIOLATED)
_40284_/Q                                 6     10     -4 (VIOLATED)
_41312_/Q                                 6     10     -4 (VIOLATED)
_42021_/Q                                 6     10     -4 (VIOLATED)
_42024_/Q                                 6     10     -4 (VIOLATED)
_42037_/Q                                 6     10     -4 (VIOLATED)
_42038_/Q                                 6     10     -4 (VIOLATED)
_42039_/Q                                 6     10     -4 (VIOLATED)
_42043_/Q                                 6     10     -4 (VIOLATED)
_42050_/Q                                 6     10     -4 (VIOLATED)
_42069_/Q                                 6     10     -4 (VIOLATED)
_42075_/Q                                 6     10     -4 (VIOLATED)
_42077_/Q                                 6     10     -4 (VIOLATED)
_42086_/Q                                 6     10     -4 (VIOLATED)
_42088_/Q                                 6     10     -4 (VIOLATED)
_42098_/Q                                 6     10     -4 (VIOLATED)
_42112_/Q                                 6     10     -4 (VIOLATED)
_42114_/Q                                 6     10     -4 (VIOLATED)
_42131_/Q                                 6     10     -4 (VIOLATED)
_42135_/Q                                 6     10     -4 (VIOLATED)
_42141_/Q                                 6     10     -4 (VIOLATED)
_42143_/Q                                 6     10     -4 (VIOLATED)
_42147_/Q                                 6     10     -4 (VIOLATED)
_42148_/Q                                 6     10     -4 (VIOLATED)
_42149_/Q                                 6     10     -4 (VIOLATED)
_42152_/Q                                 6     10     -4 (VIOLATED)
_42153_/Q                                 6     10     -4 (VIOLATED)
_42172_/Q                                 6     10     -4 (VIOLATED)
_42173_/Q                                 6     10     -4 (VIOLATED)
_42174_/Q                                 6     10     -4 (VIOLATED)
_42175_/Q                                 6     10     -4 (VIOLATED)
_42176_/Q                                 6     10     -4 (VIOLATED)
_42177_/Q                                 6     10     -4 (VIOLATED)
_42178_/Q                                 6     10     -4 (VIOLATED)
_42180_/Q                                 6     10     -4 (VIOLATED)
_42181_/Q                                 6     10     -4 (VIOLATED)
_42184_/Q                                 6     10     -4 (VIOLATED)
_42185_/Q                                 6     10     -4 (VIOLATED)
_42204_/Q                                 6     10     -4 (VIOLATED)
_42205_/Q                                 6     10     -4 (VIOLATED)
_42206_/Q                                 6     10     -4 (VIOLATED)
_42207_/Q                                 6     10     -4 (VIOLATED)
_42208_/Q                                 6     10     -4 (VIOLATED)
_42209_/Q                                 6     10     -4 (VIOLATED)
_42210_/Q                                 6     10     -4 (VIOLATED)
_42212_/Q                                 6     10     -4 (VIOLATED)
_42213_/Q                                 6     10     -4 (VIOLATED)
_42216_/Q                                 6     10     -4 (VIOLATED)
_42217_/Q                                 6     10     -4 (VIOLATED)
_42236_/Q                                 6     10     -4 (VIOLATED)
_42237_/Q                                 6     10     -4 (VIOLATED)
_42238_/Q                                 6     10     -4 (VIOLATED)
_42239_/Q                                 6     10     -4 (VIOLATED)
_42240_/Q                                 6     10     -4 (VIOLATED)
_42241_/Q                                 6     10     -4 (VIOLATED)
_42242_/Q                                 6     10     -4 (VIOLATED)
_42244_/Q                                 6     10     -4 (VIOLATED)
_42245_/Q                                 6     10     -4 (VIOLATED)
_42248_/Q                                 6     10     -4 (VIOLATED)
_42249_/Q                                 6     10     -4 (VIOLATED)
_42268_/Q                                 6     10     -4 (VIOLATED)
_42269_/Q                                 6     10     -4 (VIOLATED)
_42270_/Q                                 6     10     -4 (VIOLATED)
_42271_/Q                                 6     10     -4 (VIOLATED)
_42272_/Q                                 6     10     -4 (VIOLATED)
_42273_/Q                                 6     10     -4 (VIOLATED)
_42274_/Q                                 6     10     -4 (VIOLATED)
_42276_/Q                                 6     10     -4 (VIOLATED)
_42277_/Q                                 6     10     -4 (VIOLATED)
_42295_/Q                                 6     10     -4 (VIOLATED)
_42300_/Q                                 6     10     -4 (VIOLATED)
_42301_/Q                                 6     10     -4 (VIOLATED)
_42302_/Q                                 6     10     -4 (VIOLATED)
_42303_/Q                                 6     10     -4 (VIOLATED)
_42304_/Q                                 6     10     -4 (VIOLATED)
_42305_/Q                                 6     10     -4 (VIOLATED)
_42306_/Q                                 6     10     -4 (VIOLATED)
_42308_/Q                                 6     10     -4 (VIOLATED)
_42309_/Q                                 6     10     -4 (VIOLATED)
_42312_/Q                                 6     10     -4 (VIOLATED)
_42313_/Q                                 6     10     -4 (VIOLATED)
_42323_/Q                                 6     10     -4 (VIOLATED)
_42332_/Q                                 6     10     -4 (VIOLATED)
_42333_/Q                                 6     10     -4 (VIOLATED)
_42334_/Q                                 6     10     -4 (VIOLATED)
_42335_/Q                                 6     10     -4 (VIOLATED)
_42336_/Q                                 6     10     -4 (VIOLATED)
_42337_/Q                                 6     10     -4 (VIOLATED)
_42338_/Q                                 6     10     -4 (VIOLATED)
_42340_/Q                                 6     10     -4 (VIOLATED)
_42341_/Q                                 6     10     -4 (VIOLATED)
_42344_/Q                                 6     10     -4 (VIOLATED)
_42345_/Q                                 6     10     -4 (VIOLATED)
_42347_/Q                                 6     10     -4 (VIOLATED)
_42364_/Q                                 6     10     -4 (VIOLATED)
_42365_/Q                                 6     10     -4 (VIOLATED)
_42366_/Q                                 6     10     -4 (VIOLATED)
_42367_/Q                                 6     10     -4 (VIOLATED)
_42368_/Q                                 6     10     -4 (VIOLATED)
_42369_/Q                                 6     10     -4 (VIOLATED)
_42370_/Q                                 6     10     -4 (VIOLATED)
_42373_/Q                                 6     10     -4 (VIOLATED)
_42376_/Q                                 6     10     -4 (VIOLATED)
_42377_/Q                                 6     10     -4 (VIOLATED)
_42396_/Q                                 6     10     -4 (VIOLATED)
_42397_/Q                                 6     10     -4 (VIOLATED)
_42398_/Q                                 6     10     -4 (VIOLATED)
_42399_/Q                                 6     10     -4 (VIOLATED)
_42400_/Q                                 6     10     -4 (VIOLATED)
_42401_/Q                                 6     10     -4 (VIOLATED)
_42402_/Q                                 6     10     -4 (VIOLATED)
_42404_/Q                                 6     10     -4 (VIOLATED)
_42405_/Q                                 6     10     -4 (VIOLATED)
_42408_/Q                                 6     10     -4 (VIOLATED)
_42409_/Q                                 6     10     -4 (VIOLATED)
_42428_/Q                                 6     10     -4 (VIOLATED)
_42429_/Q                                 6     10     -4 (VIOLATED)
_42430_/Q                                 6     10     -4 (VIOLATED)
_42431_/Q                                 6     10     -4 (VIOLATED)
_42432_/Q                                 6     10     -4 (VIOLATED)
_42433_/Q                                 6     10     -4 (VIOLATED)
_42434_/Q                                 6     10     -4 (VIOLATED)
_42436_/Q                                 6     10     -4 (VIOLATED)
_42437_/Q                                 6     10     -4 (VIOLATED)
_42440_/Q                                 6     10     -4 (VIOLATED)
_42441_/Q                                 6     10     -4 (VIOLATED)
_42460_/Q                                 6     10     -4 (VIOLATED)
_42461_/Q                                 6     10     -4 (VIOLATED)
_42462_/Q                                 6     10     -4 (VIOLATED)
_42463_/Q                                 6     10     -4 (VIOLATED)
_42464_/Q                                 6     10     -4 (VIOLATED)
_42466_/Q                                 6     10     -4 (VIOLATED)
_42468_/Q                                 6     10     -4 (VIOLATED)
_42469_/Q                                 6     10     -4 (VIOLATED)
_42472_/Q                                 6     10     -4 (VIOLATED)
_42473_/Q                                 6     10     -4 (VIOLATED)
_42492_/Q                                 6     10     -4 (VIOLATED)
_42493_/Q                                 6     10     -4 (VIOLATED)
_42494_/Q                                 6     10     -4 (VIOLATED)
_42495_/Q                                 6     10     -4 (VIOLATED)
_42496_/Q                                 6     10     -4 (VIOLATED)
_42497_/Q                                 6     10     -4 (VIOLATED)
_42498_/Q                                 6     10     -4 (VIOLATED)
_42500_/Q                                 6     10     -4 (VIOLATED)
_42501_/Q                                 6     10     -4 (VIOLATED)
_42504_/Q                                 6     10     -4 (VIOLATED)
_42505_/Q                                 6     10     -4 (VIOLATED)
_42524_/Q                                 6     10     -4 (VIOLATED)
_42525_/Q                                 6     10     -4 (VIOLATED)
_42526_/Q                                 6     10     -4 (VIOLATED)
_42527_/Q                                 6     10     -4 (VIOLATED)
_42528_/Q                                 6     10     -4 (VIOLATED)
_42529_/Q                                 6     10     -4 (VIOLATED)
_42530_/Q                                 6     10     -4 (VIOLATED)
_43576_/Q                                 6     10     -4 (VIOLATED)
_43579_/Q                                 6     10     -4 (VIOLATED)
_43592_/Q                                 6     10     -4 (VIOLATED)
_43603_/Q                                 6     10     -4 (VIOLATED)
_43619_/Q                                 6     10     -4 (VIOLATED)
_43621_/Q                                 6     10     -4 (VIOLATED)
_43624_/Q                                 6     10     -4 (VIOLATED)
hold2745/X                                6     10     -4 (VIOLATED)
hold3490/X                                6     10     -4 (VIOLATED)
input11/X                                 6     10     -4 (VIOLATED)
input5/X                                  6     10     -4 (VIOLATED)
max_cap2/X                                6     10     -4 (VIOLATED)
wire132/X                                 6     10     -4 (VIOLATED)
wire135/X                                 6     10     -4 (VIOLATED)
wire137/X                                 6     10     -4 (VIOLATED)
_41370_/Q                                 6      9     -3 (VIOLATED)
clkbuf_leaf_170_clk/X                     6      9     -3 (VIOLATED)
clkbuf_leaf_350_clk/X                     6      9     -3 (VIOLATED)
clkbuf_leaf_438_clk/X                     6      9     -3 (VIOLATED)
clkbuf_leaf_444_clk/X                     6      9     -3 (VIOLATED)
clkbuf_leaf_493_clk/X                     6      9     -3 (VIOLATED)
clkbuf_leaf_575_clk/X                     6      9     -3 (VIOLATED)
clkbuf_leaf_767_clk/X                     6      9     -3 (VIOLATED)
_20005_/Y                                 6      8     -2 (VIOLATED)
_20057_/X                                 6      8     -2 (VIOLATED)
_20063_/Y                                 6      8     -2 (VIOLATED)
_20085_/Y                                 6      8     -2 (VIOLATED)
_20099_/Y                                 6      8     -2 (VIOLATED)
_20102_/X                                 6      8     -2 (VIOLATED)
_20113_/Y                                 6      8     -2 (VIOLATED)
_20116_/X                                 6      8     -2 (VIOLATED)
_20127_/X                                 6      8     -2 (VIOLATED)
_24896_/Y                                 6      8     -2 (VIOLATED)
_25735_/Y                                 6      8     -2 (VIOLATED)
_27284_/X                                 6      8     -2 (VIOLATED)
_27291_/X                                 6      8     -2 (VIOLATED)
_27296_/X                                 6      8     -2 (VIOLATED)
_27299_/X                                 6      8     -2 (VIOLATED)
_27317_/X                                 6      8     -2 (VIOLATED)
_27321_/X                                 6      8     -2 (VIOLATED)
_27326_/X                                 6      8     -2 (VIOLATED)
_27327_/Y                                 6      8     -2 (VIOLATED)
_27338_/X                                 6      8     -2 (VIOLATED)
_27448_/Y                                 6      8     -2 (VIOLATED)
_27455_/X                                 6      8     -2 (VIOLATED)
_27480_/X                                 6      8     -2 (VIOLATED)
_27488_/X                                 6      8     -2 (VIOLATED)
_27554_/Y                                 6      8     -2 (VIOLATED)
_27582_/Y                                 6      8     -2 (VIOLATED)
_27588_/Y                                 6      8     -2 (VIOLATED)
_27648_/Y                                 6      8     -2 (VIOLATED)
_27664_/X                                 6      8     -2 (VIOLATED)
_27783_/Y                                 6      8     -2 (VIOLATED)
_27798_/X                                 6      8     -2 (VIOLATED)
_27805_/Y                                 6      8     -2 (VIOLATED)
_27810_/X                                 6      8     -2 (VIOLATED)
_27829_/Y                                 6      8     -2 (VIOLATED)
_27848_/Y                                 6      8     -2 (VIOLATED)
_27866_/X                                 6      8     -2 (VIOLATED)
_27895_/X                                 6      8     -2 (VIOLATED)
_27948_/X                                 6      8     -2 (VIOLATED)
_28001_/Y                                 6      8     -2 (VIOLATED)
_28027_/X                                 6      8     -2 (VIOLATED)
_28071_/X                                 6      8     -2 (VIOLATED)
_28087_/Y                                 6      8     -2 (VIOLATED)
_28105_/X                                 6      8     -2 (VIOLATED)
_28161_/Y                                 6      8     -2 (VIOLATED)
_28170_/X                                 6      8     -2 (VIOLATED)
_28189_/Y                                 6      8     -2 (VIOLATED)
_28201_/X                                 6      8     -2 (VIOLATED)
_28314_/Y                                 6      8     -2 (VIOLATED)
_28373_/Y                                 6      8     -2 (VIOLATED)
_28567_/X                                 6      8     -2 (VIOLATED)
_28580_/X                                 6      8     -2 (VIOLATED)
_28582_/X                                 6      8     -2 (VIOLATED)
_28599_/X                                 6      8     -2 (VIOLATED)
_28608_/X                                 6      8     -2 (VIOLATED)
_28610_/X                                 6      8     -2 (VIOLATED)
_28615_/Y                                 6      8     -2 (VIOLATED)
_28621_/X                                 6      8     -2 (VIOLATED)
_28630_/X                                 6      8     -2 (VIOLATED)
_28654_/X                                 6      8     -2 (VIOLATED)
_28657_/X                                 6      8     -2 (VIOLATED)
_28670_/X                                 6      8     -2 (VIOLATED)
_28671_/Y                                 6      8     -2 (VIOLATED)
_28672_/X                                 6      8     -2 (VIOLATED)
_28733_/X                                 6      8     -2 (VIOLATED)
_28747_/X                                 6      8     -2 (VIOLATED)
_28823_/X                                 6      8     -2 (VIOLATED)
_28845_/Y                                 6      8     -2 (VIOLATED)
_28901_/Y                                 6      8     -2 (VIOLATED)
_28911_/Y                                 6      8     -2 (VIOLATED)
_28948_/Y                                 6      8     -2 (VIOLATED)
_29027_/Y                                 6      8     -2 (VIOLATED)
_29072_/Y                                 6      8     -2 (VIOLATED)
_29085_/Y                                 6      8     -2 (VIOLATED)
_29122_/X                                 6      8     -2 (VIOLATED)
_29133_/Y                                 6      8     -2 (VIOLATED)
_29151_/Y                                 6      8     -2 (VIOLATED)
_29268_/Y                                 6      8     -2 (VIOLATED)
_29289_/Y                                 6      8     -2 (VIOLATED)
_29294_/X                                 6      8     -2 (VIOLATED)
_29295_/Y                                 6      8     -2 (VIOLATED)
_29298_/Y                                 6      8     -2 (VIOLATED)
_29307_/X                                 6      8     -2 (VIOLATED)
_29366_/Y                                 6      8     -2 (VIOLATED)
_29375_/Y                                 6      8     -2 (VIOLATED)
_29406_/Y                                 6      8     -2 (VIOLATED)
_29417_/X                                 6      8     -2 (VIOLATED)
_29435_/Y                                 6      8     -2 (VIOLATED)
_29447_/Y                                 6      8     -2 (VIOLATED)
_29461_/Y                                 6      8     -2 (VIOLATED)
_29473_/Y                                 6      8     -2 (VIOLATED)
_29493_/Y                                 6      8     -2 (VIOLATED)
_29554_/Y                                 6      8     -2 (VIOLATED)
_29566_/Y                                 6      8     -2 (VIOLATED)
_29580_/Y                                 6      8     -2 (VIOLATED)
_29595_/Y                                 6      8     -2 (VIOLATED)
_29609_/Y                                 6      8     -2 (VIOLATED)
_29623_/Y                                 6      8     -2 (VIOLATED)
_29753_/X                                 6      8     -2 (VIOLATED)
_29763_/X                                 6      8     -2 (VIOLATED)
_29787_/X                                 6      8     -2 (VIOLATED)
_29807_/X                                 6      8     -2 (VIOLATED)
_29824_/X                                 6      8     -2 (VIOLATED)
_29833_/X                                 6      8     -2 (VIOLATED)
_29840_/X                                 6      8     -2 (VIOLATED)
_29868_/X                                 6      8     -2 (VIOLATED)
_29871_/X                                 6      8     -2 (VIOLATED)
_29882_/X                                 6      8     -2 (VIOLATED)
_29951_/X                                 6      8     -2 (VIOLATED)
_29970_/Y                                 6      8     -2 (VIOLATED)
_29971_/X                                 6      8     -2 (VIOLATED)
_30002_/X                                 6      8     -2 (VIOLATED)
_30217_/Y                                 6      8     -2 (VIOLATED)
_30241_/X                                 6      8     -2 (VIOLATED)
_30258_/Y                                 6      8     -2 (VIOLATED)
_30267_/Y                                 6      8     -2 (VIOLATED)
_30274_/X                                 6      8     -2 (VIOLATED)
_30352_/Y                                 6      8     -2 (VIOLATED)
_30426_/Y                                 6      8     -2 (VIOLATED)
_30436_/Y                                 6      8     -2 (VIOLATED)
_30486_/Y                                 6      8     -2 (VIOLATED)
_30500_/Y                                 6      8     -2 (VIOLATED)
_30512_/Y                                 6      8     -2 (VIOLATED)
_30526_/Y                                 6      8     -2 (VIOLATED)
_30530_/Y                                 6      8     -2 (VIOLATED)
_30531_/X                                 6      8     -2 (VIOLATED)
_30555_/Y                                 6      8     -2 (VIOLATED)
_30569_/Y                                 6      8     -2 (VIOLATED)
_30599_/Y                                 6      8     -2 (VIOLATED)
_30650_/Y                                 6      8     -2 (VIOLATED)
_30661_/X                                 6      8     -2 (VIOLATED)
_30763_/Y                                 6      8     -2 (VIOLATED)
_30817_/Y                                 6      8     -2 (VIOLATED)
_30927_/X                                 6      8     -2 (VIOLATED)
_30929_/X                                 6      8     -2 (VIOLATED)
_30931_/X                                 6      8     -2 (VIOLATED)
_30938_/X                                 6      8     -2 (VIOLATED)
_30960_/X                                 6      8     -2 (VIOLATED)
_30974_/X                                 6      8     -2 (VIOLATED)
_30978_/X                                 6      8     -2 (VIOLATED)
_30986_/X                                 6      8     -2 (VIOLATED)
_30988_/X                                 6      8     -2 (VIOLATED)
_31003_/X                                 6      8     -2 (VIOLATED)
_31041_/X                                 6      8     -2 (VIOLATED)
_31048_/X                                 6      8     -2 (VIOLATED)
_31049_/X                                 6      8     -2 (VIOLATED)
_31051_/X                                 6      8     -2 (VIOLATED)
_31060_/X                                 6      8     -2 (VIOLATED)
_31102_/Y                                 6      8     -2 (VIOLATED)
_31163_/Y                                 6      8     -2 (VIOLATED)
_31299_/Y                                 6      8     -2 (VIOLATED)
_31321_/Y                                 6      8     -2 (VIOLATED)
_31333_/Y                                 6      8     -2 (VIOLATED)
_31352_/Y                                 6      8     -2 (VIOLATED)
_31396_/Y                                 6      8     -2 (VIOLATED)
_31412_/Y                                 6      8     -2 (VIOLATED)
_31491_/Y                                 6      8     -2 (VIOLATED)
_31507_/X                                 6      8     -2 (VIOLATED)
_31515_/X                                 6      8     -2 (VIOLATED)
_31530_/Y                                 6      8     -2 (VIOLATED)
_31594_/Y                                 6      8     -2 (VIOLATED)
_31625_/Y                                 6      8     -2 (VIOLATED)
_31666_/Y                                 6      8     -2 (VIOLATED)
_31673_/Y                                 6      8     -2 (VIOLATED)
_31682_/Y                                 6      8     -2 (VIOLATED)
_31695_/X                                 6      8     -2 (VIOLATED)
_31700_/Y                                 6      8     -2 (VIOLATED)
_31709_/Y                                 6      8     -2 (VIOLATED)
_31713_/Y                                 6      8     -2 (VIOLATED)
_31798_/Y                                 6      8     -2 (VIOLATED)
_31810_/X                                 6      8     -2 (VIOLATED)
_31820_/Y                                 6      8     -2 (VIOLATED)
_31844_/Y                                 6      8     -2 (VIOLATED)
_31859_/X                                 6      8     -2 (VIOLATED)
_31861_/Y                                 6      8     -2 (VIOLATED)
_31871_/Y                                 6      8     -2 (VIOLATED)
_31883_/Y                                 6      8     -2 (VIOLATED)
_31895_/Y                                 6      8     -2 (VIOLATED)
_31918_/Y                                 6      8     -2 (VIOLATED)
_31928_/Y                                 6      8     -2 (VIOLATED)
_31943_/Y                                 6      8     -2 (VIOLATED)
_31960_/Y                                 6      8     -2 (VIOLATED)
_31976_/Y                                 6      8     -2 (VIOLATED)
_31989_/Y                                 6      8     -2 (VIOLATED)
_32280_/Y                                 6      8     -2 (VIOLATED)
_37338_/Y                                 6      8     -2 (VIOLATED)
_38206_/Y                                 6      8     -2 (VIOLATED)
_39009_/X                                 6      8     -2 (VIOLATED)
_39416_/X                                 6      8     -2 (VIOLATED)
_39420_/X                                 6      8     -2 (VIOLATED)
_39624_/X                                 6      8     -2 (VIOLATED)
_39931_/X                                 6      8     -2 (VIOLATED)
_41314_/Q                                 6      8     -2 (VIOLATED)
_41315_/Q                                 6      8     -2 (VIOLATED)
_41316_/Q                                 6      8     -2 (VIOLATED)
_41317_/Q                                 6      8     -2 (VIOLATED)
_41318_/Q                                 6      8     -2 (VIOLATED)
_41319_/Q                                 6      8     -2 (VIOLATED)
_41320_/Q                                 6      8     -2 (VIOLATED)
_41322_/Q                                 6      8     -2 (VIOLATED)
_41323_/Q                                 6      8     -2 (VIOLATED)
_41325_/Q                                 6      8     -2 (VIOLATED)
_41327_/Q                                 6      8     -2 (VIOLATED)
_41328_/Q                                 6      8     -2 (VIOLATED)
_41329_/Q                                 6      8     -2 (VIOLATED)
_41330_/Q                                 6      8     -2 (VIOLATED)
_41334_/Q                                 6      8     -2 (VIOLATED)
_41338_/Q                                 6      8     -2 (VIOLATED)
_41340_/Q                                 6      8     -2 (VIOLATED)
_41342_/Q                                 6      8     -2 (VIOLATED)
_41343_/Q                                 6      8     -2 (VIOLATED)
_41346_/Q                                 6      8     -2 (VIOLATED)
_41348_/Q                                 6      8     -2 (VIOLATED)
_41350_/Q                                 6      8     -2 (VIOLATED)
_41351_/Q                                 6      8     -2 (VIOLATED)
_41354_/Q                                 6      8     -2 (VIOLATED)
_41355_/Q                                 6      8     -2 (VIOLATED)
_41357_/Q                                 6      8     -2 (VIOLATED)
_41359_/Q                                 6      8     -2 (VIOLATED)
_41360_/Q                                 6      8     -2 (VIOLATED)
_41361_/Q                                 6      8     -2 (VIOLATED)
_41364_/Q                                 6      8     -2 (VIOLATED)
_41372_/Q                                 6      8     -2 (VIOLATED)
_41373_/Q                                 6      8     -2 (VIOLATED)
_41374_/Q                                 6      8     -2 (VIOLATED)
_41375_/Q                                 6      8     -2 (VIOLATED)
_41376_/Q                                 6      8     -2 (VIOLATED)
_41377_/Q                                 6      8     -2 (VIOLATED)
_41379_/Q                                 6      8     -2 (VIOLATED)
_41380_/Q                                 6      8     -2 (VIOLATED)
_41383_/Q                                 6      8     -2 (VIOLATED)
_41385_/Q                                 6      8     -2 (VIOLATED)
_41394_/Q                                 6      8     -2 (VIOLATED)
_41395_/Q                                 6      8     -2 (VIOLATED)
_41396_/Q                                 6      8     -2 (VIOLATED)
_41397_/Q                                 6      8     -2 (VIOLATED)
_41399_/Q                                 6      8     -2 (VIOLATED)
_41400_/Q                                 6      8     -2 (VIOLATED)
_41401_/Q                                 6      8     -2 (VIOLATED)
_41402_/Q                                 6      8     -2 (VIOLATED)
_41403_/Q                                 6      8     -2 (VIOLATED)
_41404_/Q                                 6      8     -2 (VIOLATED)
_41405_/Q                                 6      8     -2 (VIOLATED)
_41419_/Q                                 6      8     -2 (VIOLATED)
_41645_/Q                                 6      8     -2 (VIOLATED)
_41647_/Q                                 6      8     -2 (VIOLATED)
_41676_/Q                                 6      8     -2 (VIOLATED)
_41677_/Q                                 6      8     -2 (VIOLATED)
_41678_/Q                                 6      8     -2 (VIOLATED)
_41679_/Q                                 6      8     -2 (VIOLATED)
_41687_/Q                                 6      8     -2 (VIOLATED)
_41690_/Q                                 6      8     -2 (VIOLATED)
_41709_/Q                                 6      8     -2 (VIOLATED)
_41714_/Q                                 6      8     -2 (VIOLATED)
_41719_/Q                                 6      8     -2 (VIOLATED)
_41741_/Q                                 6      8     -2 (VIOLATED)
_41742_/Q                                 6      8     -2 (VIOLATED)
_41745_/Q                                 6      8     -2 (VIOLATED)
_41751_/Q                                 6      8     -2 (VIOLATED)
_41754_/Q                                 6      8     -2 (VIOLATED)
_41908_/Q                                 6      8     -2 (VIOLATED)
_41909_/Q                                 6      8     -2 (VIOLATED)
_41910_/Q                                 6      8     -2 (VIOLATED)
_41926_/Q                                 6      8     -2 (VIOLATED)
_41927_/Q                                 6      8     -2 (VIOLATED)
_42025_/Q                                 6      8     -2 (VIOLATED)
_42027_/Q                                 6      8     -2 (VIOLATED)
_42029_/Q                                 6      8     -2 (VIOLATED)
_42033_/Q                                 6      8     -2 (VIOLATED)
_42035_/Q                                 6      8     -2 (VIOLATED)
_42046_/Q                                 6      8     -2 (VIOLATED)
_42047_/Q                                 6      8     -2 (VIOLATED)
_42051_/Q                                 6      8     -2 (VIOLATED)
_42057_/Q                                 6      8     -2 (VIOLATED)
_42064_/Q                                 6      8     -2 (VIOLATED)
_42065_/Q                                 6      8     -2 (VIOLATED)
_42076_/Q                                 6      8     -2 (VIOLATED)
_42078_/Q                                 6      8     -2 (VIOLATED)
_42085_/Q                                 6      8     -2 (VIOLATED)
_42089_/Q                                 6      8     -2 (VIOLATED)
_42091_/Q                                 6      8     -2 (VIOLATED)
_42096_/Q                                 6      8     -2 (VIOLATED)
_42101_/Q                                 6      8     -2 (VIOLATED)
_42110_/Q                                 6      8     -2 (VIOLATED)
_42115_/Q                                 6      8     -2 (VIOLATED)
_42117_/Q                                 6      8     -2 (VIOLATED)
_42123_/Q                                 6      8     -2 (VIOLATED)
_42125_/Q                                 6      8     -2 (VIOLATED)
_42128_/Q                                 6      8     -2 (VIOLATED)
_42130_/Q                                 6      8     -2 (VIOLATED)
_42138_/Q                                 6      8     -2 (VIOLATED)
_42144_/Q                                 6      8     -2 (VIOLATED)
_42179_/Q                                 6      8     -2 (VIOLATED)
_42211_/Q                                 6      8     -2 (VIOLATED)
_42243_/Q                                 6      8     -2 (VIOLATED)
_42275_/Q                                 6      8     -2 (VIOLATED)
_42290_/Q                                 6      8     -2 (VIOLATED)
_42297_/Q                                 6      8     -2 (VIOLATED)
_42298_/Q                                 6      8     -2 (VIOLATED)
_42307_/Q                                 6      8     -2 (VIOLATED)
_42339_/Q                                 6      8     -2 (VIOLATED)
_42371_/Q                                 6      8     -2 (VIOLATED)
_42403_/Q                                 6      8     -2 (VIOLATED)
_42435_/Q                                 6      8     -2 (VIOLATED)
_42456_/Q                                 6      8     -2 (VIOLATED)
_42467_/Q                                 6      8     -2 (VIOLATED)
_42499_/Q                                 6      8     -2 (VIOLATED)
_42531_/Q                                 6      8     -2 (VIOLATED)
_43560_/Q                                 6      8     -2 (VIOLATED)
_43607_/Q                                 6      8     -2 (VIOLATED)
_43612_/Q                                 6      8     -2 (VIOLATED)
_43618_/Q                                 6      8     -2 (VIOLATED)
_43628_/Q                                 6      8     -2 (VIOLATED)
clkbuf_0_clk/X                            6      8     -2 (VIOLATED)
clkbuf_6_52_0_clk/X                       6      8     -2 (VIOLATED)
clkbuf_leaf_101_clk/X                     6      8     -2 (VIOLATED)
clkbuf_leaf_103_clk/X                     6      8     -2 (VIOLATED)
clkbuf_leaf_12_clk/X                      6      8     -2 (VIOLATED)
clkbuf_leaf_14_clk/X                      6      8     -2 (VIOLATED)
clkbuf_leaf_173_clk/X                     6      8     -2 (VIOLATED)
clkbuf_leaf_187_clk/X                     6      8     -2 (VIOLATED)
clkbuf_leaf_226_clk/X                     6      8     -2 (VIOLATED)
clkbuf_leaf_229_clk/X                     6      8     -2 (VIOLATED)
clkbuf_leaf_279_clk/X                     6      8     -2 (VIOLATED)
clkbuf_leaf_308_clk/X                     6      8     -2 (VIOLATED)
clkbuf_leaf_330_clk/X                     6      8     -2 (VIOLATED)
clkbuf_leaf_331_clk/X                     6      8     -2 (VIOLATED)
clkbuf_leaf_333_clk/X                     6      8     -2 (VIOLATED)
clkbuf_leaf_352_clk/X                     6      8     -2 (VIOLATED)
clkbuf_leaf_356_clk/X                     6      8     -2 (VIOLATED)
clkbuf_leaf_375_clk/X                     6      8     -2 (VIOLATED)
clkbuf_leaf_424_clk/X                     6      8     -2 (VIOLATED)
clkbuf_leaf_446_clk/X                     6      8     -2 (VIOLATED)
clkbuf_leaf_454_clk/X                     6      8     -2 (VIOLATED)
clkbuf_leaf_455_clk/X                     6      8     -2 (VIOLATED)
clkbuf_leaf_464_clk/X                     6      8     -2 (VIOLATED)
clkbuf_leaf_472_clk/X                     6      8     -2 (VIOLATED)
clkbuf_leaf_481_clk/X                     6      8     -2 (VIOLATED)
clkbuf_leaf_520_clk/X                     6      8     -2 (VIOLATED)
clkbuf_leaf_521_clk/X                     6      8     -2 (VIOLATED)
clkbuf_leaf_571_clk/X                     6      8     -2 (VIOLATED)
clkbuf_leaf_607_clk/X                     6      8     -2 (VIOLATED)
clkbuf_leaf_617_clk/X                     6      8     -2 (VIOLATED)
clkbuf_leaf_62_clk/X                      6      8     -2 (VIOLATED)
clkbuf_leaf_631_clk/X                     6      8     -2 (VIOLATED)
clkbuf_leaf_656_clk/X                     6      8     -2 (VIOLATED)
clkbuf_leaf_662_clk/X                     6      8     -2 (VIOLATED)
clkbuf_leaf_693_clk/X                     6      8     -2 (VIOLATED)
clkbuf_leaf_6_clk/X                       6      8     -2 (VIOLATED)
clkbuf_leaf_709_clk/X                     6      8     -2 (VIOLATED)
clkbuf_leaf_714_clk/X                     6      8     -2 (VIOLATED)
clkbuf_leaf_726_clk/X                     6      8     -2 (VIOLATED)
clkbuf_leaf_748_clk/X                     6      8     -2 (VIOLATED)
hold1320/X                                6      8     -2 (VIOLATED)
hold2580/X                                6      8     -2 (VIOLATED)
hold2591/X                                6      8     -2 (VIOLATED)
hold2844/X                                6      8     -2 (VIOLATED)
hold2972/X                                6      8     -2 (VIOLATED)
hold3150/X                                6      8     -2 (VIOLATED)
hold330/X                                 6      8     -2 (VIOLATED)
hold3387/X                                6      8     -2 (VIOLATED)
hold340/X                                 6      8     -2 (VIOLATED)
hold3462/X                                6      8     -2 (VIOLATED)
hold356/X                                 6      8     -2 (VIOLATED)
hold3636/X                                6      8     -2 (VIOLATED)
hold366/X                                 6      8     -2 (VIOLATED)
hold376/X                                 6      8     -2 (VIOLATED)
hold3859/X                                6      8     -2 (VIOLATED)
hold3953/X                                6      8     -2 (VIOLATED)
hold405/X                                 6      8     -2 (VIOLATED)
hold4113/X                                6      8     -2 (VIOLATED)
hold553/X                                 6      8     -2 (VIOLATED)
hold573/X                                 6      8     -2 (VIOLATED)
hold652/X                                 6      8     -2 (VIOLATED)
hold889/X                                 6      8     -2 (VIOLATED)
hold940/X                                 6      8     -2 (VIOLATED)
input12/X                                 6      8     -2 (VIOLATED)
input2/X                                  6      8     -2 (VIOLATED)
input9/X                                  6      8     -2 (VIOLATED)
max_cap112/X                              6      8     -2 (VIOLATED)
max_cap113/X                              6      8     -2 (VIOLATED)
max_cap114/X                              6      8     -2 (VIOLATED)
max_cap115/X                              6      8     -2 (VIOLATED)
max_cap116/X                              6      8     -2 (VIOLATED)
max_cap119/X                              6      8     -2 (VIOLATED)
max_cap120/X                              6      8     -2 (VIOLATED)
max_cap125/X                              6      8     -2 (VIOLATED)
max_cap126/X                              6      8     -2 (VIOLATED)
max_cap128/X                              6      8     -2 (VIOLATED)
max_cap130/X                              6      8     -2 (VIOLATED)
max_cap131/X                              6      8     -2 (VIOLATED)
max_cap134/X                              6      8     -2 (VIOLATED)
max_cap136/X                              6      8     -2 (VIOLATED)
max_cap138/X                              6      8     -2 (VIOLATED)
max_cap140/X                              6      8     -2 (VIOLATED)
max_cap141/X                              6      8     -2 (VIOLATED)
max_cap150/X                              6      8     -2 (VIOLATED)
max_cap153/X                              6      8     -2 (VIOLATED)
max_cap156/X                              6      8     -2 (VIOLATED)
max_cap161/X                              6      8     -2 (VIOLATED)
max_cap162/X                              6      8     -2 (VIOLATED)
max_cap163/X                              6      8     -2 (VIOLATED)
max_cap168/X                              6      8     -2 (VIOLATED)
max_cap171/X                              6      8     -2 (VIOLATED)
max_cap172/X                              6      8     -2 (VIOLATED)
max_cap173/X                              6      8     -2 (VIOLATED)
max_cap177/X                              6      8     -2 (VIOLATED)
max_cap179/X                              6      8     -2 (VIOLATED)
max_cap180/X                              6      8     -2 (VIOLATED)
max_cap181/X                              6      8     -2 (VIOLATED)
max_cap183/X                              6      8     -2 (VIOLATED)
max_cap186/X                              6      8     -2 (VIOLATED)
max_cap188/X                              6      8     -2 (VIOLATED)
max_cap189/X                              6      8     -2 (VIOLATED)
max_cap190/X                              6      8     -2 (VIOLATED)
max_cap194/X                              6      8     -2 (VIOLATED)
max_cap196/X                              6      8     -2 (VIOLATED)
max_cap87/X                               6      8     -2 (VIOLATED)
wire129/X                                 6      8     -2 (VIOLATED)
wire148/X                                 6      8     -2 (VIOLATED)
wire193/X                                 6      8     -2 (VIOLATED)
_30192_/Y                                 6      7        (VIOLATED)
clkbuf_leaf_0_clk/X                       6      7        (VIOLATED)
clkbuf_leaf_100_clk/X                     6      7        (VIOLATED)
clkbuf_leaf_107_clk/X                     6      7        (VIOLATED)
clkbuf_leaf_111_clk/X                     6      7        (VIOLATED)
clkbuf_leaf_112_clk/X                     6      7        (VIOLATED)
clkbuf_leaf_117_clk/X                     6      7        (VIOLATED)
clkbuf_leaf_122_clk/X                     6      7        (VIOLATED)
clkbuf_leaf_143_clk/X                     6      7        (VIOLATED)
clkbuf_leaf_145_clk/X                     6      7        (VIOLATED)
clkbuf_leaf_148_clk/X                     6      7        (VIOLATED)
clkbuf_leaf_152_clk/X                     6      7        (VIOLATED)
clkbuf_leaf_156_clk/X                     6      7        (VIOLATED)
clkbuf_leaf_167_clk/X                     6      7        (VIOLATED)
clkbuf_leaf_175_clk/X                     6      7        (VIOLATED)
clkbuf_leaf_201_clk/X                     6      7        (VIOLATED)
clkbuf_leaf_212_clk/X                     6      7        (VIOLATED)
clkbuf_leaf_237_clk/X                     6      7        (VIOLATED)
clkbuf_leaf_258_clk/X                     6      7        (VIOLATED)
clkbuf_leaf_259_clk/X                     6      7        (VIOLATED)
clkbuf_leaf_264_clk/X                     6      7        (VIOLATED)
clkbuf_leaf_267_clk/X                     6      7        (VIOLATED)
clkbuf_leaf_269_clk/X                     6      7        (VIOLATED)
clkbuf_leaf_270_clk/X                     6      7        (VIOLATED)
clkbuf_leaf_274_clk/X                     6      7        (VIOLATED)
clkbuf_leaf_283_clk/X                     6      7        (VIOLATED)
clkbuf_leaf_285_clk/X                     6      7        (VIOLATED)
clkbuf_leaf_292_clk/X                     6      7        (VIOLATED)
clkbuf_leaf_312_clk/X                     6      7        (VIOLATED)
clkbuf_leaf_328_clk/X                     6      7        (VIOLATED)
clkbuf_leaf_339_clk/X                     6      7        (VIOLATED)
clkbuf_leaf_344_clk/X                     6      7        (VIOLATED)
clkbuf_leaf_348_clk/X                     6      7        (VIOLATED)
clkbuf_leaf_354_clk/X                     6      7        (VIOLATED)
clkbuf_leaf_358_clk/X                     6      7        (VIOLATED)
clkbuf_leaf_395_clk/X                     6      7        (VIOLATED)
clkbuf_leaf_423_clk/X                     6      7        (VIOLATED)
clkbuf_leaf_445_clk/X                     6      7        (VIOLATED)
clkbuf_leaf_447_clk/X                     6      7        (VIOLATED)
clkbuf_leaf_453_clk/X                     6      7        (VIOLATED)
clkbuf_leaf_504_clk/X                     6      7        (VIOLATED)
clkbuf_leaf_517_clk/X                     6      7        (VIOLATED)
clkbuf_leaf_523_clk/X                     6      7        (VIOLATED)
clkbuf_leaf_52_clk/X                      6      7        (VIOLATED)
clkbuf_leaf_536_clk/X                     6      7        (VIOLATED)
clkbuf_leaf_539_clk/X                     6      7        (VIOLATED)
clkbuf_leaf_546_clk/X                     6      7        (VIOLATED)
clkbuf_leaf_549_clk/X                     6      7        (VIOLATED)
clkbuf_leaf_557_clk/X                     6      7        (VIOLATED)
clkbuf_leaf_559_clk/X                     6      7        (VIOLATED)
clkbuf_leaf_562_clk/X                     6      7        (VIOLATED)
clkbuf_leaf_569_clk/X                     6      7        (VIOLATED)
clkbuf_leaf_577_clk/X                     6      7        (VIOLATED)
clkbuf_leaf_611_clk/X                     6      7        (VIOLATED)
clkbuf_leaf_61_clk/X                      6      7        (VIOLATED)
clkbuf_leaf_624_clk/X                     6      7        (VIOLATED)
clkbuf_leaf_628_clk/X                     6      7        (VIOLATED)
clkbuf_leaf_635_clk/X                     6      7        (VIOLATED)
clkbuf_leaf_646_clk/X                     6      7        (VIOLATED)
clkbuf_leaf_660_clk/X                     6      7        (VIOLATED)
clkbuf_leaf_663_clk/X                     6      7        (VIOLATED)
clkbuf_leaf_664_clk/X                     6      7        (VIOLATED)
clkbuf_leaf_672_clk/X                     6      7        (VIOLATED)
clkbuf_leaf_678_clk/X                     6      7        (VIOLATED)
clkbuf_leaf_707_clk/X                     6      7        (VIOLATED)
clkbuf_leaf_70_clk/X                      6      7        (VIOLATED)
clkbuf_leaf_719_clk/X                     6      7        (VIOLATED)
clkbuf_leaf_721_clk/X                     6      7        (VIOLATED)
clkbuf_leaf_723_clk/X                     6      7        (VIOLATED)
clkbuf_leaf_724_clk/X                     6      7        (VIOLATED)
clkbuf_leaf_727_clk/X                     6      7        (VIOLATED)
clkbuf_leaf_738_clk/X                     6      7        (VIOLATED)
clkbuf_leaf_742_clk/X                     6      7        (VIOLATED)
clkbuf_leaf_745_clk/X                     6      7        (VIOLATED)
clkbuf_leaf_754_clk/X                     6      7        (VIOLATED)
clkbuf_leaf_761_clk/X                     6      7        (VIOLATED)
clkbuf_leaf_77_clk/X                      6      7        (VIOLATED)
clkbuf_leaf_796_clk/X                     6      7        (VIOLATED)
clkbuf_leaf_80_clk/X                      6      7        (VIOLATED)
clkbuf_leaf_92_clk/X                      6      7        (VIOLATED)
clkbuf_leaf_96_clk/X                      6      7        (VIOLATED)



===========================================================================
report_parasitic_annotation -report_unannotated
============================================================================
Found 0 unannotated drivers.
Found 0 partially unannotated drivers.

===========================================================================
max slew violation count 2243
max fanout violation count 2468
max cap violation count 0
============================================================================

===========================================================================
check_setup -verbose -unconstrained_endpoints -multiple_clock -no_clock -no_input_delay -loops -generated_clocks
===========================================================================
