
Cell sky130_fd_sc_hd__o211a_1 (0) disconnected node: A1
Cell sky130_fd_sc_hd__o211a_1 (0) disconnected node: A2
Cell sky130_fd_sc_hd__o211a_1 (0) disconnected node: B1
Cell sky130_fd_sc_hd__o211a_1 (0) disconnected node: C1
Cell sky130_fd_sc_hd__o211a_1 (0) disconnected node: VGND
Cell sky130_fd_sc_hd__o211a_1 (0) disconnected node: VNB
Cell sky130_fd_sc_hd__o211a_1 (0) disconnected node: VPB
Cell sky130_fd_sc_hd__o211a_1 (0) disconnected node: VPWR
Cell sky130_fd_sc_hd__o211a_1 (0) disconnected node: X
Warning: Equate pins:  cell sky130_fd_sc_hd__o211a_1 is a placeholder, treated as a black box.

Subcircuit pins:
Circuit 1: sky130_fd_sc_hd__o211a_1        |Circuit 2: sky130_fd_sc_hd__o211a_1        
-------------------------------------------|-------------------------------------------
A1                                         |A1                                         
A2                                         |A2                                         
B1                                         |B1                                         
C1                                         |C1                                         
VGND                                       |VGND                                       
VNB                                        |VNB                                        
VPB                                        |VPB                                        
VPWR                                       |VPWR                                       
X                                          |X                                          
---------------------------------------------------------------------------------------
Cell pin lists are equivalent.
Device classes sky130_fd_sc_hd__o211a_1 and sky130_fd_sc_hd__o211a_1 are equivalent.

Cell sky130_ef_sc_hd__decap_12 (0) disconnected node: VPWR
Cell sky130_ef_sc_hd__decap_12 (0) disconnected node: VGND
Cell sky130_ef_sc_hd__decap_12 (0) disconnected node: VPB
Cell sky130_ef_sc_hd__decap_12 (0) disconnected node: VNB
Warning: Equate pins:  cell sky130_ef_sc_hd__decap_12 is a placeholder, treated as a black box.

Subcircuit pins:
Circuit 1: sky130_ef_sc_hd__decap_12       |Circuit 2: sky130_ef_sc_hd__decap_12       
-------------------------------------------|-------------------------------------------
VPWR                                       |VPWR                                       
VGND                                       |VGND                                       
VPB                                        |VPB                                        
VNB                                        |VNB                                        
---------------------------------------------------------------------------------------
Cell pin lists are equivalent.
Device classes sky130_ef_sc_hd__decap_12 and sky130_ef_sc_hd__decap_12 are equivalent.

Cell sky130_fd_sc_hd__diode_2 (0) disconnected node: DIODE
Cell sky130_fd_sc_hd__diode_2 (0) disconnected node: VGND
Cell sky130_fd_sc_hd__diode_2 (0) disconnected node: VNB
Cell sky130_fd_sc_hd__diode_2 (0) disconnected node: VPB
Cell sky130_fd_sc_hd__diode_2 (0) disconnected node: VPWR
Warning: Equate pins:  cell sky130_fd_sc_hd__diode_2 is a placeholder, treated as a black box.

Subcircuit pins:
Circuit 1: sky130_fd_sc_hd__diode_2        |Circuit 2: sky130_fd_sc_hd__diode_2        
-------------------------------------------|-------------------------------------------
DIODE                                      |DIODE                                      
VGND                                       |VGND                                       
VNB                                        |VNB                                        
VPB                                        |VPB                                        
VPWR                                       |VPWR                                       
---------------------------------------------------------------------------------------
Cell pin lists are equivalent.
Device classes sky130_fd_sc_hd__diode_2 and sky130_fd_sc_hd__diode_2 are equivalent.

Cell sky130_fd_sc_hd__decap_6 (0) disconnected node: VGND
Cell sky130_fd_sc_hd__decap_6 (0) disconnected node: VNB
Cell sky130_fd_sc_hd__decap_6 (0) disconnected node: VPB
Cell sky130_fd_sc_hd__decap_6 (0) disconnected node: VPWR
Warning: Equate pins:  cell sky130_fd_sc_hd__decap_6 is a placeholder, treated as a black box.

Subcircuit pins:
Circuit 1: sky130_fd_sc_hd__decap_6        |Circuit 2: sky130_fd_sc_hd__decap_6        
-------------------------------------------|-------------------------------------------
VGND                                       |VGND                                       
VNB                                        |VNB                                        
VPB                                        |VPB                                        
VPWR                                       |VPWR                                       
---------------------------------------------------------------------------------------
Cell pin lists are equivalent.
Device classes sky130_fd_sc_hd__decap_6 and sky130_fd_sc_hd__decap_6 are equivalent.

Cell sky130_fd_sc_hd__o21ai_1 (0) disconnected node: A1
Cell sky130_fd_sc_hd__o21ai_1 (0) disconnected node: A2
Cell sky130_fd_sc_hd__o21ai_1 (0) disconnected node: B1
Cell sky130_fd_sc_hd__o21ai_1 (0) disconnected node: VGND
Cell sky130_fd_sc_hd__o21ai_1 (0) disconnected node: VNB
Cell sky130_fd_sc_hd__o21ai_1 (0) disconnected node: VPB
Cell sky130_fd_sc_hd__o21ai_1 (0) disconnected node: VPWR
Cell sky130_fd_sc_hd__o21ai_1 (0) disconnected node: Y
Warning: Equate pins:  cell sky130_fd_sc_hd__o21ai_1 is a placeholder, treated as a black box.

Subcircuit pins:
Circuit 1: sky130_fd_sc_hd__o21ai_1        |Circuit 2: sky130_fd_sc_hd__o21ai_1        
-------------------------------------------|-------------------------------------------
A1                                         |A1                                         
A2                                         |A2                                         
B1                                         |B1                                         
VGND                                       |VGND                                       
VNB                                        |VNB                                        
VPB                                        |VPB                                        
VPWR                                       |VPWR                                       
Y                                          |Y                                          
---------------------------------------------------------------------------------------
Cell pin lists are equivalent.
Device classes sky130_fd_sc_hd__o21ai_1 and sky130_fd_sc_hd__o21ai_1 are equivalent.

Cell sky130_fd_sc_hd__fill_2 (0) disconnected node: VGND
Cell sky130_fd_sc_hd__fill_2 (0) disconnected node: VNB
Cell sky130_fd_sc_hd__fill_2 (0) disconnected node: VPB
Cell sky130_fd_sc_hd__fill_2 (0) disconnected node: VPWR
Warning: Equate pins:  cell sky130_fd_sc_hd__fill_2 is a placeholder, treated as a black box.

Subcircuit pins:
Circuit 1: sky130_fd_sc_hd__fill_2         |Circuit 2: sky130_fd_sc_hd__fill_2         
-------------------------------------------|-------------------------------------------
VGND                                       |VGND                                       
VNB                                        |VNB                                        
VPB                                        |VPB                                        
VPWR                                       |VPWR                                       
---------------------------------------------------------------------------------------
Cell pin lists are equivalent.
Device classes sky130_fd_sc_hd__fill_2 and sky130_fd_sc_hd__fill_2 are equivalent.

Cell sky130_fd_sc_hd__decap_8 (0) disconnected node: VGND
Cell sky130_fd_sc_hd__decap_8 (0) disconnected node: VNB
Cell sky130_fd_sc_hd__decap_8 (0) disconnected node: VPB
Cell sky130_fd_sc_hd__decap_8 (0) disconnected node: VPWR
Warning: Equate pins:  cell sky130_fd_sc_hd__decap_8 is a placeholder, treated as a black box.

Subcircuit pins:
Circuit 1: sky130_fd_sc_hd__decap_8        |Circuit 2: sky130_fd_sc_hd__decap_8        
-------------------------------------------|-------------------------------------------
VGND                                       |VGND                                       
VNB                                        |VNB                                        
VPB                                        |VPB                                        
VPWR                                       |VPWR                                       
---------------------------------------------------------------------------------------
Cell pin lists are equivalent.
Device classes sky130_fd_sc_hd__decap_8 and sky130_fd_sc_hd__decap_8 are equivalent.

Cell sky130_fd_sc_hd__nand2_1 (0) disconnected node: A
Cell sky130_fd_sc_hd__nand2_1 (0) disconnected node: B
Cell sky130_fd_sc_hd__nand2_1 (0) disconnected node: VGND
Cell sky130_fd_sc_hd__nand2_1 (0) disconnected node: VNB
Cell sky130_fd_sc_hd__nand2_1 (0) disconnected node: VPB
Cell sky130_fd_sc_hd__nand2_1 (0) disconnected node: VPWR
Cell sky130_fd_sc_hd__nand2_1 (0) disconnected node: Y
Warning: Equate pins:  cell sky130_fd_sc_hd__nand2_1 is a placeholder, treated as a black box.

Subcircuit pins:
Circuit 1: sky130_fd_sc_hd__nand2_1        |Circuit 2: sky130_fd_sc_hd__nand2_1        
-------------------------------------------|-------------------------------------------
A                                          |A                                          
B                                          |B                                          
VGND                                       |VGND                                       
VNB                                        |VNB                                        
VPB                                        |VPB                                        
VPWR                                       |VPWR                                       
Y                                          |Y                                          
---------------------------------------------------------------------------------------
Cell pin lists are equivalent.
Device classes sky130_fd_sc_hd__nand2_1 and sky130_fd_sc_hd__nand2_1 are equivalent.

Cell sky130_fd_sc_hd__fill_1 (0) disconnected node: VGND
Cell sky130_fd_sc_hd__fill_1 (0) disconnected node: VNB
Cell sky130_fd_sc_hd__fill_1 (0) disconnected node: VPB
Cell sky130_fd_sc_hd__fill_1 (0) disconnected node: VPWR
Warning: Equate pins:  cell sky130_fd_sc_hd__fill_1 is a placeholder, treated as a black box.

Subcircuit pins:
Circuit 1: sky130_fd_sc_hd__fill_1         |Circuit 2: sky130_fd_sc_hd__fill_1         
-------------------------------------------|-------------------------------------------
VGND                                       |VGND                                       
VNB                                        |VNB                                        
VPB                                        |VPB                                        
VPWR                                       |VPWR                                       
---------------------------------------------------------------------------------------
Cell pin lists are equivalent.
Device classes sky130_fd_sc_hd__fill_1 and sky130_fd_sc_hd__fill_1 are equivalent.

Cell sky130_fd_sc_hd__decap_4 (0) disconnected node: VGND
Cell sky130_fd_sc_hd__decap_4 (0) disconnected node: VNB
Cell sky130_fd_sc_hd__decap_4 (0) disconnected node: VPB
Cell sky130_fd_sc_hd__decap_4 (0) disconnected node: VPWR
Warning: Equate pins:  cell sky130_fd_sc_hd__decap_4 is a placeholder, treated as a black box.

Subcircuit pins:
Circuit 1: sky130_fd_sc_hd__decap_4        |Circuit 2: sky130_fd_sc_hd__decap_4        
-------------------------------------------|-------------------------------------------
VGND                                       |VGND                                       
VNB                                        |VNB                                        
VPB                                        |VPB                                        
VPWR                                       |VPWR                                       
---------------------------------------------------------------------------------------
Cell pin lists are equivalent.
Device classes sky130_fd_sc_hd__decap_4 and sky130_fd_sc_hd__decap_4 are equivalent.

Cell sky130_fd_sc_hd__decap_3 (0) disconnected node: VGND
Cell sky130_fd_sc_hd__decap_3 (0) disconnected node: VNB
Cell sky130_fd_sc_hd__decap_3 (0) disconnected node: VPB
Cell sky130_fd_sc_hd__decap_3 (0) disconnected node: VPWR
Warning: Equate pins:  cell sky130_fd_sc_hd__decap_3 is a placeholder, treated as a black box.

Subcircuit pins:
Circuit 1: sky130_fd_sc_hd__decap_3        |Circuit 2: sky130_fd_sc_hd__decap_3        
-------------------------------------------|-------------------------------------------
VGND                                       |VGND                                       
VNB                                        |VNB                                        
VPB                                        |VPB                                        
VPWR                                       |VPWR                                       
---------------------------------------------------------------------------------------
Cell pin lists are equivalent.
Device classes sky130_fd_sc_hd__decap_3 and sky130_fd_sc_hd__decap_3 are equivalent.

Cell sky130_fd_sc_hd__or2_1 (0) disconnected node: A
Cell sky130_fd_sc_hd__or2_1 (0) disconnected node: B
Cell sky130_fd_sc_hd__or2_1 (0) disconnected node: VGND
Cell sky130_fd_sc_hd__or2_1 (0) disconnected node: VNB
Cell sky130_fd_sc_hd__or2_1 (0) disconnected node: VPB
Cell sky130_fd_sc_hd__or2_1 (0) disconnected node: VPWR
Cell sky130_fd_sc_hd__or2_1 (0) disconnected node: X
Warning: Equate pins:  cell sky130_fd_sc_hd__or2_1 is a placeholder, treated as a black box.

Subcircuit pins:
Circuit 1: sky130_fd_sc_hd__or2_1          |Circuit 2: sky130_fd_sc_hd__or2_1          
-------------------------------------------|-------------------------------------------
A                                          |A                                          
B                                          |B                                          
VGND                                       |VGND                                       
VNB                                        |VNB                                        
VPB                                        |VPB                                        
VPWR                                       |VPWR                                       
X                                          |X                                          
---------------------------------------------------------------------------------------
Cell pin lists are equivalent.
Device classes sky130_fd_sc_hd__or2_1 and sky130_fd_sc_hd__or2_1 are equivalent.

Cell sky130_fd_sc_hd__a21o_1 (0) disconnected node: A1
Cell sky130_fd_sc_hd__a21o_1 (0) disconnected node: A2
Cell sky130_fd_sc_hd__a21o_1 (0) disconnected node: B1
Cell sky130_fd_sc_hd__a21o_1 (0) disconnected node: VGND
Cell sky130_fd_sc_hd__a21o_1 (0) disconnected node: VNB
Cell sky130_fd_sc_hd__a21o_1 (0) disconnected node: VPB
Cell sky130_fd_sc_hd__a21o_1 (0) disconnected node: VPWR
Cell sky130_fd_sc_hd__a21o_1 (0) disconnected node: X
Warning: Equate pins:  cell sky130_fd_sc_hd__a21o_1 is a placeholder, treated as a black box.

Subcircuit pins:
Circuit 1: sky130_fd_sc_hd__a21o_1         |Circuit 2: sky130_fd_sc_hd__a21o_1         
-------------------------------------------|-------------------------------------------
A1                                         |A1                                         
A2                                         |A2                                         
B1                                         |B1                                         
VGND                                       |VGND                                       
VNB                                        |VNB                                        
VPB                                        |VPB                                        
VPWR                                       |VPWR                                       
X                                          |X                                          
---------------------------------------------------------------------------------------
Cell pin lists are equivalent.
Device classes sky130_fd_sc_hd__a21o_1 and sky130_fd_sc_hd__a21o_1 are equivalent.

Cell sky130_fd_sc_hd__a22o_1 (0) disconnected node: A1
Cell sky130_fd_sc_hd__a22o_1 (0) disconnected node: A2
Cell sky130_fd_sc_hd__a22o_1 (0) disconnected node: B1
Cell sky130_fd_sc_hd__a22o_1 (0) disconnected node: B2
Cell sky130_fd_sc_hd__a22o_1 (0) disconnected node: VGND
Cell sky130_fd_sc_hd__a22o_1 (0) disconnected node: VNB
Cell sky130_fd_sc_hd__a22o_1 (0) disconnected node: VPB
Cell sky130_fd_sc_hd__a22o_1 (0) disconnected node: VPWR
Cell sky130_fd_sc_hd__a22o_1 (0) disconnected node: X
Warning: Equate pins:  cell sky130_fd_sc_hd__a22o_1 is a placeholder, treated as a black box.

Subcircuit pins:
Circuit 1: sky130_fd_sc_hd__a22o_1         |Circuit 2: sky130_fd_sc_hd__a22o_1         
-------------------------------------------|-------------------------------------------
A1                                         |A1                                         
A2                                         |A2                                         
B1                                         |B1                                         
B2                                         |B2                                         
VGND                                       |VGND                                       
VNB                                        |VNB                                        
VPB                                        |VPB                                        
VPWR                                       |VPWR                                       
X                                          |X                                          
---------------------------------------------------------------------------------------
Cell pin lists are equivalent.
Device classes sky130_fd_sc_hd__a22o_1 and sky130_fd_sc_hd__a22o_1 are equivalent.

Cell sky130_fd_sc_hd__o21a_1 (0) disconnected node: A1
Cell sky130_fd_sc_hd__o21a_1 (0) disconnected node: A2
Cell sky130_fd_sc_hd__o21a_1 (0) disconnected node: B1
Cell sky130_fd_sc_hd__o21a_1 (0) disconnected node: VGND
Cell sky130_fd_sc_hd__o21a_1 (0) disconnected node: VNB
Cell sky130_fd_sc_hd__o21a_1 (0) disconnected node: VPB
Cell sky130_fd_sc_hd__o21a_1 (0) disconnected node: VPWR
Cell sky130_fd_sc_hd__o21a_1 (0) disconnected node: X
Warning: Equate pins:  cell sky130_fd_sc_hd__o21a_1 is a placeholder, treated as a black box.

Subcircuit pins:
Circuit 1: sky130_fd_sc_hd__o21a_1         |Circuit 2: sky130_fd_sc_hd__o21a_1         
-------------------------------------------|-------------------------------------------
A1                                         |A1                                         
A2                                         |A2                                         
B1                                         |B1                                         
VGND                                       |VGND                                       
VNB                                        |VNB                                        
VPB                                        |VPB                                        
VPWR                                       |VPWR                                       
X                                          |X                                          
---------------------------------------------------------------------------------------
Cell pin lists are equivalent.
Device classes sky130_fd_sc_hd__o21a_1 and sky130_fd_sc_hd__o21a_1 are equivalent.

Cell sky130_fd_sc_hd__xnor2_1 (0) disconnected node: A
Cell sky130_fd_sc_hd__xnor2_1 (0) disconnected node: B
Cell sky130_fd_sc_hd__xnor2_1 (0) disconnected node: VGND
Cell sky130_fd_sc_hd__xnor2_1 (0) disconnected node: VNB
Cell sky130_fd_sc_hd__xnor2_1 (0) disconnected node: VPB
Cell sky130_fd_sc_hd__xnor2_1 (0) disconnected node: VPWR
Cell sky130_fd_sc_hd__xnor2_1 (0) disconnected node: Y
Warning: Equate pins:  cell sky130_fd_sc_hd__xnor2_1 is a placeholder, treated as a black box.

Subcircuit pins:
Circuit 1: sky130_fd_sc_hd__xnor2_1        |Circuit 2: sky130_fd_sc_hd__xnor2_1        
-------------------------------------------|-------------------------------------------
A                                          |A                                          
B                                          |B                                          
VGND                                       |VGND                                       
VNB                                        |VNB                                        
VPB                                        |VPB                                        
VPWR                                       |VPWR                                       
Y                                          |Y                                          
---------------------------------------------------------------------------------------
Cell pin lists are equivalent.
Device classes sky130_fd_sc_hd__xnor2_1 and sky130_fd_sc_hd__xnor2_1 are equivalent.

Cell sky130_fd_sc_hd__mux2_1 (0) disconnected node: A0
Cell sky130_fd_sc_hd__mux2_1 (0) disconnected node: A1
Cell sky130_fd_sc_hd__mux2_1 (0) disconnected node: S
Cell sky130_fd_sc_hd__mux2_1 (0) disconnected node: VGND
Cell sky130_fd_sc_hd__mux2_1 (0) disconnected node: VNB
Cell sky130_fd_sc_hd__mux2_1 (0) disconnected node: VPB
Cell sky130_fd_sc_hd__mux2_1 (0) disconnected node: VPWR
Cell sky130_fd_sc_hd__mux2_1 (0) disconnected node: X
Warning: Equate pins:  cell sky130_fd_sc_hd__mux2_1 is a placeholder, treated as a black box.

Subcircuit pins:
Circuit 1: sky130_fd_sc_hd__mux2_1         |Circuit 2: sky130_fd_sc_hd__mux2_1         
-------------------------------------------|-------------------------------------------
A0                                         |A0                                         
A1                                         |A1                                         
S                                          |S                                          
VGND                                       |VGND                                       
VNB                                        |VNB                                        
VPB                                        |VPB                                        
VPWR                                       |VPWR                                       
X                                          |X                                          
---------------------------------------------------------------------------------------
Cell pin lists are equivalent.
Device classes sky130_fd_sc_hd__mux2_1 and sky130_fd_sc_hd__mux2_1 are equivalent.

Cell sky130_fd_sc_hd__buf_2 (0) disconnected node: A
Cell sky130_fd_sc_hd__buf_2 (0) disconnected node: VGND
Cell sky130_fd_sc_hd__buf_2 (0) disconnected node: VNB
Cell sky130_fd_sc_hd__buf_2 (0) disconnected node: VPB
Cell sky130_fd_sc_hd__buf_2 (0) disconnected node: VPWR
Cell sky130_fd_sc_hd__buf_2 (0) disconnected node: X
Warning: Equate pins:  cell sky130_fd_sc_hd__buf_2 is a placeholder, treated as a black box.

Subcircuit pins:
Circuit 1: sky130_fd_sc_hd__buf_2          |Circuit 2: sky130_fd_sc_hd__buf_2          
-------------------------------------------|-------------------------------------------
A                                          |A                                          
VGND                                       |VGND                                       
VNB                                        |VNB                                        
VPB                                        |VPB                                        
VPWR                                       |VPWR                                       
X                                          |X                                          
---------------------------------------------------------------------------------------
Cell pin lists are equivalent.
Device classes sky130_fd_sc_hd__buf_2 and sky130_fd_sc_hd__buf_2 are equivalent.

Cell sky130_fd_sc_hd__o32a_1 (0) disconnected node: A1
Cell sky130_fd_sc_hd__o32a_1 (0) disconnected node: A2
Cell sky130_fd_sc_hd__o32a_1 (0) disconnected node: A3
Cell sky130_fd_sc_hd__o32a_1 (0) disconnected node: B1
Cell sky130_fd_sc_hd__o32a_1 (0) disconnected node: B2
Cell sky130_fd_sc_hd__o32a_1 (0) disconnected node: VGND
Cell sky130_fd_sc_hd__o32a_1 (0) disconnected node: VNB
Cell sky130_fd_sc_hd__o32a_1 (0) disconnected node: VPB
Cell sky130_fd_sc_hd__o32a_1 (0) disconnected node: VPWR
Cell sky130_fd_sc_hd__o32a_1 (0) disconnected node: X
Warning: Equate pins:  cell sky130_fd_sc_hd__o32a_1 is a placeholder, treated as a black box.

Subcircuit pins:
Circuit 1: sky130_fd_sc_hd__o32a_1         |Circuit 2: sky130_fd_sc_hd__o32a_1         
-------------------------------------------|-------------------------------------------
A1                                         |A1                                         
A2                                         |A2                                         
A3                                         |A3                                         
B1                                         |B1                                         
B2                                         |B2                                         
VGND                                       |VGND                                       
VNB                                        |VNB                                        
VPB                                        |VPB                                        
VPWR                                       |VPWR                                       
X                                          |X                                          
---------------------------------------------------------------------------------------
Cell pin lists are equivalent.
Device classes sky130_fd_sc_hd__o32a_1 and sky130_fd_sc_hd__o32a_1 are equivalent.

Cell sky130_fd_sc_hd__nor2_1 (0) disconnected node: A
Cell sky130_fd_sc_hd__nor2_1 (0) disconnected node: B
Cell sky130_fd_sc_hd__nor2_1 (0) disconnected node: VGND
Cell sky130_fd_sc_hd__nor2_1 (0) disconnected node: VNB
Cell sky130_fd_sc_hd__nor2_1 (0) disconnected node: VPB
Cell sky130_fd_sc_hd__nor2_1 (0) disconnected node: VPWR
Cell sky130_fd_sc_hd__nor2_1 (0) disconnected node: Y
Warning: Equate pins:  cell sky130_fd_sc_hd__nor2_1 is a placeholder, treated as a black box.

Subcircuit pins:
Circuit 1: sky130_fd_sc_hd__nor2_1         |Circuit 2: sky130_fd_sc_hd__nor2_1         
-------------------------------------------|-------------------------------------------
A                                          |A                                          
B                                          |B                                          
VGND                                       |VGND                                       
VNB                                        |VNB                                        
VPB                                        |VPB                                        
VPWR                                       |VPWR                                       
Y                                          |Y                                          
---------------------------------------------------------------------------------------
Cell pin lists are equivalent.
Device classes sky130_fd_sc_hd__nor2_1 and sky130_fd_sc_hd__nor2_1 are equivalent.

Cell sky130_fd_sc_hd__and2_1 (0) disconnected node: A
Cell sky130_fd_sc_hd__and2_1 (0) disconnected node: B
Cell sky130_fd_sc_hd__and2_1 (0) disconnected node: VGND
Cell sky130_fd_sc_hd__and2_1 (0) disconnected node: VNB
Cell sky130_fd_sc_hd__and2_1 (0) disconnected node: VPB
Cell sky130_fd_sc_hd__and2_1 (0) disconnected node: VPWR
Cell sky130_fd_sc_hd__and2_1 (0) disconnected node: X
Warning: Equate pins:  cell sky130_fd_sc_hd__and2_1 is a placeholder, treated as a black box.

Subcircuit pins:
Circuit 1: sky130_fd_sc_hd__and2_1         |Circuit 2: sky130_fd_sc_hd__and2_1         
-------------------------------------------|-------------------------------------------
A                                          |A                                          
B                                          |B                                          
VGND                                       |VGND                                       
VNB                                        |VNB                                        
VPB                                        |VPB                                        
VPWR                                       |VPWR                                       
X                                          |X                                          
---------------------------------------------------------------------------------------
Cell pin lists are equivalent.
Device classes sky130_fd_sc_hd__and2_1 and sky130_fd_sc_hd__and2_1 are equivalent.

Cell sky130_fd_sc_hd__a221o_1 (0) disconnected node: A1
Cell sky130_fd_sc_hd__a221o_1 (0) disconnected node: A2
Cell sky130_fd_sc_hd__a221o_1 (0) disconnected node: B1
Cell sky130_fd_sc_hd__a221o_1 (0) disconnected node: B2
Cell sky130_fd_sc_hd__a221o_1 (0) disconnected node: C1
Cell sky130_fd_sc_hd__a221o_1 (0) disconnected node: VGND
Cell sky130_fd_sc_hd__a221o_1 (0) disconnected node: VNB
Cell sky130_fd_sc_hd__a221o_1 (0) disconnected node: VPB
Cell sky130_fd_sc_hd__a221o_1 (0) disconnected node: VPWR
Cell sky130_fd_sc_hd__a221o_1 (0) disconnected node: X
Warning: Equate pins:  cell sky130_fd_sc_hd__a221o_1 is a placeholder, treated as a black box.

Subcircuit pins:
Circuit 1: sky130_fd_sc_hd__a221o_1        |Circuit 2: sky130_fd_sc_hd__a221o_1        
-------------------------------------------|-------------------------------------------
A1                                         |A1                                         
A2                                         |A2                                         
B1                                         |B1                                         
B2                                         |B2                                         
C1                                         |C1                                         
VGND                                       |VGND                                       
VNB                                        |VNB                                        
VPB                                        |VPB                                        
VPWR                                       |VPWR                                       
X                                          |X                                          
---------------------------------------------------------------------------------------
Cell pin lists are equivalent.
Device classes sky130_fd_sc_hd__a221o_1 and sky130_fd_sc_hd__a221o_1 are equivalent.

Cell sky130_fd_sc_hd__clkbuf_4 (0) disconnected node: A
Cell sky130_fd_sc_hd__clkbuf_4 (0) disconnected node: VGND
Cell sky130_fd_sc_hd__clkbuf_4 (0) disconnected node: VNB
Cell sky130_fd_sc_hd__clkbuf_4 (0) disconnected node: VPB
Cell sky130_fd_sc_hd__clkbuf_4 (0) disconnected node: VPWR
Cell sky130_fd_sc_hd__clkbuf_4 (0) disconnected node: X
Warning: Equate pins:  cell sky130_fd_sc_hd__clkbuf_4 is a placeholder, treated as a black box.

Subcircuit pins:
Circuit 1: sky130_fd_sc_hd__clkbuf_4       |Circuit 2: sky130_fd_sc_hd__clkbuf_4       
-------------------------------------------|-------------------------------------------
A                                          |A                                          
VGND                                       |VGND                                       
VNB                                        |VNB                                        
VPB                                        |VPB                                        
VPWR                                       |VPWR                                       
X                                          |X                                          
---------------------------------------------------------------------------------------
Cell pin lists are equivalent.
Device classes sky130_fd_sc_hd__clkbuf_4 and sky130_fd_sc_hd__clkbuf_4 are equivalent.

Cell sky130_fd_sc_hd__tapvpwrvgnd_1 (0) disconnected node: VGND
Cell sky130_fd_sc_hd__tapvpwrvgnd_1 (0) disconnected node: VPWR
Warning: Equate pins:  cell sky130_fd_sc_hd__tapvpwrvgnd_1 is a placeholder, treated as a black box.

Subcircuit pins:
Circuit 1: sky130_fd_sc_hd__tapvpwrvgnd_1  |Circuit 2: sky130_fd_sc_hd__tapvpwrvgnd_1  
-------------------------------------------|-------------------------------------------
VGND                                       |VGND                                       
VPWR                                       |VPWR                                       
---------------------------------------------------------------------------------------
Cell pin lists are equivalent.
Device classes sky130_fd_sc_hd__tapvpwrvgnd_1 and sky130_fd_sc_hd__tapvpwrvgnd_1 are equivalent.

Cell sky130_fd_sc_hd__clkbuf_16 (0) disconnected node: A
Cell sky130_fd_sc_hd__clkbuf_16 (0) disconnected node: VGND
Cell sky130_fd_sc_hd__clkbuf_16 (0) disconnected node: VNB
Cell sky130_fd_sc_hd__clkbuf_16 (0) disconnected node: VPB
Cell sky130_fd_sc_hd__clkbuf_16 (0) disconnected node: VPWR
Cell sky130_fd_sc_hd__clkbuf_16 (0) disconnected node: X
Warning: Equate pins:  cell sky130_fd_sc_hd__clkbuf_16 is a placeholder, treated as a black box.

Subcircuit pins:
Circuit 1: sky130_fd_sc_hd__clkbuf_16      |Circuit 2: sky130_fd_sc_hd__clkbuf_16      
-------------------------------------------|-------------------------------------------
A                                          |A                                          
VGND                                       |VGND                                       
VNB                                        |VNB                                        
VPB                                        |VPB                                        
VPWR                                       |VPWR                                       
X                                          |X                                          
---------------------------------------------------------------------------------------
Cell pin lists are equivalent.
Device classes sky130_fd_sc_hd__clkbuf_16 and sky130_fd_sc_hd__clkbuf_16 are equivalent.

Cell sky130_fd_sc_hd__o221a_1 (0) disconnected node: A1
Cell sky130_fd_sc_hd__o221a_1 (0) disconnected node: A2
Cell sky130_fd_sc_hd__o221a_1 (0) disconnected node: B1
Cell sky130_fd_sc_hd__o221a_1 (0) disconnected node: B2
Cell sky130_fd_sc_hd__o221a_1 (0) disconnected node: C1
Cell sky130_fd_sc_hd__o221a_1 (0) disconnected node: VGND
Cell sky130_fd_sc_hd__o221a_1 (0) disconnected node: VNB
Cell sky130_fd_sc_hd__o221a_1 (0) disconnected node: VPB
Cell sky130_fd_sc_hd__o221a_1 (0) disconnected node: VPWR
Cell sky130_fd_sc_hd__o221a_1 (0) disconnected node: X
Warning: Equate pins:  cell sky130_fd_sc_hd__o221a_1 is a placeholder, treated as a black box.

Subcircuit pins:
Circuit 1: sky130_fd_sc_hd__o221a_1        |Circuit 2: sky130_fd_sc_hd__o221a_1        
-------------------------------------------|-------------------------------------------
A1                                         |A1                                         
A2                                         |A2                                         
B1                                         |B1                                         
B2                                         |B2                                         
C1                                         |C1                                         
VGND                                       |VGND                                       
VNB                                        |VNB                                        
VPB                                        |VPB                                        
VPWR                                       |VPWR                                       
X                                          |X                                          
---------------------------------------------------------------------------------------
Cell pin lists are equivalent.
Device classes sky130_fd_sc_hd__o221a_1 and sky130_fd_sc_hd__o221a_1 are equivalent.

Cell sky130_fd_sc_hd__clkbuf_2 (0) disconnected node: A
Cell sky130_fd_sc_hd__clkbuf_2 (0) disconnected node: VGND
Cell sky130_fd_sc_hd__clkbuf_2 (0) disconnected node: VNB
Cell sky130_fd_sc_hd__clkbuf_2 (0) disconnected node: VPB
Cell sky130_fd_sc_hd__clkbuf_2 (0) disconnected node: VPWR
Cell sky130_fd_sc_hd__clkbuf_2 (0) disconnected node: X
Warning: Equate pins:  cell sky130_fd_sc_hd__clkbuf_2 is a placeholder, treated as a black box.

Subcircuit pins:
Circuit 1: sky130_fd_sc_hd__clkbuf_2       |Circuit 2: sky130_fd_sc_hd__clkbuf_2       
-------------------------------------------|-------------------------------------------
A                                          |A                                          
VGND                                       |VGND                                       
VNB                                        |VNB                                        
VPB                                        |VPB                                        
VPWR                                       |VPWR                                       
X                                          |X                                          
---------------------------------------------------------------------------------------
Cell pin lists are equivalent.
Device classes sky130_fd_sc_hd__clkbuf_2 and sky130_fd_sc_hd__clkbuf_2 are equivalent.

Cell sky130_fd_sc_hd__o221ai_4 (0) disconnected node: A1
Cell sky130_fd_sc_hd__o221ai_4 (0) disconnected node: A2
Cell sky130_fd_sc_hd__o221ai_4 (0) disconnected node: B1
Cell sky130_fd_sc_hd__o221ai_4 (0) disconnected node: B2
Cell sky130_fd_sc_hd__o221ai_4 (0) disconnected node: C1
Cell sky130_fd_sc_hd__o221ai_4 (0) disconnected node: VGND
Cell sky130_fd_sc_hd__o221ai_4 (0) disconnected node: VNB
Cell sky130_fd_sc_hd__o221ai_4 (0) disconnected node: VPB
Cell sky130_fd_sc_hd__o221ai_4 (0) disconnected node: VPWR
Cell sky130_fd_sc_hd__o221ai_4 (0) disconnected node: Y
Warning: Equate pins:  cell sky130_fd_sc_hd__o221ai_4 is a placeholder, treated as a black box.

Subcircuit pins:
Circuit 1: sky130_fd_sc_hd__o221ai_4       |Circuit 2: sky130_fd_sc_hd__o221ai_4       
-------------------------------------------|-------------------------------------------
A1                                         |A1                                         
A2                                         |A2                                         
B1                                         |B1                                         
B2                                         |B2                                         
C1                                         |C1                                         
VGND                                       |VGND                                       
VNB                                        |VNB                                        
VPB                                        |VPB                                        
VPWR                                       |VPWR                                       
Y                                          |Y                                          
---------------------------------------------------------------------------------------
Cell pin lists are equivalent.
Device classes sky130_fd_sc_hd__o221ai_4 and sky130_fd_sc_hd__o221ai_4 are equivalent.

Cell sky130_fd_sc_hd__buf_4 (0) disconnected node: A
Cell sky130_fd_sc_hd__buf_4 (0) disconnected node: VGND
Cell sky130_fd_sc_hd__buf_4 (0) disconnected node: VNB
Cell sky130_fd_sc_hd__buf_4 (0) disconnected node: VPB
Cell sky130_fd_sc_hd__buf_4 (0) disconnected node: VPWR
Cell sky130_fd_sc_hd__buf_4 (0) disconnected node: X
Warning: Equate pins:  cell sky130_fd_sc_hd__buf_4 is a placeholder, treated as a black box.

Subcircuit pins:
Circuit 1: sky130_fd_sc_hd__buf_4          |Circuit 2: sky130_fd_sc_hd__buf_4          
-------------------------------------------|-------------------------------------------
A                                          |A                                          
VGND                                       |VGND                                       
VNB                                        |VNB                                        
VPB                                        |VPB                                        
VPWR                                       |VPWR                                       
X                                          |X                                          
---------------------------------------------------------------------------------------
Cell pin lists are equivalent.
Device classes sky130_fd_sc_hd__buf_4 and sky130_fd_sc_hd__buf_4 are equivalent.

Cell sky130_fd_sc_hd__a21o_2 (0) disconnected node: A1
Cell sky130_fd_sc_hd__a21o_2 (0) disconnected node: A2
Cell sky130_fd_sc_hd__a21o_2 (0) disconnected node: B1
Cell sky130_fd_sc_hd__a21o_2 (0) disconnected node: VGND
Cell sky130_fd_sc_hd__a21o_2 (0) disconnected node: VNB
Cell sky130_fd_sc_hd__a21o_2 (0) disconnected node: VPB
Cell sky130_fd_sc_hd__a21o_2 (0) disconnected node: VPWR
Cell sky130_fd_sc_hd__a21o_2 (0) disconnected node: X
Warning: Equate pins:  cell sky130_fd_sc_hd__a21o_2 is a placeholder, treated as a black box.

Subcircuit pins:
Circuit 1: sky130_fd_sc_hd__a21o_2         |Circuit 2: sky130_fd_sc_hd__a21o_2         
-------------------------------------------|-------------------------------------------
A1                                         |A1                                         
A2                                         |A2                                         
B1                                         |B1                                         
VGND                                       |VGND                                       
VNB                                        |VNB                                        
VPB                                        |VPB                                        
VPWR                                       |VPWR                                       
X                                          |X                                          
---------------------------------------------------------------------------------------
Cell pin lists are equivalent.
Device classes sky130_fd_sc_hd__a21o_2 and sky130_fd_sc_hd__a21o_2 are equivalent.

Cell sky130_fd_sc_hd__dlygate4sd3_1 (0) disconnected node: A
Cell sky130_fd_sc_hd__dlygate4sd3_1 (0) disconnected node: VGND
Cell sky130_fd_sc_hd__dlygate4sd3_1 (0) disconnected node: VNB
Cell sky130_fd_sc_hd__dlygate4sd3_1 (0) disconnected node: VPB
Cell sky130_fd_sc_hd__dlygate4sd3_1 (0) disconnected node: VPWR
Cell sky130_fd_sc_hd__dlygate4sd3_1 (0) disconnected node: X
Warning: Equate pins:  cell sky130_fd_sc_hd__dlygate4sd3_1 is a placeholder, treated as a black box.

Subcircuit pins:
Circuit 1: sky130_fd_sc_hd__dlygate4sd3_1  |Circuit 2: sky130_fd_sc_hd__dlygate4sd3_1  
-------------------------------------------|-------------------------------------------
A                                          |A                                          
VGND                                       |VGND                                       
VNB                                        |VNB                                        
VPB                                        |VPB                                        
VPWR                                       |VPWR                                       
X                                          |X                                          
---------------------------------------------------------------------------------------
Cell pin lists are equivalent.
Device classes sky130_fd_sc_hd__dlygate4sd3_1 and sky130_fd_sc_hd__dlygate4sd3_1 are equivalent.

Cell sky130_fd_sc_hd__or4b_4 (0) disconnected node: A
Cell sky130_fd_sc_hd__or4b_4 (0) disconnected node: B
Cell sky130_fd_sc_hd__or4b_4 (0) disconnected node: C
Cell sky130_fd_sc_hd__or4b_4 (0) disconnected node: D_N
Cell sky130_fd_sc_hd__or4b_4 (0) disconnected node: VGND
Cell sky130_fd_sc_hd__or4b_4 (0) disconnected node: VNB
Cell sky130_fd_sc_hd__or4b_4 (0) disconnected node: VPB
Cell sky130_fd_sc_hd__or4b_4 (0) disconnected node: VPWR
Cell sky130_fd_sc_hd__or4b_4 (0) disconnected node: X
Warning: Equate pins:  cell sky130_fd_sc_hd__or4b_4 is a placeholder, treated as a black box.

Subcircuit pins:
Circuit 1: sky130_fd_sc_hd__or4b_4         |Circuit 2: sky130_fd_sc_hd__or4b_4         
-------------------------------------------|-------------------------------------------
A                                          |A                                          
B                                          |B                                          
C                                          |C                                          
D_N                                        |D_N                                        
VGND                                       |VGND                                       
VNB                                        |VNB                                        
VPB                                        |VPB                                        
VPWR                                       |VPWR                                       
X                                          |X                                          
---------------------------------------------------------------------------------------
Cell pin lists are equivalent.
Device classes sky130_fd_sc_hd__or4b_4 and sky130_fd_sc_hd__or4b_4 are equivalent.

Cell sky130_fd_sc_hd__a21oi_2 (0) disconnected node: A1
Cell sky130_fd_sc_hd__a21oi_2 (0) disconnected node: A2
Cell sky130_fd_sc_hd__a21oi_2 (0) disconnected node: B1
Cell sky130_fd_sc_hd__a21oi_2 (0) disconnected node: VGND
Cell sky130_fd_sc_hd__a21oi_2 (0) disconnected node: VNB
Cell sky130_fd_sc_hd__a21oi_2 (0) disconnected node: VPB
Cell sky130_fd_sc_hd__a21oi_2 (0) disconnected node: VPWR
Cell sky130_fd_sc_hd__a21oi_2 (0) disconnected node: Y
Warning: Equate pins:  cell sky130_fd_sc_hd__a21oi_2 is a placeholder, treated as a black box.

Subcircuit pins:
Circuit 1: sky130_fd_sc_hd__a21oi_2        |Circuit 2: sky130_fd_sc_hd__a21oi_2        
-------------------------------------------|-------------------------------------------
A1                                         |A1                                         
A2                                         |A2                                         
B1                                         |B1                                         
VGND                                       |VGND                                       
VNB                                        |VNB                                        
VPB                                        |VPB                                        
VPWR                                       |VPWR                                       
Y                                          |Y                                          
---------------------------------------------------------------------------------------
Cell pin lists are equivalent.
Device classes sky130_fd_sc_hd__a21oi_2 and sky130_fd_sc_hd__a21oi_2 are equivalent.

Cell sky130_fd_sc_hd__and4b_1 (0) disconnected node: A_N
Cell sky130_fd_sc_hd__and4b_1 (0) disconnected node: B
Cell sky130_fd_sc_hd__and4b_1 (0) disconnected node: C
Cell sky130_fd_sc_hd__and4b_1 (0) disconnected node: D
Cell sky130_fd_sc_hd__and4b_1 (0) disconnected node: VGND
Cell sky130_fd_sc_hd__and4b_1 (0) disconnected node: VNB
Cell sky130_fd_sc_hd__and4b_1 (0) disconnected node: VPB
Cell sky130_fd_sc_hd__and4b_1 (0) disconnected node: VPWR
Cell sky130_fd_sc_hd__and4b_1 (0) disconnected node: X
Warning: Equate pins:  cell sky130_fd_sc_hd__and4b_1 is a placeholder, treated as a black box.

Subcircuit pins:
Circuit 1: sky130_fd_sc_hd__and4b_1        |Circuit 2: sky130_fd_sc_hd__and4b_1        
-------------------------------------------|-------------------------------------------
A_N                                        |A_N                                        
B                                          |B                                          
C                                          |C                                          
D                                          |D                                          
VGND                                       |VGND                                       
VNB                                        |VNB                                        
VPB                                        |VPB                                        
VPWR                                       |VPWR                                       
X                                          |X                                          
---------------------------------------------------------------------------------------
Cell pin lists are equivalent.
Device classes sky130_fd_sc_hd__and4b_1 and sky130_fd_sc_hd__and4b_1 are equivalent.

Cell sky130_fd_sc_hd__nand2_2 (0) disconnected node: A
Cell sky130_fd_sc_hd__nand2_2 (0) disconnected node: B
Cell sky130_fd_sc_hd__nand2_2 (0) disconnected node: VGND
Cell sky130_fd_sc_hd__nand2_2 (0) disconnected node: VNB
Cell sky130_fd_sc_hd__nand2_2 (0) disconnected node: VPB
Cell sky130_fd_sc_hd__nand2_2 (0) disconnected node: VPWR
Cell sky130_fd_sc_hd__nand2_2 (0) disconnected node: Y
Warning: Equate pins:  cell sky130_fd_sc_hd__nand2_2 is a placeholder, treated as a black box.

Subcircuit pins:
Circuit 1: sky130_fd_sc_hd__nand2_2        |Circuit 2: sky130_fd_sc_hd__nand2_2        
-------------------------------------------|-------------------------------------------
A                                          |A                                          
B                                          |B                                          
VGND                                       |VGND                                       
VNB                                        |VNB                                        
VPB                                        |VPB                                        
VPWR                                       |VPWR                                       
Y                                          |Y                                          
---------------------------------------------------------------------------------------
Cell pin lists are equivalent.
Device classes sky130_fd_sc_hd__nand2_2 and sky130_fd_sc_hd__nand2_2 are equivalent.

Cell sky130_fd_sc_hd__dfxtp_2 (0) disconnected node: CLK
Cell sky130_fd_sc_hd__dfxtp_2 (0) disconnected node: D
Cell sky130_fd_sc_hd__dfxtp_2 (0) disconnected node: VGND
Cell sky130_fd_sc_hd__dfxtp_2 (0) disconnected node: VNB
Cell sky130_fd_sc_hd__dfxtp_2 (0) disconnected node: VPB
Cell sky130_fd_sc_hd__dfxtp_2 (0) disconnected node: VPWR
Cell sky130_fd_sc_hd__dfxtp_2 (0) disconnected node: Q
Warning: Equate pins:  cell sky130_fd_sc_hd__dfxtp_2 is a placeholder, treated as a black box.

Subcircuit pins:
Circuit 1: sky130_fd_sc_hd__dfxtp_2        |Circuit 2: sky130_fd_sc_hd__dfxtp_2        
-------------------------------------------|-------------------------------------------
CLK                                        |CLK                                        
D                                          |D                                          
VGND                                       |VGND                                       
VNB                                        |VNB                                        
VPB                                        |VPB                                        
VPWR                                       |VPWR                                       
Q                                          |Q                                          
---------------------------------------------------------------------------------------
Cell pin lists are equivalent.
Device classes sky130_fd_sc_hd__dfxtp_2 and sky130_fd_sc_hd__dfxtp_2 are equivalent.

Cell sky130_fd_sc_hd__dfxtp_1 (0) disconnected node: CLK
Cell sky130_fd_sc_hd__dfxtp_1 (0) disconnected node: D
Cell sky130_fd_sc_hd__dfxtp_1 (0) disconnected node: VGND
Cell sky130_fd_sc_hd__dfxtp_1 (0) disconnected node: VNB
Cell sky130_fd_sc_hd__dfxtp_1 (0) disconnected node: VPB
Cell sky130_fd_sc_hd__dfxtp_1 (0) disconnected node: VPWR
Cell sky130_fd_sc_hd__dfxtp_1 (0) disconnected node: Q
Warning: Equate pins:  cell sky130_fd_sc_hd__dfxtp_1 is a placeholder, treated as a black box.

Subcircuit pins:
Circuit 1: sky130_fd_sc_hd__dfxtp_1        |Circuit 2: sky130_fd_sc_hd__dfxtp_1        
-------------------------------------------|-------------------------------------------
CLK                                        |CLK                                        
D                                          |D                                          
VGND                                       |VGND                                       
VNB                                        |VNB                                        
VPB                                        |VPB                                        
VPWR                                       |VPWR                                       
Q                                          |Q                                          
---------------------------------------------------------------------------------------
Cell pin lists are equivalent.
Device classes sky130_fd_sc_hd__dfxtp_1 and sky130_fd_sc_hd__dfxtp_1 are equivalent.

Cell sky130_fd_sc_hd__o21ai_2 (0) disconnected node: A1
Cell sky130_fd_sc_hd__o21ai_2 (0) disconnected node: A2
Cell sky130_fd_sc_hd__o21ai_2 (0) disconnected node: B1
Cell sky130_fd_sc_hd__o21ai_2 (0) disconnected node: VGND
Cell sky130_fd_sc_hd__o21ai_2 (0) disconnected node: VNB
Cell sky130_fd_sc_hd__o21ai_2 (0) disconnected node: VPB
Cell sky130_fd_sc_hd__o21ai_2 (0) disconnected node: VPWR
Cell sky130_fd_sc_hd__o21ai_2 (0) disconnected node: Y
Warning: Equate pins:  cell sky130_fd_sc_hd__o21ai_2 is a placeholder, treated as a black box.

Subcircuit pins:
Circuit 1: sky130_fd_sc_hd__o21ai_2        |Circuit 2: sky130_fd_sc_hd__o21ai_2        
-------------------------------------------|-------------------------------------------
A1                                         |A1                                         
A2                                         |A2                                         
B1                                         |B1                                         
VGND                                       |VGND                                       
VNB                                        |VNB                                        
VPB                                        |VPB                                        
VPWR                                       |VPWR                                       
Y                                          |Y                                          
---------------------------------------------------------------------------------------
Cell pin lists are equivalent.
Device classes sky130_fd_sc_hd__o21ai_2 and sky130_fd_sc_hd__o21ai_2 are equivalent.

Cell sky130_fd_sc_hd__clkbuf_1 (0) disconnected node: A
Cell sky130_fd_sc_hd__clkbuf_1 (0) disconnected node: VGND
Cell sky130_fd_sc_hd__clkbuf_1 (0) disconnected node: VNB
Cell sky130_fd_sc_hd__clkbuf_1 (0) disconnected node: VPB
Cell sky130_fd_sc_hd__clkbuf_1 (0) disconnected node: VPWR
Cell sky130_fd_sc_hd__clkbuf_1 (0) disconnected node: X
Warning: Equate pins:  cell sky130_fd_sc_hd__clkbuf_1 is a placeholder, treated as a black box.

Subcircuit pins:
Circuit 1: sky130_fd_sc_hd__clkbuf_1       |Circuit 2: sky130_fd_sc_hd__clkbuf_1       
-------------------------------------------|-------------------------------------------
A                                          |A                                          
VGND                                       |VGND                                       
VNB                                        |VNB                                        
VPB                                        |VPB                                        
VPWR                                       |VPWR                                       
X                                          |X                                          
---------------------------------------------------------------------------------------
Cell pin lists are equivalent.
Device classes sky130_fd_sc_hd__clkbuf_1 and sky130_fd_sc_hd__clkbuf_1 are equivalent.

Cell sky130_fd_sc_hd__a21oi_1 (0) disconnected node: A1
Cell sky130_fd_sc_hd__a21oi_1 (0) disconnected node: A2
Cell sky130_fd_sc_hd__a21oi_1 (0) disconnected node: B1
Cell sky130_fd_sc_hd__a21oi_1 (0) disconnected node: VGND
Cell sky130_fd_sc_hd__a21oi_1 (0) disconnected node: VNB
Cell sky130_fd_sc_hd__a21oi_1 (0) disconnected node: VPB
Cell sky130_fd_sc_hd__a21oi_1 (0) disconnected node: VPWR
Cell sky130_fd_sc_hd__a21oi_1 (0) disconnected node: Y
Warning: Equate pins:  cell sky130_fd_sc_hd__a21oi_1 is a placeholder, treated as a black box.

Subcircuit pins:
Circuit 1: sky130_fd_sc_hd__a21oi_1        |Circuit 2: sky130_fd_sc_hd__a21oi_1        
-------------------------------------------|-------------------------------------------
A1                                         |A1                                         
A2                                         |A2                                         
B1                                         |B1                                         
VGND                                       |VGND                                       
VNB                                        |VNB                                        
VPB                                        |VPB                                        
VPWR                                       |VPWR                                       
Y                                          |Y                                          
---------------------------------------------------------------------------------------
Cell pin lists are equivalent.
Device classes sky130_fd_sc_hd__a21oi_1 and sky130_fd_sc_hd__a21oi_1 are equivalent.

Cell sky130_fd_sc_hd__mux2_2 (0) disconnected node: A0
Cell sky130_fd_sc_hd__mux2_2 (0) disconnected node: A1
Cell sky130_fd_sc_hd__mux2_2 (0) disconnected node: S
Cell sky130_fd_sc_hd__mux2_2 (0) disconnected node: VGND
Cell sky130_fd_sc_hd__mux2_2 (0) disconnected node: VNB
Cell sky130_fd_sc_hd__mux2_2 (0) disconnected node: VPB
Cell sky130_fd_sc_hd__mux2_2 (0) disconnected node: VPWR
Cell sky130_fd_sc_hd__mux2_2 (0) disconnected node: X
Warning: Equate pins:  cell sky130_fd_sc_hd__mux2_2 is a placeholder, treated as a black box.

Subcircuit pins:
Circuit 1: sky130_fd_sc_hd__mux2_2         |Circuit 2: sky130_fd_sc_hd__mux2_2         
-------------------------------------------|-------------------------------------------
A0                                         |A0                                         
A1                                         |A1                                         
S                                          |S                                          
VGND                                       |VGND                                       
VNB                                        |VNB                                        
VPB                                        |VPB                                        
VPWR                                       |VPWR                                       
X                                          |X                                          
---------------------------------------------------------------------------------------
Cell pin lists are equivalent.
Device classes sky130_fd_sc_hd__mux2_2 and sky130_fd_sc_hd__mux2_2 are equivalent.

Cell sky130_fd_sc_hd__xnor2_4 (0) disconnected node: A
Cell sky130_fd_sc_hd__xnor2_4 (0) disconnected node: B
Cell sky130_fd_sc_hd__xnor2_4 (0) disconnected node: VGND
Cell sky130_fd_sc_hd__xnor2_4 (0) disconnected node: VNB
Cell sky130_fd_sc_hd__xnor2_4 (0) disconnected node: VPB
Cell sky130_fd_sc_hd__xnor2_4 (0) disconnected node: VPWR
Cell sky130_fd_sc_hd__xnor2_4 (0) disconnected node: Y
Warning: Equate pins:  cell sky130_fd_sc_hd__xnor2_4 is a placeholder, treated as a black box.

Subcircuit pins:
Circuit 1: sky130_fd_sc_hd__xnor2_4        |Circuit 2: sky130_fd_sc_hd__xnor2_4        
-------------------------------------------|-------------------------------------------
A                                          |A                                          
B                                          |B                                          
VGND                                       |VGND                                       
VNB                                        |VNB                                        
VPB                                        |VPB                                        
VPWR                                       |VPWR                                       
Y                                          |Y                                          
---------------------------------------------------------------------------------------
Cell pin lists are equivalent.
Device classes sky130_fd_sc_hd__xnor2_4 and sky130_fd_sc_hd__xnor2_4 are equivalent.

Cell sky130_fd_sc_hd__xor2_2 (0) disconnected node: A
Cell sky130_fd_sc_hd__xor2_2 (0) disconnected node: B
Cell sky130_fd_sc_hd__xor2_2 (0) disconnected node: VGND
Cell sky130_fd_sc_hd__xor2_2 (0) disconnected node: VNB
Cell sky130_fd_sc_hd__xor2_2 (0) disconnected node: VPB
Cell sky130_fd_sc_hd__xor2_2 (0) disconnected node: VPWR
Cell sky130_fd_sc_hd__xor2_2 (0) disconnected node: X
Warning: Equate pins:  cell sky130_fd_sc_hd__xor2_2 is a placeholder, treated as a black box.

Subcircuit pins:
Circuit 1: sky130_fd_sc_hd__xor2_2         |Circuit 2: sky130_fd_sc_hd__xor2_2         
-------------------------------------------|-------------------------------------------
A                                          |A                                          
B                                          |B                                          
VGND                                       |VGND                                       
VNB                                        |VNB                                        
VPB                                        |VPB                                        
VPWR                                       |VPWR                                       
X                                          |X                                          
---------------------------------------------------------------------------------------
Cell pin lists are equivalent.
Device classes sky130_fd_sc_hd__xor2_2 and sky130_fd_sc_hd__xor2_2 are equivalent.

Cell sky130_fd_sc_hd__and2_2 (0) disconnected node: A
Cell sky130_fd_sc_hd__and2_2 (0) disconnected node: B
Cell sky130_fd_sc_hd__and2_2 (0) disconnected node: VGND
Cell sky130_fd_sc_hd__and2_2 (0) disconnected node: VNB
Cell sky130_fd_sc_hd__and2_2 (0) disconnected node: VPB
Cell sky130_fd_sc_hd__and2_2 (0) disconnected node: VPWR
Cell sky130_fd_sc_hd__and2_2 (0) disconnected node: X
Warning: Equate pins:  cell sky130_fd_sc_hd__and2_2 is a placeholder, treated as a black box.

Subcircuit pins:
Circuit 1: sky130_fd_sc_hd__and2_2         |Circuit 2: sky130_fd_sc_hd__and2_2         
-------------------------------------------|-------------------------------------------
A                                          |A                                          
B                                          |B                                          
VGND                                       |VGND                                       
VNB                                        |VNB                                        
VPB                                        |VPB                                        
VPWR                                       |VPWR                                       
X                                          |X                                          
---------------------------------------------------------------------------------------
Cell pin lists are equivalent.
Device classes sky130_fd_sc_hd__and2_2 and sky130_fd_sc_hd__and2_2 are equivalent.

Cell sky130_fd_sc_hd__xor2_1 (0) disconnected node: A
Cell sky130_fd_sc_hd__xor2_1 (0) disconnected node: B
Cell sky130_fd_sc_hd__xor2_1 (0) disconnected node: VGND
Cell sky130_fd_sc_hd__xor2_1 (0) disconnected node: VNB
Cell sky130_fd_sc_hd__xor2_1 (0) disconnected node: VPB
Cell sky130_fd_sc_hd__xor2_1 (0) disconnected node: VPWR
Cell sky130_fd_sc_hd__xor2_1 (0) disconnected node: X
Warning: Equate pins:  cell sky130_fd_sc_hd__xor2_1 is a placeholder, treated as a black box.

Subcircuit pins:
Circuit 1: sky130_fd_sc_hd__xor2_1         |Circuit 2: sky130_fd_sc_hd__xor2_1         
-------------------------------------------|-------------------------------------------
A                                          |A                                          
B                                          |B                                          
VGND                                       |VGND                                       
VNB                                        |VNB                                        
VPB                                        |VPB                                        
VPWR                                       |VPWR                                       
X                                          |X                                          
---------------------------------------------------------------------------------------
Cell pin lists are equivalent.
Device classes sky130_fd_sc_hd__xor2_1 and sky130_fd_sc_hd__xor2_1 are equivalent.

Cell sky130_fd_sc_hd__dfxtp_4 (0) disconnected node: CLK
Cell sky130_fd_sc_hd__dfxtp_4 (0) disconnected node: D
Cell sky130_fd_sc_hd__dfxtp_4 (0) disconnected node: VGND
Cell sky130_fd_sc_hd__dfxtp_4 (0) disconnected node: VNB
Cell sky130_fd_sc_hd__dfxtp_4 (0) disconnected node: VPB
Cell sky130_fd_sc_hd__dfxtp_4 (0) disconnected node: VPWR
Cell sky130_fd_sc_hd__dfxtp_4 (0) disconnected node: Q
Warning: Equate pins:  cell sky130_fd_sc_hd__dfxtp_4 is a placeholder, treated as a black box.

Subcircuit pins:
Circuit 1: sky130_fd_sc_hd__dfxtp_4        |Circuit 2: sky130_fd_sc_hd__dfxtp_4        
-------------------------------------------|-------------------------------------------
CLK                                        |CLK                                        
D                                          |D                                          
VGND                                       |VGND                                       
VNB                                        |VNB                                        
VPB                                        |VPB                                        
VPWR                                       |VPWR                                       
Q                                          |Q                                          
---------------------------------------------------------------------------------------
Cell pin lists are equivalent.
Device classes sky130_fd_sc_hd__dfxtp_4 and sky130_fd_sc_hd__dfxtp_4 are equivalent.

Cell sky130_fd_sc_hd__xnor2_2 (0) disconnected node: A
Cell sky130_fd_sc_hd__xnor2_2 (0) disconnected node: B
Cell sky130_fd_sc_hd__xnor2_2 (0) disconnected node: VGND
Cell sky130_fd_sc_hd__xnor2_2 (0) disconnected node: VNB
Cell sky130_fd_sc_hd__xnor2_2 (0) disconnected node: VPB
Cell sky130_fd_sc_hd__xnor2_2 (0) disconnected node: VPWR
Cell sky130_fd_sc_hd__xnor2_2 (0) disconnected node: Y
Warning: Equate pins:  cell sky130_fd_sc_hd__xnor2_2 is a placeholder, treated as a black box.

Subcircuit pins:
Circuit 1: sky130_fd_sc_hd__xnor2_2        |Circuit 2: sky130_fd_sc_hd__xnor2_2        
-------------------------------------------|-------------------------------------------
A                                          |A                                          
B                                          |B                                          
VGND                                       |VGND                                       
VNB                                        |VNB                                        
VPB                                        |VPB                                        
VPWR                                       |VPWR                                       
Y                                          |Y                                          
---------------------------------------------------------------------------------------
Cell pin lists are equivalent.
Device classes sky130_fd_sc_hd__xnor2_2 and sky130_fd_sc_hd__xnor2_2 are equivalent.

Cell sky130_fd_sc_hd__nor2_2 (0) disconnected node: A
Cell sky130_fd_sc_hd__nor2_2 (0) disconnected node: B
Cell sky130_fd_sc_hd__nor2_2 (0) disconnected node: VGND
Cell sky130_fd_sc_hd__nor2_2 (0) disconnected node: VNB
Cell sky130_fd_sc_hd__nor2_2 (0) disconnected node: VPB
Cell sky130_fd_sc_hd__nor2_2 (0) disconnected node: VPWR
Cell sky130_fd_sc_hd__nor2_2 (0) disconnected node: Y
Warning: Equate pins:  cell sky130_fd_sc_hd__nor2_2 is a placeholder, treated as a black box.

Subcircuit pins:
Circuit 1: sky130_fd_sc_hd__nor2_2         |Circuit 2: sky130_fd_sc_hd__nor2_2         
-------------------------------------------|-------------------------------------------
A                                          |A                                          
B                                          |B                                          
VGND                                       |VGND                                       
VNB                                        |VNB                                        
VPB                                        |VPB                                        
VPWR                                       |VPWR                                       
Y                                          |Y                                          
---------------------------------------------------------------------------------------
Cell pin lists are equivalent.
Device classes sky130_fd_sc_hd__nor2_2 and sky130_fd_sc_hd__nor2_2 are equivalent.

Cell sky130_fd_sc_hd__clkbuf_8 (0) disconnected node: A
Cell sky130_fd_sc_hd__clkbuf_8 (0) disconnected node: VGND
Cell sky130_fd_sc_hd__clkbuf_8 (0) disconnected node: VNB
Cell sky130_fd_sc_hd__clkbuf_8 (0) disconnected node: VPB
Cell sky130_fd_sc_hd__clkbuf_8 (0) disconnected node: VPWR
Cell sky130_fd_sc_hd__clkbuf_8 (0) disconnected node: X
Warning: Equate pins:  cell sky130_fd_sc_hd__clkbuf_8 is a placeholder, treated as a black box.

Subcircuit pins:
Circuit 1: sky130_fd_sc_hd__clkbuf_8       |Circuit 2: sky130_fd_sc_hd__clkbuf_8       
-------------------------------------------|-------------------------------------------
A                                          |A                                          
VGND                                       |VGND                                       
VNB                                        |VNB                                        
VPB                                        |VPB                                        
VPWR                                       |VPWR                                       
X                                          |X                                          
---------------------------------------------------------------------------------------
Cell pin lists are equivalent.
Device classes sky130_fd_sc_hd__clkbuf_8 and sky130_fd_sc_hd__clkbuf_8 are equivalent.

Cell sky130_fd_sc_hd__mux2_8 (0) disconnected node: A0
Cell sky130_fd_sc_hd__mux2_8 (0) disconnected node: A1
Cell sky130_fd_sc_hd__mux2_8 (0) disconnected node: S
Cell sky130_fd_sc_hd__mux2_8 (0) disconnected node: VGND
Cell sky130_fd_sc_hd__mux2_8 (0) disconnected node: VNB
Cell sky130_fd_sc_hd__mux2_8 (0) disconnected node: VPB
Cell sky130_fd_sc_hd__mux2_8 (0) disconnected node: VPWR
Cell sky130_fd_sc_hd__mux2_8 (0) disconnected node: X
Warning: Equate pins:  cell sky130_fd_sc_hd__mux2_8 is a placeholder, treated as a black box.

Subcircuit pins:
Circuit 1: sky130_fd_sc_hd__mux2_8         |Circuit 2: sky130_fd_sc_hd__mux2_8         
-------------------------------------------|-------------------------------------------
A0                                         |A0                                         
A1                                         |A1                                         
S                                          |S                                          
VGND                                       |VGND                                       
VNB                                        |VNB                                        
VPB                                        |VPB                                        
VPWR                                       |VPWR                                       
X                                          |X                                          
---------------------------------------------------------------------------------------
Cell pin lists are equivalent.
Device classes sky130_fd_sc_hd__mux2_8 and sky130_fd_sc_hd__mux2_8 are equivalent.

Cell sky130_fd_sc_hd__or2b_1 (0) disconnected node: A
Cell sky130_fd_sc_hd__or2b_1 (0) disconnected node: B_N
Cell sky130_fd_sc_hd__or2b_1 (0) disconnected node: VGND
Cell sky130_fd_sc_hd__or2b_1 (0) disconnected node: VNB
Cell sky130_fd_sc_hd__or2b_1 (0) disconnected node: VPB
Cell sky130_fd_sc_hd__or2b_1 (0) disconnected node: VPWR
Cell sky130_fd_sc_hd__or2b_1 (0) disconnected node: X
Warning: Equate pins:  cell sky130_fd_sc_hd__or2b_1 is a placeholder, treated as a black box.

Subcircuit pins:
Circuit 1: sky130_fd_sc_hd__or2b_1         |Circuit 2: sky130_fd_sc_hd__or2b_1         
-------------------------------------------|-------------------------------------------
A                                          |A                                          
B_N                                        |B_N                                        
VGND                                       |VGND                                       
VNB                                        |VNB                                        
VPB                                        |VPB                                        
VPWR                                       |VPWR                                       
X                                          |X                                          
---------------------------------------------------------------------------------------
Cell pin lists are equivalent.
Device classes sky130_fd_sc_hd__or2b_1 and sky130_fd_sc_hd__or2b_1 are equivalent.

Cell sky130_fd_sc_hd__inv_2 (0) disconnected node: A
Cell sky130_fd_sc_hd__inv_2 (0) disconnected node: VGND
Cell sky130_fd_sc_hd__inv_2 (0) disconnected node: VNB
Cell sky130_fd_sc_hd__inv_2 (0) disconnected node: VPB
Cell sky130_fd_sc_hd__inv_2 (0) disconnected node: VPWR
Cell sky130_fd_sc_hd__inv_2 (0) disconnected node: Y
Warning: Equate pins:  cell sky130_fd_sc_hd__inv_2 is a placeholder, treated as a black box.

Subcircuit pins:
Circuit 1: sky130_fd_sc_hd__inv_2          |Circuit 2: sky130_fd_sc_hd__inv_2          
-------------------------------------------|-------------------------------------------
A                                          |A                                          
VGND                                       |VGND                                       
VNB                                        |VNB                                        
VPB                                        |VPB                                        
VPWR                                       |VPWR                                       
Y                                          |Y                                          
---------------------------------------------------------------------------------------
Cell pin lists are equivalent.
Device classes sky130_fd_sc_hd__inv_2 and sky130_fd_sc_hd__inv_2 are equivalent.

Cell sky130_fd_sc_hd__dlymetal6s2s_1 (0) disconnected node: A
Cell sky130_fd_sc_hd__dlymetal6s2s_1 (0) disconnected node: VGND
Cell sky130_fd_sc_hd__dlymetal6s2s_1 (0) disconnected node: VNB
Cell sky130_fd_sc_hd__dlymetal6s2s_1 (0) disconnected node: VPB
Cell sky130_fd_sc_hd__dlymetal6s2s_1 (0) disconnected node: VPWR
Cell sky130_fd_sc_hd__dlymetal6s2s_1 (0) disconnected node: X
Warning: Equate pins:  cell sky130_fd_sc_hd__dlymetal6s2s_1 is a placeholder, treated as a black box.

Subcircuit pins:
Circuit 1: sky130_fd_sc_hd__dlymetal6s2s_1 |Circuit 2: sky130_fd_sc_hd__dlymetal6s2s_1 
-------------------------------------------|-------------------------------------------
A                                          |A                                          
VGND                                       |VGND                                       
VNB                                        |VNB                                        
VPB                                        |VPB                                        
VPWR                                       |VPWR                                       
X                                          |X                                          
---------------------------------------------------------------------------------------
Cell pin lists are equivalent.
Device classes sky130_fd_sc_hd__dlymetal6s2s_1 and sky130_fd_sc_hd__dlymetal6s2s_1 are equivalent.

Cell sky130_fd_sc_hd__a31oi_4 (0) disconnected node: A1
Cell sky130_fd_sc_hd__a31oi_4 (0) disconnected node: A2
Cell sky130_fd_sc_hd__a31oi_4 (0) disconnected node: A3
Cell sky130_fd_sc_hd__a31oi_4 (0) disconnected node: B1
Cell sky130_fd_sc_hd__a31oi_4 (0) disconnected node: VGND
Cell sky130_fd_sc_hd__a31oi_4 (0) disconnected node: VNB
Cell sky130_fd_sc_hd__a31oi_4 (0) disconnected node: VPB
Cell sky130_fd_sc_hd__a31oi_4 (0) disconnected node: VPWR
Cell sky130_fd_sc_hd__a31oi_4 (0) disconnected node: Y
Warning: Equate pins:  cell sky130_fd_sc_hd__a31oi_4 is a placeholder, treated as a black box.

Subcircuit pins:
Circuit 1: sky130_fd_sc_hd__a31oi_4        |Circuit 2: sky130_fd_sc_hd__a31oi_4        
-------------------------------------------|-------------------------------------------
A1                                         |A1                                         
A2                                         |A2                                         
A3                                         |A3                                         
B1                                         |B1                                         
VGND                                       |VGND                                       
VNB                                        |VNB                                        
VPB                                        |VPB                                        
VPWR                                       |VPWR                                       
Y                                          |Y                                          
---------------------------------------------------------------------------------------
Cell pin lists are equivalent.
Device classes sky130_fd_sc_hd__a31oi_4 and sky130_fd_sc_hd__a31oi_4 are equivalent.

Cell sky130_fd_sc_hd__nand3_2 (0) disconnected node: A
Cell sky130_fd_sc_hd__nand3_2 (0) disconnected node: B
Cell sky130_fd_sc_hd__nand3_2 (0) disconnected node: C
Cell sky130_fd_sc_hd__nand3_2 (0) disconnected node: VGND
Cell sky130_fd_sc_hd__nand3_2 (0) disconnected node: VNB
Cell sky130_fd_sc_hd__nand3_2 (0) disconnected node: VPB
Cell sky130_fd_sc_hd__nand3_2 (0) disconnected node: VPWR
Cell sky130_fd_sc_hd__nand3_2 (0) disconnected node: Y
Warning: Equate pins:  cell sky130_fd_sc_hd__nand3_2 is a placeholder, treated as a black box.

Subcircuit pins:
Circuit 1: sky130_fd_sc_hd__nand3_2        |Circuit 2: sky130_fd_sc_hd__nand3_2        
-------------------------------------------|-------------------------------------------
A                                          |A                                          
B                                          |B                                          
C                                          |C                                          
VGND                                       |VGND                                       
VNB                                        |VNB                                        
VPB                                        |VPB                                        
VPWR                                       |VPWR                                       
Y                                          |Y                                          
---------------------------------------------------------------------------------------
Cell pin lists are equivalent.
Device classes sky130_fd_sc_hd__nand3_2 and sky130_fd_sc_hd__nand3_2 are equivalent.

Cell sky130_fd_sc_hd__buf_8 (0) disconnected node: A
Cell sky130_fd_sc_hd__buf_8 (0) disconnected node: VGND
Cell sky130_fd_sc_hd__buf_8 (0) disconnected node: VNB
Cell sky130_fd_sc_hd__buf_8 (0) disconnected node: VPB
Cell sky130_fd_sc_hd__buf_8 (0) disconnected node: VPWR
Cell sky130_fd_sc_hd__buf_8 (0) disconnected node: X
Warning: Equate pins:  cell sky130_fd_sc_hd__buf_8 is a placeholder, treated as a black box.

Subcircuit pins:
Circuit 1: sky130_fd_sc_hd__buf_8          |Circuit 2: sky130_fd_sc_hd__buf_8          
-------------------------------------------|-------------------------------------------
A                                          |A                                          
VGND                                       |VGND                                       
VNB                                        |VNB                                        
VPB                                        |VPB                                        
VPWR                                       |VPWR                                       
X                                          |X                                          
---------------------------------------------------------------------------------------
Cell pin lists are equivalent.
Device classes sky130_fd_sc_hd__buf_8 and sky130_fd_sc_hd__buf_8 are equivalent.

Cell sky130_fd_sc_hd__or3_1 (0) disconnected node: A
Cell sky130_fd_sc_hd__or3_1 (0) disconnected node: B
Cell sky130_fd_sc_hd__or3_1 (0) disconnected node: C
Cell sky130_fd_sc_hd__or3_1 (0) disconnected node: VGND
Cell sky130_fd_sc_hd__or3_1 (0) disconnected node: VNB
Cell sky130_fd_sc_hd__or3_1 (0) disconnected node: VPB
Cell sky130_fd_sc_hd__or3_1 (0) disconnected node: VPWR
Cell sky130_fd_sc_hd__or3_1 (0) disconnected node: X
Warning: Equate pins:  cell sky130_fd_sc_hd__or3_1 is a placeholder, treated as a black box.

Subcircuit pins:
Circuit 1: sky130_fd_sc_hd__or3_1          |Circuit 2: sky130_fd_sc_hd__or3_1          
-------------------------------------------|-------------------------------------------
A                                          |A                                          
B                                          |B                                          
C                                          |C                                          
VGND                                       |VGND                                       
VNB                                        |VNB                                        
VPB                                        |VPB                                        
VPWR                                       |VPWR                                       
X                                          |X                                          
---------------------------------------------------------------------------------------
Cell pin lists are equivalent.
Device classes sky130_fd_sc_hd__or3_1 and sky130_fd_sc_hd__or3_1 are equivalent.

Cell sky130_fd_sc_hd__or2_4 (0) disconnected node: A
Cell sky130_fd_sc_hd__or2_4 (0) disconnected node: B
Cell sky130_fd_sc_hd__or2_4 (0) disconnected node: VGND
Cell sky130_fd_sc_hd__or2_4 (0) disconnected node: VNB
Cell sky130_fd_sc_hd__or2_4 (0) disconnected node: VPB
Cell sky130_fd_sc_hd__or2_4 (0) disconnected node: VPWR
Cell sky130_fd_sc_hd__or2_4 (0) disconnected node: X
Warning: Equate pins:  cell sky130_fd_sc_hd__or2_4 is a placeholder, treated as a black box.

Subcircuit pins:
Circuit 1: sky130_fd_sc_hd__or2_4          |Circuit 2: sky130_fd_sc_hd__or2_4          
-------------------------------------------|-------------------------------------------
A                                          |A                                          
B                                          |B                                          
VGND                                       |VGND                                       
VNB                                        |VNB                                        
VPB                                        |VPB                                        
VPWR                                       |VPWR                                       
X                                          |X                                          
---------------------------------------------------------------------------------------
Cell pin lists are equivalent.
Device classes sky130_fd_sc_hd__or2_4 and sky130_fd_sc_hd__or2_4 are equivalent.

Cell sky130_fd_sc_hd__o21ba_1 (0) disconnected node: A1
Cell sky130_fd_sc_hd__o21ba_1 (0) disconnected node: A2
Cell sky130_fd_sc_hd__o21ba_1 (0) disconnected node: B1_N
Cell sky130_fd_sc_hd__o21ba_1 (0) disconnected node: VGND
Cell sky130_fd_sc_hd__o21ba_1 (0) disconnected node: VNB
Cell sky130_fd_sc_hd__o21ba_1 (0) disconnected node: VPB
Cell sky130_fd_sc_hd__o21ba_1 (0) disconnected node: VPWR
Cell sky130_fd_sc_hd__o21ba_1 (0) disconnected node: X
Warning: Equate pins:  cell sky130_fd_sc_hd__o21ba_1 is a placeholder, treated as a black box.

Subcircuit pins:
Circuit 1: sky130_fd_sc_hd__o21ba_1        |Circuit 2: sky130_fd_sc_hd__o21ba_1        
-------------------------------------------|-------------------------------------------
A1                                         |A1                                         
A2                                         |A2                                         
B1_N                                       |B1_N                                       
VGND                                       |VGND                                       
VNB                                        |VNB                                        
VPB                                        |VPB                                        
VPWR                                       |VPWR                                       
X                                          |X                                          
---------------------------------------------------------------------------------------
Cell pin lists are equivalent.
Device classes sky130_fd_sc_hd__o21ba_1 and sky130_fd_sc_hd__o21ba_1 are equivalent.

Cell sky130_fd_sc_hd__xor2_4 (0) disconnected node: A
Cell sky130_fd_sc_hd__xor2_4 (0) disconnected node: B
Cell sky130_fd_sc_hd__xor2_4 (0) disconnected node: VGND
Cell sky130_fd_sc_hd__xor2_4 (0) disconnected node: VNB
Cell sky130_fd_sc_hd__xor2_4 (0) disconnected node: VPB
Cell sky130_fd_sc_hd__xor2_4 (0) disconnected node: VPWR
Cell sky130_fd_sc_hd__xor2_4 (0) disconnected node: X
Warning: Equate pins:  cell sky130_fd_sc_hd__xor2_4 is a placeholder, treated as a black box.

Subcircuit pins:
Circuit 1: sky130_fd_sc_hd__xor2_4         |Circuit 2: sky130_fd_sc_hd__xor2_4         
-------------------------------------------|-------------------------------------------
A                                          |A                                          
B                                          |B                                          
VGND                                       |VGND                                       
VNB                                        |VNB                                        
VPB                                        |VPB                                        
VPWR                                       |VPWR                                       
X                                          |X                                          
---------------------------------------------------------------------------------------
Cell pin lists are equivalent.
Device classes sky130_fd_sc_hd__xor2_4 and sky130_fd_sc_hd__xor2_4 are equivalent.

Cell sky130_fd_sc_hd__a21oi_4 (0) disconnected node: A1
Cell sky130_fd_sc_hd__a21oi_4 (0) disconnected node: A2
Cell sky130_fd_sc_hd__a21oi_4 (0) disconnected node: B1
Cell sky130_fd_sc_hd__a21oi_4 (0) disconnected node: VGND
Cell sky130_fd_sc_hd__a21oi_4 (0) disconnected node: VNB
Cell sky130_fd_sc_hd__a21oi_4 (0) disconnected node: VPB
Cell sky130_fd_sc_hd__a21oi_4 (0) disconnected node: VPWR
Cell sky130_fd_sc_hd__a21oi_4 (0) disconnected node: Y
Warning: Equate pins:  cell sky130_fd_sc_hd__a21oi_4 is a placeholder, treated as a black box.

Subcircuit pins:
Circuit 1: sky130_fd_sc_hd__a21oi_4        |Circuit 2: sky130_fd_sc_hd__a21oi_4        
-------------------------------------------|-------------------------------------------
A1                                         |A1                                         
A2                                         |A2                                         
B1                                         |B1                                         
VGND                                       |VGND                                       
VNB                                        |VNB                                        
VPB                                        |VPB                                        
VPWR                                       |VPWR                                       
Y                                          |Y                                          
---------------------------------------------------------------------------------------
Cell pin lists are equivalent.
Device classes sky130_fd_sc_hd__a21oi_4 and sky130_fd_sc_hd__a21oi_4 are equivalent.

Cell sky130_fd_sc_hd__o31a_1 (0) disconnected node: A1
Cell sky130_fd_sc_hd__o31a_1 (0) disconnected node: A2
Cell sky130_fd_sc_hd__o31a_1 (0) disconnected node: A3
Cell sky130_fd_sc_hd__o31a_1 (0) disconnected node: B1
Cell sky130_fd_sc_hd__o31a_1 (0) disconnected node: VGND
Cell sky130_fd_sc_hd__o31a_1 (0) disconnected node: VNB
Cell sky130_fd_sc_hd__o31a_1 (0) disconnected node: VPB
Cell sky130_fd_sc_hd__o31a_1 (0) disconnected node: VPWR
Cell sky130_fd_sc_hd__o31a_1 (0) disconnected node: X
Warning: Equate pins:  cell sky130_fd_sc_hd__o31a_1 is a placeholder, treated as a black box.

Subcircuit pins:
Circuit 1: sky130_fd_sc_hd__o31a_1         |Circuit 2: sky130_fd_sc_hd__o31a_1         
-------------------------------------------|-------------------------------------------
A1                                         |A1                                         
A2                                         |A2                                         
A3                                         |A3                                         
B1                                         |B1                                         
VGND                                       |VGND                                       
VNB                                        |VNB                                        
VPB                                        |VPB                                        
VPWR                                       |VPWR                                       
X                                          |X                                          
---------------------------------------------------------------------------------------
Cell pin lists are equivalent.
Device classes sky130_fd_sc_hd__o31a_1 and sky130_fd_sc_hd__o31a_1 are equivalent.

Cell sky130_fd_sc_hd__o31a_4 (0) disconnected node: A1
Cell sky130_fd_sc_hd__o31a_4 (0) disconnected node: A2
Cell sky130_fd_sc_hd__o31a_4 (0) disconnected node: A3
Cell sky130_fd_sc_hd__o31a_4 (0) disconnected node: B1
Cell sky130_fd_sc_hd__o31a_4 (0) disconnected node: VGND
Cell sky130_fd_sc_hd__o31a_4 (0) disconnected node: VNB
Cell sky130_fd_sc_hd__o31a_4 (0) disconnected node: VPB
Cell sky130_fd_sc_hd__o31a_4 (0) disconnected node: VPWR
Cell sky130_fd_sc_hd__o31a_4 (0) disconnected node: X
Warning: Equate pins:  cell sky130_fd_sc_hd__o31a_4 is a placeholder, treated as a black box.

Subcircuit pins:
Circuit 1: sky130_fd_sc_hd__o31a_4         |Circuit 2: sky130_fd_sc_hd__o31a_4         
-------------------------------------------|-------------------------------------------
A1                                         |A1                                         
A2                                         |A2                                         
A3                                         |A3                                         
B1                                         |B1                                         
VGND                                       |VGND                                       
VNB                                        |VNB                                        
VPB                                        |VPB                                        
VPWR                                       |VPWR                                       
X                                          |X                                          
---------------------------------------------------------------------------------------
Cell pin lists are equivalent.
Device classes sky130_fd_sc_hd__o31a_4 and sky130_fd_sc_hd__o31a_4 are equivalent.

Cell sky130_fd_sc_hd__a2111o_1 (0) disconnected node: A1
Cell sky130_fd_sc_hd__a2111o_1 (0) disconnected node: A2
Cell sky130_fd_sc_hd__a2111o_1 (0) disconnected node: B1
Cell sky130_fd_sc_hd__a2111o_1 (0) disconnected node: C1
Cell sky130_fd_sc_hd__a2111o_1 (0) disconnected node: D1
Cell sky130_fd_sc_hd__a2111o_1 (0) disconnected node: VGND
Cell sky130_fd_sc_hd__a2111o_1 (0) disconnected node: VNB
Cell sky130_fd_sc_hd__a2111o_1 (0) disconnected node: VPB
Cell sky130_fd_sc_hd__a2111o_1 (0) disconnected node: VPWR
Cell sky130_fd_sc_hd__a2111o_1 (0) disconnected node: X
Warning: Equate pins:  cell sky130_fd_sc_hd__a2111o_1 is a placeholder, treated as a black box.

Subcircuit pins:
Circuit 1: sky130_fd_sc_hd__a2111o_1       |Circuit 2: sky130_fd_sc_hd__a2111o_1       
-------------------------------------------|-------------------------------------------
A1                                         |A1                                         
A2                                         |A2                                         
B1                                         |B1                                         
C1                                         |C1                                         
D1                                         |D1                                         
VGND                                       |VGND                                       
VNB                                        |VNB                                        
VPB                                        |VPB                                        
VPWR                                       |VPWR                                       
X                                          |X                                          
---------------------------------------------------------------------------------------
Cell pin lists are equivalent.
Device classes sky130_fd_sc_hd__a2111o_1 and sky130_fd_sc_hd__a2111o_1 are equivalent.

Cell sky130_fd_sc_hd__mux2_4 (0) disconnected node: A0
Cell sky130_fd_sc_hd__mux2_4 (0) disconnected node: A1
Cell sky130_fd_sc_hd__mux2_4 (0) disconnected node: S
Cell sky130_fd_sc_hd__mux2_4 (0) disconnected node: VGND
Cell sky130_fd_sc_hd__mux2_4 (0) disconnected node: VNB
Cell sky130_fd_sc_hd__mux2_4 (0) disconnected node: VPB
Cell sky130_fd_sc_hd__mux2_4 (0) disconnected node: VPWR
Cell sky130_fd_sc_hd__mux2_4 (0) disconnected node: X
Warning: Equate pins:  cell sky130_fd_sc_hd__mux2_4 is a placeholder, treated as a black box.

Subcircuit pins:
Circuit 1: sky130_fd_sc_hd__mux2_4         |Circuit 2: sky130_fd_sc_hd__mux2_4         
-------------------------------------------|-------------------------------------------
A0                                         |A0                                         
A1                                         |A1                                         
S                                          |S                                          
VGND                                       |VGND                                       
VNB                                        |VNB                                        
VPB                                        |VPB                                        
VPWR                                       |VPWR                                       
X                                          |X                                          
---------------------------------------------------------------------------------------
Cell pin lists are equivalent.
Device classes sky130_fd_sc_hd__mux2_4 and sky130_fd_sc_hd__mux2_4 are equivalent.

Cell sky130_fd_sc_hd__o211ai_1 (0) disconnected node: A1
Cell sky130_fd_sc_hd__o211ai_1 (0) disconnected node: A2
Cell sky130_fd_sc_hd__o211ai_1 (0) disconnected node: B1
Cell sky130_fd_sc_hd__o211ai_1 (0) disconnected node: C1
Cell sky130_fd_sc_hd__o211ai_1 (0) disconnected node: VGND
Cell sky130_fd_sc_hd__o211ai_1 (0) disconnected node: VNB
Cell sky130_fd_sc_hd__o211ai_1 (0) disconnected node: VPB
Cell sky130_fd_sc_hd__o211ai_1 (0) disconnected node: VPWR
Cell sky130_fd_sc_hd__o211ai_1 (0) disconnected node: Y
Warning: Equate pins:  cell sky130_fd_sc_hd__o211ai_1 is a placeholder, treated as a black box.

Subcircuit pins:
Circuit 1: sky130_fd_sc_hd__o211ai_1       |Circuit 2: sky130_fd_sc_hd__o211ai_1       
-------------------------------------------|-------------------------------------------
A1                                         |A1                                         
A2                                         |A2                                         
B1                                         |B1                                         
C1                                         |C1                                         
VGND                                       |VGND                                       
VNB                                        |VNB                                        
VPB                                        |VPB                                        
VPWR                                       |VPWR                                       
Y                                          |Y                                          
---------------------------------------------------------------------------------------
Cell pin lists are equivalent.
Device classes sky130_fd_sc_hd__o211ai_1 and sky130_fd_sc_hd__o211ai_1 are equivalent.

Cell sky130_fd_sc_hd__a211o_2 (0) disconnected node: A1
Cell sky130_fd_sc_hd__a211o_2 (0) disconnected node: A2
Cell sky130_fd_sc_hd__a211o_2 (0) disconnected node: B1
Cell sky130_fd_sc_hd__a211o_2 (0) disconnected node: C1
Cell sky130_fd_sc_hd__a211o_2 (0) disconnected node: VGND
Cell sky130_fd_sc_hd__a211o_2 (0) disconnected node: VNB
Cell sky130_fd_sc_hd__a211o_2 (0) disconnected node: VPB
Cell sky130_fd_sc_hd__a211o_2 (0) disconnected node: VPWR
Cell sky130_fd_sc_hd__a211o_2 (0) disconnected node: X
Warning: Equate pins:  cell sky130_fd_sc_hd__a211o_2 is a placeholder, treated as a black box.

Subcircuit pins:
Circuit 1: sky130_fd_sc_hd__a211o_2        |Circuit 2: sky130_fd_sc_hd__a211o_2        
-------------------------------------------|-------------------------------------------
A1                                         |A1                                         
A2                                         |A2                                         
B1                                         |B1                                         
C1                                         |C1                                         
VGND                                       |VGND                                       
VNB                                        |VNB                                        
VPB                                        |VPB                                        
VPWR                                       |VPWR                                       
X                                          |X                                          
---------------------------------------------------------------------------------------
Cell pin lists are equivalent.
Device classes sky130_fd_sc_hd__a211o_2 and sky130_fd_sc_hd__a211o_2 are equivalent.

Cell sky130_fd_sc_hd__a311o_1 (0) disconnected node: A1
Cell sky130_fd_sc_hd__a311o_1 (0) disconnected node: A2
Cell sky130_fd_sc_hd__a311o_1 (0) disconnected node: A3
Cell sky130_fd_sc_hd__a311o_1 (0) disconnected node: B1
Cell sky130_fd_sc_hd__a311o_1 (0) disconnected node: C1
Cell sky130_fd_sc_hd__a311o_1 (0) disconnected node: VGND
Cell sky130_fd_sc_hd__a311o_1 (0) disconnected node: VNB
Cell sky130_fd_sc_hd__a311o_1 (0) disconnected node: VPB
Cell sky130_fd_sc_hd__a311o_1 (0) disconnected node: VPWR
Cell sky130_fd_sc_hd__a311o_1 (0) disconnected node: X
Warning: Equate pins:  cell sky130_fd_sc_hd__a311o_1 is a placeholder, treated as a black box.

Subcircuit pins:
Circuit 1: sky130_fd_sc_hd__a311o_1        |Circuit 2: sky130_fd_sc_hd__a311o_1        
-------------------------------------------|-------------------------------------------
A1                                         |A1                                         
A2                                         |A2                                         
A3                                         |A3                                         
B1                                         |B1                                         
C1                                         |C1                                         
VGND                                       |VGND                                       
VNB                                        |VNB                                        
VPB                                        |VPB                                        
VPWR                                       |VPWR                                       
X                                          |X                                          
---------------------------------------------------------------------------------------
Cell pin lists are equivalent.
Device classes sky130_fd_sc_hd__a311o_1 and sky130_fd_sc_hd__a311o_1 are equivalent.

Cell sky130_fd_sc_hd__nand3_1 (0) disconnected node: A
Cell sky130_fd_sc_hd__nand3_1 (0) disconnected node: B
Cell sky130_fd_sc_hd__nand3_1 (0) disconnected node: C
Cell sky130_fd_sc_hd__nand3_1 (0) disconnected node: VGND
Cell sky130_fd_sc_hd__nand3_1 (0) disconnected node: VNB
Cell sky130_fd_sc_hd__nand3_1 (0) disconnected node: VPB
Cell sky130_fd_sc_hd__nand3_1 (0) disconnected node: VPWR
Cell sky130_fd_sc_hd__nand3_1 (0) disconnected node: Y
Warning: Equate pins:  cell sky130_fd_sc_hd__nand3_1 is a placeholder, treated as a black box.

Subcircuit pins:
Circuit 1: sky130_fd_sc_hd__nand3_1        |Circuit 2: sky130_fd_sc_hd__nand3_1        
-------------------------------------------|-------------------------------------------
A                                          |A                                          
B                                          |B                                          
C                                          |C                                          
VGND                                       |VGND                                       
VNB                                        |VNB                                        
VPB                                        |VPB                                        
VPWR                                       |VPWR                                       
Y                                          |Y                                          
---------------------------------------------------------------------------------------
Cell pin lists are equivalent.
Device classes sky130_fd_sc_hd__nand3_1 and sky130_fd_sc_hd__nand3_1 are equivalent.

Cell sky130_fd_sc_hd__buf_1 (0) disconnected node: A
Cell sky130_fd_sc_hd__buf_1 (0) disconnected node: VGND
Cell sky130_fd_sc_hd__buf_1 (0) disconnected node: VNB
Cell sky130_fd_sc_hd__buf_1 (0) disconnected node: VPB
Cell sky130_fd_sc_hd__buf_1 (0) disconnected node: VPWR
Cell sky130_fd_sc_hd__buf_1 (0) disconnected node: X
Warning: Equate pins:  cell sky130_fd_sc_hd__buf_1 is a placeholder, treated as a black box.

Subcircuit pins:
Circuit 1: sky130_fd_sc_hd__buf_1          |Circuit 2: sky130_fd_sc_hd__buf_1          
-------------------------------------------|-------------------------------------------
A                                          |A                                          
VGND                                       |VGND                                       
VNB                                        |VNB                                        
VPB                                        |VPB                                        
VPWR                                       |VPWR                                       
X                                          |X                                          
---------------------------------------------------------------------------------------
Cell pin lists are equivalent.
Device classes sky130_fd_sc_hd__buf_1 and sky130_fd_sc_hd__buf_1 are equivalent.

Cell sky130_fd_sc_hd__o21a_2 (0) disconnected node: A1
Cell sky130_fd_sc_hd__o21a_2 (0) disconnected node: A2
Cell sky130_fd_sc_hd__o21a_2 (0) disconnected node: B1
Cell sky130_fd_sc_hd__o21a_2 (0) disconnected node: VGND
Cell sky130_fd_sc_hd__o21a_2 (0) disconnected node: VNB
Cell sky130_fd_sc_hd__o21a_2 (0) disconnected node: VPB
Cell sky130_fd_sc_hd__o21a_2 (0) disconnected node: VPWR
Cell sky130_fd_sc_hd__o21a_2 (0) disconnected node: X
Warning: Equate pins:  cell sky130_fd_sc_hd__o21a_2 is a placeholder, treated as a black box.

Subcircuit pins:
Circuit 1: sky130_fd_sc_hd__o21a_2         |Circuit 2: sky130_fd_sc_hd__o21a_2         
-------------------------------------------|-------------------------------------------
A1                                         |A1                                         
A2                                         |A2                                         
B1                                         |B1                                         
VGND                                       |VGND                                       
VNB                                        |VNB                                        
VPB                                        |VPB                                        
VPWR                                       |VPWR                                       
X                                          |X                                          
---------------------------------------------------------------------------------------
Cell pin lists are equivalent.
Device classes sky130_fd_sc_hd__o21a_2 and sky130_fd_sc_hd__o21a_2 are equivalent.

Cell sky130_fd_sc_hd__a211o_1 (0) disconnected node: A1
Cell sky130_fd_sc_hd__a211o_1 (0) disconnected node: A2
Cell sky130_fd_sc_hd__a211o_1 (0) disconnected node: B1
Cell sky130_fd_sc_hd__a211o_1 (0) disconnected node: C1
Cell sky130_fd_sc_hd__a211o_1 (0) disconnected node: VGND
Cell sky130_fd_sc_hd__a211o_1 (0) disconnected node: VNB
Cell sky130_fd_sc_hd__a211o_1 (0) disconnected node: VPB
Cell sky130_fd_sc_hd__a211o_1 (0) disconnected node: VPWR
Cell sky130_fd_sc_hd__a211o_1 (0) disconnected node: X
Warning: Equate pins:  cell sky130_fd_sc_hd__a211o_1 is a placeholder, treated as a black box.

Subcircuit pins:
Circuit 1: sky130_fd_sc_hd__a211o_1        |Circuit 2: sky130_fd_sc_hd__a211o_1        
-------------------------------------------|-------------------------------------------
A1                                         |A1                                         
A2                                         |A2                                         
B1                                         |B1                                         
C1                                         |C1                                         
VGND                                       |VGND                                       
VNB                                        |VNB                                        
VPB                                        |VPB                                        
VPWR                                       |VPWR                                       
X                                          |X                                          
---------------------------------------------------------------------------------------
Cell pin lists are equivalent.
Device classes sky130_fd_sc_hd__a211o_1 and sky130_fd_sc_hd__a211o_1 are equivalent.

Cell sky130_fd_sc_hd__a21boi_1 (0) disconnected node: A1
Cell sky130_fd_sc_hd__a21boi_1 (0) disconnected node: A2
Cell sky130_fd_sc_hd__a21boi_1 (0) disconnected node: B1_N
Cell sky130_fd_sc_hd__a21boi_1 (0) disconnected node: VGND
Cell sky130_fd_sc_hd__a21boi_1 (0) disconnected node: VNB
Cell sky130_fd_sc_hd__a21boi_1 (0) disconnected node: VPB
Cell sky130_fd_sc_hd__a21boi_1 (0) disconnected node: VPWR
Cell sky130_fd_sc_hd__a21boi_1 (0) disconnected node: Y
Warning: Equate pins:  cell sky130_fd_sc_hd__a21boi_1 is a placeholder, treated as a black box.

Subcircuit pins:
Circuit 1: sky130_fd_sc_hd__a21boi_1       |Circuit 2: sky130_fd_sc_hd__a21boi_1       
-------------------------------------------|-------------------------------------------
A1                                         |A1                                         
A2                                         |A2                                         
B1_N                                       |B1_N                                       
VGND                                       |VGND                                       
VNB                                        |VNB                                        
VPB                                        |VPB                                        
VPWR                                       |VPWR                                       
Y                                          |Y                                          
---------------------------------------------------------------------------------------
Cell pin lists are equivalent.
Device classes sky130_fd_sc_hd__a21boi_1 and sky130_fd_sc_hd__a21boi_1 are equivalent.

Cell sky130_fd_sc_hd__and3_1 (0) disconnected node: A
Cell sky130_fd_sc_hd__and3_1 (0) disconnected node: B
Cell sky130_fd_sc_hd__and3_1 (0) disconnected node: C
Cell sky130_fd_sc_hd__and3_1 (0) disconnected node: VGND
Cell sky130_fd_sc_hd__and3_1 (0) disconnected node: VNB
Cell sky130_fd_sc_hd__and3_1 (0) disconnected node: VPB
Cell sky130_fd_sc_hd__and3_1 (0) disconnected node: VPWR
Cell sky130_fd_sc_hd__and3_1 (0) disconnected node: X
Warning: Equate pins:  cell sky130_fd_sc_hd__and3_1 is a placeholder, treated as a black box.

Subcircuit pins:
Circuit 1: sky130_fd_sc_hd__and3_1         |Circuit 2: sky130_fd_sc_hd__and3_1         
-------------------------------------------|-------------------------------------------
A                                          |A                                          
B                                          |B                                          
C                                          |C                                          
VGND                                       |VGND                                       
VNB                                        |VNB                                        
VPB                                        |VPB                                        
VPWR                                       |VPWR                                       
X                                          |X                                          
---------------------------------------------------------------------------------------
Cell pin lists are equivalent.
Device classes sky130_fd_sc_hd__and3_1 and sky130_fd_sc_hd__and3_1 are equivalent.

Cell sky130_fd_sc_hd__nor2_8 (0) disconnected node: A
Cell sky130_fd_sc_hd__nor2_8 (0) disconnected node: B
Cell sky130_fd_sc_hd__nor2_8 (0) disconnected node: VGND
Cell sky130_fd_sc_hd__nor2_8 (0) disconnected node: VNB
Cell sky130_fd_sc_hd__nor2_8 (0) disconnected node: VPB
Cell sky130_fd_sc_hd__nor2_8 (0) disconnected node: VPWR
Cell sky130_fd_sc_hd__nor2_8 (0) disconnected node: Y
Warning: Equate pins:  cell sky130_fd_sc_hd__nor2_8 is a placeholder, treated as a black box.

Subcircuit pins:
Circuit 1: sky130_fd_sc_hd__nor2_8         |Circuit 2: sky130_fd_sc_hd__nor2_8         
-------------------------------------------|-------------------------------------------
A                                          |A                                          
B                                          |B                                          
VGND                                       |VGND                                       
VNB                                        |VNB                                        
VPB                                        |VPB                                        
VPWR                                       |VPWR                                       
Y                                          |Y                                          
---------------------------------------------------------------------------------------
Cell pin lists are equivalent.
Device classes sky130_fd_sc_hd__nor2_8 and sky130_fd_sc_hd__nor2_8 are equivalent.

Cell sky130_fd_sc_hd__a31o_1 (0) disconnected node: A1
Cell sky130_fd_sc_hd__a31o_1 (0) disconnected node: A2
Cell sky130_fd_sc_hd__a31o_1 (0) disconnected node: A3
Cell sky130_fd_sc_hd__a31o_1 (0) disconnected node: B1
Cell sky130_fd_sc_hd__a31o_1 (0) disconnected node: VGND
Cell sky130_fd_sc_hd__a31o_1 (0) disconnected node: VNB
Cell sky130_fd_sc_hd__a31o_1 (0) disconnected node: VPB
Cell sky130_fd_sc_hd__a31o_1 (0) disconnected node: VPWR
Cell sky130_fd_sc_hd__a31o_1 (0) disconnected node: X
Warning: Equate pins:  cell sky130_fd_sc_hd__a31o_1 is a placeholder, treated as a black box.

Subcircuit pins:
Circuit 1: sky130_fd_sc_hd__a31o_1         |Circuit 2: sky130_fd_sc_hd__a31o_1         
-------------------------------------------|-------------------------------------------
A1                                         |A1                                         
A2                                         |A2                                         
A3                                         |A3                                         
B1                                         |B1                                         
VGND                                       |VGND                                       
VNB                                        |VNB                                        
VPB                                        |VPB                                        
VPWR                                       |VPWR                                       
X                                          |X                                          
---------------------------------------------------------------------------------------
Cell pin lists are equivalent.
Device classes sky130_fd_sc_hd__a31o_1 and sky130_fd_sc_hd__a31o_1 are equivalent.

Cell sky130_fd_sc_hd__buf_6 (0) disconnected node: A
Cell sky130_fd_sc_hd__buf_6 (0) disconnected node: VGND
Cell sky130_fd_sc_hd__buf_6 (0) disconnected node: VNB
Cell sky130_fd_sc_hd__buf_6 (0) disconnected node: VPB
Cell sky130_fd_sc_hd__buf_6 (0) disconnected node: VPWR
Cell sky130_fd_sc_hd__buf_6 (0) disconnected node: X
Warning: Equate pins:  cell sky130_fd_sc_hd__buf_6 is a placeholder, treated as a black box.

Subcircuit pins:
Circuit 1: sky130_fd_sc_hd__buf_6          |Circuit 2: sky130_fd_sc_hd__buf_6          
-------------------------------------------|-------------------------------------------
A                                          |A                                          
VGND                                       |VGND                                       
VNB                                        |VNB                                        
VPB                                        |VPB                                        
VPWR                                       |VPWR                                       
X                                          |X                                          
---------------------------------------------------------------------------------------
Cell pin lists are equivalent.
Device classes sky130_fd_sc_hd__buf_6 and sky130_fd_sc_hd__buf_6 are equivalent.

Cell sky130_fd_sc_hd__clkinv_4 (0) disconnected node: A
Cell sky130_fd_sc_hd__clkinv_4 (0) disconnected node: VGND
Cell sky130_fd_sc_hd__clkinv_4 (0) disconnected node: VNB
Cell sky130_fd_sc_hd__clkinv_4 (0) disconnected node: VPB
Cell sky130_fd_sc_hd__clkinv_4 (0) disconnected node: VPWR
Cell sky130_fd_sc_hd__clkinv_4 (0) disconnected node: Y
Warning: Equate pins:  cell sky130_fd_sc_hd__clkinv_4 is a placeholder, treated as a black box.

Subcircuit pins:
Circuit 1: sky130_fd_sc_hd__clkinv_4       |Circuit 2: sky130_fd_sc_hd__clkinv_4       
-------------------------------------------|-------------------------------------------
A                                          |A                                          
VGND                                       |VGND                                       
VNB                                        |VNB                                        
VPB                                        |VPB                                        
VPWR                                       |VPWR                                       
Y                                          |Y                                          
---------------------------------------------------------------------------------------
Cell pin lists are equivalent.
Device classes sky130_fd_sc_hd__clkinv_4 and sky130_fd_sc_hd__clkinv_4 are equivalent.

Cell sky130_fd_sc_hd__a2bb2o_1 (0) disconnected node: A1_N
Cell sky130_fd_sc_hd__a2bb2o_1 (0) disconnected node: A2_N
Cell sky130_fd_sc_hd__a2bb2o_1 (0) disconnected node: B1
Cell sky130_fd_sc_hd__a2bb2o_1 (0) disconnected node: B2
Cell sky130_fd_sc_hd__a2bb2o_1 (0) disconnected node: VGND
Cell sky130_fd_sc_hd__a2bb2o_1 (0) disconnected node: VNB
Cell sky130_fd_sc_hd__a2bb2o_1 (0) disconnected node: VPB
Cell sky130_fd_sc_hd__a2bb2o_1 (0) disconnected node: VPWR
Cell sky130_fd_sc_hd__a2bb2o_1 (0) disconnected node: X
Warning: Equate pins:  cell sky130_fd_sc_hd__a2bb2o_1 is a placeholder, treated as a black box.

Subcircuit pins:
Circuit 1: sky130_fd_sc_hd__a2bb2o_1       |Circuit 2: sky130_fd_sc_hd__a2bb2o_1       
-------------------------------------------|-------------------------------------------
A1_N                                       |A1_N                                       
A2_N                                       |A2_N                                       
B1                                         |B1                                         
B2                                         |B2                                         
VGND                                       |VGND                                       
VNB                                        |VNB                                        
VPB                                        |VPB                                        
VPWR                                       |VPWR                                       
X                                          |X                                          
---------------------------------------------------------------------------------------
Cell pin lists are equivalent.
Device classes sky130_fd_sc_hd__a2bb2o_1 and sky130_fd_sc_hd__a2bb2o_1 are equivalent.

Cell sky130_fd_sc_hd__and2b_1 (0) disconnected node: A_N
Cell sky130_fd_sc_hd__and2b_1 (0) disconnected node: B
Cell sky130_fd_sc_hd__and2b_1 (0) disconnected node: VGND
Cell sky130_fd_sc_hd__and2b_1 (0) disconnected node: VNB
Cell sky130_fd_sc_hd__and2b_1 (0) disconnected node: VPB
Cell sky130_fd_sc_hd__and2b_1 (0) disconnected node: VPWR
Cell sky130_fd_sc_hd__and2b_1 (0) disconnected node: X
Warning: Equate pins:  cell sky130_fd_sc_hd__and2b_1 is a placeholder, treated as a black box.

Subcircuit pins:
Circuit 1: sky130_fd_sc_hd__and2b_1        |Circuit 2: sky130_fd_sc_hd__and2b_1        
-------------------------------------------|-------------------------------------------
A_N                                        |A_N                                        
B                                          |B                                          
VGND                                       |VGND                                       
VNB                                        |VNB                                        
VPB                                        |VPB                                        
VPWR                                       |VPWR                                       
X                                          |X                                          
---------------------------------------------------------------------------------------
Cell pin lists are equivalent.
Device classes sky130_fd_sc_hd__and2b_1 and sky130_fd_sc_hd__and2b_1 are equivalent.

Cell sky130_fd_sc_hd__a41o_1 (0) disconnected node: A1
Cell sky130_fd_sc_hd__a41o_1 (0) disconnected node: A2
Cell sky130_fd_sc_hd__a41o_1 (0) disconnected node: A3
Cell sky130_fd_sc_hd__a41o_1 (0) disconnected node: A4
Cell sky130_fd_sc_hd__a41o_1 (0) disconnected node: B1
Cell sky130_fd_sc_hd__a41o_1 (0) disconnected node: VGND
Cell sky130_fd_sc_hd__a41o_1 (0) disconnected node: VNB
Cell sky130_fd_sc_hd__a41o_1 (0) disconnected node: VPB
Cell sky130_fd_sc_hd__a41o_1 (0) disconnected node: VPWR
Cell sky130_fd_sc_hd__a41o_1 (0) disconnected node: X
Warning: Equate pins:  cell sky130_fd_sc_hd__a41o_1 is a placeholder, treated as a black box.

Subcircuit pins:
Circuit 1: sky130_fd_sc_hd__a41o_1         |Circuit 2: sky130_fd_sc_hd__a41o_1         
-------------------------------------------|-------------------------------------------
A1                                         |A1                                         
A2                                         |A2                                         
A3                                         |A3                                         
A4                                         |A4                                         
B1                                         |B1                                         
VGND                                       |VGND                                       
VNB                                        |VNB                                        
VPB                                        |VPB                                        
VPWR                                       |VPWR                                       
X                                          |X                                          
---------------------------------------------------------------------------------------
Cell pin lists are equivalent.
Device classes sky130_fd_sc_hd__a41o_1 and sky130_fd_sc_hd__a41o_1 are equivalent.

Cell sky130_fd_sc_hd__and2b_2 (0) disconnected node: A_N
Cell sky130_fd_sc_hd__and2b_2 (0) disconnected node: B
Cell sky130_fd_sc_hd__and2b_2 (0) disconnected node: VGND
Cell sky130_fd_sc_hd__and2b_2 (0) disconnected node: VNB
Cell sky130_fd_sc_hd__and2b_2 (0) disconnected node: VPB
Cell sky130_fd_sc_hd__and2b_2 (0) disconnected node: VPWR
Cell sky130_fd_sc_hd__and2b_2 (0) disconnected node: X
Warning: Equate pins:  cell sky130_fd_sc_hd__and2b_2 is a placeholder, treated as a black box.

Subcircuit pins:
Circuit 1: sky130_fd_sc_hd__and2b_2        |Circuit 2: sky130_fd_sc_hd__and2b_2        
-------------------------------------------|-------------------------------------------
A_N                                        |A_N                                        
B                                          |B                                          
VGND                                       |VGND                                       
VNB                                        |VNB                                        
VPB                                        |VPB                                        
VPWR                                       |VPWR                                       
X                                          |X                                          
---------------------------------------------------------------------------------------
Cell pin lists are equivalent.
Device classes sky130_fd_sc_hd__and2b_2 and sky130_fd_sc_hd__and2b_2 are equivalent.

Cell sky130_fd_sc_hd__clkdlybuf4s25_1 (0) disconnected node: A
Cell sky130_fd_sc_hd__clkdlybuf4s25_1 (0) disconnected node: VGND
Cell sky130_fd_sc_hd__clkdlybuf4s25_1 (0) disconnected node: VNB
Cell sky130_fd_sc_hd__clkdlybuf4s25_1 (0) disconnected node: VPB
Cell sky130_fd_sc_hd__clkdlybuf4s25_1 (0) disconnected node: VPWR
Cell sky130_fd_sc_hd__clkdlybuf4s25_1 (0) disconnected node: X
Warning: Equate pins:  cell sky130_fd_sc_hd__clkdlybuf4s25_1 is a placeholder, treated as a black box.

Subcircuit pins:
Circuit 1: sky130_fd_sc_hd__clkdlybuf4s25_ |Circuit 2: sky130_fd_sc_hd__clkdlybuf4s25_ 
-------------------------------------------|-------------------------------------------
A                                          |A                                          
VGND                                       |VGND                                       
VNB                                        |VNB                                        
VPB                                        |VPB                                        
VPWR                                       |VPWR                                       
X                                          |X                                          
---------------------------------------------------------------------------------------
Cell pin lists are equivalent.
Device classes sky130_fd_sc_hd__clkdlybuf4s25_1 and sky130_fd_sc_hd__clkdlybuf4s25_1 are equivalent.

Cell sky130_fd_sc_hd__and4_1 (0) disconnected node: A
Cell sky130_fd_sc_hd__and4_1 (0) disconnected node: B
Cell sky130_fd_sc_hd__and4_1 (0) disconnected node: C
Cell sky130_fd_sc_hd__and4_1 (0) disconnected node: D
Cell sky130_fd_sc_hd__and4_1 (0) disconnected node: VGND
Cell sky130_fd_sc_hd__and4_1 (0) disconnected node: VNB
Cell sky130_fd_sc_hd__and4_1 (0) disconnected node: VPB
Cell sky130_fd_sc_hd__and4_1 (0) disconnected node: VPWR
Cell sky130_fd_sc_hd__and4_1 (0) disconnected node: X
Warning: Equate pins:  cell sky130_fd_sc_hd__and4_1 is a placeholder, treated as a black box.

Subcircuit pins:
Circuit 1: sky130_fd_sc_hd__and4_1         |Circuit 2: sky130_fd_sc_hd__and4_1         
-------------------------------------------|-------------------------------------------
A                                          |A                                          
B                                          |B                                          
C                                          |C                                          
D                                          |D                                          
VGND                                       |VGND                                       
VNB                                        |VNB                                        
VPB                                        |VPB                                        
VPWR                                       |VPWR                                       
X                                          |X                                          
---------------------------------------------------------------------------------------
Cell pin lists are equivalent.
Device classes sky130_fd_sc_hd__and4_1 and sky130_fd_sc_hd__and4_1 are equivalent.

Cell sky130_fd_sc_hd__buf_12 (0) disconnected node: A
Cell sky130_fd_sc_hd__buf_12 (0) disconnected node: VGND
Cell sky130_fd_sc_hd__buf_12 (0) disconnected node: VNB
Cell sky130_fd_sc_hd__buf_12 (0) disconnected node: VPB
Cell sky130_fd_sc_hd__buf_12 (0) disconnected node: VPWR
Cell sky130_fd_sc_hd__buf_12 (0) disconnected node: X
Warning: Equate pins:  cell sky130_fd_sc_hd__buf_12 is a placeholder, treated as a black box.

Subcircuit pins:
Circuit 1: sky130_fd_sc_hd__buf_12         |Circuit 2: sky130_fd_sc_hd__buf_12         
-------------------------------------------|-------------------------------------------
A                                          |A                                          
VGND                                       |VGND                                       
VNB                                        |VNB                                        
VPB                                        |VPB                                        
VPWR                                       |VPWR                                       
X                                          |X                                          
---------------------------------------------------------------------------------------
Cell pin lists are equivalent.
Device classes sky130_fd_sc_hd__buf_12 and sky130_fd_sc_hd__buf_12 are equivalent.

Cell sky130_fd_sc_hd__or3b_4 (0) disconnected node: A
Cell sky130_fd_sc_hd__or3b_4 (0) disconnected node: B
Cell sky130_fd_sc_hd__or3b_4 (0) disconnected node: C_N
Cell sky130_fd_sc_hd__or3b_4 (0) disconnected node: VGND
Cell sky130_fd_sc_hd__or3b_4 (0) disconnected node: VNB
Cell sky130_fd_sc_hd__or3b_4 (0) disconnected node: VPB
Cell sky130_fd_sc_hd__or3b_4 (0) disconnected node: VPWR
Cell sky130_fd_sc_hd__or3b_4 (0) disconnected node: X
Warning: Equate pins:  cell sky130_fd_sc_hd__or3b_4 is a placeholder, treated as a black box.

Subcircuit pins:
Circuit 1: sky130_fd_sc_hd__or3b_4         |Circuit 2: sky130_fd_sc_hd__or3b_4         
-------------------------------------------|-------------------------------------------
A                                          |A                                          
B                                          |B                                          
C_N                                        |C_N                                        
VGND                                       |VGND                                       
VNB                                        |VNB                                        
VPB                                        |VPB                                        
VPWR                                       |VPWR                                       
X                                          |X                                          
---------------------------------------------------------------------------------------
Cell pin lists are equivalent.
Device classes sky130_fd_sc_hd__or3b_4 and sky130_fd_sc_hd__or3b_4 are equivalent.

Cell sky130_fd_sc_hd__or2b_2 (0) disconnected node: A
Cell sky130_fd_sc_hd__or2b_2 (0) disconnected node: B_N
Cell sky130_fd_sc_hd__or2b_2 (0) disconnected node: VGND
Cell sky130_fd_sc_hd__or2b_2 (0) disconnected node: VNB
Cell sky130_fd_sc_hd__or2b_2 (0) disconnected node: VPB
Cell sky130_fd_sc_hd__or2b_2 (0) disconnected node: VPWR
Cell sky130_fd_sc_hd__or2b_2 (0) disconnected node: X
Warning: Equate pins:  cell sky130_fd_sc_hd__or2b_2 is a placeholder, treated as a black box.

Subcircuit pins:
Circuit 1: sky130_fd_sc_hd__or2b_2         |Circuit 2: sky130_fd_sc_hd__or2b_2         
-------------------------------------------|-------------------------------------------
A                                          |A                                          
B_N                                        |B_N                                        
VGND                                       |VGND                                       
VNB                                        |VNB                                        
VPB                                        |VPB                                        
VPWR                                       |VPWR                                       
X                                          |X                                          
---------------------------------------------------------------------------------------
Cell pin lists are equivalent.
Device classes sky130_fd_sc_hd__or2b_2 and sky130_fd_sc_hd__or2b_2 are equivalent.

Cell sky130_fd_sc_hd__or2_2 (0) disconnected node: A
Cell sky130_fd_sc_hd__or2_2 (0) disconnected node: B
Cell sky130_fd_sc_hd__or2_2 (0) disconnected node: VGND
Cell sky130_fd_sc_hd__or2_2 (0) disconnected node: VNB
Cell sky130_fd_sc_hd__or2_2 (0) disconnected node: VPB
Cell sky130_fd_sc_hd__or2_2 (0) disconnected node: VPWR
Cell sky130_fd_sc_hd__or2_2 (0) disconnected node: X
Warning: Equate pins:  cell sky130_fd_sc_hd__or2_2 is a placeholder, treated as a black box.

Subcircuit pins:
Circuit 1: sky130_fd_sc_hd__or2_2          |Circuit 2: sky130_fd_sc_hd__or2_2          
-------------------------------------------|-------------------------------------------
A                                          |A                                          
B                                          |B                                          
VGND                                       |VGND                                       
VNB                                        |VNB                                        
VPB                                        |VPB                                        
VPWR                                       |VPWR                                       
X                                          |X                                          
---------------------------------------------------------------------------------------
Cell pin lists are equivalent.
Device classes sky130_fd_sc_hd__or2_2 and sky130_fd_sc_hd__or2_2 are equivalent.

Cell sky130_fd_sc_hd__a32o_2 (0) disconnected node: A1
Cell sky130_fd_sc_hd__a32o_2 (0) disconnected node: A2
Cell sky130_fd_sc_hd__a32o_2 (0) disconnected node: A3
Cell sky130_fd_sc_hd__a32o_2 (0) disconnected node: B1
Cell sky130_fd_sc_hd__a32o_2 (0) disconnected node: B2
Cell sky130_fd_sc_hd__a32o_2 (0) disconnected node: VGND
Cell sky130_fd_sc_hd__a32o_2 (0) disconnected node: VNB
Cell sky130_fd_sc_hd__a32o_2 (0) disconnected node: VPB
Cell sky130_fd_sc_hd__a32o_2 (0) disconnected node: VPWR
Cell sky130_fd_sc_hd__a32o_2 (0) disconnected node: X
Warning: Equate pins:  cell sky130_fd_sc_hd__a32o_2 is a placeholder, treated as a black box.

Subcircuit pins:
Circuit 1: sky130_fd_sc_hd__a32o_2         |Circuit 2: sky130_fd_sc_hd__a32o_2         
-------------------------------------------|-------------------------------------------
A1                                         |A1                                         
A2                                         |A2                                         
A3                                         |A3                                         
B1                                         |B1                                         
B2                                         |B2                                         
VGND                                       |VGND                                       
VNB                                        |VNB                                        
VPB                                        |VPB                                        
VPWR                                       |VPWR                                       
X                                          |X                                          
---------------------------------------------------------------------------------------
Cell pin lists are equivalent.
Device classes sky130_fd_sc_hd__a32o_2 and sky130_fd_sc_hd__a32o_2 are equivalent.

Cell sky130_fd_sc_hd__o211a_2 (0) disconnected node: A1
Cell sky130_fd_sc_hd__o211a_2 (0) disconnected node: A2
Cell sky130_fd_sc_hd__o211a_2 (0) disconnected node: B1
Cell sky130_fd_sc_hd__o211a_2 (0) disconnected node: C1
Cell sky130_fd_sc_hd__o211a_2 (0) disconnected node: VGND
Cell sky130_fd_sc_hd__o211a_2 (0) disconnected node: VNB
Cell sky130_fd_sc_hd__o211a_2 (0) disconnected node: VPB
Cell sky130_fd_sc_hd__o211a_2 (0) disconnected node: VPWR
Cell sky130_fd_sc_hd__o211a_2 (0) disconnected node: X
Warning: Equate pins:  cell sky130_fd_sc_hd__o211a_2 is a placeholder, treated as a black box.

Subcircuit pins:
Circuit 1: sky130_fd_sc_hd__o211a_2        |Circuit 2: sky130_fd_sc_hd__o211a_2        
-------------------------------------------|-------------------------------------------
A1                                         |A1                                         
A2                                         |A2                                         
B1                                         |B1                                         
C1                                         |C1                                         
VGND                                       |VGND                                       
VNB                                        |VNB                                        
VPB                                        |VPB                                        
VPWR                                       |VPWR                                       
X                                          |X                                          
---------------------------------------------------------------------------------------
Cell pin lists are equivalent.
Device classes sky130_fd_sc_hd__o211a_2 and sky130_fd_sc_hd__o211a_2 are equivalent.

Cell sky130_fd_sc_hd__or4_1 (0) disconnected node: A
Cell sky130_fd_sc_hd__or4_1 (0) disconnected node: B
Cell sky130_fd_sc_hd__or4_1 (0) disconnected node: C
Cell sky130_fd_sc_hd__or4_1 (0) disconnected node: D
Cell sky130_fd_sc_hd__or4_1 (0) disconnected node: VGND
Cell sky130_fd_sc_hd__or4_1 (0) disconnected node: VNB
Cell sky130_fd_sc_hd__or4_1 (0) disconnected node: VPB
Cell sky130_fd_sc_hd__or4_1 (0) disconnected node: VPWR
Cell sky130_fd_sc_hd__or4_1 (0) disconnected node: X
Warning: Equate pins:  cell sky130_fd_sc_hd__or4_1 is a placeholder, treated as a black box.

Subcircuit pins:
Circuit 1: sky130_fd_sc_hd__or4_1          |Circuit 2: sky130_fd_sc_hd__or4_1          
-------------------------------------------|-------------------------------------------
A                                          |A                                          
B                                          |B                                          
C                                          |C                                          
D                                          |D                                          
VGND                                       |VGND                                       
VNB                                        |VNB                                        
VPB                                        |VPB                                        
VPWR                                       |VPWR                                       
X                                          |X                                          
---------------------------------------------------------------------------------------
Cell pin lists are equivalent.
Device classes sky130_fd_sc_hd__or4_1 and sky130_fd_sc_hd__or4_1 are equivalent.

Cell sky130_fd_sc_hd__a22o_2 (0) disconnected node: A1
Cell sky130_fd_sc_hd__a22o_2 (0) disconnected node: A2
Cell sky130_fd_sc_hd__a22o_2 (0) disconnected node: B1
Cell sky130_fd_sc_hd__a22o_2 (0) disconnected node: B2
Cell sky130_fd_sc_hd__a22o_2 (0) disconnected node: VGND
Cell sky130_fd_sc_hd__a22o_2 (0) disconnected node: VNB
Cell sky130_fd_sc_hd__a22o_2 (0) disconnected node: VPB
Cell sky130_fd_sc_hd__a22o_2 (0) disconnected node: VPWR
Cell sky130_fd_sc_hd__a22o_2 (0) disconnected node: X
Warning: Equate pins:  cell sky130_fd_sc_hd__a22o_2 is a placeholder, treated as a black box.

Subcircuit pins:
Circuit 1: sky130_fd_sc_hd__a22o_2         |Circuit 2: sky130_fd_sc_hd__a22o_2         
-------------------------------------------|-------------------------------------------
A1                                         |A1                                         
A2                                         |A2                                         
B1                                         |B1                                         
B2                                         |B2                                         
VGND                                       |VGND                                       
VNB                                        |VNB                                        
VPB                                        |VPB                                        
VPWR                                       |VPWR                                       
X                                          |X                                          
---------------------------------------------------------------------------------------
Cell pin lists are equivalent.
Device classes sky130_fd_sc_hd__a22o_2 and sky130_fd_sc_hd__a22o_2 are equivalent.

Cell sky130_fd_sc_hd__a21bo_1 (0) disconnected node: A1
Cell sky130_fd_sc_hd__a21bo_1 (0) disconnected node: A2
Cell sky130_fd_sc_hd__a21bo_1 (0) disconnected node: B1_N
Cell sky130_fd_sc_hd__a21bo_1 (0) disconnected node: VGND
Cell sky130_fd_sc_hd__a21bo_1 (0) disconnected node: VNB
Cell sky130_fd_sc_hd__a21bo_1 (0) disconnected node: VPB
Cell sky130_fd_sc_hd__a21bo_1 (0) disconnected node: VPWR
Cell sky130_fd_sc_hd__a21bo_1 (0) disconnected node: X
Warning: Equate pins:  cell sky130_fd_sc_hd__a21bo_1 is a placeholder, treated as a black box.

Subcircuit pins:
Circuit 1: sky130_fd_sc_hd__a21bo_1        |Circuit 2: sky130_fd_sc_hd__a21bo_1        
-------------------------------------------|-------------------------------------------
A1                                         |A1                                         
A2                                         |A2                                         
B1_N                                       |B1_N                                       
VGND                                       |VGND                                       
VNB                                        |VNB                                        
VPB                                        |VPB                                        
VPWR                                       |VPWR                                       
X                                          |X                                          
---------------------------------------------------------------------------------------
Cell pin lists are equivalent.
Device classes sky130_fd_sc_hd__a21bo_1 and sky130_fd_sc_hd__a21bo_1 are equivalent.

Cell sky130_fd_sc_hd__and2_4 (0) disconnected node: A
Cell sky130_fd_sc_hd__and2_4 (0) disconnected node: B
Cell sky130_fd_sc_hd__and2_4 (0) disconnected node: VGND
Cell sky130_fd_sc_hd__and2_4 (0) disconnected node: VNB
Cell sky130_fd_sc_hd__and2_4 (0) disconnected node: VPB
Cell sky130_fd_sc_hd__and2_4 (0) disconnected node: VPWR
Cell sky130_fd_sc_hd__and2_4 (0) disconnected node: X
Warning: Equate pins:  cell sky130_fd_sc_hd__and2_4 is a placeholder, treated as a black box.

Subcircuit pins:
Circuit 1: sky130_fd_sc_hd__and2_4         |Circuit 2: sky130_fd_sc_hd__and2_4         
-------------------------------------------|-------------------------------------------
A                                          |A                                          
B                                          |B                                          
VGND                                       |VGND                                       
VNB                                        |VNB                                        
VPB                                        |VPB                                        
VPWR                                       |VPWR                                       
X                                          |X                                          
---------------------------------------------------------------------------------------
Cell pin lists are equivalent.
Device classes sky130_fd_sc_hd__and2_4 and sky130_fd_sc_hd__and2_4 are equivalent.

Cell sky130_fd_sc_hd__a221o_4 (0) disconnected node: A1
Cell sky130_fd_sc_hd__a221o_4 (0) disconnected node: A2
Cell sky130_fd_sc_hd__a221o_4 (0) disconnected node: B1
Cell sky130_fd_sc_hd__a221o_4 (0) disconnected node: B2
Cell sky130_fd_sc_hd__a221o_4 (0) disconnected node: C1
Cell sky130_fd_sc_hd__a221o_4 (0) disconnected node: VGND
Cell sky130_fd_sc_hd__a221o_4 (0) disconnected node: VNB
Cell sky130_fd_sc_hd__a221o_4 (0) disconnected node: VPB
Cell sky130_fd_sc_hd__a221o_4 (0) disconnected node: VPWR
Cell sky130_fd_sc_hd__a221o_4 (0) disconnected node: X
Warning: Equate pins:  cell sky130_fd_sc_hd__a221o_4 is a placeholder, treated as a black box.

Subcircuit pins:
Circuit 1: sky130_fd_sc_hd__a221o_4        |Circuit 2: sky130_fd_sc_hd__a221o_4        
-------------------------------------------|-------------------------------------------
A1                                         |A1                                         
A2                                         |A2                                         
B1                                         |B1                                         
B2                                         |B2                                         
C1                                         |C1                                         
VGND                                       |VGND                                       
VNB                                        |VNB                                        
VPB                                        |VPB                                        
VPWR                                       |VPWR                                       
X                                          |X                                          
---------------------------------------------------------------------------------------
Cell pin lists are equivalent.
Device classes sky130_fd_sc_hd__a221o_4 and sky130_fd_sc_hd__a221o_4 are equivalent.

Cell sky130_fd_sc_hd__and3b_1 (0) disconnected node: A_N
Cell sky130_fd_sc_hd__and3b_1 (0) disconnected node: B
Cell sky130_fd_sc_hd__and3b_1 (0) disconnected node: C
Cell sky130_fd_sc_hd__and3b_1 (0) disconnected node: VGND
Cell sky130_fd_sc_hd__and3b_1 (0) disconnected node: VNB
Cell sky130_fd_sc_hd__and3b_1 (0) disconnected node: VPB
Cell sky130_fd_sc_hd__and3b_1 (0) disconnected node: VPWR
Cell sky130_fd_sc_hd__and3b_1 (0) disconnected node: X
Warning: Equate pins:  cell sky130_fd_sc_hd__and3b_1 is a placeholder, treated as a black box.

Subcircuit pins:
Circuit 1: sky130_fd_sc_hd__and3b_1        |Circuit 2: sky130_fd_sc_hd__and3b_1        
-------------------------------------------|-------------------------------------------
A_N                                        |A_N                                        
B                                          |B                                          
C                                          |C                                          
VGND                                       |VGND                                       
VNB                                        |VNB                                        
VPB                                        |VPB                                        
VPWR                                       |VPWR                                       
X                                          |X                                          
---------------------------------------------------------------------------------------
Cell pin lists are equivalent.
Device classes sky130_fd_sc_hd__and3b_1 and sky130_fd_sc_hd__and3b_1 are equivalent.

Cell sky130_fd_sc_hd__or3b_1 (0) disconnected node: A
Cell sky130_fd_sc_hd__or3b_1 (0) disconnected node: B
Cell sky130_fd_sc_hd__or3b_1 (0) disconnected node: C_N
Cell sky130_fd_sc_hd__or3b_1 (0) disconnected node: VGND
Cell sky130_fd_sc_hd__or3b_1 (0) disconnected node: VNB
Cell sky130_fd_sc_hd__or3b_1 (0) disconnected node: VPB
Cell sky130_fd_sc_hd__or3b_1 (0) disconnected node: VPWR
Cell sky130_fd_sc_hd__or3b_1 (0) disconnected node: X
Warning: Equate pins:  cell sky130_fd_sc_hd__or3b_1 is a placeholder, treated as a black box.

Subcircuit pins:
Circuit 1: sky130_fd_sc_hd__or3b_1         |Circuit 2: sky130_fd_sc_hd__or3b_1         
-------------------------------------------|-------------------------------------------
A                                          |A                                          
B                                          |B                                          
C_N                                        |C_N                                        
VGND                                       |VGND                                       
VNB                                        |VNB                                        
VPB                                        |VPB                                        
VPWR                                       |VPWR                                       
X                                          |X                                          
---------------------------------------------------------------------------------------
Cell pin lists are equivalent.
Device classes sky130_fd_sc_hd__or3b_1 and sky130_fd_sc_hd__or3b_1 are equivalent.

Cell sky130_fd_sc_hd__o21bai_4 (0) disconnected node: A1
Cell sky130_fd_sc_hd__o21bai_4 (0) disconnected node: A2
Cell sky130_fd_sc_hd__o21bai_4 (0) disconnected node: B1_N
Cell sky130_fd_sc_hd__o21bai_4 (0) disconnected node: VGND
Cell sky130_fd_sc_hd__o21bai_4 (0) disconnected node: VNB
Cell sky130_fd_sc_hd__o21bai_4 (0) disconnected node: VPB
Cell sky130_fd_sc_hd__o21bai_4 (0) disconnected node: VPWR
Cell sky130_fd_sc_hd__o21bai_4 (0) disconnected node: Y
Warning: Equate pins:  cell sky130_fd_sc_hd__o21bai_4 is a placeholder, treated as a black box.

Subcircuit pins:
Circuit 1: sky130_fd_sc_hd__o21bai_4       |Circuit 2: sky130_fd_sc_hd__o21bai_4       
-------------------------------------------|-------------------------------------------
A1                                         |A1                                         
A2                                         |A2                                         
B1_N                                       |B1_N                                       
VGND                                       |VGND                                       
VNB                                        |VNB                                        
VPB                                        |VPB                                        
VPWR                                       |VPWR                                       
Y                                          |Y                                          
---------------------------------------------------------------------------------------
Cell pin lists are equivalent.
Device classes sky130_fd_sc_hd__o21bai_4 and sky130_fd_sc_hd__o21bai_4 are equivalent.

Cell sky130_fd_sc_hd__and3_4 (0) disconnected node: A
Cell sky130_fd_sc_hd__and3_4 (0) disconnected node: B
Cell sky130_fd_sc_hd__and3_4 (0) disconnected node: C
Cell sky130_fd_sc_hd__and3_4 (0) disconnected node: VGND
Cell sky130_fd_sc_hd__and3_4 (0) disconnected node: VNB
Cell sky130_fd_sc_hd__and3_4 (0) disconnected node: VPB
Cell sky130_fd_sc_hd__and3_4 (0) disconnected node: VPWR
Cell sky130_fd_sc_hd__and3_4 (0) disconnected node: X
Warning: Equate pins:  cell sky130_fd_sc_hd__and3_4 is a placeholder, treated as a black box.

Subcircuit pins:
Circuit 1: sky130_fd_sc_hd__and3_4         |Circuit 2: sky130_fd_sc_hd__and3_4         
-------------------------------------------|-------------------------------------------
A                                          |A                                          
B                                          |B                                          
C                                          |C                                          
VGND                                       |VGND                                       
VNB                                        |VNB                                        
VPB                                        |VPB                                        
VPWR                                       |VPWR                                       
X                                          |X                                          
---------------------------------------------------------------------------------------
Cell pin lists are equivalent.
Device classes sky130_fd_sc_hd__and3_4 and sky130_fd_sc_hd__and3_4 are equivalent.

Cell sky130_fd_sc_hd__a2bb2o_2 (0) disconnected node: A1_N
Cell sky130_fd_sc_hd__a2bb2o_2 (0) disconnected node: A2_N
Cell sky130_fd_sc_hd__a2bb2o_2 (0) disconnected node: B1
Cell sky130_fd_sc_hd__a2bb2o_2 (0) disconnected node: B2
Cell sky130_fd_sc_hd__a2bb2o_2 (0) disconnected node: VGND
Cell sky130_fd_sc_hd__a2bb2o_2 (0) disconnected node: VNB
Cell sky130_fd_sc_hd__a2bb2o_2 (0) disconnected node: VPB
Cell sky130_fd_sc_hd__a2bb2o_2 (0) disconnected node: VPWR
Cell sky130_fd_sc_hd__a2bb2o_2 (0) disconnected node: X
Warning: Equate pins:  cell sky130_fd_sc_hd__a2bb2o_2 is a placeholder, treated as a black box.

Subcircuit pins:
Circuit 1: sky130_fd_sc_hd__a2bb2o_2       |Circuit 2: sky130_fd_sc_hd__a2bb2o_2       
-------------------------------------------|-------------------------------------------
A1_N                                       |A1_N                                       
A2_N                                       |A2_N                                       
B1                                         |B1                                         
B2                                         |B2                                         
VGND                                       |VGND                                       
VNB                                        |VNB                                        
VPB                                        |VPB                                        
VPWR                                       |VPWR                                       
X                                          |X                                          
---------------------------------------------------------------------------------------
Cell pin lists are equivalent.
Device classes sky130_fd_sc_hd__a2bb2o_2 and sky130_fd_sc_hd__a2bb2o_2 are equivalent.

Cell sky130_fd_sc_hd__a221o_2 (0) disconnected node: A1
Cell sky130_fd_sc_hd__a221o_2 (0) disconnected node: A2
Cell sky130_fd_sc_hd__a221o_2 (0) disconnected node: B1
Cell sky130_fd_sc_hd__a221o_2 (0) disconnected node: B2
Cell sky130_fd_sc_hd__a221o_2 (0) disconnected node: C1
Cell sky130_fd_sc_hd__a221o_2 (0) disconnected node: VGND
Cell sky130_fd_sc_hd__a221o_2 (0) disconnected node: VNB
Cell sky130_fd_sc_hd__a221o_2 (0) disconnected node: VPB
Cell sky130_fd_sc_hd__a221o_2 (0) disconnected node: VPWR
Cell sky130_fd_sc_hd__a221o_2 (0) disconnected node: X
Warning: Equate pins:  cell sky130_fd_sc_hd__a221o_2 is a placeholder, treated as a black box.

Subcircuit pins:
Circuit 1: sky130_fd_sc_hd__a221o_2        |Circuit 2: sky130_fd_sc_hd__a221o_2        
-------------------------------------------|-------------------------------------------
A1                                         |A1                                         
A2                                         |A2                                         
B1                                         |B1                                         
B2                                         |B2                                         
C1                                         |C1                                         
VGND                                       |VGND                                       
VNB                                        |VNB                                        
VPB                                        |VPB                                        
VPWR                                       |VPWR                                       
X                                          |X                                          
---------------------------------------------------------------------------------------
Cell pin lists are equivalent.
Device classes sky130_fd_sc_hd__a221o_2 and sky130_fd_sc_hd__a221o_2 are equivalent.

Cell sky130_fd_sc_hd__nor3_1 (0) disconnected node: A
Cell sky130_fd_sc_hd__nor3_1 (0) disconnected node: B
Cell sky130_fd_sc_hd__nor3_1 (0) disconnected node: C
Cell sky130_fd_sc_hd__nor3_1 (0) disconnected node: VGND
Cell sky130_fd_sc_hd__nor3_1 (0) disconnected node: VNB
Cell sky130_fd_sc_hd__nor3_1 (0) disconnected node: VPB
Cell sky130_fd_sc_hd__nor3_1 (0) disconnected node: VPWR
Cell sky130_fd_sc_hd__nor3_1 (0) disconnected node: Y
Warning: Equate pins:  cell sky130_fd_sc_hd__nor3_1 is a placeholder, treated as a black box.

Subcircuit pins:
Circuit 1: sky130_fd_sc_hd__nor3_1         |Circuit 2: sky130_fd_sc_hd__nor3_1         
-------------------------------------------|-------------------------------------------
A                                          |A                                          
B                                          |B                                          
C                                          |C                                          
VGND                                       |VGND                                       
VNB                                        |VNB                                        
VPB                                        |VPB                                        
VPWR                                       |VPWR                                       
Y                                          |Y                                          
---------------------------------------------------------------------------------------
Cell pin lists are equivalent.
Device classes sky130_fd_sc_hd__nor3_1 and sky130_fd_sc_hd__nor3_1 are equivalent.

Cell sky130_fd_sc_hd__o21bai_2 (0) disconnected node: A1
Cell sky130_fd_sc_hd__o21bai_2 (0) disconnected node: A2
Cell sky130_fd_sc_hd__o21bai_2 (0) disconnected node: B1_N
Cell sky130_fd_sc_hd__o21bai_2 (0) disconnected node: VGND
Cell sky130_fd_sc_hd__o21bai_2 (0) disconnected node: VNB
Cell sky130_fd_sc_hd__o21bai_2 (0) disconnected node: VPB
Cell sky130_fd_sc_hd__o21bai_2 (0) disconnected node: VPWR
Cell sky130_fd_sc_hd__o21bai_2 (0) disconnected node: Y
Warning: Equate pins:  cell sky130_fd_sc_hd__o21bai_2 is a placeholder, treated as a black box.

Subcircuit pins:
Circuit 1: sky130_fd_sc_hd__o21bai_2       |Circuit 2: sky130_fd_sc_hd__o21bai_2       
-------------------------------------------|-------------------------------------------
A1                                         |A1                                         
A2                                         |A2                                         
B1_N                                       |B1_N                                       
VGND                                       |VGND                                       
VNB                                        |VNB                                        
VPB                                        |VPB                                        
VPWR                                       |VPWR                                       
Y                                          |Y                                          
---------------------------------------------------------------------------------------
Cell pin lists are equivalent.
Device classes sky130_fd_sc_hd__o21bai_2 and sky130_fd_sc_hd__o21bai_2 are equivalent.

Cell sky130_fd_sc_hd__o311a_1 (0) disconnected node: A1
Cell sky130_fd_sc_hd__o311a_1 (0) disconnected node: A2
Cell sky130_fd_sc_hd__o311a_1 (0) disconnected node: A3
Cell sky130_fd_sc_hd__o311a_1 (0) disconnected node: B1
Cell sky130_fd_sc_hd__o311a_1 (0) disconnected node: C1
Cell sky130_fd_sc_hd__o311a_1 (0) disconnected node: VGND
Cell sky130_fd_sc_hd__o311a_1 (0) disconnected node: VNB
Cell sky130_fd_sc_hd__o311a_1 (0) disconnected node: VPB
Cell sky130_fd_sc_hd__o311a_1 (0) disconnected node: VPWR
Cell sky130_fd_sc_hd__o311a_1 (0) disconnected node: X
Warning: Equate pins:  cell sky130_fd_sc_hd__o311a_1 is a placeholder, treated as a black box.

Subcircuit pins:
Circuit 1: sky130_fd_sc_hd__o311a_1        |Circuit 2: sky130_fd_sc_hd__o311a_1        
-------------------------------------------|-------------------------------------------
A1                                         |A1                                         
A2                                         |A2                                         
A3                                         |A3                                         
B1                                         |B1                                         
C1                                         |C1                                         
VGND                                       |VGND                                       
VNB                                        |VNB                                        
VPB                                        |VPB                                        
VPWR                                       |VPWR                                       
X                                          |X                                          
---------------------------------------------------------------------------------------
Cell pin lists are equivalent.
Device classes sky130_fd_sc_hd__o311a_1 and sky130_fd_sc_hd__o311a_1 are equivalent.

Cell sky130_fd_sc_hd__and3_2 (0) disconnected node: A
Cell sky130_fd_sc_hd__and3_2 (0) disconnected node: B
Cell sky130_fd_sc_hd__and3_2 (0) disconnected node: C
Cell sky130_fd_sc_hd__and3_2 (0) disconnected node: VGND
Cell sky130_fd_sc_hd__and3_2 (0) disconnected node: VNB
Cell sky130_fd_sc_hd__and3_2 (0) disconnected node: VPB
Cell sky130_fd_sc_hd__and3_2 (0) disconnected node: VPWR
Cell sky130_fd_sc_hd__and3_2 (0) disconnected node: X
Warning: Equate pins:  cell sky130_fd_sc_hd__and3_2 is a placeholder, treated as a black box.

Subcircuit pins:
Circuit 1: sky130_fd_sc_hd__and3_2         |Circuit 2: sky130_fd_sc_hd__and3_2         
-------------------------------------------|-------------------------------------------
A                                          |A                                          
B                                          |B                                          
C                                          |C                                          
VGND                                       |VGND                                       
VNB                                        |VNB                                        
VPB                                        |VPB                                        
VPWR                                       |VPWR                                       
X                                          |X                                          
---------------------------------------------------------------------------------------
Cell pin lists are equivalent.
Device classes sky130_fd_sc_hd__and3_2 and sky130_fd_sc_hd__and3_2 are equivalent.

Cell sky130_fd_sc_hd__or4b_2 (0) disconnected node: A
Cell sky130_fd_sc_hd__or4b_2 (0) disconnected node: B
Cell sky130_fd_sc_hd__or4b_2 (0) disconnected node: C
Cell sky130_fd_sc_hd__or4b_2 (0) disconnected node: D_N
Cell sky130_fd_sc_hd__or4b_2 (0) disconnected node: VGND
Cell sky130_fd_sc_hd__or4b_2 (0) disconnected node: VNB
Cell sky130_fd_sc_hd__or4b_2 (0) disconnected node: VPB
Cell sky130_fd_sc_hd__or4b_2 (0) disconnected node: VPWR
Cell sky130_fd_sc_hd__or4b_2 (0) disconnected node: X
Warning: Equate pins:  cell sky130_fd_sc_hd__or4b_2 is a placeholder, treated as a black box.

Subcircuit pins:
Circuit 1: sky130_fd_sc_hd__or4b_2         |Circuit 2: sky130_fd_sc_hd__or4b_2         
-------------------------------------------|-------------------------------------------
A                                          |A                                          
B                                          |B                                          
C                                          |C                                          
D_N                                        |D_N                                        
VGND                                       |VGND                                       
VNB                                        |VNB                                        
VPB                                        |VPB                                        
VPWR                                       |VPWR                                       
X                                          |X                                          
---------------------------------------------------------------------------------------
Cell pin lists are equivalent.
Device classes sky130_fd_sc_hd__or4b_2 and sky130_fd_sc_hd__or4b_2 are equivalent.

Cell sky130_fd_sc_hd__o2bb2a_1 (0) disconnected node: A1_N
Cell sky130_fd_sc_hd__o2bb2a_1 (0) disconnected node: A2_N
Cell sky130_fd_sc_hd__o2bb2a_1 (0) disconnected node: B1
Cell sky130_fd_sc_hd__o2bb2a_1 (0) disconnected node: B2
Cell sky130_fd_sc_hd__o2bb2a_1 (0) disconnected node: VGND
Cell sky130_fd_sc_hd__o2bb2a_1 (0) disconnected node: VNB
Cell sky130_fd_sc_hd__o2bb2a_1 (0) disconnected node: VPB
Cell sky130_fd_sc_hd__o2bb2a_1 (0) disconnected node: VPWR
Cell sky130_fd_sc_hd__o2bb2a_1 (0) disconnected node: X
Warning: Equate pins:  cell sky130_fd_sc_hd__o2bb2a_1 is a placeholder, treated as a black box.

Subcircuit pins:
Circuit 1: sky130_fd_sc_hd__o2bb2a_1       |Circuit 2: sky130_fd_sc_hd__o2bb2a_1       
-------------------------------------------|-------------------------------------------
A1_N                                       |A1_N                                       
A2_N                                       |A2_N                                       
B1                                         |B1                                         
B2                                         |B2                                         
VGND                                       |VGND                                       
VNB                                        |VNB                                        
VPB                                        |VPB                                        
VPWR                                       |VPWR                                       
X                                          |X                                          
---------------------------------------------------------------------------------------
Cell pin lists are equivalent.
Device classes sky130_fd_sc_hd__o2bb2a_1 and sky130_fd_sc_hd__o2bb2a_1 are equivalent.

Cell sky130_fd_sc_hd__o31a_2 (0) disconnected node: A1
Cell sky130_fd_sc_hd__o31a_2 (0) disconnected node: A2
Cell sky130_fd_sc_hd__o31a_2 (0) disconnected node: A3
Cell sky130_fd_sc_hd__o31a_2 (0) disconnected node: B1
Cell sky130_fd_sc_hd__o31a_2 (0) disconnected node: VGND
Cell sky130_fd_sc_hd__o31a_2 (0) disconnected node: VNB
Cell sky130_fd_sc_hd__o31a_2 (0) disconnected node: VPB
Cell sky130_fd_sc_hd__o31a_2 (0) disconnected node: VPWR
Cell sky130_fd_sc_hd__o31a_2 (0) disconnected node: X
Warning: Equate pins:  cell sky130_fd_sc_hd__o31a_2 is a placeholder, treated as a black box.

Subcircuit pins:
Circuit 1: sky130_fd_sc_hd__o31a_2         |Circuit 2: sky130_fd_sc_hd__o31a_2         
-------------------------------------------|-------------------------------------------
A1                                         |A1                                         
A2                                         |A2                                         
A3                                         |A3                                         
B1                                         |B1                                         
VGND                                       |VGND                                       
VNB                                        |VNB                                        
VPB                                        |VPB                                        
VPWR                                       |VPWR                                       
X                                          |X                                          
---------------------------------------------------------------------------------------
Cell pin lists are equivalent.
Device classes sky130_fd_sc_hd__o31a_2 and sky130_fd_sc_hd__o31a_2 are equivalent.

Cell sky130_fd_sc_hd__nand2_8 (0) disconnected node: A
Cell sky130_fd_sc_hd__nand2_8 (0) disconnected node: B
Cell sky130_fd_sc_hd__nand2_8 (0) disconnected node: VGND
Cell sky130_fd_sc_hd__nand2_8 (0) disconnected node: VNB
Cell sky130_fd_sc_hd__nand2_8 (0) disconnected node: VPB
Cell sky130_fd_sc_hd__nand2_8 (0) disconnected node: VPWR
Cell sky130_fd_sc_hd__nand2_8 (0) disconnected node: Y
Warning: Equate pins:  cell sky130_fd_sc_hd__nand2_8 is a placeholder, treated as a black box.

Subcircuit pins:
Circuit 1: sky130_fd_sc_hd__nand2_8        |Circuit 2: sky130_fd_sc_hd__nand2_8        
-------------------------------------------|-------------------------------------------
A                                          |A                                          
B                                          |B                                          
VGND                                       |VGND                                       
VNB                                        |VNB                                        
VPB                                        |VPB                                        
VPWR                                       |VPWR                                       
Y                                          |Y                                          
---------------------------------------------------------------------------------------
Cell pin lists are equivalent.
Device classes sky130_fd_sc_hd__nand2_8 and sky130_fd_sc_hd__nand2_8 are equivalent.

Cell sky130_fd_sc_hd__a32o_1 (0) disconnected node: A1
Cell sky130_fd_sc_hd__a32o_1 (0) disconnected node: A2
Cell sky130_fd_sc_hd__a32o_1 (0) disconnected node: A3
Cell sky130_fd_sc_hd__a32o_1 (0) disconnected node: B1
Cell sky130_fd_sc_hd__a32o_1 (0) disconnected node: B2
Cell sky130_fd_sc_hd__a32o_1 (0) disconnected node: VGND
Cell sky130_fd_sc_hd__a32o_1 (0) disconnected node: VNB
Cell sky130_fd_sc_hd__a32o_1 (0) disconnected node: VPB
Cell sky130_fd_sc_hd__a32o_1 (0) disconnected node: VPWR
Cell sky130_fd_sc_hd__a32o_1 (0) disconnected node: X
Warning: Equate pins:  cell sky130_fd_sc_hd__a32o_1 is a placeholder, treated as a black box.

Subcircuit pins:
Circuit 1: sky130_fd_sc_hd__a32o_1         |Circuit 2: sky130_fd_sc_hd__a32o_1         
-------------------------------------------|-------------------------------------------
A1                                         |A1                                         
A2                                         |A2                                         
A3                                         |A3                                         
B1                                         |B1                                         
B2                                         |B2                                         
VGND                                       |VGND                                       
VNB                                        |VNB                                        
VPB                                        |VPB                                        
VPWR                                       |VPWR                                       
X                                          |X                                          
---------------------------------------------------------------------------------------
Cell pin lists are equivalent.
Device classes sky130_fd_sc_hd__a32o_1 and sky130_fd_sc_hd__a32o_1 are equivalent.

Cell sky130_fd_sc_hd__a21bo_2 (0) disconnected node: A1
Cell sky130_fd_sc_hd__a21bo_2 (0) disconnected node: A2
Cell sky130_fd_sc_hd__a21bo_2 (0) disconnected node: B1_N
Cell sky130_fd_sc_hd__a21bo_2 (0) disconnected node: VGND
Cell sky130_fd_sc_hd__a21bo_2 (0) disconnected node: VNB
Cell sky130_fd_sc_hd__a21bo_2 (0) disconnected node: VPB
Cell sky130_fd_sc_hd__a21bo_2 (0) disconnected node: VPWR
Cell sky130_fd_sc_hd__a21bo_2 (0) disconnected node: X
Warning: Equate pins:  cell sky130_fd_sc_hd__a21bo_2 is a placeholder, treated as a black box.

Subcircuit pins:
Circuit 1: sky130_fd_sc_hd__a21bo_2        |Circuit 2: sky130_fd_sc_hd__a21bo_2        
-------------------------------------------|-------------------------------------------
A1                                         |A1                                         
A2                                         |A2                                         
B1_N                                       |B1_N                                       
VGND                                       |VGND                                       
VNB                                        |VNB                                        
VPB                                        |VPB                                        
VPWR                                       |VPWR                                       
X                                          |X                                          
---------------------------------------------------------------------------------------
Cell pin lists are equivalent.
Device classes sky130_fd_sc_hd__a21bo_2 and sky130_fd_sc_hd__a21bo_2 are equivalent.

Cell sky130_fd_sc_hd__inv_4 (0) disconnected node: A
Cell sky130_fd_sc_hd__inv_4 (0) disconnected node: VGND
Cell sky130_fd_sc_hd__inv_4 (0) disconnected node: VNB
Cell sky130_fd_sc_hd__inv_4 (0) disconnected node: VPB
Cell sky130_fd_sc_hd__inv_4 (0) disconnected node: VPWR
Cell sky130_fd_sc_hd__inv_4 (0) disconnected node: Y
Warning: Equate pins:  cell sky130_fd_sc_hd__inv_4 is a placeholder, treated as a black box.

Subcircuit pins:
Circuit 1: sky130_fd_sc_hd__inv_4          |Circuit 2: sky130_fd_sc_hd__inv_4          
-------------------------------------------|-------------------------------------------
A                                          |A                                          
VGND                                       |VGND                                       
VNB                                        |VNB                                        
VPB                                        |VPB                                        
VPWR                                       |VPWR                                       
Y                                          |Y                                          
---------------------------------------------------------------------------------------
Cell pin lists are equivalent.
Device classes sky130_fd_sc_hd__inv_4 and sky130_fd_sc_hd__inv_4 are equivalent.

Cell sky130_fd_sc_hd__a31o_2 (0) disconnected node: A1
Cell sky130_fd_sc_hd__a31o_2 (0) disconnected node: A2
Cell sky130_fd_sc_hd__a31o_2 (0) disconnected node: A3
Cell sky130_fd_sc_hd__a31o_2 (0) disconnected node: B1
Cell sky130_fd_sc_hd__a31o_2 (0) disconnected node: VGND
Cell sky130_fd_sc_hd__a31o_2 (0) disconnected node: VNB
Cell sky130_fd_sc_hd__a31o_2 (0) disconnected node: VPB
Cell sky130_fd_sc_hd__a31o_2 (0) disconnected node: VPWR
Cell sky130_fd_sc_hd__a31o_2 (0) disconnected node: X
Warning: Equate pins:  cell sky130_fd_sc_hd__a31o_2 is a placeholder, treated as a black box.

Subcircuit pins:
Circuit 1: sky130_fd_sc_hd__a31o_2         |Circuit 2: sky130_fd_sc_hd__a31o_2         
-------------------------------------------|-------------------------------------------
A1                                         |A1                                         
A2                                         |A2                                         
A3                                         |A3                                         
B1                                         |B1                                         
VGND                                       |VGND                                       
VNB                                        |VNB                                        
VPB                                        |VPB                                        
VPWR                                       |VPWR                                       
X                                          |X                                          
---------------------------------------------------------------------------------------
Cell pin lists are equivalent.
Device classes sky130_fd_sc_hd__a31o_2 and sky130_fd_sc_hd__a31o_2 are equivalent.

Cell sky130_fd_sc_hd__and3b_2 (0) disconnected node: A_N
Cell sky130_fd_sc_hd__and3b_2 (0) disconnected node: B
Cell sky130_fd_sc_hd__and3b_2 (0) disconnected node: C
Cell sky130_fd_sc_hd__and3b_2 (0) disconnected node: VGND
Cell sky130_fd_sc_hd__and3b_2 (0) disconnected node: VNB
Cell sky130_fd_sc_hd__and3b_2 (0) disconnected node: VPB
Cell sky130_fd_sc_hd__and3b_2 (0) disconnected node: VPWR
Cell sky130_fd_sc_hd__and3b_2 (0) disconnected node: X
Warning: Equate pins:  cell sky130_fd_sc_hd__and3b_2 is a placeholder, treated as a black box.

Subcircuit pins:
Circuit 1: sky130_fd_sc_hd__and3b_2        |Circuit 2: sky130_fd_sc_hd__and3b_2        
-------------------------------------------|-------------------------------------------
A_N                                        |A_N                                        
B                                          |B                                          
C                                          |C                                          
VGND                                       |VGND                                       
VNB                                        |VNB                                        
VPB                                        |VPB                                        
VPWR                                       |VPWR                                       
X                                          |X                                          
---------------------------------------------------------------------------------------
Cell pin lists are equivalent.
Device classes sky130_fd_sc_hd__and3b_2 and sky130_fd_sc_hd__and3b_2 are equivalent.

Cell sky130_fd_sc_hd__or4b_1 (0) disconnected node: A
Cell sky130_fd_sc_hd__or4b_1 (0) disconnected node: B
Cell sky130_fd_sc_hd__or4b_1 (0) disconnected node: C
Cell sky130_fd_sc_hd__or4b_1 (0) disconnected node: D_N
Cell sky130_fd_sc_hd__or4b_1 (0) disconnected node: VGND
Cell sky130_fd_sc_hd__or4b_1 (0) disconnected node: VNB
Cell sky130_fd_sc_hd__or4b_1 (0) disconnected node: VPB
Cell sky130_fd_sc_hd__or4b_1 (0) disconnected node: VPWR
Cell sky130_fd_sc_hd__or4b_1 (0) disconnected node: X
Warning: Equate pins:  cell sky130_fd_sc_hd__or4b_1 is a placeholder, treated as a black box.

Subcircuit pins:
Circuit 1: sky130_fd_sc_hd__or4b_1         |Circuit 2: sky130_fd_sc_hd__or4b_1         
-------------------------------------------|-------------------------------------------
A                                          |A                                          
B                                          |B                                          
C                                          |C                                          
D_N                                        |D_N                                        
VGND                                       |VGND                                       
VNB                                        |VNB                                        
VPB                                        |VPB                                        
VPWR                                       |VPWR                                       
X                                          |X                                          
---------------------------------------------------------------------------------------
Cell pin lists are equivalent.
Device classes sky130_fd_sc_hd__or4b_1 and sky130_fd_sc_hd__or4b_1 are equivalent.

Cell sky130_fd_sc_hd__a21boi_2 (0) disconnected node: A1
Cell sky130_fd_sc_hd__a21boi_2 (0) disconnected node: A2
Cell sky130_fd_sc_hd__a21boi_2 (0) disconnected node: B1_N
Cell sky130_fd_sc_hd__a21boi_2 (0) disconnected node: VGND
Cell sky130_fd_sc_hd__a21boi_2 (0) disconnected node: VNB
Cell sky130_fd_sc_hd__a21boi_2 (0) disconnected node: VPB
Cell sky130_fd_sc_hd__a21boi_2 (0) disconnected node: VPWR
Cell sky130_fd_sc_hd__a21boi_2 (0) disconnected node: Y
Warning: Equate pins:  cell sky130_fd_sc_hd__a21boi_2 is a placeholder, treated as a black box.

Subcircuit pins:
Circuit 1: sky130_fd_sc_hd__a21boi_2       |Circuit 2: sky130_fd_sc_hd__a21boi_2       
-------------------------------------------|-------------------------------------------
A1                                         |A1                                         
A2                                         |A2                                         
B1_N                                       |B1_N                                       
VGND                                       |VGND                                       
VNB                                        |VNB                                        
VPB                                        |VPB                                        
VPWR                                       |VPWR                                       
Y                                          |Y                                          
---------------------------------------------------------------------------------------
Cell pin lists are equivalent.
Device classes sky130_fd_sc_hd__a21boi_2 and sky130_fd_sc_hd__a21boi_2 are equivalent.

Cell sky130_fd_sc_hd__a2111oi_1 (0) disconnected node: A1
Cell sky130_fd_sc_hd__a2111oi_1 (0) disconnected node: A2
Cell sky130_fd_sc_hd__a2111oi_1 (0) disconnected node: B1
Cell sky130_fd_sc_hd__a2111oi_1 (0) disconnected node: C1
Cell sky130_fd_sc_hd__a2111oi_1 (0) disconnected node: D1
Cell sky130_fd_sc_hd__a2111oi_1 (0) disconnected node: VGND
Cell sky130_fd_sc_hd__a2111oi_1 (0) disconnected node: VNB
Cell sky130_fd_sc_hd__a2111oi_1 (0) disconnected node: VPB
Cell sky130_fd_sc_hd__a2111oi_1 (0) disconnected node: VPWR
Cell sky130_fd_sc_hd__a2111oi_1 (0) disconnected node: Y
Warning: Equate pins:  cell sky130_fd_sc_hd__a2111oi_1 is a placeholder, treated as a black box.

Subcircuit pins:
Circuit 1: sky130_fd_sc_hd__a2111oi_1      |Circuit 2: sky130_fd_sc_hd__a2111oi_1      
-------------------------------------------|-------------------------------------------
A1                                         |A1                                         
A2                                         |A2                                         
B1                                         |B1                                         
C1                                         |C1                                         
D1                                         |D1                                         
VGND                                       |VGND                                       
VNB                                        |VNB                                        
VPB                                        |VPB                                        
VPWR                                       |VPWR                                       
Y                                          |Y                                          
---------------------------------------------------------------------------------------
Cell pin lists are equivalent.
Device classes sky130_fd_sc_hd__a2111oi_1 and sky130_fd_sc_hd__a2111oi_1 are equivalent.

Cell sky130_fd_sc_hd__nand3b_1 (0) disconnected node: A_N
Cell sky130_fd_sc_hd__nand3b_1 (0) disconnected node: B
Cell sky130_fd_sc_hd__nand3b_1 (0) disconnected node: C
Cell sky130_fd_sc_hd__nand3b_1 (0) disconnected node: VGND
Cell sky130_fd_sc_hd__nand3b_1 (0) disconnected node: VNB
Cell sky130_fd_sc_hd__nand3b_1 (0) disconnected node: VPB
Cell sky130_fd_sc_hd__nand3b_1 (0) disconnected node: VPWR
Cell sky130_fd_sc_hd__nand3b_1 (0) disconnected node: Y
Warning: Equate pins:  cell sky130_fd_sc_hd__nand3b_1 is a placeholder, treated as a black box.

Subcircuit pins:
Circuit 1: sky130_fd_sc_hd__nand3b_1       |Circuit 2: sky130_fd_sc_hd__nand3b_1       
-------------------------------------------|-------------------------------------------
A_N                                        |A_N                                        
B                                          |B                                          
C                                          |C                                          
VGND                                       |VGND                                       
VNB                                        |VNB                                        
VPB                                        |VPB                                        
VPWR                                       |VPWR                                       
Y                                          |Y                                          
---------------------------------------------------------------------------------------
Cell pin lists are equivalent.
Device classes sky130_fd_sc_hd__nand3b_1 and sky130_fd_sc_hd__nand3b_1 are equivalent.

Cell sky130_fd_sc_hd__and4_2 (0) disconnected node: A
Cell sky130_fd_sc_hd__and4_2 (0) disconnected node: B
Cell sky130_fd_sc_hd__and4_2 (0) disconnected node: C
Cell sky130_fd_sc_hd__and4_2 (0) disconnected node: D
Cell sky130_fd_sc_hd__and4_2 (0) disconnected node: VGND
Cell sky130_fd_sc_hd__and4_2 (0) disconnected node: VNB
Cell sky130_fd_sc_hd__and4_2 (0) disconnected node: VPB
Cell sky130_fd_sc_hd__and4_2 (0) disconnected node: VPWR
Cell sky130_fd_sc_hd__and4_2 (0) disconnected node: X
Warning: Equate pins:  cell sky130_fd_sc_hd__and4_2 is a placeholder, treated as a black box.

Subcircuit pins:
Circuit 1: sky130_fd_sc_hd__and4_2         |Circuit 2: sky130_fd_sc_hd__and4_2         
-------------------------------------------|-------------------------------------------
A                                          |A                                          
B                                          |B                                          
C                                          |C                                          
D                                          |D                                          
VGND                                       |VGND                                       
VNB                                        |VNB                                        
VPB                                        |VPB                                        
VPWR                                       |VPWR                                       
X                                          |X                                          
---------------------------------------------------------------------------------------
Cell pin lists are equivalent.
Device classes sky130_fd_sc_hd__and4_2 and sky130_fd_sc_hd__and4_2 are equivalent.

Cell sky130_fd_sc_hd__a31oi_1 (0) disconnected node: A1
Cell sky130_fd_sc_hd__a31oi_1 (0) disconnected node: A2
Cell sky130_fd_sc_hd__a31oi_1 (0) disconnected node: A3
Cell sky130_fd_sc_hd__a31oi_1 (0) disconnected node: B1
Cell sky130_fd_sc_hd__a31oi_1 (0) disconnected node: VGND
Cell sky130_fd_sc_hd__a31oi_1 (0) disconnected node: VNB
Cell sky130_fd_sc_hd__a31oi_1 (0) disconnected node: VPB
Cell sky130_fd_sc_hd__a31oi_1 (0) disconnected node: VPWR
Cell sky130_fd_sc_hd__a31oi_1 (0) disconnected node: Y
Warning: Equate pins:  cell sky130_fd_sc_hd__a31oi_1 is a placeholder, treated as a black box.

Subcircuit pins:
Circuit 1: sky130_fd_sc_hd__a31oi_1        |Circuit 2: sky130_fd_sc_hd__a31oi_1        
-------------------------------------------|-------------------------------------------
A1                                         |A1                                         
A2                                         |A2                                         
A3                                         |A3                                         
B1                                         |B1                                         
VGND                                       |VGND                                       
VNB                                        |VNB                                        
VPB                                        |VPB                                        
VPWR                                       |VPWR                                       
Y                                          |Y                                          
---------------------------------------------------------------------------------------
Cell pin lists are equivalent.
Device classes sky130_fd_sc_hd__a31oi_1 and sky130_fd_sc_hd__a31oi_1 are equivalent.

Cell sky130_fd_sc_hd__a31o_4 (0) disconnected node: A1
Cell sky130_fd_sc_hd__a31o_4 (0) disconnected node: A2
Cell sky130_fd_sc_hd__a31o_4 (0) disconnected node: A3
Cell sky130_fd_sc_hd__a31o_4 (0) disconnected node: B1
Cell sky130_fd_sc_hd__a31o_4 (0) disconnected node: VGND
Cell sky130_fd_sc_hd__a31o_4 (0) disconnected node: VNB
Cell sky130_fd_sc_hd__a31o_4 (0) disconnected node: VPB
Cell sky130_fd_sc_hd__a31o_4 (0) disconnected node: VPWR
Cell sky130_fd_sc_hd__a31o_4 (0) disconnected node: X
Warning: Equate pins:  cell sky130_fd_sc_hd__a31o_4 is a placeholder, treated as a black box.

Subcircuit pins:
Circuit 1: sky130_fd_sc_hd__a31o_4         |Circuit 2: sky130_fd_sc_hd__a31o_4         
-------------------------------------------|-------------------------------------------
A1                                         |A1                                         
A2                                         |A2                                         
A3                                         |A3                                         
B1                                         |B1                                         
VGND                                       |VGND                                       
VNB                                        |VNB                                        
VPB                                        |VPB                                        
VPWR                                       |VPWR                                       
X                                          |X                                          
---------------------------------------------------------------------------------------
Cell pin lists are equivalent.
Device classes sky130_fd_sc_hd__a31o_4 and sky130_fd_sc_hd__a31o_4 are equivalent.

Cell sky130_fd_sc_hd__and3b_4 (0) disconnected node: A_N
Cell sky130_fd_sc_hd__and3b_4 (0) disconnected node: B
Cell sky130_fd_sc_hd__and3b_4 (0) disconnected node: C
Cell sky130_fd_sc_hd__and3b_4 (0) disconnected node: VGND
Cell sky130_fd_sc_hd__and3b_4 (0) disconnected node: VNB
Cell sky130_fd_sc_hd__and3b_4 (0) disconnected node: VPB
Cell sky130_fd_sc_hd__and3b_4 (0) disconnected node: VPWR
Cell sky130_fd_sc_hd__and3b_4 (0) disconnected node: X
Warning: Equate pins:  cell sky130_fd_sc_hd__and3b_4 is a placeholder, treated as a black box.

Subcircuit pins:
Circuit 1: sky130_fd_sc_hd__and3b_4        |Circuit 2: sky130_fd_sc_hd__and3b_4        
-------------------------------------------|-------------------------------------------
A_N                                        |A_N                                        
B                                          |B                                          
C                                          |C                                          
VGND                                       |VGND                                       
VNB                                        |VNB                                        
VPB                                        |VPB                                        
VPWR                                       |VPWR                                       
X                                          |X                                          
---------------------------------------------------------------------------------------
Cell pin lists are equivalent.
Device classes sky130_fd_sc_hd__and3b_4 and sky130_fd_sc_hd__and3b_4 are equivalent.

Cell sky130_fd_sc_hd__o21ai_4 (0) disconnected node: A1
Cell sky130_fd_sc_hd__o21ai_4 (0) disconnected node: A2
Cell sky130_fd_sc_hd__o21ai_4 (0) disconnected node: B1
Cell sky130_fd_sc_hd__o21ai_4 (0) disconnected node: VGND
Cell sky130_fd_sc_hd__o21ai_4 (0) disconnected node: VNB
Cell sky130_fd_sc_hd__o21ai_4 (0) disconnected node: VPB
Cell sky130_fd_sc_hd__o21ai_4 (0) disconnected node: VPWR
Cell sky130_fd_sc_hd__o21ai_4 (0) disconnected node: Y
Warning: Equate pins:  cell sky130_fd_sc_hd__o21ai_4 is a placeholder, treated as a black box.

Subcircuit pins:
Circuit 1: sky130_fd_sc_hd__o21ai_4        |Circuit 2: sky130_fd_sc_hd__o21ai_4        
-------------------------------------------|-------------------------------------------
A1                                         |A1                                         
A2                                         |A2                                         
B1                                         |B1                                         
VGND                                       |VGND                                       
VNB                                        |VNB                                        
VPB                                        |VPB                                        
VPWR                                       |VPWR                                       
Y                                          |Y                                          
---------------------------------------------------------------------------------------
Cell pin lists are equivalent.
Device classes sky130_fd_sc_hd__o21ai_4 and sky130_fd_sc_hd__o21ai_4 are equivalent.

Cell sky130_fd_sc_hd__o31ai_4 (0) disconnected node: A1
Cell sky130_fd_sc_hd__o31ai_4 (0) disconnected node: A2
Cell sky130_fd_sc_hd__o31ai_4 (0) disconnected node: A3
Cell sky130_fd_sc_hd__o31ai_4 (0) disconnected node: B1
Cell sky130_fd_sc_hd__o31ai_4 (0) disconnected node: VGND
Cell sky130_fd_sc_hd__o31ai_4 (0) disconnected node: VNB
Cell sky130_fd_sc_hd__o31ai_4 (0) disconnected node: VPB
Cell sky130_fd_sc_hd__o31ai_4 (0) disconnected node: VPWR
Cell sky130_fd_sc_hd__o31ai_4 (0) disconnected node: Y
Warning: Equate pins:  cell sky130_fd_sc_hd__o31ai_4 is a placeholder, treated as a black box.

Subcircuit pins:
Circuit 1: sky130_fd_sc_hd__o31ai_4        |Circuit 2: sky130_fd_sc_hd__o31ai_4        
-------------------------------------------|-------------------------------------------
A1                                         |A1                                         
A2                                         |A2                                         
A3                                         |A3                                         
B1                                         |B1                                         
VGND                                       |VGND                                       
VNB                                        |VNB                                        
VPB                                        |VPB                                        
VPWR                                       |VPWR                                       
Y                                          |Y                                          
---------------------------------------------------------------------------------------
Cell pin lists are equivalent.
Device classes sky130_fd_sc_hd__o31ai_4 and sky130_fd_sc_hd__o31ai_4 are equivalent.

Cell sky130_fd_sc_hd__o31ai_1 (0) disconnected node: A1
Cell sky130_fd_sc_hd__o31ai_1 (0) disconnected node: A2
Cell sky130_fd_sc_hd__o31ai_1 (0) disconnected node: A3
Cell sky130_fd_sc_hd__o31ai_1 (0) disconnected node: B1
Cell sky130_fd_sc_hd__o31ai_1 (0) disconnected node: VGND
Cell sky130_fd_sc_hd__o31ai_1 (0) disconnected node: VNB
Cell sky130_fd_sc_hd__o31ai_1 (0) disconnected node: VPB
Cell sky130_fd_sc_hd__o31ai_1 (0) disconnected node: VPWR
Cell sky130_fd_sc_hd__o31ai_1 (0) disconnected node: Y
Warning: Equate pins:  cell sky130_fd_sc_hd__o31ai_1 is a placeholder, treated as a black box.

Subcircuit pins:
Circuit 1: sky130_fd_sc_hd__o31ai_1        |Circuit 2: sky130_fd_sc_hd__o31ai_1        
-------------------------------------------|-------------------------------------------
A1                                         |A1                                         
A2                                         |A2                                         
A3                                         |A3                                         
B1                                         |B1                                         
VGND                                       |VGND                                       
VNB                                        |VNB                                        
VPB                                        |VPB                                        
VPWR                                       |VPWR                                       
Y                                          |Y                                          
---------------------------------------------------------------------------------------
Cell pin lists are equivalent.
Device classes sky130_fd_sc_hd__o31ai_1 and sky130_fd_sc_hd__o31ai_1 are equivalent.

Cell sky130_fd_sc_hd__nand3_4 (0) disconnected node: A
Cell sky130_fd_sc_hd__nand3_4 (0) disconnected node: B
Cell sky130_fd_sc_hd__nand3_4 (0) disconnected node: C
Cell sky130_fd_sc_hd__nand3_4 (0) disconnected node: VGND
Cell sky130_fd_sc_hd__nand3_4 (0) disconnected node: VNB
Cell sky130_fd_sc_hd__nand3_4 (0) disconnected node: VPB
Cell sky130_fd_sc_hd__nand3_4 (0) disconnected node: VPWR
Cell sky130_fd_sc_hd__nand3_4 (0) disconnected node: Y
Warning: Equate pins:  cell sky130_fd_sc_hd__nand3_4 is a placeholder, treated as a black box.

Subcircuit pins:
Circuit 1: sky130_fd_sc_hd__nand3_4        |Circuit 2: sky130_fd_sc_hd__nand3_4        
-------------------------------------------|-------------------------------------------
A                                          |A                                          
B                                          |B                                          
C                                          |C                                          
VGND                                       |VGND                                       
VNB                                        |VNB                                        
VPB                                        |VPB                                        
VPWR                                       |VPWR                                       
Y                                          |Y                                          
---------------------------------------------------------------------------------------
Cell pin lists are equivalent.
Device classes sky130_fd_sc_hd__nand3_4 and sky130_fd_sc_hd__nand3_4 are equivalent.

Cell sky130_fd_sc_hd__a32o_4 (0) disconnected node: A1
Cell sky130_fd_sc_hd__a32o_4 (0) disconnected node: A2
Cell sky130_fd_sc_hd__a32o_4 (0) disconnected node: A3
Cell sky130_fd_sc_hd__a32o_4 (0) disconnected node: B1
Cell sky130_fd_sc_hd__a32o_4 (0) disconnected node: B2
Cell sky130_fd_sc_hd__a32o_4 (0) disconnected node: VGND
Cell sky130_fd_sc_hd__a32o_4 (0) disconnected node: VNB
Cell sky130_fd_sc_hd__a32o_4 (0) disconnected node: VPB
Cell sky130_fd_sc_hd__a32o_4 (0) disconnected node: VPWR
Cell sky130_fd_sc_hd__a32o_4 (0) disconnected node: X
Warning: Equate pins:  cell sky130_fd_sc_hd__a32o_4 is a placeholder, treated as a black box.

Subcircuit pins:
Circuit 1: sky130_fd_sc_hd__a32o_4         |Circuit 2: sky130_fd_sc_hd__a32o_4         
-------------------------------------------|-------------------------------------------
A1                                         |A1                                         
A2                                         |A2                                         
A3                                         |A3                                         
B1                                         |B1                                         
B2                                         |B2                                         
VGND                                       |VGND                                       
VNB                                        |VNB                                        
VPB                                        |VPB                                        
VPWR                                       |VPWR                                       
X                                          |X                                          
---------------------------------------------------------------------------------------
Cell pin lists are equivalent.
Device classes sky130_fd_sc_hd__a32o_4 and sky130_fd_sc_hd__a32o_4 are equivalent.

Cell sky130_fd_sc_hd__nand2_4 (0) disconnected node: A
Cell sky130_fd_sc_hd__nand2_4 (0) disconnected node: B
Cell sky130_fd_sc_hd__nand2_4 (0) disconnected node: VGND
Cell sky130_fd_sc_hd__nand2_4 (0) disconnected node: VNB
Cell sky130_fd_sc_hd__nand2_4 (0) disconnected node: VPB
Cell sky130_fd_sc_hd__nand2_4 (0) disconnected node: VPWR
Cell sky130_fd_sc_hd__nand2_4 (0) disconnected node: Y
Warning: Equate pins:  cell sky130_fd_sc_hd__nand2_4 is a placeholder, treated as a black box.

Subcircuit pins:
Circuit 1: sky130_fd_sc_hd__nand2_4        |Circuit 2: sky130_fd_sc_hd__nand2_4        
-------------------------------------------|-------------------------------------------
A                                          |A                                          
B                                          |B                                          
VGND                                       |VGND                                       
VNB                                        |VNB                                        
VPB                                        |VPB                                        
VPWR                                       |VPWR                                       
Y                                          |Y                                          
---------------------------------------------------------------------------------------
Cell pin lists are equivalent.
Device classes sky130_fd_sc_hd__nand2_4 and sky130_fd_sc_hd__nand2_4 are equivalent.

Cell sky130_fd_sc_hd__and4bb_1 (0) disconnected node: A_N
Cell sky130_fd_sc_hd__and4bb_1 (0) disconnected node: B_N
Cell sky130_fd_sc_hd__and4bb_1 (0) disconnected node: C
Cell sky130_fd_sc_hd__and4bb_1 (0) disconnected node: D
Cell sky130_fd_sc_hd__and4bb_1 (0) disconnected node: VGND
Cell sky130_fd_sc_hd__and4bb_1 (0) disconnected node: VNB
Cell sky130_fd_sc_hd__and4bb_1 (0) disconnected node: VPB
Cell sky130_fd_sc_hd__and4bb_1 (0) disconnected node: VPWR
Cell sky130_fd_sc_hd__and4bb_1 (0) disconnected node: X
Warning: Equate pins:  cell sky130_fd_sc_hd__and4bb_1 is a placeholder, treated as a black box.

Subcircuit pins:
Circuit 1: sky130_fd_sc_hd__and4bb_1       |Circuit 2: sky130_fd_sc_hd__and4bb_1       
-------------------------------------------|-------------------------------------------
A_N                                        |A_N                                        
B_N                                        |B_N                                        
C                                          |C                                          
D                                          |D                                          
VGND                                       |VGND                                       
VNB                                        |VNB                                        
VPB                                        |VPB                                        
VPWR                                       |VPWR                                       
X                                          |X                                          
---------------------------------------------------------------------------------------
Cell pin lists are equivalent.
Device classes sky130_fd_sc_hd__and4bb_1 and sky130_fd_sc_hd__and4bb_1 are equivalent.

Cell sky130_fd_sc_hd__or3_2 (0) disconnected node: A
Cell sky130_fd_sc_hd__or3_2 (0) disconnected node: B
Cell sky130_fd_sc_hd__or3_2 (0) disconnected node: C
Cell sky130_fd_sc_hd__or3_2 (0) disconnected node: VGND
Cell sky130_fd_sc_hd__or3_2 (0) disconnected node: VNB
Cell sky130_fd_sc_hd__or3_2 (0) disconnected node: VPB
Cell sky130_fd_sc_hd__or3_2 (0) disconnected node: VPWR
Cell sky130_fd_sc_hd__or3_2 (0) disconnected node: X
Warning: Equate pins:  cell sky130_fd_sc_hd__or3_2 is a placeholder, treated as a black box.

Subcircuit pins:
Circuit 1: sky130_fd_sc_hd__or3_2          |Circuit 2: sky130_fd_sc_hd__or3_2          
-------------------------------------------|-------------------------------------------
A                                          |A                                          
B                                          |B                                          
C                                          |C                                          
VGND                                       |VGND                                       
VNB                                        |VNB                                        
VPB                                        |VPB                                        
VPWR                                       |VPWR                                       
X                                          |X                                          
---------------------------------------------------------------------------------------
Cell pin lists are equivalent.
Device classes sky130_fd_sc_hd__or3_2 and sky130_fd_sc_hd__or3_2 are equivalent.

Cell sky130_fd_sc_hd__or4_4 (0) disconnected node: A
Cell sky130_fd_sc_hd__or4_4 (0) disconnected node: B
Cell sky130_fd_sc_hd__or4_4 (0) disconnected node: C
Cell sky130_fd_sc_hd__or4_4 (0) disconnected node: D
Cell sky130_fd_sc_hd__or4_4 (0) disconnected node: VGND
Cell sky130_fd_sc_hd__or4_4 (0) disconnected node: VNB
Cell sky130_fd_sc_hd__or4_4 (0) disconnected node: VPB
Cell sky130_fd_sc_hd__or4_4 (0) disconnected node: VPWR
Cell sky130_fd_sc_hd__or4_4 (0) disconnected node: X
Warning: Equate pins:  cell sky130_fd_sc_hd__or4_4 is a placeholder, treated as a black box.

Subcircuit pins:
Circuit 1: sky130_fd_sc_hd__or4_4          |Circuit 2: sky130_fd_sc_hd__or4_4          
-------------------------------------------|-------------------------------------------
A                                          |A                                          
B                                          |B                                          
C                                          |C                                          
D                                          |D                                          
VGND                                       |VGND                                       
VNB                                        |VNB                                        
VPB                                        |VPB                                        
VPWR                                       |VPWR                                       
X                                          |X                                          
---------------------------------------------------------------------------------------
Cell pin lists are equivalent.
Device classes sky130_fd_sc_hd__or4_4 and sky130_fd_sc_hd__or4_4 are equivalent.

Cell sky130_fd_sc_hd__o21bai_1 (0) disconnected node: A1
Cell sky130_fd_sc_hd__o21bai_1 (0) disconnected node: A2
Cell sky130_fd_sc_hd__o21bai_1 (0) disconnected node: B1_N
Cell sky130_fd_sc_hd__o21bai_1 (0) disconnected node: VGND
Cell sky130_fd_sc_hd__o21bai_1 (0) disconnected node: VNB
Cell sky130_fd_sc_hd__o21bai_1 (0) disconnected node: VPB
Cell sky130_fd_sc_hd__o21bai_1 (0) disconnected node: VPWR
Cell sky130_fd_sc_hd__o21bai_1 (0) disconnected node: Y
Warning: Equate pins:  cell sky130_fd_sc_hd__o21bai_1 is a placeholder, treated as a black box.

Subcircuit pins:
Circuit 1: sky130_fd_sc_hd__o21bai_1       |Circuit 2: sky130_fd_sc_hd__o21bai_1       
-------------------------------------------|-------------------------------------------
A1                                         |A1                                         
A2                                         |A2                                         
B1_N                                       |B1_N                                       
VGND                                       |VGND                                       
VNB                                        |VNB                                        
VPB                                        |VPB                                        
VPWR                                       |VPWR                                       
Y                                          |Y                                          
---------------------------------------------------------------------------------------
Cell pin lists are equivalent.
Device classes sky130_fd_sc_hd__o21bai_1 and sky130_fd_sc_hd__o21bai_1 are equivalent.

Cell sky130_fd_sc_hd__nand4_1 (0) disconnected node: A
Cell sky130_fd_sc_hd__nand4_1 (0) disconnected node: B
Cell sky130_fd_sc_hd__nand4_1 (0) disconnected node: C
Cell sky130_fd_sc_hd__nand4_1 (0) disconnected node: D
Cell sky130_fd_sc_hd__nand4_1 (0) disconnected node: VGND
Cell sky130_fd_sc_hd__nand4_1 (0) disconnected node: VNB
Cell sky130_fd_sc_hd__nand4_1 (0) disconnected node: VPB
Cell sky130_fd_sc_hd__nand4_1 (0) disconnected node: VPWR
Cell sky130_fd_sc_hd__nand4_1 (0) disconnected node: Y
Warning: Equate pins:  cell sky130_fd_sc_hd__nand4_1 is a placeholder, treated as a black box.

Subcircuit pins:
Circuit 1: sky130_fd_sc_hd__nand4_1        |Circuit 2: sky130_fd_sc_hd__nand4_1        
-------------------------------------------|-------------------------------------------
A                                          |A                                          
B                                          |B                                          
C                                          |C                                          
D                                          |D                                          
VGND                                       |VGND                                       
VNB                                        |VNB                                        
VPB                                        |VPB                                        
VPWR                                       |VPWR                                       
Y                                          |Y                                          
---------------------------------------------------------------------------------------
Cell pin lists are equivalent.
Device classes sky130_fd_sc_hd__nand4_1 and sky130_fd_sc_hd__nand4_1 are equivalent.

Cell sky130_fd_sc_hd__nor4_1 (0) disconnected node: A
Cell sky130_fd_sc_hd__nor4_1 (0) disconnected node: B
Cell sky130_fd_sc_hd__nor4_1 (0) disconnected node: C
Cell sky130_fd_sc_hd__nor4_1 (0) disconnected node: D
Cell sky130_fd_sc_hd__nor4_1 (0) disconnected node: VGND
Cell sky130_fd_sc_hd__nor4_1 (0) disconnected node: VNB
Cell sky130_fd_sc_hd__nor4_1 (0) disconnected node: VPB
Cell sky130_fd_sc_hd__nor4_1 (0) disconnected node: VPWR
Cell sky130_fd_sc_hd__nor4_1 (0) disconnected node: Y
Warning: Equate pins:  cell sky130_fd_sc_hd__nor4_1 is a placeholder, treated as a black box.

Subcircuit pins:
Circuit 1: sky130_fd_sc_hd__nor4_1         |Circuit 2: sky130_fd_sc_hd__nor4_1         
-------------------------------------------|-------------------------------------------
A                                          |A                                          
B                                          |B                                          
C                                          |C                                          
D                                          |D                                          
VGND                                       |VGND                                       
VNB                                        |VNB                                        
VPB                                        |VPB                                        
VPWR                                       |VPWR                                       
Y                                          |Y                                          
---------------------------------------------------------------------------------------
Cell pin lists are equivalent.
Device classes sky130_fd_sc_hd__nor4_1 and sky130_fd_sc_hd__nor4_1 are equivalent.

Cell sky130_fd_sc_hd__a311o_2 (0) disconnected node: A1
Cell sky130_fd_sc_hd__a311o_2 (0) disconnected node: A2
Cell sky130_fd_sc_hd__a311o_2 (0) disconnected node: A3
Cell sky130_fd_sc_hd__a311o_2 (0) disconnected node: B1
Cell sky130_fd_sc_hd__a311o_2 (0) disconnected node: C1
Cell sky130_fd_sc_hd__a311o_2 (0) disconnected node: VGND
Cell sky130_fd_sc_hd__a311o_2 (0) disconnected node: VNB
Cell sky130_fd_sc_hd__a311o_2 (0) disconnected node: VPB
Cell sky130_fd_sc_hd__a311o_2 (0) disconnected node: VPWR
Cell sky130_fd_sc_hd__a311o_2 (0) disconnected node: X
Warning: Equate pins:  cell sky130_fd_sc_hd__a311o_2 is a placeholder, treated as a black box.

Subcircuit pins:
Circuit 1: sky130_fd_sc_hd__a311o_2        |Circuit 2: sky130_fd_sc_hd__a311o_2        
-------------------------------------------|-------------------------------------------
A1                                         |A1                                         
A2                                         |A2                                         
A3                                         |A3                                         
B1                                         |B1                                         
C1                                         |C1                                         
VGND                                       |VGND                                       
VNB                                        |VNB                                        
VPB                                        |VPB                                        
VPWR                                       |VPWR                                       
X                                          |X                                          
---------------------------------------------------------------------------------------
Cell pin lists are equivalent.
Device classes sky130_fd_sc_hd__a311o_2 and sky130_fd_sc_hd__a311o_2 are equivalent.

Cell sky130_fd_sc_hd__inv_6 (0) disconnected node: A
Cell sky130_fd_sc_hd__inv_6 (0) disconnected node: VGND
Cell sky130_fd_sc_hd__inv_6 (0) disconnected node: VNB
Cell sky130_fd_sc_hd__inv_6 (0) disconnected node: VPB
Cell sky130_fd_sc_hd__inv_6 (0) disconnected node: VPWR
Cell sky130_fd_sc_hd__inv_6 (0) disconnected node: Y
Warning: Equate pins:  cell sky130_fd_sc_hd__inv_6 is a placeholder, treated as a black box.

Subcircuit pins:
Circuit 1: sky130_fd_sc_hd__inv_6          |Circuit 2: sky130_fd_sc_hd__inv_6          
-------------------------------------------|-------------------------------------------
A                                          |A                                          
VGND                                       |VGND                                       
VNB                                        |VNB                                        
VPB                                        |VPB                                        
VPWR                                       |VPWR                                       
Y                                          |Y                                          
---------------------------------------------------------------------------------------
Cell pin lists are equivalent.
Device classes sky130_fd_sc_hd__inv_6 and sky130_fd_sc_hd__inv_6 are equivalent.

Cell sky130_fd_sc_hd__nand2b_2 (0) disconnected node: A_N
Cell sky130_fd_sc_hd__nand2b_2 (0) disconnected node: B
Cell sky130_fd_sc_hd__nand2b_2 (0) disconnected node: VGND
Cell sky130_fd_sc_hd__nand2b_2 (0) disconnected node: VNB
Cell sky130_fd_sc_hd__nand2b_2 (0) disconnected node: VPB
Cell sky130_fd_sc_hd__nand2b_2 (0) disconnected node: VPWR
Cell sky130_fd_sc_hd__nand2b_2 (0) disconnected node: Y
Warning: Equate pins:  cell sky130_fd_sc_hd__nand2b_2 is a placeholder, treated as a black box.

Subcircuit pins:
Circuit 1: sky130_fd_sc_hd__nand2b_2       |Circuit 2: sky130_fd_sc_hd__nand2b_2       
-------------------------------------------|-------------------------------------------
A_N                                        |A_N                                        
B                                          |B                                          
VGND                                       |VGND                                       
VNB                                        |VNB                                        
VPB                                        |VPB                                        
VPWR                                       |VPWR                                       
Y                                          |Y                                          
---------------------------------------------------------------------------------------
Cell pin lists are equivalent.
Device classes sky130_fd_sc_hd__nand2b_2 and sky130_fd_sc_hd__nand2b_2 are equivalent.

Cell sky130_fd_sc_hd__a211oi_4 (0) disconnected node: A1
Cell sky130_fd_sc_hd__a211oi_4 (0) disconnected node: A2
Cell sky130_fd_sc_hd__a211oi_4 (0) disconnected node: B1
Cell sky130_fd_sc_hd__a211oi_4 (0) disconnected node: C1
Cell sky130_fd_sc_hd__a211oi_4 (0) disconnected node: VGND
Cell sky130_fd_sc_hd__a211oi_4 (0) disconnected node: VNB
Cell sky130_fd_sc_hd__a211oi_4 (0) disconnected node: VPB
Cell sky130_fd_sc_hd__a211oi_4 (0) disconnected node: VPWR
Cell sky130_fd_sc_hd__a211oi_4 (0) disconnected node: Y
Warning: Equate pins:  cell sky130_fd_sc_hd__a211oi_4 is a placeholder, treated as a black box.

Subcircuit pins:
Circuit 1: sky130_fd_sc_hd__a211oi_4       |Circuit 2: sky130_fd_sc_hd__a211oi_4       
-------------------------------------------|-------------------------------------------
A1                                         |A1                                         
A2                                         |A2                                         
B1                                         |B1                                         
C1                                         |C1                                         
VGND                                       |VGND                                       
VNB                                        |VNB                                        
VPB                                        |VPB                                        
VPWR                                       |VPWR                                       
Y                                          |Y                                          
---------------------------------------------------------------------------------------
Cell pin lists are equivalent.
Device classes sky130_fd_sc_hd__a211oi_4 and sky130_fd_sc_hd__a211oi_4 are equivalent.

Cell sky130_fd_sc_hd__o22a_1 (0) disconnected node: A1
Cell sky130_fd_sc_hd__o22a_1 (0) disconnected node: A2
Cell sky130_fd_sc_hd__o22a_1 (0) disconnected node: B1
Cell sky130_fd_sc_hd__o22a_1 (0) disconnected node: B2
Cell sky130_fd_sc_hd__o22a_1 (0) disconnected node: VGND
Cell sky130_fd_sc_hd__o22a_1 (0) disconnected node: VNB
Cell sky130_fd_sc_hd__o22a_1 (0) disconnected node: VPB
Cell sky130_fd_sc_hd__o22a_1 (0) disconnected node: VPWR
Cell sky130_fd_sc_hd__o22a_1 (0) disconnected node: X
Warning: Equate pins:  cell sky130_fd_sc_hd__o22a_1 is a placeholder, treated as a black box.

Subcircuit pins:
Circuit 1: sky130_fd_sc_hd__o22a_1         |Circuit 2: sky130_fd_sc_hd__o22a_1         
-------------------------------------------|-------------------------------------------
A1                                         |A1                                         
A2                                         |A2                                         
B1                                         |B1                                         
B2                                         |B2                                         
VGND                                       |VGND                                       
VNB                                        |VNB                                        
VPB                                        |VPB                                        
VPWR                                       |VPWR                                       
X                                          |X                                          
---------------------------------------------------------------------------------------
Cell pin lists are equivalent.
Device classes sky130_fd_sc_hd__o22a_1 and sky130_fd_sc_hd__o22a_1 are equivalent.

Cell sky130_fd_sc_hd__a221oi_4 (0) disconnected node: A1
Cell sky130_fd_sc_hd__a221oi_4 (0) disconnected node: A2
Cell sky130_fd_sc_hd__a221oi_4 (0) disconnected node: B1
Cell sky130_fd_sc_hd__a221oi_4 (0) disconnected node: B2
Cell sky130_fd_sc_hd__a221oi_4 (0) disconnected node: C1
Cell sky130_fd_sc_hd__a221oi_4 (0) disconnected node: VGND
Cell sky130_fd_sc_hd__a221oi_4 (0) disconnected node: VNB
Cell sky130_fd_sc_hd__a221oi_4 (0) disconnected node: VPB
Cell sky130_fd_sc_hd__a221oi_4 (0) disconnected node: VPWR
Cell sky130_fd_sc_hd__a221oi_4 (0) disconnected node: Y
Warning: Equate pins:  cell sky130_fd_sc_hd__a221oi_4 is a placeholder, treated as a black box.

Subcircuit pins:
Circuit 1: sky130_fd_sc_hd__a221oi_4       |Circuit 2: sky130_fd_sc_hd__a221oi_4       
-------------------------------------------|-------------------------------------------
A1                                         |A1                                         
A2                                         |A2                                         
B1                                         |B1                                         
B2                                         |B2                                         
C1                                         |C1                                         
VGND                                       |VGND                                       
VNB                                        |VNB                                        
VPB                                        |VPB                                        
VPWR                                       |VPWR                                       
Y                                          |Y                                          
---------------------------------------------------------------------------------------
Cell pin lists are equivalent.
Device classes sky130_fd_sc_hd__a221oi_4 and sky130_fd_sc_hd__a221oi_4 are equivalent.

Cell sky130_fd_sc_hd__nand3b_2 (0) disconnected node: A_N
Cell sky130_fd_sc_hd__nand3b_2 (0) disconnected node: B
Cell sky130_fd_sc_hd__nand3b_2 (0) disconnected node: C
Cell sky130_fd_sc_hd__nand3b_2 (0) disconnected node: VGND
Cell sky130_fd_sc_hd__nand3b_2 (0) disconnected node: VNB
Cell sky130_fd_sc_hd__nand3b_2 (0) disconnected node: VPB
Cell sky130_fd_sc_hd__nand3b_2 (0) disconnected node: VPWR
Cell sky130_fd_sc_hd__nand3b_2 (0) disconnected node: Y
Warning: Equate pins:  cell sky130_fd_sc_hd__nand3b_2 is a placeholder, treated as a black box.

Subcircuit pins:
Circuit 1: sky130_fd_sc_hd__nand3b_2       |Circuit 2: sky130_fd_sc_hd__nand3b_2       
-------------------------------------------|-------------------------------------------
A_N                                        |A_N                                        
B                                          |B                                          
C                                          |C                                          
VGND                                       |VGND                                       
VNB                                        |VNB                                        
VPB                                        |VPB                                        
VPWR                                       |VPWR                                       
Y                                          |Y                                          
---------------------------------------------------------------------------------------
Cell pin lists are equivalent.
Device classes sky130_fd_sc_hd__nand3b_2 and sky130_fd_sc_hd__nand3b_2 are equivalent.

Cell sky130_fd_sc_hd__nor3_2 (0) disconnected node: A
Cell sky130_fd_sc_hd__nor3_2 (0) disconnected node: B
Cell sky130_fd_sc_hd__nor3_2 (0) disconnected node: C
Cell sky130_fd_sc_hd__nor3_2 (0) disconnected node: VGND
Cell sky130_fd_sc_hd__nor3_2 (0) disconnected node: VNB
Cell sky130_fd_sc_hd__nor3_2 (0) disconnected node: VPB
Cell sky130_fd_sc_hd__nor3_2 (0) disconnected node: VPWR
Cell sky130_fd_sc_hd__nor3_2 (0) disconnected node: Y
Warning: Equate pins:  cell sky130_fd_sc_hd__nor3_2 is a placeholder, treated as a black box.

Subcircuit pins:
Circuit 1: sky130_fd_sc_hd__nor3_2         |Circuit 2: sky130_fd_sc_hd__nor3_2         
-------------------------------------------|-------------------------------------------
A                                          |A                                          
B                                          |B                                          
C                                          |C                                          
VGND                                       |VGND                                       
VNB                                        |VNB                                        
VPB                                        |VPB                                        
VPWR                                       |VPWR                                       
Y                                          |Y                                          
---------------------------------------------------------------------------------------
Cell pin lists are equivalent.
Device classes sky130_fd_sc_hd__nor3_2 and sky130_fd_sc_hd__nor3_2 are equivalent.

Cell sky130_fd_sc_hd__o21ba_2 (0) disconnected node: A1
Cell sky130_fd_sc_hd__o21ba_2 (0) disconnected node: A2
Cell sky130_fd_sc_hd__o21ba_2 (0) disconnected node: B1_N
Cell sky130_fd_sc_hd__o21ba_2 (0) disconnected node: VGND
Cell sky130_fd_sc_hd__o21ba_2 (0) disconnected node: VNB
Cell sky130_fd_sc_hd__o21ba_2 (0) disconnected node: VPB
Cell sky130_fd_sc_hd__o21ba_2 (0) disconnected node: VPWR
Cell sky130_fd_sc_hd__o21ba_2 (0) disconnected node: X
Warning: Equate pins:  cell sky130_fd_sc_hd__o21ba_2 is a placeholder, treated as a black box.

Subcircuit pins:
Circuit 1: sky130_fd_sc_hd__o21ba_2        |Circuit 2: sky130_fd_sc_hd__o21ba_2        
-------------------------------------------|-------------------------------------------
A1                                         |A1                                         
A2                                         |A2                                         
B1_N                                       |B1_N                                       
VGND                                       |VGND                                       
VNB                                        |VNB                                        
VPB                                        |VPB                                        
VPWR                                       |VPWR                                       
X                                          |X                                          
---------------------------------------------------------------------------------------
Cell pin lists are equivalent.
Device classes sky130_fd_sc_hd__o21ba_2 and sky130_fd_sc_hd__o21ba_2 are equivalent.

Cell sky130_fd_sc_hd__a31oi_2 (0) disconnected node: A1
Cell sky130_fd_sc_hd__a31oi_2 (0) disconnected node: A2
Cell sky130_fd_sc_hd__a31oi_2 (0) disconnected node: A3
Cell sky130_fd_sc_hd__a31oi_2 (0) disconnected node: B1
Cell sky130_fd_sc_hd__a31oi_2 (0) disconnected node: VGND
Cell sky130_fd_sc_hd__a31oi_2 (0) disconnected node: VNB
Cell sky130_fd_sc_hd__a31oi_2 (0) disconnected node: VPB
Cell sky130_fd_sc_hd__a31oi_2 (0) disconnected node: VPWR
Cell sky130_fd_sc_hd__a31oi_2 (0) disconnected node: Y
Warning: Equate pins:  cell sky130_fd_sc_hd__a31oi_2 is a placeholder, treated as a black box.

Subcircuit pins:
Circuit 1: sky130_fd_sc_hd__a31oi_2        |Circuit 2: sky130_fd_sc_hd__a31oi_2        
-------------------------------------------|-------------------------------------------
A1                                         |A1                                         
A2                                         |A2                                         
A3                                         |A3                                         
B1                                         |B1                                         
VGND                                       |VGND                                       
VNB                                        |VNB                                        
VPB                                        |VPB                                        
VPWR                                       |VPWR                                       
Y                                          |Y                                          
---------------------------------------------------------------------------------------
Cell pin lists are equivalent.
Device classes sky130_fd_sc_hd__a31oi_2 and sky130_fd_sc_hd__a31oi_2 are equivalent.

Cell sky130_fd_sc_hd__or3_4 (0) disconnected node: A
Cell sky130_fd_sc_hd__or3_4 (0) disconnected node: B
Cell sky130_fd_sc_hd__or3_4 (0) disconnected node: C
Cell sky130_fd_sc_hd__or3_4 (0) disconnected node: VGND
Cell sky130_fd_sc_hd__or3_4 (0) disconnected node: VNB
Cell sky130_fd_sc_hd__or3_4 (0) disconnected node: VPB
Cell sky130_fd_sc_hd__or3_4 (0) disconnected node: VPWR
Cell sky130_fd_sc_hd__or3_4 (0) disconnected node: X
Warning: Equate pins:  cell sky130_fd_sc_hd__or3_4 is a placeholder, treated as a black box.

Subcircuit pins:
Circuit 1: sky130_fd_sc_hd__or3_4          |Circuit 2: sky130_fd_sc_hd__or3_4          
-------------------------------------------|-------------------------------------------
A                                          |A                                          
B                                          |B                                          
C                                          |C                                          
VGND                                       |VGND                                       
VNB                                        |VNB                                        
VPB                                        |VPB                                        
VPWR                                       |VPWR                                       
X                                          |X                                          
---------------------------------------------------------------------------------------
Cell pin lists are equivalent.
Device classes sky130_fd_sc_hd__or3_4 and sky130_fd_sc_hd__or3_4 are equivalent.

Cell sky130_fd_sc_hd__or3b_2 (0) disconnected node: A
Cell sky130_fd_sc_hd__or3b_2 (0) disconnected node: B
Cell sky130_fd_sc_hd__or3b_2 (0) disconnected node: C_N
Cell sky130_fd_sc_hd__or3b_2 (0) disconnected node: VGND
Cell sky130_fd_sc_hd__or3b_2 (0) disconnected node: VNB
Cell sky130_fd_sc_hd__or3b_2 (0) disconnected node: VPB
Cell sky130_fd_sc_hd__or3b_2 (0) disconnected node: VPWR
Cell sky130_fd_sc_hd__or3b_2 (0) disconnected node: X
Warning: Equate pins:  cell sky130_fd_sc_hd__or3b_2 is a placeholder, treated as a black box.

Subcircuit pins:
Circuit 1: sky130_fd_sc_hd__or3b_2         |Circuit 2: sky130_fd_sc_hd__or3b_2         
-------------------------------------------|-------------------------------------------
A                                          |A                                          
B                                          |B                                          
C_N                                        |C_N                                        
VGND                                       |VGND                                       
VNB                                        |VNB                                        
VPB                                        |VPB                                        
VPWR                                       |VPWR                                       
X                                          |X                                          
---------------------------------------------------------------------------------------
Cell pin lists are equivalent.
Device classes sky130_fd_sc_hd__or3b_2 and sky130_fd_sc_hd__or3b_2 are equivalent.

Cell sky130_fd_sc_hd__o211ai_2 (0) disconnected node: A1
Cell sky130_fd_sc_hd__o211ai_2 (0) disconnected node: A2
Cell sky130_fd_sc_hd__o211ai_2 (0) disconnected node: B1
Cell sky130_fd_sc_hd__o211ai_2 (0) disconnected node: C1
Cell sky130_fd_sc_hd__o211ai_2 (0) disconnected node: VGND
Cell sky130_fd_sc_hd__o211ai_2 (0) disconnected node: VNB
Cell sky130_fd_sc_hd__o211ai_2 (0) disconnected node: VPB
Cell sky130_fd_sc_hd__o211ai_2 (0) disconnected node: VPWR
Cell sky130_fd_sc_hd__o211ai_2 (0) disconnected node: Y
Warning: Equate pins:  cell sky130_fd_sc_hd__o211ai_2 is a placeholder, treated as a black box.

Subcircuit pins:
Circuit 1: sky130_fd_sc_hd__o211ai_2       |Circuit 2: sky130_fd_sc_hd__o211ai_2       
-------------------------------------------|-------------------------------------------
A1                                         |A1                                         
A2                                         |A2                                         
B1                                         |B1                                         
C1                                         |C1                                         
VGND                                       |VGND                                       
VNB                                        |VNB                                        
VPB                                        |VPB                                        
VPWR                                       |VPWR                                       
Y                                          |Y                                          
---------------------------------------------------------------------------------------
Cell pin lists are equivalent.
Device classes sky130_fd_sc_hd__o211ai_2 and sky130_fd_sc_hd__o211ai_2 are equivalent.

Cell sky130_fd_sc_hd__o221ai_1 (0) disconnected node: A1
Cell sky130_fd_sc_hd__o221ai_1 (0) disconnected node: A2
Cell sky130_fd_sc_hd__o221ai_1 (0) disconnected node: B1
Cell sky130_fd_sc_hd__o221ai_1 (0) disconnected node: B2
Cell sky130_fd_sc_hd__o221ai_1 (0) disconnected node: C1
Cell sky130_fd_sc_hd__o221ai_1 (0) disconnected node: VGND
Cell sky130_fd_sc_hd__o221ai_1 (0) disconnected node: VNB
Cell sky130_fd_sc_hd__o221ai_1 (0) disconnected node: VPB
Cell sky130_fd_sc_hd__o221ai_1 (0) disconnected node: VPWR
Cell sky130_fd_sc_hd__o221ai_1 (0) disconnected node: Y
Warning: Equate pins:  cell sky130_fd_sc_hd__o221ai_1 is a placeholder, treated as a black box.

Subcircuit pins:
Circuit 1: sky130_fd_sc_hd__o221ai_1       |Circuit 2: sky130_fd_sc_hd__o221ai_1       
-------------------------------------------|-------------------------------------------
A1                                         |A1                                         
A2                                         |A2                                         
B1                                         |B1                                         
B2                                         |B2                                         
C1                                         |C1                                         
VGND                                       |VGND                                       
VNB                                        |VNB                                        
VPB                                        |VPB                                        
VPWR                                       |VPWR                                       
Y                                          |Y                                          
---------------------------------------------------------------------------------------
Cell pin lists are equivalent.
Device classes sky130_fd_sc_hd__o221ai_1 and sky130_fd_sc_hd__o221ai_1 are equivalent.

Cell sky130_fd_sc_hd__o2111ai_4 (0) disconnected node: A1
Cell sky130_fd_sc_hd__o2111ai_4 (0) disconnected node: A2
Cell sky130_fd_sc_hd__o2111ai_4 (0) disconnected node: B1
Cell sky130_fd_sc_hd__o2111ai_4 (0) disconnected node: C1
Cell sky130_fd_sc_hd__o2111ai_4 (0) disconnected node: D1
Cell sky130_fd_sc_hd__o2111ai_4 (0) disconnected node: VGND
Cell sky130_fd_sc_hd__o2111ai_4 (0) disconnected node: VNB
Cell sky130_fd_sc_hd__o2111ai_4 (0) disconnected node: VPB
Cell sky130_fd_sc_hd__o2111ai_4 (0) disconnected node: VPWR
Cell sky130_fd_sc_hd__o2111ai_4 (0) disconnected node: Y
Warning: Equate pins:  cell sky130_fd_sc_hd__o2111ai_4 is a placeholder, treated as a black box.

Subcircuit pins:
Circuit 1: sky130_fd_sc_hd__o2111ai_4      |Circuit 2: sky130_fd_sc_hd__o2111ai_4      
-------------------------------------------|-------------------------------------------
A1                                         |A1                                         
A2                                         |A2                                         
B1                                         |B1                                         
C1                                         |C1                                         
D1                                         |D1                                         
VGND                                       |VGND                                       
VNB                                        |VNB                                        
VPB                                        |VPB                                        
VPWR                                       |VPWR                                       
Y                                          |Y                                          
---------------------------------------------------------------------------------------
Cell pin lists are equivalent.
Device classes sky130_fd_sc_hd__o2111ai_4 and sky130_fd_sc_hd__o2111ai_4 are equivalent.

Cell sky130_fd_sc_hd__a2111o_2 (0) disconnected node: A1
Cell sky130_fd_sc_hd__a2111o_2 (0) disconnected node: A2
Cell sky130_fd_sc_hd__a2111o_2 (0) disconnected node: B1
Cell sky130_fd_sc_hd__a2111o_2 (0) disconnected node: C1
Cell sky130_fd_sc_hd__a2111o_2 (0) disconnected node: D1
Cell sky130_fd_sc_hd__a2111o_2 (0) disconnected node: VGND
Cell sky130_fd_sc_hd__a2111o_2 (0) disconnected node: VNB
Cell sky130_fd_sc_hd__a2111o_2 (0) disconnected node: VPB
Cell sky130_fd_sc_hd__a2111o_2 (0) disconnected node: VPWR
Cell sky130_fd_sc_hd__a2111o_2 (0) disconnected node: X
Warning: Equate pins:  cell sky130_fd_sc_hd__a2111o_2 is a placeholder, treated as a black box.

Subcircuit pins:
Circuit 1: sky130_fd_sc_hd__a2111o_2       |Circuit 2: sky130_fd_sc_hd__a2111o_2       
-------------------------------------------|-------------------------------------------
A1                                         |A1                                         
A2                                         |A2                                         
B1                                         |B1                                         
C1                                         |C1                                         
D1                                         |D1                                         
VGND                                       |VGND                                       
VNB                                        |VNB                                        
VPB                                        |VPB                                        
VPWR                                       |VPWR                                       
X                                          |X                                          
---------------------------------------------------------------------------------------
Cell pin lists are equivalent.
Device classes sky130_fd_sc_hd__a2111o_2 and sky130_fd_sc_hd__a2111o_2 are equivalent.

Cell sky130_fd_sc_hd__a21boi_4 (0) disconnected node: A1
Cell sky130_fd_sc_hd__a21boi_4 (0) disconnected node: A2
Cell sky130_fd_sc_hd__a21boi_4 (0) disconnected node: B1_N
Cell sky130_fd_sc_hd__a21boi_4 (0) disconnected node: VGND
Cell sky130_fd_sc_hd__a21boi_4 (0) disconnected node: VNB
Cell sky130_fd_sc_hd__a21boi_4 (0) disconnected node: VPB
Cell sky130_fd_sc_hd__a21boi_4 (0) disconnected node: VPWR
Cell sky130_fd_sc_hd__a21boi_4 (0) disconnected node: Y
Warning: Equate pins:  cell sky130_fd_sc_hd__a21boi_4 is a placeholder, treated as a black box.

Subcircuit pins:
Circuit 1: sky130_fd_sc_hd__a21boi_4       |Circuit 2: sky130_fd_sc_hd__a21boi_4       
-------------------------------------------|-------------------------------------------
A1                                         |A1                                         
A2                                         |A2                                         
B1_N                                       |B1_N                                       
VGND                                       |VGND                                       
VNB                                        |VNB                                        
VPB                                        |VPB                                        
VPWR                                       |VPWR                                       
Y                                          |Y                                          
---------------------------------------------------------------------------------------
Cell pin lists are equivalent.
Device classes sky130_fd_sc_hd__a21boi_4 and sky130_fd_sc_hd__a21boi_4 are equivalent.

Cell sky130_fd_sc_hd__o31ai_2 (0) disconnected node: A1
Cell sky130_fd_sc_hd__o31ai_2 (0) disconnected node: A2
Cell sky130_fd_sc_hd__o31ai_2 (0) disconnected node: A3
Cell sky130_fd_sc_hd__o31ai_2 (0) disconnected node: B1
Cell sky130_fd_sc_hd__o31ai_2 (0) disconnected node: VGND
Cell sky130_fd_sc_hd__o31ai_2 (0) disconnected node: VNB
Cell sky130_fd_sc_hd__o31ai_2 (0) disconnected node: VPB
Cell sky130_fd_sc_hd__o31ai_2 (0) disconnected node: VPWR
Cell sky130_fd_sc_hd__o31ai_2 (0) disconnected node: Y
Warning: Equate pins:  cell sky130_fd_sc_hd__o31ai_2 is a placeholder, treated as a black box.

Subcircuit pins:
Circuit 1: sky130_fd_sc_hd__o31ai_2        |Circuit 2: sky130_fd_sc_hd__o31ai_2        
-------------------------------------------|-------------------------------------------
A1                                         |A1                                         
A2                                         |A2                                         
A3                                         |A3                                         
B1                                         |B1                                         
VGND                                       |VGND                                       
VNB                                        |VNB                                        
VPB                                        |VPB                                        
VPWR                                       |VPWR                                       
Y                                          |Y                                          
---------------------------------------------------------------------------------------
Cell pin lists are equivalent.
Device classes sky130_fd_sc_hd__o31ai_2 and sky130_fd_sc_hd__o31ai_2 are equivalent.

Cell sky130_fd_sc_hd__o311a_2 (0) disconnected node: A1
Cell sky130_fd_sc_hd__o311a_2 (0) disconnected node: A2
Cell sky130_fd_sc_hd__o311a_2 (0) disconnected node: A3
Cell sky130_fd_sc_hd__o311a_2 (0) disconnected node: B1
Cell sky130_fd_sc_hd__o311a_2 (0) disconnected node: C1
Cell sky130_fd_sc_hd__o311a_2 (0) disconnected node: VGND
Cell sky130_fd_sc_hd__o311a_2 (0) disconnected node: VNB
Cell sky130_fd_sc_hd__o311a_2 (0) disconnected node: VPB
Cell sky130_fd_sc_hd__o311a_2 (0) disconnected node: VPWR
Cell sky130_fd_sc_hd__o311a_2 (0) disconnected node: X
Warning: Equate pins:  cell sky130_fd_sc_hd__o311a_2 is a placeholder, treated as a black box.

Subcircuit pins:
Circuit 1: sky130_fd_sc_hd__o311a_2        |Circuit 2: sky130_fd_sc_hd__o311a_2        
-------------------------------------------|-------------------------------------------
A1                                         |A1                                         
A2                                         |A2                                         
A3                                         |A3                                         
B1                                         |B1                                         
C1                                         |C1                                         
VGND                                       |VGND                                       
VNB                                        |VNB                                        
VPB                                        |VPB                                        
VPWR                                       |VPWR                                       
X                                          |X                                          
---------------------------------------------------------------------------------------
Cell pin lists are equivalent.
Device classes sky130_fd_sc_hd__o311a_2 and sky130_fd_sc_hd__o311a_2 are equivalent.

Cell sky130_fd_sc_hd__or4_2 (0) disconnected node: A
Cell sky130_fd_sc_hd__or4_2 (0) disconnected node: B
Cell sky130_fd_sc_hd__or4_2 (0) disconnected node: C
Cell sky130_fd_sc_hd__or4_2 (0) disconnected node: D
Cell sky130_fd_sc_hd__or4_2 (0) disconnected node: VGND
Cell sky130_fd_sc_hd__or4_2 (0) disconnected node: VNB
Cell sky130_fd_sc_hd__or4_2 (0) disconnected node: VPB
Cell sky130_fd_sc_hd__or4_2 (0) disconnected node: VPWR
Cell sky130_fd_sc_hd__or4_2 (0) disconnected node: X
Warning: Equate pins:  cell sky130_fd_sc_hd__or4_2 is a placeholder, treated as a black box.

Subcircuit pins:
Circuit 1: sky130_fd_sc_hd__or4_2          |Circuit 2: sky130_fd_sc_hd__or4_2          
-------------------------------------------|-------------------------------------------
A                                          |A                                          
B                                          |B                                          
C                                          |C                                          
D                                          |D                                          
VGND                                       |VGND                                       
VNB                                        |VNB                                        
VPB                                        |VPB                                        
VPWR                                       |VPWR                                       
X                                          |X                                          
---------------------------------------------------------------------------------------
Cell pin lists are equivalent.
Device classes sky130_fd_sc_hd__or4_2 and sky130_fd_sc_hd__or4_2 are equivalent.

Cell sky130_fd_sc_hd__nor3b_1 (0) disconnected node: A
Cell sky130_fd_sc_hd__nor3b_1 (0) disconnected node: B
Cell sky130_fd_sc_hd__nor3b_1 (0) disconnected node: C_N
Cell sky130_fd_sc_hd__nor3b_1 (0) disconnected node: VGND
Cell sky130_fd_sc_hd__nor3b_1 (0) disconnected node: VNB
Cell sky130_fd_sc_hd__nor3b_1 (0) disconnected node: VPB
Cell sky130_fd_sc_hd__nor3b_1 (0) disconnected node: VPWR
Cell sky130_fd_sc_hd__nor3b_1 (0) disconnected node: Y
Warning: Equate pins:  cell sky130_fd_sc_hd__nor3b_1 is a placeholder, treated as a black box.

Subcircuit pins:
Circuit 1: sky130_fd_sc_hd__nor3b_1        |Circuit 2: sky130_fd_sc_hd__nor3b_1        
-------------------------------------------|-------------------------------------------
A                                          |A                                          
B                                          |B                                          
C_N                                        |C_N                                        
VGND                                       |VGND                                       
VNB                                        |VNB                                        
VPB                                        |VPB                                        
VPWR                                       |VPWR                                       
Y                                          |Y                                          
---------------------------------------------------------------------------------------
Cell pin lists are equivalent.
Device classes sky130_fd_sc_hd__nor3b_1 and sky130_fd_sc_hd__nor3b_1 are equivalent.

Cell sky130_fd_sc_hd__and4_4 (0) disconnected node: A
Cell sky130_fd_sc_hd__and4_4 (0) disconnected node: B
Cell sky130_fd_sc_hd__and4_4 (0) disconnected node: C
Cell sky130_fd_sc_hd__and4_4 (0) disconnected node: D
Cell sky130_fd_sc_hd__and4_4 (0) disconnected node: VGND
Cell sky130_fd_sc_hd__and4_4 (0) disconnected node: VNB
Cell sky130_fd_sc_hd__and4_4 (0) disconnected node: VPB
Cell sky130_fd_sc_hd__and4_4 (0) disconnected node: VPWR
Cell sky130_fd_sc_hd__and4_4 (0) disconnected node: X
Warning: Equate pins:  cell sky130_fd_sc_hd__and4_4 is a placeholder, treated as a black box.

Subcircuit pins:
Circuit 1: sky130_fd_sc_hd__and4_4         |Circuit 2: sky130_fd_sc_hd__and4_4         
-------------------------------------------|-------------------------------------------
A                                          |A                                          
B                                          |B                                          
C                                          |C                                          
D                                          |D                                          
VGND                                       |VGND                                       
VNB                                        |VNB                                        
VPB                                        |VPB                                        
VPWR                                       |VPWR                                       
X                                          |X                                          
---------------------------------------------------------------------------------------
Cell pin lists are equivalent.
Device classes sky130_fd_sc_hd__and4_4 and sky130_fd_sc_hd__and4_4 are equivalent.

Cell sky130_fd_sc_hd__a211oi_1 (0) disconnected node: A1
Cell sky130_fd_sc_hd__a211oi_1 (0) disconnected node: A2
Cell sky130_fd_sc_hd__a211oi_1 (0) disconnected node: B1
Cell sky130_fd_sc_hd__a211oi_1 (0) disconnected node: C1
Cell sky130_fd_sc_hd__a211oi_1 (0) disconnected node: VGND
Cell sky130_fd_sc_hd__a211oi_1 (0) disconnected node: VNB
Cell sky130_fd_sc_hd__a211oi_1 (0) disconnected node: VPB
Cell sky130_fd_sc_hd__a211oi_1 (0) disconnected node: VPWR
Cell sky130_fd_sc_hd__a211oi_1 (0) disconnected node: Y
Warning: Equate pins:  cell sky130_fd_sc_hd__a211oi_1 is a placeholder, treated as a black box.

Subcircuit pins:
Circuit 1: sky130_fd_sc_hd__a211oi_1       |Circuit 2: sky130_fd_sc_hd__a211oi_1       
-------------------------------------------|-------------------------------------------
A1                                         |A1                                         
A2                                         |A2                                         
B1                                         |B1                                         
C1                                         |C1                                         
VGND                                       |VGND                                       
VNB                                        |VNB                                        
VPB                                        |VPB                                        
VPWR                                       |VPWR                                       
Y                                          |Y                                          
---------------------------------------------------------------------------------------
Cell pin lists are equivalent.
Device classes sky130_fd_sc_hd__a211oi_1 and sky130_fd_sc_hd__a211oi_1 are equivalent.

Cell sky130_fd_sc_hd__o221a_2 (0) disconnected node: A1
Cell sky130_fd_sc_hd__o221a_2 (0) disconnected node: A2
Cell sky130_fd_sc_hd__o221a_2 (0) disconnected node: B1
Cell sky130_fd_sc_hd__o221a_2 (0) disconnected node: B2
Cell sky130_fd_sc_hd__o221a_2 (0) disconnected node: C1
Cell sky130_fd_sc_hd__o221a_2 (0) disconnected node: VGND
Cell sky130_fd_sc_hd__o221a_2 (0) disconnected node: VNB
Cell sky130_fd_sc_hd__o221a_2 (0) disconnected node: VPB
Cell sky130_fd_sc_hd__o221a_2 (0) disconnected node: VPWR
Cell sky130_fd_sc_hd__o221a_2 (0) disconnected node: X
Warning: Equate pins:  cell sky130_fd_sc_hd__o221a_2 is a placeholder, treated as a black box.

Subcircuit pins:
Circuit 1: sky130_fd_sc_hd__o221a_2        |Circuit 2: sky130_fd_sc_hd__o221a_2        
-------------------------------------------|-------------------------------------------
A1                                         |A1                                         
A2                                         |A2                                         
B1                                         |B1                                         
B2                                         |B2                                         
C1                                         |C1                                         
VGND                                       |VGND                                       
VNB                                        |VNB                                        
VPB                                        |VPB                                        
VPWR                                       |VPWR                                       
X                                          |X                                          
---------------------------------------------------------------------------------------
Cell pin lists are equivalent.
Device classes sky130_fd_sc_hd__o221a_2 and sky130_fd_sc_hd__o221a_2 are equivalent.

Cell sky130_fd_sc_hd__o211a_4 (0) disconnected node: A1
Cell sky130_fd_sc_hd__o211a_4 (0) disconnected node: A2
Cell sky130_fd_sc_hd__o211a_4 (0) disconnected node: B1
Cell sky130_fd_sc_hd__o211a_4 (0) disconnected node: C1
Cell sky130_fd_sc_hd__o211a_4 (0) disconnected node: VGND
Cell sky130_fd_sc_hd__o211a_4 (0) disconnected node: VNB
Cell sky130_fd_sc_hd__o211a_4 (0) disconnected node: VPB
Cell sky130_fd_sc_hd__o211a_4 (0) disconnected node: VPWR
Cell sky130_fd_sc_hd__o211a_4 (0) disconnected node: X
Warning: Equate pins:  cell sky130_fd_sc_hd__o211a_4 is a placeholder, treated as a black box.

Subcircuit pins:
Circuit 1: sky130_fd_sc_hd__o211a_4        |Circuit 2: sky130_fd_sc_hd__o211a_4        
-------------------------------------------|-------------------------------------------
A1                                         |A1                                         
A2                                         |A2                                         
B1                                         |B1                                         
C1                                         |C1                                         
VGND                                       |VGND                                       
VNB                                        |VNB                                        
VPB                                        |VPB                                        
VPWR                                       |VPWR                                       
X                                          |X                                          
---------------------------------------------------------------------------------------
Cell pin lists are equivalent.
Device classes sky130_fd_sc_hd__o211a_4 and sky130_fd_sc_hd__o211a_4 are equivalent.

Cell sky130_fd_sc_hd__nand2b_4 (0) disconnected node: A_N
Cell sky130_fd_sc_hd__nand2b_4 (0) disconnected node: B
Cell sky130_fd_sc_hd__nand2b_4 (0) disconnected node: VGND
Cell sky130_fd_sc_hd__nand2b_4 (0) disconnected node: VNB
Cell sky130_fd_sc_hd__nand2b_4 (0) disconnected node: VPB
Cell sky130_fd_sc_hd__nand2b_4 (0) disconnected node: VPWR
Cell sky130_fd_sc_hd__nand2b_4 (0) disconnected node: Y
Warning: Equate pins:  cell sky130_fd_sc_hd__nand2b_4 is a placeholder, treated as a black box.

Subcircuit pins:
Circuit 1: sky130_fd_sc_hd__nand2b_4       |Circuit 2: sky130_fd_sc_hd__nand2b_4       
-------------------------------------------|-------------------------------------------
A_N                                        |A_N                                        
B                                          |B                                          
VGND                                       |VGND                                       
VNB                                        |VNB                                        
VPB                                        |VPB                                        
VPWR                                       |VPWR                                       
Y                                          |Y                                          
---------------------------------------------------------------------------------------
Cell pin lists are equivalent.
Device classes sky130_fd_sc_hd__nand2b_4 and sky130_fd_sc_hd__nand2b_4 are equivalent.

Cell sky130_fd_sc_hd__a311oi_2 (0) disconnected node: A1
Cell sky130_fd_sc_hd__a311oi_2 (0) disconnected node: A2
Cell sky130_fd_sc_hd__a311oi_2 (0) disconnected node: A3
Cell sky130_fd_sc_hd__a311oi_2 (0) disconnected node: B1
Cell sky130_fd_sc_hd__a311oi_2 (0) disconnected node: C1
Cell sky130_fd_sc_hd__a311oi_2 (0) disconnected node: VGND
Cell sky130_fd_sc_hd__a311oi_2 (0) disconnected node: VNB
Cell sky130_fd_sc_hd__a311oi_2 (0) disconnected node: VPB
Cell sky130_fd_sc_hd__a311oi_2 (0) disconnected node: VPWR
Cell sky130_fd_sc_hd__a311oi_2 (0) disconnected node: Y
Warning: Equate pins:  cell sky130_fd_sc_hd__a311oi_2 is a placeholder, treated as a black box.

Subcircuit pins:
Circuit 1: sky130_fd_sc_hd__a311oi_2       |Circuit 2: sky130_fd_sc_hd__a311oi_2       
-------------------------------------------|-------------------------------------------
A1                                         |A1                                         
A2                                         |A2                                         
A3                                         |A3                                         
B1                                         |B1                                         
C1                                         |C1                                         
VGND                                       |VGND                                       
VNB                                        |VNB                                        
VPB                                        |VPB                                        
VPWR                                       |VPWR                                       
Y                                          |Y                                          
---------------------------------------------------------------------------------------
Cell pin lists are equivalent.
Device classes sky130_fd_sc_hd__a311oi_2 and sky130_fd_sc_hd__a311oi_2 are equivalent.

Cell sky130_fd_sc_hd__nand4_2 (0) disconnected node: A
Cell sky130_fd_sc_hd__nand4_2 (0) disconnected node: B
Cell sky130_fd_sc_hd__nand4_2 (0) disconnected node: C
Cell sky130_fd_sc_hd__nand4_2 (0) disconnected node: D
Cell sky130_fd_sc_hd__nand4_2 (0) disconnected node: VGND
Cell sky130_fd_sc_hd__nand4_2 (0) disconnected node: VNB
Cell sky130_fd_sc_hd__nand4_2 (0) disconnected node: VPB
Cell sky130_fd_sc_hd__nand4_2 (0) disconnected node: VPWR
Cell sky130_fd_sc_hd__nand4_2 (0) disconnected node: Y
Warning: Equate pins:  cell sky130_fd_sc_hd__nand4_2 is a placeholder, treated as a black box.

Subcircuit pins:
Circuit 1: sky130_fd_sc_hd__nand4_2        |Circuit 2: sky130_fd_sc_hd__nand4_2        
-------------------------------------------|-------------------------------------------
A                                          |A                                          
B                                          |B                                          
C                                          |C                                          
D                                          |D                                          
VGND                                       |VGND                                       
VNB                                        |VNB                                        
VPB                                        |VPB                                        
VPWR                                       |VPWR                                       
Y                                          |Y                                          
---------------------------------------------------------------------------------------
Cell pin lists are equivalent.
Device classes sky130_fd_sc_hd__nand4_2 and sky130_fd_sc_hd__nand4_2 are equivalent.

Cell sky130_fd_sc_hd__a21o_4 (0) disconnected node: A1
Cell sky130_fd_sc_hd__a21o_4 (0) disconnected node: A2
Cell sky130_fd_sc_hd__a21o_4 (0) disconnected node: B1
Cell sky130_fd_sc_hd__a21o_4 (0) disconnected node: VGND
Cell sky130_fd_sc_hd__a21o_4 (0) disconnected node: VNB
Cell sky130_fd_sc_hd__a21o_4 (0) disconnected node: VPB
Cell sky130_fd_sc_hd__a21o_4 (0) disconnected node: VPWR
Cell sky130_fd_sc_hd__a21o_4 (0) disconnected node: X
Warning: Equate pins:  cell sky130_fd_sc_hd__a21o_4 is a placeholder, treated as a black box.

Subcircuit pins:
Circuit 1: sky130_fd_sc_hd__a21o_4         |Circuit 2: sky130_fd_sc_hd__a21o_4         
-------------------------------------------|-------------------------------------------
A1                                         |A1                                         
A2                                         |A2                                         
B1                                         |B1                                         
VGND                                       |VGND                                       
VNB                                        |VNB                                        
VPB                                        |VPB                                        
VPWR                                       |VPWR                                       
X                                          |X                                          
---------------------------------------------------------------------------------------
Cell pin lists are equivalent.
Device classes sky130_fd_sc_hd__a21o_4 and sky130_fd_sc_hd__a21o_4 are equivalent.

Cell sky130_fd_sc_hd__a211oi_2 (0) disconnected node: A1
Cell sky130_fd_sc_hd__a211oi_2 (0) disconnected node: A2
Cell sky130_fd_sc_hd__a211oi_2 (0) disconnected node: B1
Cell sky130_fd_sc_hd__a211oi_2 (0) disconnected node: C1
Cell sky130_fd_sc_hd__a211oi_2 (0) disconnected node: VGND
Cell sky130_fd_sc_hd__a211oi_2 (0) disconnected node: VNB
Cell sky130_fd_sc_hd__a211oi_2 (0) disconnected node: VPB
Cell sky130_fd_sc_hd__a211oi_2 (0) disconnected node: VPWR
Cell sky130_fd_sc_hd__a211oi_2 (0) disconnected node: Y
Warning: Equate pins:  cell sky130_fd_sc_hd__a211oi_2 is a placeholder, treated as a black box.

Subcircuit pins:
Circuit 1: sky130_fd_sc_hd__a211oi_2       |Circuit 2: sky130_fd_sc_hd__a211oi_2       
-------------------------------------------|-------------------------------------------
A1                                         |A1                                         
A2                                         |A2                                         
B1                                         |B1                                         
C1                                         |C1                                         
VGND                                       |VGND                                       
VNB                                        |VNB                                        
VPB                                        |VPB                                        
VPWR                                       |VPWR                                       
Y                                          |Y                                          
---------------------------------------------------------------------------------------
Cell pin lists are equivalent.
Device classes sky130_fd_sc_hd__a211oi_2 and sky130_fd_sc_hd__a211oi_2 are equivalent.

Cell sky130_fd_sc_hd__o21a_4 (0) disconnected node: A1
Cell sky130_fd_sc_hd__o21a_4 (0) disconnected node: A2
Cell sky130_fd_sc_hd__o21a_4 (0) disconnected node: B1
Cell sky130_fd_sc_hd__o21a_4 (0) disconnected node: VGND
Cell sky130_fd_sc_hd__o21a_4 (0) disconnected node: VNB
Cell sky130_fd_sc_hd__o21a_4 (0) disconnected node: VPB
Cell sky130_fd_sc_hd__o21a_4 (0) disconnected node: VPWR
Cell sky130_fd_sc_hd__o21a_4 (0) disconnected node: X
Warning: Equate pins:  cell sky130_fd_sc_hd__o21a_4 is a placeholder, treated as a black box.

Subcircuit pins:
Circuit 1: sky130_fd_sc_hd__o21a_4         |Circuit 2: sky130_fd_sc_hd__o21a_4         
-------------------------------------------|-------------------------------------------
A1                                         |A1                                         
A2                                         |A2                                         
B1                                         |B1                                         
VGND                                       |VGND                                       
VNB                                        |VNB                                        
VPB                                        |VPB                                        
VPWR                                       |VPWR                                       
X                                          |X                                          
---------------------------------------------------------------------------------------
Cell pin lists are equivalent.
Device classes sky130_fd_sc_hd__o21a_4 and sky130_fd_sc_hd__o21a_4 are equivalent.

Cell sky130_fd_sc_hd__o311ai_4 (0) disconnected node: A1
Cell sky130_fd_sc_hd__o311ai_4 (0) disconnected node: A2
Cell sky130_fd_sc_hd__o311ai_4 (0) disconnected node: A3
Cell sky130_fd_sc_hd__o311ai_4 (0) disconnected node: B1
Cell sky130_fd_sc_hd__o311ai_4 (0) disconnected node: C1
Cell sky130_fd_sc_hd__o311ai_4 (0) disconnected node: VGND
Cell sky130_fd_sc_hd__o311ai_4 (0) disconnected node: VNB
Cell sky130_fd_sc_hd__o311ai_4 (0) disconnected node: VPB
Cell sky130_fd_sc_hd__o311ai_4 (0) disconnected node: VPWR
Cell sky130_fd_sc_hd__o311ai_4 (0) disconnected node: Y
Warning: Equate pins:  cell sky130_fd_sc_hd__o311ai_4 is a placeholder, treated as a black box.

Subcircuit pins:
Circuit 1: sky130_fd_sc_hd__o311ai_4       |Circuit 2: sky130_fd_sc_hd__o311ai_4       
-------------------------------------------|-------------------------------------------
A1                                         |A1                                         
A2                                         |A2                                         
A3                                         |A3                                         
B1                                         |B1                                         
C1                                         |C1                                         
VGND                                       |VGND                                       
VNB                                        |VNB                                        
VPB                                        |VPB                                        
VPWR                                       |VPWR                                       
Y                                          |Y                                          
---------------------------------------------------------------------------------------
Cell pin lists are equivalent.
Device classes sky130_fd_sc_hd__o311ai_4 and sky130_fd_sc_hd__o311ai_4 are equivalent.

Cell sky130_fd_sc_hd__or2b_4 (0) disconnected node: A
Cell sky130_fd_sc_hd__or2b_4 (0) disconnected node: B_N
Cell sky130_fd_sc_hd__or2b_4 (0) disconnected node: VGND
Cell sky130_fd_sc_hd__or2b_4 (0) disconnected node: VNB
Cell sky130_fd_sc_hd__or2b_4 (0) disconnected node: VPB
Cell sky130_fd_sc_hd__or2b_4 (0) disconnected node: VPWR
Cell sky130_fd_sc_hd__or2b_4 (0) disconnected node: X
Warning: Equate pins:  cell sky130_fd_sc_hd__or2b_4 is a placeholder, treated as a black box.

Subcircuit pins:
Circuit 1: sky130_fd_sc_hd__or2b_4         |Circuit 2: sky130_fd_sc_hd__or2b_4         
-------------------------------------------|-------------------------------------------
A                                          |A                                          
B_N                                        |B_N                                        
VGND                                       |VGND                                       
VNB                                        |VNB                                        
VPB                                        |VPB                                        
VPWR                                       |VPWR                                       
X                                          |X                                          
---------------------------------------------------------------------------------------
Cell pin lists are equivalent.
Device classes sky130_fd_sc_hd__or2b_4 and sky130_fd_sc_hd__or2b_4 are equivalent.

Cell sky130_fd_sc_hd__nor2_4 (0) disconnected node: A
Cell sky130_fd_sc_hd__nor2_4 (0) disconnected node: B
Cell sky130_fd_sc_hd__nor2_4 (0) disconnected node: VGND
Cell sky130_fd_sc_hd__nor2_4 (0) disconnected node: VNB
Cell sky130_fd_sc_hd__nor2_4 (0) disconnected node: VPB
Cell sky130_fd_sc_hd__nor2_4 (0) disconnected node: VPWR
Cell sky130_fd_sc_hd__nor2_4 (0) disconnected node: Y
Warning: Equate pins:  cell sky130_fd_sc_hd__nor2_4 is a placeholder, treated as a black box.

Subcircuit pins:
Circuit 1: sky130_fd_sc_hd__nor2_4         |Circuit 2: sky130_fd_sc_hd__nor2_4         
-------------------------------------------|-------------------------------------------
A                                          |A                                          
B                                          |B                                          
VGND                                       |VGND                                       
VNB                                        |VNB                                        
VPB                                        |VPB                                        
VPWR                                       |VPWR                                       
Y                                          |Y                                          
---------------------------------------------------------------------------------------
Cell pin lists are equivalent.
Device classes sky130_fd_sc_hd__nor2_4 and sky130_fd_sc_hd__nor2_4 are equivalent.

Cell sky130_fd_sc_hd__o22a_2 (0) disconnected node: A1
Cell sky130_fd_sc_hd__o22a_2 (0) disconnected node: A2
Cell sky130_fd_sc_hd__o22a_2 (0) disconnected node: B1
Cell sky130_fd_sc_hd__o22a_2 (0) disconnected node: B2
Cell sky130_fd_sc_hd__o22a_2 (0) disconnected node: VGND
Cell sky130_fd_sc_hd__o22a_2 (0) disconnected node: VNB
Cell sky130_fd_sc_hd__o22a_2 (0) disconnected node: VPB
Cell sky130_fd_sc_hd__o22a_2 (0) disconnected node: VPWR
Cell sky130_fd_sc_hd__o22a_2 (0) disconnected node: X
Warning: Equate pins:  cell sky130_fd_sc_hd__o22a_2 is a placeholder, treated as a black box.

Subcircuit pins:
Circuit 1: sky130_fd_sc_hd__o22a_2         |Circuit 2: sky130_fd_sc_hd__o22a_2         
-------------------------------------------|-------------------------------------------
A1                                         |A1                                         
A2                                         |A2                                         
B1                                         |B1                                         
B2                                         |B2                                         
VGND                                       |VGND                                       
VNB                                        |VNB                                        
VPB                                        |VPB                                        
VPWR                                       |VPWR                                       
X                                          |X                                          
---------------------------------------------------------------------------------------
Cell pin lists are equivalent.
Device classes sky130_fd_sc_hd__o22a_2 and sky130_fd_sc_hd__o22a_2 are equivalent.

Cell sky130_fd_sc_hd__or4bb_4 (0) disconnected node: A
Cell sky130_fd_sc_hd__or4bb_4 (0) disconnected node: B
Cell sky130_fd_sc_hd__or4bb_4 (0) disconnected node: C_N
Cell sky130_fd_sc_hd__or4bb_4 (0) disconnected node: D_N
Cell sky130_fd_sc_hd__or4bb_4 (0) disconnected node: VGND
Cell sky130_fd_sc_hd__or4bb_4 (0) disconnected node: VNB
Cell sky130_fd_sc_hd__or4bb_4 (0) disconnected node: VPB
Cell sky130_fd_sc_hd__or4bb_4 (0) disconnected node: VPWR
Cell sky130_fd_sc_hd__or4bb_4 (0) disconnected node: X
Warning: Equate pins:  cell sky130_fd_sc_hd__or4bb_4 is a placeholder, treated as a black box.

Subcircuit pins:
Circuit 1: sky130_fd_sc_hd__or4bb_4        |Circuit 2: sky130_fd_sc_hd__or4bb_4        
-------------------------------------------|-------------------------------------------
A                                          |A                                          
B                                          |B                                          
C_N                                        |C_N                                        
D_N                                        |D_N                                        
VGND                                       |VGND                                       
VNB                                        |VNB                                        
VPB                                        |VPB                                        
VPWR                                       |VPWR                                       
X                                          |X                                          
---------------------------------------------------------------------------------------
Cell pin lists are equivalent.
Device classes sky130_fd_sc_hd__or4bb_4 and sky130_fd_sc_hd__or4bb_4 are equivalent.

Cell sky130_fd_sc_hd__nand3b_4 (0) disconnected node: A_N
Cell sky130_fd_sc_hd__nand3b_4 (0) disconnected node: B
Cell sky130_fd_sc_hd__nand3b_4 (0) disconnected node: C
Cell sky130_fd_sc_hd__nand3b_4 (0) disconnected node: VGND
Cell sky130_fd_sc_hd__nand3b_4 (0) disconnected node: VNB
Cell sky130_fd_sc_hd__nand3b_4 (0) disconnected node: VPB
Cell sky130_fd_sc_hd__nand3b_4 (0) disconnected node: VPWR
Cell sky130_fd_sc_hd__nand3b_4 (0) disconnected node: Y
Warning: Equate pins:  cell sky130_fd_sc_hd__nand3b_4 is a placeholder, treated as a black box.

Subcircuit pins:
Circuit 1: sky130_fd_sc_hd__nand3b_4       |Circuit 2: sky130_fd_sc_hd__nand3b_4       
-------------------------------------------|-------------------------------------------
A_N                                        |A_N                                        
B                                          |B                                          
C                                          |C                                          
VGND                                       |VGND                                       
VNB                                        |VNB                                        
VPB                                        |VPB                                        
VPWR                                       |VPWR                                       
Y                                          |Y                                          
---------------------------------------------------------------------------------------
Cell pin lists are equivalent.
Device classes sky130_fd_sc_hd__nand3b_4 and sky130_fd_sc_hd__nand3b_4 are equivalent.

Cell sky130_fd_sc_hd__o32ai_4 (0) disconnected node: A1
Cell sky130_fd_sc_hd__o32ai_4 (0) disconnected node: A2
Cell sky130_fd_sc_hd__o32ai_4 (0) disconnected node: A3
Cell sky130_fd_sc_hd__o32ai_4 (0) disconnected node: B1
Cell sky130_fd_sc_hd__o32ai_4 (0) disconnected node: B2
Cell sky130_fd_sc_hd__o32ai_4 (0) disconnected node: VGND
Cell sky130_fd_sc_hd__o32ai_4 (0) disconnected node: VNB
Cell sky130_fd_sc_hd__o32ai_4 (0) disconnected node: VPB
Cell sky130_fd_sc_hd__o32ai_4 (0) disconnected node: VPWR
Cell sky130_fd_sc_hd__o32ai_4 (0) disconnected node: Y
Warning: Equate pins:  cell sky130_fd_sc_hd__o32ai_4 is a placeholder, treated as a black box.

Subcircuit pins:
Circuit 1: sky130_fd_sc_hd__o32ai_4        |Circuit 2: sky130_fd_sc_hd__o32ai_4        
-------------------------------------------|-------------------------------------------
A1                                         |A1                                         
A2                                         |A2                                         
A3                                         |A3                                         
B1                                         |B1                                         
B2                                         |B2                                         
VGND                                       |VGND                                       
VNB                                        |VNB                                        
VPB                                        |VPB                                        
VPWR                                       |VPWR                                       
Y                                          |Y                                          
---------------------------------------------------------------------------------------
Cell pin lists are equivalent.
Device classes sky130_fd_sc_hd__o32ai_4 and sky130_fd_sc_hd__o32ai_4 are equivalent.

Cell sky130_fd_sc_hd__o32a_4 (0) disconnected node: A1
Cell sky130_fd_sc_hd__o32a_4 (0) disconnected node: A2
Cell sky130_fd_sc_hd__o32a_4 (0) disconnected node: A3
Cell sky130_fd_sc_hd__o32a_4 (0) disconnected node: B1
Cell sky130_fd_sc_hd__o32a_4 (0) disconnected node: B2
Cell sky130_fd_sc_hd__o32a_4 (0) disconnected node: VGND
Cell sky130_fd_sc_hd__o32a_4 (0) disconnected node: VNB
Cell sky130_fd_sc_hd__o32a_4 (0) disconnected node: VPB
Cell sky130_fd_sc_hd__o32a_4 (0) disconnected node: VPWR
Cell sky130_fd_sc_hd__o32a_4 (0) disconnected node: X
Warning: Equate pins:  cell sky130_fd_sc_hd__o32a_4 is a placeholder, treated as a black box.

Subcircuit pins:
Circuit 1: sky130_fd_sc_hd__o32a_4         |Circuit 2: sky130_fd_sc_hd__o32a_4         
-------------------------------------------|-------------------------------------------
A1                                         |A1                                         
A2                                         |A2                                         
A3                                         |A3                                         
B1                                         |B1                                         
B2                                         |B2                                         
VGND                                       |VGND                                       
VNB                                        |VNB                                        
VPB                                        |VPB                                        
VPWR                                       |VPWR                                       
X                                          |X                                          
---------------------------------------------------------------------------------------
Cell pin lists are equivalent.
Device classes sky130_fd_sc_hd__o32a_4 and sky130_fd_sc_hd__o32a_4 are equivalent.

Cell sky130_fd_sc_hd__and4bb_4 (0) disconnected node: A_N
Cell sky130_fd_sc_hd__and4bb_4 (0) disconnected node: B_N
Cell sky130_fd_sc_hd__and4bb_4 (0) disconnected node: C
Cell sky130_fd_sc_hd__and4bb_4 (0) disconnected node: D
Cell sky130_fd_sc_hd__and4bb_4 (0) disconnected node: VGND
Cell sky130_fd_sc_hd__and4bb_4 (0) disconnected node: VNB
Cell sky130_fd_sc_hd__and4bb_4 (0) disconnected node: VPB
Cell sky130_fd_sc_hd__and4bb_4 (0) disconnected node: VPWR
Cell sky130_fd_sc_hd__and4bb_4 (0) disconnected node: X
Warning: Equate pins:  cell sky130_fd_sc_hd__and4bb_4 is a placeholder, treated as a black box.

Subcircuit pins:
Circuit 1: sky130_fd_sc_hd__and4bb_4       |Circuit 2: sky130_fd_sc_hd__and4bb_4       
-------------------------------------------|-------------------------------------------
A_N                                        |A_N                                        
B_N                                        |B_N                                        
C                                          |C                                          
D                                          |D                                          
VGND                                       |VGND                                       
VNB                                        |VNB                                        
VPB                                        |VPB                                        
VPWR                                       |VPWR                                       
X                                          |X                                          
---------------------------------------------------------------------------------------
Cell pin lists are equivalent.
Device classes sky130_fd_sc_hd__and4bb_4 and sky130_fd_sc_hd__and4bb_4 are equivalent.

Cell sky130_fd_sc_hd__o211ai_4 (0) disconnected node: A1
Cell sky130_fd_sc_hd__o211ai_4 (0) disconnected node: A2
Cell sky130_fd_sc_hd__o211ai_4 (0) disconnected node: B1
Cell sky130_fd_sc_hd__o211ai_4 (0) disconnected node: C1
Cell sky130_fd_sc_hd__o211ai_4 (0) disconnected node: VGND
Cell sky130_fd_sc_hd__o211ai_4 (0) disconnected node: VNB
Cell sky130_fd_sc_hd__o211ai_4 (0) disconnected node: VPB
Cell sky130_fd_sc_hd__o211ai_4 (0) disconnected node: VPWR
Cell sky130_fd_sc_hd__o211ai_4 (0) disconnected node: Y
Warning: Equate pins:  cell sky130_fd_sc_hd__o211ai_4 is a placeholder, treated as a black box.

Subcircuit pins:
Circuit 1: sky130_fd_sc_hd__o211ai_4       |Circuit 2: sky130_fd_sc_hd__o211ai_4       
-------------------------------------------|-------------------------------------------
A1                                         |A1                                         
A2                                         |A2                                         
B1                                         |B1                                         
C1                                         |C1                                         
VGND                                       |VGND                                       
VNB                                        |VNB                                        
VPB                                        |VPB                                        
VPWR                                       |VPWR                                       
Y                                          |Y                                          
---------------------------------------------------------------------------------------
Cell pin lists are equivalent.
Device classes sky130_fd_sc_hd__o211ai_4 and sky130_fd_sc_hd__o211ai_4 are equivalent.

Cell sky130_fd_sc_hd__o2bb2a_2 (0) disconnected node: A1_N
Cell sky130_fd_sc_hd__o2bb2a_2 (0) disconnected node: A2_N
Cell sky130_fd_sc_hd__o2bb2a_2 (0) disconnected node: B1
Cell sky130_fd_sc_hd__o2bb2a_2 (0) disconnected node: B2
Cell sky130_fd_sc_hd__o2bb2a_2 (0) disconnected node: VGND
Cell sky130_fd_sc_hd__o2bb2a_2 (0) disconnected node: VNB
Cell sky130_fd_sc_hd__o2bb2a_2 (0) disconnected node: VPB
Cell sky130_fd_sc_hd__o2bb2a_2 (0) disconnected node: VPWR
Cell sky130_fd_sc_hd__o2bb2a_2 (0) disconnected node: X
Warning: Equate pins:  cell sky130_fd_sc_hd__o2bb2a_2 is a placeholder, treated as a black box.

Subcircuit pins:
Circuit 1: sky130_fd_sc_hd__o2bb2a_2       |Circuit 2: sky130_fd_sc_hd__o2bb2a_2       
-------------------------------------------|-------------------------------------------
A1_N                                       |A1_N                                       
A2_N                                       |A2_N                                       
B1                                         |B1                                         
B2                                         |B2                                         
VGND                                       |VGND                                       
VNB                                        |VNB                                        
VPB                                        |VPB                                        
VPWR                                       |VPWR                                       
X                                          |X                                          
---------------------------------------------------------------------------------------
Cell pin lists are equivalent.
Device classes sky130_fd_sc_hd__o2bb2a_2 and sky130_fd_sc_hd__o2bb2a_2 are equivalent.

Cell sky130_fd_sc_hd__a22oi_4 (0) disconnected node: A1
Cell sky130_fd_sc_hd__a22oi_4 (0) disconnected node: A2
Cell sky130_fd_sc_hd__a22oi_4 (0) disconnected node: B1
Cell sky130_fd_sc_hd__a22oi_4 (0) disconnected node: B2
Cell sky130_fd_sc_hd__a22oi_4 (0) disconnected node: VGND
Cell sky130_fd_sc_hd__a22oi_4 (0) disconnected node: VNB
Cell sky130_fd_sc_hd__a22oi_4 (0) disconnected node: VPB
Cell sky130_fd_sc_hd__a22oi_4 (0) disconnected node: VPWR
Cell sky130_fd_sc_hd__a22oi_4 (0) disconnected node: Y
Warning: Equate pins:  cell sky130_fd_sc_hd__a22oi_4 is a placeholder, treated as a black box.

Subcircuit pins:
Circuit 1: sky130_fd_sc_hd__a22oi_4        |Circuit 2: sky130_fd_sc_hd__a22oi_4        
-------------------------------------------|-------------------------------------------
A1                                         |A1                                         
A2                                         |A2                                         
B1                                         |B1                                         
B2                                         |B2                                         
VGND                                       |VGND                                       
VNB                                        |VNB                                        
VPB                                        |VPB                                        
VPWR                                       |VPWR                                       
Y                                          |Y                                          
---------------------------------------------------------------------------------------
Cell pin lists are equivalent.
Device classes sky130_fd_sc_hd__a22oi_4 and sky130_fd_sc_hd__a22oi_4 are equivalent.

Cell sky130_fd_sc_hd__nand4_4 (0) disconnected node: A
Cell sky130_fd_sc_hd__nand4_4 (0) disconnected node: B
Cell sky130_fd_sc_hd__nand4_4 (0) disconnected node: C
Cell sky130_fd_sc_hd__nand4_4 (0) disconnected node: D
Cell sky130_fd_sc_hd__nand4_4 (0) disconnected node: VGND
Cell sky130_fd_sc_hd__nand4_4 (0) disconnected node: VNB
Cell sky130_fd_sc_hd__nand4_4 (0) disconnected node: VPB
Cell sky130_fd_sc_hd__nand4_4 (0) disconnected node: VPWR
Cell sky130_fd_sc_hd__nand4_4 (0) disconnected node: Y
Warning: Equate pins:  cell sky130_fd_sc_hd__nand4_4 is a placeholder, treated as a black box.

Subcircuit pins:
Circuit 1: sky130_fd_sc_hd__nand4_4        |Circuit 2: sky130_fd_sc_hd__nand4_4        
-------------------------------------------|-------------------------------------------
A                                          |A                                          
B                                          |B                                          
C                                          |C                                          
D                                          |D                                          
VGND                                       |VGND                                       
VNB                                        |VNB                                        
VPB                                        |VPB                                        
VPWR                                       |VPWR                                       
Y                                          |Y                                          
---------------------------------------------------------------------------------------
Cell pin lists are equivalent.
Device classes sky130_fd_sc_hd__nand4_4 and sky130_fd_sc_hd__nand4_4 are equivalent.

Cell sky130_fd_sc_hd__o2111a_2 (0) disconnected node: A1
Cell sky130_fd_sc_hd__o2111a_2 (0) disconnected node: A2
Cell sky130_fd_sc_hd__o2111a_2 (0) disconnected node: B1
Cell sky130_fd_sc_hd__o2111a_2 (0) disconnected node: C1
Cell sky130_fd_sc_hd__o2111a_2 (0) disconnected node: D1
Cell sky130_fd_sc_hd__o2111a_2 (0) disconnected node: VGND
Cell sky130_fd_sc_hd__o2111a_2 (0) disconnected node: VNB
Cell sky130_fd_sc_hd__o2111a_2 (0) disconnected node: VPB
Cell sky130_fd_sc_hd__o2111a_2 (0) disconnected node: VPWR
Cell sky130_fd_sc_hd__o2111a_2 (0) disconnected node: X
Warning: Equate pins:  cell sky130_fd_sc_hd__o2111a_2 is a placeholder, treated as a black box.

Subcircuit pins:
Circuit 1: sky130_fd_sc_hd__o2111a_2       |Circuit 2: sky130_fd_sc_hd__o2111a_2       
-------------------------------------------|-------------------------------------------
A1                                         |A1                                         
A2                                         |A2                                         
B1                                         |B1                                         
C1                                         |C1                                         
D1                                         |D1                                         
VGND                                       |VGND                                       
VNB                                        |VNB                                        
VPB                                        |VPB                                        
VPWR                                       |VPWR                                       
X                                          |X                                          
---------------------------------------------------------------------------------------
Cell pin lists are equivalent.
Device classes sky130_fd_sc_hd__o2111a_2 and sky130_fd_sc_hd__o2111a_2 are equivalent.

Cell sky130_fd_sc_hd__a311oi_4 (0) disconnected node: A1
Cell sky130_fd_sc_hd__a311oi_4 (0) disconnected node: A2
Cell sky130_fd_sc_hd__a311oi_4 (0) disconnected node: A3
Cell sky130_fd_sc_hd__a311oi_4 (0) disconnected node: B1
Cell sky130_fd_sc_hd__a311oi_4 (0) disconnected node: C1
Cell sky130_fd_sc_hd__a311oi_4 (0) disconnected node: VGND
Cell sky130_fd_sc_hd__a311oi_4 (0) disconnected node: VNB
Cell sky130_fd_sc_hd__a311oi_4 (0) disconnected node: VPB
Cell sky130_fd_sc_hd__a311oi_4 (0) disconnected node: VPWR
Cell sky130_fd_sc_hd__a311oi_4 (0) disconnected node: Y
Warning: Equate pins:  cell sky130_fd_sc_hd__a311oi_4 is a placeholder, treated as a black box.

Subcircuit pins:
Circuit 1: sky130_fd_sc_hd__a311oi_4       |Circuit 2: sky130_fd_sc_hd__a311oi_4       
-------------------------------------------|-------------------------------------------
A1                                         |A1                                         
A2                                         |A2                                         
A3                                         |A3                                         
B1                                         |B1                                         
C1                                         |C1                                         
VGND                                       |VGND                                       
VNB                                        |VNB                                        
VPB                                        |VPB                                        
VPWR                                       |VPWR                                       
Y                                          |Y                                          
---------------------------------------------------------------------------------------
Cell pin lists are equivalent.
Device classes sky130_fd_sc_hd__a311oi_4 and sky130_fd_sc_hd__a311oi_4 are equivalent.

Class salsa20 (0):  Merged 141346 parallel devices.
Class salsa20 (1):  Merged 141346 parallel devices.
Subcircuit summary:
Circuit 1: salsa20                         |Circuit 2: salsa20                         
-------------------------------------------|-------------------------------------------
sky130_fd_sc_hd__o211a_1 (2003)            |sky130_fd_sc_hd__o211a_1 (2003)            
sky130_ef_sc_hd__decap_12 (31210->1)       |sky130_ef_sc_hd__decap_12 (31210->1)       
sky130_fd_sc_hd__diode_2 (19206->5440)     |sky130_fd_sc_hd__diode_2 (19206->5440)     
sky130_fd_sc_hd__decap_6 (8312->1)         |sky130_fd_sc_hd__decap_6 (8312->1)         
sky130_fd_sc_hd__o21ai_1 (155)             |sky130_fd_sc_hd__o21ai_1 (155)             
sky130_fd_sc_hd__fill_2 (19563->1)         |sky130_fd_sc_hd__fill_2 (19563->1)         
sky130_fd_sc_hd__decap_8 (9372->1)         |sky130_fd_sc_hd__decap_8 (9372->1)         
sky130_fd_sc_hd__nand2_1 (1247)            |sky130_fd_sc_hd__nand2_1 (1247)            
sky130_fd_sc_hd__fill_1 (14423->1)         |sky130_fd_sc_hd__fill_1 (14423->1)         
sky130_fd_sc_hd__decap_4 (20816->1)        |sky130_fd_sc_hd__decap_4 (20816->1)        
sky130_fd_sc_hd__decap_3 (6924->1)         |sky130_fd_sc_hd__decap_3 (6924->1)         
sky130_fd_sc_hd__or2_1 (2587)              |sky130_fd_sc_hd__or2_1 (2587)              
sky130_fd_sc_hd__a21o_1 (442)              |sky130_fd_sc_hd__a21o_1 (442)              
sky130_fd_sc_hd__a22o_1 (447)              |sky130_fd_sc_hd__a22o_1 (447)              
sky130_fd_sc_hd__o21a_1 (916)              |sky130_fd_sc_hd__o21a_1 (916)              
sky130_fd_sc_hd__xnor2_1 (645)             |sky130_fd_sc_hd__xnor2_1 (645)             
sky130_fd_sc_hd__mux2_1 (982)              |sky130_fd_sc_hd__mux2_1 (982)              
sky130_fd_sc_hd__buf_2 (584)               |sky130_fd_sc_hd__buf_2 (584)               
sky130_fd_sc_hd__o32a_1 (4)                |sky130_fd_sc_hd__o32a_1 (4)                
sky130_fd_sc_hd__nor2_1 (1028)             |sky130_fd_sc_hd__nor2_1 (1028)             
sky130_fd_sc_hd__and2_1 (1297)             |sky130_fd_sc_hd__and2_1 (1297)             
sky130_fd_sc_hd__a221o_1 (210)             |sky130_fd_sc_hd__a221o_1 (210)             
sky130_fd_sc_hd__clkbuf_4 (376)            |sky130_fd_sc_hd__clkbuf_4 (376)            
sky130_fd_sc_hd__tapvpwrvgnd_1 (16968->1)  |sky130_fd_sc_hd__tapvpwrvgnd_1 (16968->1)  
sky130_fd_sc_hd__clkbuf_16 (814)           |sky130_fd_sc_hd__clkbuf_16 (814)           
sky130_fd_sc_hd__o221a_1 (319)             |sky130_fd_sc_hd__o221a_1 (319)             
sky130_fd_sc_hd__clkbuf_2 (1265)           |sky130_fd_sc_hd__clkbuf_2 (1265)           
sky130_fd_sc_hd__o221ai_4 (4)              |sky130_fd_sc_hd__o221ai_4 (4)              
sky130_fd_sc_hd__buf_4 (361)               |sky130_fd_sc_hd__buf_4 (361)               
sky130_fd_sc_hd__a21o_2 (17)               |sky130_fd_sc_hd__a21o_2 (17)               
sky130_fd_sc_hd__dlygate4sd3_1 (4002)      |sky130_fd_sc_hd__dlygate4sd3_1 (4002)      
sky130_fd_sc_hd__or4b_4 (1)                |sky130_fd_sc_hd__or4b_4 (1)                
sky130_fd_sc_hd__a21oi_2 (43)              |sky130_fd_sc_hd__a21oi_2 (43)              
sky130_fd_sc_hd__and4b_1 (12)              |sky130_fd_sc_hd__and4b_1 (12)              
sky130_fd_sc_hd__nand2_2 (159)             |sky130_fd_sc_hd__nand2_2 (159)             
sky130_fd_sc_hd__dfxtp_2 (531)             |sky130_fd_sc_hd__dfxtp_2 (531)             
sky130_fd_sc_hd__dfxtp_1 (2618)            |sky130_fd_sc_hd__dfxtp_1 (2618)            
sky130_fd_sc_hd__o21ai_2 (49)              |sky130_fd_sc_hd__o21ai_2 (49)              
sky130_fd_sc_hd__clkbuf_1 (845)            |sky130_fd_sc_hd__clkbuf_1 (845)            
sky130_fd_sc_hd__a21oi_1 (234)             |sky130_fd_sc_hd__a21oi_1 (234)             
sky130_fd_sc_hd__mux2_2 (190)              |sky130_fd_sc_hd__mux2_2 (190)              
sky130_fd_sc_hd__xnor2_4 (350)             |sky130_fd_sc_hd__xnor2_4 (350)             
sky130_fd_sc_hd__xor2_2 (73)               |sky130_fd_sc_hd__xor2_2 (73)               
sky130_fd_sc_hd__and2_2 (109)              |sky130_fd_sc_hd__and2_2 (109)              
sky130_fd_sc_hd__xor2_1 (89)               |sky130_fd_sc_hd__xor2_1 (89)               
sky130_fd_sc_hd__dfxtp_4 (528)             |sky130_fd_sc_hd__dfxtp_4 (528)             
sky130_fd_sc_hd__xnor2_2 (241)             |sky130_fd_sc_hd__xnor2_2 (241)             
sky130_fd_sc_hd__nor2_2 (77)               |sky130_fd_sc_hd__nor2_2 (77)               
sky130_fd_sc_hd__clkbuf_8 (196)            |sky130_fd_sc_hd__clkbuf_8 (196)            
sky130_fd_sc_hd__mux2_8 (115)              |sky130_fd_sc_hd__mux2_8 (115)              
sky130_fd_sc_hd__or2b_1 (126)              |sky130_fd_sc_hd__or2b_1 (126)              
sky130_fd_sc_hd__inv_2 (240)               |sky130_fd_sc_hd__inv_2 (240)               
sky130_fd_sc_hd__dlymetal6s2s_1 (322)      |sky130_fd_sc_hd__dlymetal6s2s_1 (322)      
sky130_fd_sc_hd__a31oi_4 (3)               |sky130_fd_sc_hd__a31oi_4 (3)               
sky130_fd_sc_hd__nand3_2 (17)              |sky130_fd_sc_hd__nand3_2 (17)              
sky130_fd_sc_hd__buf_8 (101)               |sky130_fd_sc_hd__buf_8 (101)               
sky130_fd_sc_hd__or3_1 (64)                |sky130_fd_sc_hd__or3_1 (64)                
sky130_fd_sc_hd__or2_4 (10)                |sky130_fd_sc_hd__or2_4 (10)                
sky130_fd_sc_hd__o21ba_1 (25)              |sky130_fd_sc_hd__o21ba_1 (25)              
sky130_fd_sc_hd__xor2_4 (138)              |sky130_fd_sc_hd__xor2_4 (138)              
sky130_fd_sc_hd__a21oi_4 (20)              |sky130_fd_sc_hd__a21oi_4 (20)              
sky130_fd_sc_hd__o31a_1 (42)               |sky130_fd_sc_hd__o31a_1 (42)               
sky130_fd_sc_hd__o31a_4 (33)               |sky130_fd_sc_hd__o31a_4 (33)               
sky130_fd_sc_hd__a2111o_1 (27)             |sky130_fd_sc_hd__a2111o_1 (27)             
sky130_fd_sc_hd__mux2_4 (160)              |sky130_fd_sc_hd__mux2_4 (160)              
sky130_fd_sc_hd__o211ai_1 (5)              |sky130_fd_sc_hd__o211ai_1 (5)              
sky130_fd_sc_hd__a211o_2 (28)              |sky130_fd_sc_hd__a211o_2 (28)              
sky130_fd_sc_hd__a311o_1 (15)              |sky130_fd_sc_hd__a311o_1 (15)              
sky130_fd_sc_hd__nand3_1 (44)              |sky130_fd_sc_hd__nand3_1 (44)              
sky130_fd_sc_hd__buf_1 (312)               |sky130_fd_sc_hd__buf_1 (312)               
sky130_fd_sc_hd__o21a_2 (53)               |sky130_fd_sc_hd__o21a_2 (53)               
sky130_fd_sc_hd__a211o_1 (38)              |sky130_fd_sc_hd__a211o_1 (38)              
sky130_fd_sc_hd__a21boi_1 (15)             |sky130_fd_sc_hd__a21boi_1 (15)             
sky130_fd_sc_hd__and3_1 (123)              |sky130_fd_sc_hd__and3_1 (123)              
sky130_fd_sc_hd__nor2_8 (6)                |sky130_fd_sc_hd__nor2_8 (6)                
sky130_fd_sc_hd__a31o_1 (131)              |sky130_fd_sc_hd__a31o_1 (131)              
sky130_fd_sc_hd__buf_6 (116)               |sky130_fd_sc_hd__buf_6 (116)               
sky130_fd_sc_hd__clkinv_4 (12)             |sky130_fd_sc_hd__clkinv_4 (12)             
sky130_fd_sc_hd__a2bb2o_1 (66)             |sky130_fd_sc_hd__a2bb2o_1 (66)             
sky130_fd_sc_hd__and2b_1 (70)              |sky130_fd_sc_hd__and2b_1 (70)              
sky130_fd_sc_hd__a41o_1 (11)               |sky130_fd_sc_hd__a41o_1 (11)               
sky130_fd_sc_hd__and2b_2 (11)              |sky130_fd_sc_hd__and2b_2 (11)              
sky130_fd_sc_hd__clkdlybuf4s25_1 (37)      |sky130_fd_sc_hd__clkdlybuf4s25_1 (37)      
sky130_fd_sc_hd__and4_1 (12)               |sky130_fd_sc_hd__and4_1 (12)               
sky130_fd_sc_hd__buf_12 (68)               |sky130_fd_sc_hd__buf_12 (68)               
sky130_fd_sc_hd__or3b_4 (2)                |sky130_fd_sc_hd__or3b_4 (2)                
sky130_fd_sc_hd__or2b_2 (27)               |sky130_fd_sc_hd__or2b_2 (27)               
sky130_fd_sc_hd__or2_2 (46)                |sky130_fd_sc_hd__or2_2 (46)                
sky130_fd_sc_hd__a32o_2 (6)                |sky130_fd_sc_hd__a32o_2 (6)                
sky130_fd_sc_hd__o211a_2 (41)              |sky130_fd_sc_hd__o211a_2 (41)              
sky130_fd_sc_hd__or4_1 (37)                |sky130_fd_sc_hd__or4_1 (37)                
sky130_fd_sc_hd__a22o_2 (31)               |sky130_fd_sc_hd__a22o_2 (31)               
sky130_fd_sc_hd__a21bo_1 (33)              |sky130_fd_sc_hd__a21bo_1 (33)              
sky130_fd_sc_hd__and2_4 (37)               |sky130_fd_sc_hd__and2_4 (37)               
sky130_fd_sc_hd__a221o_4 (27)              |sky130_fd_sc_hd__a221o_4 (27)              
sky130_fd_sc_hd__and3b_1 (17)              |sky130_fd_sc_hd__and3b_1 (17)              
sky130_fd_sc_hd__or3b_1 (10)               |sky130_fd_sc_hd__or3b_1 (10)               
sky130_fd_sc_hd__o21bai_4 (2)              |sky130_fd_sc_hd__o21bai_4 (2)              
sky130_fd_sc_hd__and3_4 (4)                |sky130_fd_sc_hd__and3_4 (4)                
sky130_fd_sc_hd__a2bb2o_2 (15)             |sky130_fd_sc_hd__a2bb2o_2 (15)             
sky130_fd_sc_hd__a221o_2 (5)               |sky130_fd_sc_hd__a221o_2 (5)               
sky130_fd_sc_hd__nor3_1 (10)               |sky130_fd_sc_hd__nor3_1 (10)               
sky130_fd_sc_hd__o21bai_2 (7)              |sky130_fd_sc_hd__o21bai_2 (7)              
sky130_fd_sc_hd__o311a_1 (16)              |sky130_fd_sc_hd__o311a_1 (16)              
sky130_fd_sc_hd__and3_2 (18)               |sky130_fd_sc_hd__and3_2 (18)               
sky130_fd_sc_hd__or4b_2 (3)                |sky130_fd_sc_hd__or4b_2 (3)                
sky130_fd_sc_hd__o2bb2a_1 (1)              |sky130_fd_sc_hd__o2bb2a_1 (1)              
sky130_fd_sc_hd__o31a_2 (4)                |sky130_fd_sc_hd__o31a_2 (4)                
sky130_fd_sc_hd__nand2_8 (5)               |sky130_fd_sc_hd__nand2_8 (5)               
sky130_fd_sc_hd__a32o_1 (55)               |sky130_fd_sc_hd__a32o_1 (55)               
sky130_fd_sc_hd__a21bo_2 (8)               |sky130_fd_sc_hd__a21bo_2 (8)               
sky130_fd_sc_hd__inv_4 (11)                |sky130_fd_sc_hd__inv_4 (11)                
sky130_fd_sc_hd__a31o_2 (19)               |sky130_fd_sc_hd__a31o_2 (19)               
sky130_fd_sc_hd__and3b_2 (2)               |sky130_fd_sc_hd__and3b_2 (2)               
sky130_fd_sc_hd__or4b_1 (7)                |sky130_fd_sc_hd__or4b_1 (7)                
sky130_fd_sc_hd__a21boi_2 (8)              |sky130_fd_sc_hd__a21boi_2 (8)              
sky130_fd_sc_hd__a2111oi_1 (2)             |sky130_fd_sc_hd__a2111oi_1 (2)             
sky130_fd_sc_hd__nand3b_1 (5)              |sky130_fd_sc_hd__nand3b_1 (5)              
sky130_fd_sc_hd__and4_2 (5)                |sky130_fd_sc_hd__and4_2 (5)                
sky130_fd_sc_hd__a31oi_1 (3)               |sky130_fd_sc_hd__a31oi_1 (3)               
sky130_fd_sc_hd__a31o_4 (2)                |sky130_fd_sc_hd__a31o_4 (2)                
sky130_fd_sc_hd__and3b_4 (1)               |sky130_fd_sc_hd__and3b_4 (1)               
sky130_fd_sc_hd__o21ai_4 (16)              |sky130_fd_sc_hd__o21ai_4 (16)              
sky130_fd_sc_hd__o31ai_4 (8)               |sky130_fd_sc_hd__o31ai_4 (8)               
sky130_fd_sc_hd__o31ai_1 (12)              |sky130_fd_sc_hd__o31ai_1 (12)              
sky130_fd_sc_hd__nand3_4 (8)               |sky130_fd_sc_hd__nand3_4 (8)               
sky130_fd_sc_hd__a32o_4 (1)                |sky130_fd_sc_hd__a32o_4 (1)                
sky130_fd_sc_hd__nand2_4 (19)              |sky130_fd_sc_hd__nand2_4 (19)              
sky130_fd_sc_hd__and4bb_1 (4)              |sky130_fd_sc_hd__and4bb_1 (4)              
sky130_fd_sc_hd__or3_2 (16)                |sky130_fd_sc_hd__or3_2 (16)                
sky130_fd_sc_hd__or4_4 (3)                 |sky130_fd_sc_hd__or4_4 (3)                 
sky130_fd_sc_hd__o21bai_1 (4)              |sky130_fd_sc_hd__o21bai_1 (4)              
sky130_fd_sc_hd__nand4_1 (2)               |sky130_fd_sc_hd__nand4_1 (2)               
sky130_fd_sc_hd__nor4_1 (6)                |sky130_fd_sc_hd__nor4_1 (6)                
sky130_fd_sc_hd__a311o_2 (4)               |sky130_fd_sc_hd__a311o_2 (4)               
sky130_fd_sc_hd__inv_6 (3)                 |sky130_fd_sc_hd__inv_6 (3)                 
sky130_fd_sc_hd__nand2b_2 (2)              |sky130_fd_sc_hd__nand2b_2 (2)              
sky130_fd_sc_hd__a211oi_4 (3)              |sky130_fd_sc_hd__a211oi_4 (3)              
sky130_fd_sc_hd__o22a_1 (3)                |sky130_fd_sc_hd__o22a_1 (3)                
sky130_fd_sc_hd__a221oi_4 (2)              |sky130_fd_sc_hd__a221oi_4 (2)              
sky130_fd_sc_hd__nand3b_2 (2)              |sky130_fd_sc_hd__nand3b_2 (2)              
sky130_fd_sc_hd__nor3_2 (2)                |sky130_fd_sc_hd__nor3_2 (2)                
sky130_fd_sc_hd__o21ba_2 (5)               |sky130_fd_sc_hd__o21ba_2 (5)               
sky130_fd_sc_hd__a31oi_2 (3)               |sky130_fd_sc_hd__a31oi_2 (3)               
sky130_fd_sc_hd__or3_4 (1)                 |sky130_fd_sc_hd__or3_4 (1)                 
sky130_fd_sc_hd__or3b_2 (1)                |sky130_fd_sc_hd__or3b_2 (1)                
sky130_fd_sc_hd__o211ai_2 (3)              |sky130_fd_sc_hd__o211ai_2 (3)              
sky130_fd_sc_hd__o221ai_1 (1)              |sky130_fd_sc_hd__o221ai_1 (1)              
sky130_fd_sc_hd__o2111ai_4 (1)             |sky130_fd_sc_hd__o2111ai_4 (1)             
sky130_fd_sc_hd__a2111o_2 (6)              |sky130_fd_sc_hd__a2111o_2 (6)              
sky130_fd_sc_hd__a21boi_4 (3)              |sky130_fd_sc_hd__a21boi_4 (3)              
sky130_fd_sc_hd__o31ai_2 (5)               |sky130_fd_sc_hd__o31ai_2 (5)               
sky130_fd_sc_hd__o311a_2 (4)               |sky130_fd_sc_hd__o311a_2 (4)               
sky130_fd_sc_hd__or4_2 (4)                 |sky130_fd_sc_hd__or4_2 (4)                 
sky130_fd_sc_hd__nor3b_1 (3)               |sky130_fd_sc_hd__nor3b_1 (3)               
sky130_fd_sc_hd__and4_4 (2)                |sky130_fd_sc_hd__and4_4 (2)                
sky130_fd_sc_hd__a211oi_1 (5)              |sky130_fd_sc_hd__a211oi_1 (5)              
sky130_fd_sc_hd__o221a_2 (4)               |sky130_fd_sc_hd__o221a_2 (4)               
sky130_fd_sc_hd__o211a_4 (1)               |sky130_fd_sc_hd__o211a_4 (1)               
sky130_fd_sc_hd__nand2b_4 (3)              |sky130_fd_sc_hd__nand2b_4 (3)              
sky130_fd_sc_hd__a311oi_2 (3)              |sky130_fd_sc_hd__a311oi_2 (3)              
sky130_fd_sc_hd__nand4_2 (1)               |sky130_fd_sc_hd__nand4_2 (1)               
sky130_fd_sc_hd__a21o_4 (1)                |sky130_fd_sc_hd__a21o_4 (1)                
sky130_fd_sc_hd__a211oi_2 (4)              |sky130_fd_sc_hd__a211oi_2 (4)              
sky130_fd_sc_hd__o21a_4 (3)                |sky130_fd_sc_hd__o21a_4 (3)                
sky130_fd_sc_hd__o311ai_4 (1)              |sky130_fd_sc_hd__o311ai_4 (1)              
sky130_fd_sc_hd__or2b_4 (2)                |sky130_fd_sc_hd__or2b_4 (2)                
sky130_fd_sc_hd__nor2_4 (2)                |sky130_fd_sc_hd__nor2_4 (2)                
sky130_fd_sc_hd__o22a_2 (1)                |sky130_fd_sc_hd__o22a_2 (1)                
sky130_fd_sc_hd__or4bb_4 (1)               |sky130_fd_sc_hd__or4bb_4 (1)               
sky130_fd_sc_hd__nand3b_4 (4)              |sky130_fd_sc_hd__nand3b_4 (4)              
sky130_fd_sc_hd__o32ai_4 (1)               |sky130_fd_sc_hd__o32ai_4 (1)               
sky130_fd_sc_hd__o32a_4 (1)                |sky130_fd_sc_hd__o32a_4 (1)                
sky130_fd_sc_hd__and4bb_4 (1)              |sky130_fd_sc_hd__and4bb_4 (1)              
sky130_fd_sc_hd__o211ai_4 (1)              |sky130_fd_sc_hd__o211ai_4 (1)              
sky130_fd_sc_hd__o2bb2a_2 (1)              |sky130_fd_sc_hd__o2bb2a_2 (1)              
sky130_fd_sc_hd__a22oi_4 (1)               |sky130_fd_sc_hd__a22oi_4 (1)               
sky130_fd_sc_hd__nand4_4 (2)               |sky130_fd_sc_hd__nand4_4 (2)               
sky130_fd_sc_hd__o2111a_2 (1)              |sky130_fd_sc_hd__o2111a_2 (1)              
sky130_fd_sc_hd__a311oi_4 (1)              |sky130_fd_sc_hd__a311oi_4 (1)              
Number of devices: 34854                   |Number of devices: 34854                   
Number of nets: 29452                      |Number of nets: 29452                      
---------------------------------------------------------------------------------------
Netlists match uniquely.

Subcircuit pins:
Circuit 1: salsa20                         |Circuit 2: salsa20                         
-------------------------------------------|-------------------------------------------
read_data[4]                               |read_data[4]                               
read_data[31]                              |read_data[31]                              
read_data[0]                               |read_data[0]                               
read_data[1]                               |read_data[1]                               
read_data[29]                              |read_data[29]                              
error                                      |error                                      
read_data[16]                              |read_data[16]                              
read_data[18]                              |read_data[18]                              
read_data[19]                              |read_data[19]                              
read_data[22]                              |read_data[22]                              
read_data[11]                              |read_data[11]                              
read_data[10]                              |read_data[10]                              
read_data[15]                              |read_data[15]                              
read_data[14]                              |read_data[14]                              
read_data[7]                               |read_data[7]                               
read_data[6]                               |read_data[6]                               
read_data[8]                               |read_data[8]                               
read_data[26]                              |read_data[26]                              
read_data[25]                              |read_data[25]                              
read_data[24]                              |read_data[24]                              
read_data[27]                              |read_data[27]                              
read_data[28]                              |read_data[28]                              
read_data[30]                              |read_data[30]                              
read_data[3]                               |read_data[3]                               
read_data[2]                               |read_data[2]                               
read_data[5]                               |read_data[5]                               
read_data[13]                              |read_data[13]                              
read_data[12]                              |read_data[12]                              
read_data[9]                               |read_data[9]                               
read_data[17]                              |read_data[17]                              
read_data[21]                              |read_data[21]                              
read_data[20]                              |read_data[20]                              
read_data[23]                              |read_data[23]                              
VGND                                       |VGND                                       
VPWR                                       |VPWR                                       
clk                                        |clk                                        
reset_n                                    |reset_n                                    
we                                         |we                                         
write_data[0]                              |write_data[0]                              
address[0]                                 |address[0]                                 
write_data[2]                              |write_data[2]                              
write_data[3]                              |write_data[3]                              
write_data[4]                              |write_data[4]                              
address[2]                                 |address[2]                                 
write_data[14]                             |write_data[14]                             
write_data[19]                             |write_data[19]                             
write_data[21]                             |write_data[21]                             
write_data[7]                              |write_data[7]                              
write_data[29]                             |write_data[29]                             
write_data[8]                              |write_data[8]                              
write_data[23]                             |write_data[23]                             
write_data[31]                             |write_data[31]                             
write_data[28]                             |write_data[28]                             
write_data[27]                             |write_data[27]                             
write_data[17]                             |write_data[17]                             
write_data[6]                              |write_data[6]                              
write_data[24]                             |write_data[24]                             
write_data[30]                             |write_data[30]                             
write_data[10]                             |write_data[10]                             
write_data[11]                             |write_data[11]                             
write_data[5]                              |write_data[5]                              
write_data[13]                             |write_data[13]                             
write_data[20]                             |write_data[20]                             
write_data[26]                             |write_data[26]                             
write_data[15]                             |write_data[15]                             
write_data[16]                             |write_data[16]                             
write_data[22]                             |write_data[22]                             
write_data[9]                              |write_data[9]                              
address[3]                                 |address[3]                                 
write_data[1]                              |write_data[1]                              
address[4]                                 |address[4]                                 
write_data[25]                             |write_data[25]                             
write_data[12]                             |write_data[12]                             
address[5]                                 |address[5]                                 
write_data[18]                             |write_data[18]                             
address[6]                                 |address[6]                                 
address[7]                                 |address[7]                                 
cs                                         |cs                                         
address[1]                                 |address[1]                                 
---------------------------------------------------------------------------------------
Cell pin lists are equivalent.
Device classes salsa20 and salsa20 are equivalent.

Final result: Circuits match uniquely.
.
