OpenROAD 41a51eaf4ca2171c92ff38afb91eb37bbd3f36da 
This program is licensed under the BSD-3 license. See the LICENSE file for details.
Components of this program may be licensed under more restrictive licenses which must be honored.
[INFO]: Reading ODB at '/openlane/designs/salsa20/runs/RUN_2026.07.11_07.13.07/results/routing/salsa20.odb'…
define_corners Typical
read_liberty -corner Typical /openlane/pdks/sky130A/libs.ref/sky130_fd_sc_hd/lib/sky130_fd_sc_hd__tt_025C_1v80.lib
Using 1e-12 for capacitance...
Using 1e+03 for resistance...
Using 1e-09 for time...
Using 1e+00 for voltage...
Using 1e-03 for current...
Using 1e-09 for power...
Using 1e-06 for distance...
Reading design constraints file at '/openlane/designs/salsa20/runs/RUN_2026.07.11_07.13.07/tmp/17-salsa20.sdc'…
Net: _04101_
  Pin: ANTENNA__23567__A/DIODE (sky130_fd_sc_hd__diode_2)
    Layer: met3
      Partial area ratio:    2.20
      Required ratio:    0.00 (Gate area) 
      Partial area ratio:   11.83
      Required ratio: 4279.44 (Side area) 
      Cumulative area ratio:    7.21
      Required ratio:    0.00 (Cumulative area) 
      Cumulative area ratio:   37.89
      Required ratio:    0.00 (Cumulative side area) 

    Layer: met2
      Partial area ratio:    2.83
      Required ratio:    0.00 (Gate area) 
      Partial area ratio:   14.34
      Required ratio: 3121.64 (Side area) 
      Cumulative area ratio:    5.01
      Required ratio:    0.00 (Cumulative area) 
      Cumulative area ratio:   26.07
      Required ratio:    0.00 (Cumulative side area) 

    Layer: met1
      Partial area ratio:    0.83
      Required ratio:    0.00 (Gate area) 
      Partial area ratio:    4.61
      Required ratio: 2773.88 (Side area) 
      Cumulative area ratio:    0.83
      Required ratio:    0.00 (Cumulative area) 
      Cumulative area ratio:    4.61
      Required ratio:    0.00 (Cumulative side area) 

    Layer: li1
      Partial area ratio:    0.00
      Required ratio:    0.00 (Gate area) 
      Partial area ratio:    0.00
      Required ratio:  270.62 (Side area) 
      Cumulative area ratio:    0.00
      Required ratio:    0.00 (Cumulative area) 
      Cumulative area ratio:    0.00
      Required ratio:    0.00 (Cumulative side area) 

    Via: M2M3_PR
      Partial area ratio:    0.01
      Required ratio:    6.00 (Gate area) 
      Cumulative area ratio:    0.22
      Required ratio:    0.00 (Cumulative area) 

    Via: M1M2_PR
      Partial area ratio:    0.10
      Required ratio:    6.00 (Gate area) 
      Cumulative area ratio:    0.17
      Required ratio:    0.00 (Cumulative area) 

    Via: L1M1_PR
      Partial area ratio:    0.07
      Required ratio:    3.00 (Gate area) 
      Cumulative area ratio:    0.07
      Required ratio:    0.00 (Cumulative area) 

  Pin: _23567_/A (sky130_fd_sc_hd__clkbuf_8)
    Layer: met3
      Partial area ratio:    2.20
      Required ratio:    0.00 (Gate area) 
      Partial area ratio:   11.83
      Required ratio: 4279.44 (Side area) 
      Cumulative area ratio:    9.53
      Required ratio:    0.00 (Cumulative area) 
      Cumulative area ratio:   49.69
      Required ratio:    0.00 (Cumulative side area) 

    Layer: met2
      Partial area ratio:    2.83
      Required ratio:    0.00 (Gate area) 
      Partial area ratio:   14.34
      Required ratio: 3121.64 (Side area) 
      Cumulative area ratio:    7.33
      Required ratio:    0.00 (Cumulative area) 
      Cumulative area ratio:   37.87
      Required ratio:    0.00 (Cumulative side area) 

    Layer: met1
      Partial area ratio:    2.31
      Required ratio:    0.00 (Gate area) 
      Partial area ratio:   11.80
      Required ratio:  400.00 (Side area) 
      Cumulative area ratio:    2.31
      Required ratio:    0.00 (Cumulative area) 
      Cumulative area ratio:   11.80
      Required ratio:    0.00 (Cumulative side area) 

    Layer: li1
      Partial area ratio:    0.00
      Required ratio:    0.00 (Gate area) 
      Partial area ratio:    0.00
      Required ratio:   75.00 (Side area) 
      Cumulative area ratio:    0.00
      Required ratio:    0.00 (Cumulative area) 
      Cumulative area ratio:    0.00
      Required ratio:    0.00 (Cumulative side area) 

    Via: M2M3_PR
      Partial area ratio:    0.01
      Required ratio:    6.00 (Gate area) 
      Cumulative area ratio:    0.27
      Required ratio:    0.00 (Cumulative area) 

    Via: M1M2_PR
      Partial area ratio:    0.05
      Required ratio:    6.00 (Gate area) 
      Cumulative area ratio:    0.12
      Required ratio:    0.00 (Cumulative area) 

    Via: L1M1_PR
      Partial area ratio:    0.07
      Required ratio:    3.00 (Gate area) 
      Cumulative area ratio:    0.07
      Required ratio:    0.00 (Cumulative area) 

  Pin: _23689_/A (sky130_fd_sc_hd__buf_2)
    Layer: met3
      Partial area ratio:    2.20
      Required ratio:    0.00 (Gate area) 
      Partial area ratio:   11.83
      Required ratio: 4279.44 (Side area) 
      Cumulative area ratio:    8.12
      Required ratio:    0.00 (Cumulative area) 
      Cumulative area ratio:   42.62
      Required ratio:    0.00 (Cumulative side area) 

    Layer: met2
      Partial area ratio:    2.83
      Required ratio:    0.00 (Gate area) 
      Partial area ratio:   14.34
      Required ratio: 3121.64 (Side area) 
      Cumulative area ratio:    5.93
      Required ratio:    0.00 (Cumulative area) 
      Cumulative area ratio:   30.80
      Required ratio:    0.00 (Cumulative side area) 

    Layer: met1
      Partial area ratio:    1.74
      Required ratio:    0.00 (Gate area) 
      Partial area ratio:    9.33
      Required ratio:  400.00 (Side area) 
      Cumulative area ratio:    1.74
      Required ratio:    0.00 (Cumulative area) 
      Cumulative area ratio:    9.33
      Required ratio:    0.00 (Cumulative side area) 

    Layer: li1
      Partial area ratio:    0.00
      Required ratio:    0.00 (Gate area) 
      Partial area ratio:    0.00
      Required ratio:   75.00 (Side area) 
      Cumulative area ratio:    0.00
      Required ratio:    0.00 (Cumulative area) 
      Cumulative area ratio:    0.00
      Required ratio:    0.00 (Cumulative side area) 

    Via: M2M3_PR
      Partial area ratio:    0.01
      Required ratio:    6.00 (Gate area) 
      Cumulative area ratio:    0.37
      Required ratio:    0.00 (Cumulative area) 

    Via: M1M2_PR
      Partial area ratio:    0.14
      Required ratio:    6.00 (Gate area) 
      Cumulative area ratio:    0.32
      Required ratio:    0.00 (Cumulative area) 

    Via: L1M1_PR
      Partial area ratio:    0.18
      Required ratio:    3.00 (Gate area) 
      Cumulative area ratio:    0.18
      Required ratio:    0.00 (Cumulative area) 

  Pin: ANTENNA__23689__A/DIODE (sky130_fd_sc_hd__diode_2)
    Layer: met3
      Partial area ratio:    2.20
      Required ratio:    0.00 (Gate area) 
      Partial area ratio:   11.83
      Required ratio: 4279.44 (Side area) 
      Cumulative area ratio:    6.38
      Required ratio:    0.00 (Cumulative area) 
      Cumulative area ratio:   33.29
      Required ratio:    0.00 (Cumulative side area) 

    Layer: met2
      Partial area ratio:    2.83
      Required ratio:    0.00 (Gate area) 
      Partial area ratio:   14.34
      Required ratio: 3121.64 (Side area) 
      Cumulative area ratio:    4.18
      Required ratio:    0.00 (Cumulative area) 
      Cumulative area ratio:   21.46
      Required ratio:    0.00 (Cumulative side area) 

    Layer: met1
      Partial area ratio:    0.00
      Required ratio:    0.00 (Gate area) 
      Partial area ratio:    0.00
      Required ratio: 2773.88 (Side area) 
      Cumulative area ratio:    0.00
      Required ratio:    0.00 (Cumulative area) 
      Cumulative area ratio:    0.00
      Required ratio:    0.00 (Cumulative side area) 

    Layer: li1
      Partial area ratio:    0.00
      Required ratio:    0.00 (Gate area) 
      Partial area ratio:    0.00
      Required ratio:  270.62 (Side area) 
      Cumulative area ratio:    0.00
      Required ratio:    0.00 (Cumulative area) 
      Cumulative area ratio:    0.00
      Required ratio:    0.00 (Cumulative side area) 

    Via: M2M3_PR
      Partial area ratio:    0.01
      Required ratio:    6.00 (Gate area) 
      Cumulative area ratio:    0.16
      Required ratio:    0.00 (Cumulative area) 

    Via: M1M2_PR
      Partial area ratio:    0.05
      Required ratio:    6.00 (Gate area) 
      Cumulative area ratio:    0.12
      Required ratio:    0.00 (Cumulative area) 

    Via: L1M1_PR
      Partial area ratio:    0.07
      Required ratio:    3.00 (Gate area) 
      Cumulative area ratio:    0.07
      Required ratio:    0.00 (Cumulative area) 

  Pin: _34994_/A (sky130_fd_sc_hd__buf_12)
    Layer: met3
      Partial area ratio:    2.20
      Required ratio:    0.00 (Gate area) 
      Partial area ratio:   11.83
      Required ratio: 4279.44 (Side area) 
      Cumulative area ratio:    6.38
      Required ratio:    0.00 (Cumulative area) 
      Cumulative area ratio:   33.29
      Required ratio:    0.00 (Cumulative side area) 

    Layer: met2
      Partial area ratio:    2.83
      Required ratio:    0.00 (Gate area) 
      Partial area ratio:   14.34
      Required ratio: 3121.64 (Side area) 
      Cumulative area ratio:    4.18
      Required ratio:    0.00 (Cumulative area) 
      Cumulative area ratio:   21.46
      Required ratio:    0.00 (Cumulative side area) 

    Layer: met1
      Partial area ratio:    1.36
      Required ratio:    0.00 (Gate area) 
      Partial area ratio:    7.12
      Required ratio: 2773.88 (Side area) 
      Cumulative area ratio:    1.36
      Required ratio:    0.00 (Cumulative area) 
      Cumulative area ratio:    7.12
      Required ratio:    0.00 (Cumulative side area) 

    Layer: li1
      Partial area ratio:    0.00
      Required ratio:    0.00 (Gate area) 
      Partial area ratio:    0.00
      Required ratio:   75.00 (Side area) 
      Cumulative area ratio:    0.00
      Required ratio:    0.00 (Cumulative area) 
      Cumulative area ratio:    0.00
      Required ratio:    0.00 (Cumulative side area) 

    Via: M2M3_PR
      Partial area ratio:    0.01
      Required ratio:    6.00 (Gate area) 
      Cumulative area ratio:    0.07
      Required ratio:    0.00 (Cumulative area) 

    Via: M1M2_PR
      Partial area ratio:    0.03
      Required ratio:    6.00 (Gate area) 
      Cumulative area ratio:    0.06
      Required ratio:    0.00 (Cumulative area) 

    Via: L1M1_PR
      Partial area ratio:    0.03
      Required ratio:    3.00 (Gate area) 
      Cumulative area ratio:    0.03
      Required ratio:    0.00 (Cumulative area) 

  Pin: ANTENNA__34994__A/DIODE (sky130_fd_sc_hd__diode_2)
    Layer: met3
      Partial area ratio:    2.20
      Required ratio:    0.00 (Gate area) 
      Partial area ratio:   11.83
      Required ratio: 4279.44 (Side area) 
      Cumulative area ratio:    6.38
      Required ratio:    0.00 (Cumulative area) 
      Cumulative area ratio:   33.29
      Required ratio:    0.00 (Cumulative side area) 

    Layer: met2
      Partial area ratio:    2.83
      Required ratio:    0.00 (Gate area) 
      Partial area ratio:   14.34
      Required ratio: 3121.64 (Side area) 
      Cumulative area ratio:    4.18
      Required ratio:    0.00 (Cumulative area) 
      Cumulative area ratio:   21.46
      Required ratio:    0.00 (Cumulative side area) 

    Layer: met1
      Partial area ratio:    1.36
      Required ratio:    0.00 (Gate area) 
      Partial area ratio:    7.12
      Required ratio: 2773.88 (Side area) 
      Cumulative area ratio:    1.36
      Required ratio:    0.00 (Cumulative area) 
      Cumulative area ratio:    7.12
      Required ratio:    0.00 (Cumulative side area) 

    Layer: li1
      Partial area ratio:    0.00
      Required ratio:    0.00 (Gate area) 
      Partial area ratio:    0.00
      Required ratio:  270.62 (Side area) 
      Cumulative area ratio:    0.00
      Required ratio:    0.00 (Cumulative area) 
      Cumulative area ratio:    0.00
      Required ratio:    0.00 (Cumulative side area) 

    Via: M2M3_PR
      Partial area ratio:    0.01
      Required ratio:    6.00 (Gate area) 
      Cumulative area ratio:    0.11
      Required ratio:    0.00 (Cumulative area) 

    Via: M1M2_PR
      Partial area ratio:    0.03
      Required ratio:    6.00 (Gate area) 
      Cumulative area ratio:    0.10
      Required ratio:    0.00 (Cumulative area) 

    Via: L1M1_PR
      Partial area ratio:    0.07
      Required ratio:    3.00 (Gate area) 
      Cumulative area ratio:    0.07
      Required ratio:    0.00 (Cumulative area) 

  Pin: _23201_/A (sky130_fd_sc_hd__buf_2)
    Layer: met2
      Partial area ratio:    4.73
      Required ratio:    0.00 (Gate area) 
      Partial area ratio:   23.99
      Required ratio: 3757.80 (Side area) 
      Cumulative area ratio:   90.36
      Required ratio:    0.00 (Cumulative area) 
      Cumulative area ratio:  457.99
      Required ratio:    0.00 (Cumulative side area) 

    Layer: met3
      Partial area ratio:    2.20
      Required ratio:    0.00 (Gate area) 
      Partial area ratio:   11.83
      Required ratio: 4279.44 (Side area) 
      Cumulative area ratio:   92.56
      Required ratio:    0.00 (Cumulative area) 
      Cumulative area ratio:  469.82
      Required ratio:    0.00 (Cumulative side area) 

    Layer: met1
      Partial area ratio:    1.15
      Required ratio:    0.00 (Gate area) 
      Partial area ratio:    6.08
      Required ratio: 2773.88 (Side area) 
      Cumulative area ratio:    1.15
      Required ratio:    0.00 (Cumulative area) 
      Cumulative area ratio:    6.08
      Required ratio:    0.00 (Cumulative side area) 

    Layer: li1
      Partial area ratio:    0.00
      Required ratio:    0.00 (Gate area) 
      Partial area ratio:    0.00
      Required ratio:   75.00 (Side area) 
      Cumulative area ratio:    0.00
      Required ratio:    0.00 (Cumulative area) 
      Cumulative area ratio:    0.00
      Required ratio:    0.00 (Cumulative side area) 

    Via: M2M3_PR
      Partial area ratio:    0.02
      Required ratio:    6.00 (Gate area) 
      Cumulative area ratio:    0.51
      Required ratio:    0.00 (Cumulative area) 

    Via: M1M2_PR
      Partial area ratio:    0.04
      Required ratio:    6.00 (Gate area) 
      Cumulative area ratio:    0.22
      Required ratio:    0.00 (Cumulative area) 

    Via: L1M1_PR
      Partial area ratio:    0.18
      Required ratio:    3.00 (Gate area) 
      Cumulative area ratio:    0.18
      Required ratio:    0.00 (Cumulative area) 

  Pin: ANTENNA__23201__A/DIODE (sky130_fd_sc_hd__diode_2)
    Layer: met2
      Partial area ratio:    4.73
      Required ratio:    0.00 (Gate area) 
      Partial area ratio:   23.99
      Required ratio: 3757.80 (Side area) 
      Cumulative area ratio:   90.36
      Required ratio:    0.00 (Cumulative area) 
      Cumulative area ratio:  457.99
      Required ratio:    0.00 (Cumulative side area) 

    Layer: met3
      Partial area ratio:    2.20
      Required ratio:    0.00 (Gate area) 
      Partial area ratio:   11.83
      Required ratio: 4279.44 (Side area) 
      Cumulative area ratio:   92.56
      Required ratio:    0.00 (Cumulative area) 
      Cumulative area ratio:  469.82
      Required ratio:    0.00 (Cumulative side area) 

    Layer: met1
      Partial area ratio:    1.15
      Required ratio:    0.00 (Gate area) 
      Partial area ratio:    6.08
      Required ratio: 2773.88 (Side area) 
      Cumulative area ratio:    1.15
      Required ratio:    0.00 (Cumulative area) 
      Cumulative area ratio:    6.08
      Required ratio:    0.00 (Cumulative side area) 

    Layer: li1
      Partial area ratio:    0.00
      Required ratio:    0.00 (Gate area) 
      Partial area ratio:    0.00
      Required ratio:  270.62 (Side area) 
      Cumulative area ratio:    0.00
      Required ratio:    0.00 (Cumulative area) 
      Cumulative area ratio:    0.00
      Required ratio:    0.00 (Cumulative side area) 

    Via: M2M3_PR
      Partial area ratio:    0.02
      Required ratio:    6.00 (Gate area) 
      Cumulative area ratio:    0.40
      Required ratio:    0.00 (Cumulative area) 

    Via: M1M2_PR
      Partial area ratio:    0.04
      Required ratio:    6.00 (Gate area) 
      Cumulative area ratio:    0.10
      Required ratio:    0.00 (Cumulative area) 

    Via: L1M1_PR
      Partial area ratio:    0.07
      Required ratio:    3.00 (Gate area) 
      Cumulative area ratio:    0.07
      Required ratio:    0.00 (Cumulative area) 

  Pin: _23323_/A (sky130_fd_sc_hd__buf_4)
    Layer: met2
      Partial area ratio:    4.73
      Required ratio:    0.00 (Gate area) 
      Partial area ratio:   23.99
      Required ratio: 3757.80 (Side area) 
      Cumulative area ratio:   89.21
      Required ratio:    0.00 (Cumulative area) 
      Cumulative area ratio:  451.91
      Required ratio:    0.00 (Cumulative side area) 

    Layer: met1
      Partial area ratio:   84.48
      Required ratio:    0.00 (Gate area) 
      Partial area ratio:  427.92
      Required ratio:  400.00 (Side area) (VIOLATED)
      Cumulative area ratio:   84.48
      Required ratio:    0.00 (Cumulative area) 
      Cumulative area ratio:  427.92
      Required ratio:    0.00 (Cumulative side area) 

    Layer: met3
      Partial area ratio:    2.20
      Required ratio:    0.00 (Gate area) 
      Partial area ratio:   11.83
      Required ratio: 4279.44 (Side area) 
      Cumulative area ratio:   91.41
      Required ratio:    0.00 (Cumulative area) 
      Cumulative area ratio:  463.73
      Required ratio:    0.00 (Cumulative side area) 

    Layer: li1
      Partial area ratio:    0.00
      Required ratio:    0.00 (Gate area) 
      Partial area ratio:    0.00
      Required ratio:   75.00 (Side area) 
      Cumulative area ratio:    0.00
      Required ratio:    0.00 (Cumulative area) 
      Cumulative area ratio:    0.00
      Required ratio:    0.00 (Cumulative side area) 

    Via: M2M3_PR
      Partial area ratio:    0.02
      Required ratio:    6.00 (Gate area) 
      Cumulative area ratio:    0.41
      Required ratio:    0.00 (Cumulative area) 

    Via: M1M2_PR
      Partial area ratio:    0.27
      Required ratio:    6.00 (Gate area) 
      Cumulative area ratio:    0.39
      Required ratio:    0.00 (Cumulative area) 

    Via: L1M1_PR
      Partial area ratio:    0.12
      Required ratio:    3.00 (Gate area) 
      Cumulative area ratio:    0.12
      Required ratio:    0.00 (Cumulative area) 

  Pin: ANTENNA__23323__A/DIODE (sky130_fd_sc_hd__diode_2)
    Layer: met2
      Partial area ratio:    4.73
      Required ratio:    0.00 (Gate area) 
      Partial area ratio:   23.99
      Required ratio: 3757.80 (Side area) 
      Cumulative area ratio:    4.73
      Required ratio:    0.00 (Cumulative area) 
      Cumulative area ratio:   23.99
      Required ratio:    0.00 (Cumulative side area) 

    Layer: met3
      Partial area ratio:    2.20
      Required ratio:    0.00 (Gate area) 
      Partial area ratio:   11.83
      Required ratio: 4279.44 (Side area) 
      Cumulative area ratio:    6.93
      Required ratio:    0.00 (Cumulative area) 
      Cumulative area ratio:   35.81
      Required ratio:    0.00 (Cumulative side area) 

    Layer: met1
      Partial area ratio:    0.00
      Required ratio:    0.00 (Gate area) 
      Partial area ratio:    0.00
      Required ratio: 2773.88 (Side area) 
      Cumulative area ratio:    0.00
      Required ratio:    0.00 (Cumulative area) 
      Cumulative area ratio:    0.00
      Required ratio:    0.00 (Cumulative side area) 

    Layer: li1
      Partial area ratio:    0.00
      Required ratio:    0.00 (Gate area) 
      Partial area ratio:    0.00
      Required ratio:  270.62 (Side area) 
      Cumulative area ratio:    0.00
      Required ratio:    0.00 (Cumulative area) 
      Cumulative area ratio:    0.00
      Required ratio:    0.00 (Cumulative side area) 

    Via: M2M3_PR
      Partial area ratio:    0.02
      Required ratio:    6.00 (Gate area) 
      Cumulative area ratio:    0.14
      Required ratio:    0.00 (Cumulative area) 

    Via: M1M2_PR
      Partial area ratio:    0.05
      Required ratio:    6.00 (Gate area) 
      Cumulative area ratio:    0.12
      Required ratio:    0.00 (Cumulative area) 

    Via: L1M1_PR
      Partial area ratio:    0.07
      Required ratio:    3.00 (Gate area) 
      Cumulative area ratio:    0.07
      Required ratio:    0.00 (Cumulative area) 

  Pin: ANTENNA__23445__A/DIODE (sky130_fd_sc_hd__diode_2)
    Layer: met1
      Partial area ratio:    2.00
      Required ratio:    0.00 (Gate area) 
      Partial area ratio:   10.66
      Required ratio: 2773.88 (Side area) 
      Cumulative area ratio:    2.00
      Required ratio:    0.00 (Cumulative area) 
      Cumulative area ratio:   10.66
      Required ratio:    0.00 (Cumulative side area) 

    Layer: li1
      Partial area ratio:    0.00
      Required ratio:    0.00 (Gate area) 
      Partial area ratio:    0.00
      Required ratio:  270.62 (Side area) 
      Cumulative area ratio:    0.00
      Required ratio:    0.00 (Cumulative area) 
      Cumulative area ratio:    0.00
      Required ratio:    0.00 (Cumulative side area) 

    Via: M1M2_PR
      Partial area ratio:    0.04
      Required ratio:    6.00 (Gate area) 
      Cumulative area ratio:    0.10
      Required ratio:    0.00 (Cumulative area) 

    Via: L1M1_PR
      Partial area ratio:    0.07
      Required ratio:    3.00 (Gate area) 
      Cumulative area ratio:    0.07
      Required ratio:    0.00 (Cumulative area) 

  Pin: _23445_/A (sky130_fd_sc_hd__buf_2)
    Layer: met1
      Partial area ratio:    2.00
      Required ratio:    0.00 (Gate area) 
      Partial area ratio:   10.66
      Required ratio: 2773.88 (Side area) 
      Cumulative area ratio:    2.00
      Required ratio:    0.00 (Cumulative area) 
      Cumulative area ratio:   10.66
      Required ratio:    0.00 (Cumulative side area) 

    Layer: li1
      Partial area ratio:    0.00
      Required ratio:    0.00 (Gate area) 
      Partial area ratio:    0.00
      Required ratio:   75.00 (Side area) 
      Cumulative area ratio:    0.00
      Required ratio:    0.00 (Cumulative area) 
      Cumulative area ratio:    0.00
      Required ratio:    0.00 (Cumulative side area) 

    Via: M1M2_PR
      Partial area ratio:    0.04
      Required ratio:    6.00 (Gate area) 
      Cumulative area ratio:    0.22
      Required ratio:    0.00 (Cumulative area) 

    Via: L1M1_PR
      Partial area ratio:    0.18
      Required ratio:    3.00 (Gate area) 
      Cumulative area ratio:    0.18
      Required ratio:    0.00 (Cumulative area) 


Net: _05835_
  Pin: ANTENNA__25926__A/DIODE (sky130_fd_sc_hd__diode_2)
    Layer: met4
      Partial area ratio:   26.98
      Required ratio:    0.00 (Gate area) 
      Partial area ratio:  144.11
      Required ratio: 4915.60 (Side area) 
      Cumulative area ratio:  187.23
      Required ratio:    0.00 (Cumulative area) 
      Cumulative area ratio:  956.31
      Required ratio:    0.00 (Cumulative side area) 

    Layer: met3
      Partial area ratio:   10.74
      Required ratio:    0.00 (Gate area) 
      Partial area ratio:   57.59
      Required ratio: 3295.52 (Side area) 
      Cumulative area ratio:  160.26
      Required ratio:    0.00 (Cumulative area) 
      Cumulative area ratio:  812.20
      Required ratio:    0.00 (Cumulative side area) 

    Layer: met2
      Partial area ratio:    7.16
      Required ratio:    0.00 (Gate area) 
      Partial area ratio:   36.11
      Required ratio: 3121.64 (Side area) 
      Cumulative area ratio:  149.07
      Required ratio:    0.00 (Cumulative area) 
      Cumulative area ratio:  752.05
      Required ratio:    0.00 (Cumulative side area) 

    Layer: met1
      Partial area ratio:    2.18
      Required ratio:    0.00 (Gate area) 
      Partial area ratio:   11.41
      Required ratio: 2773.88 (Side area) 
      Cumulative area ratio:    2.18
      Required ratio:    0.00 (Cumulative area) 
      Cumulative area ratio:   11.41
      Required ratio:    0.00 (Cumulative side area) 

    Layer: li1
      Partial area ratio:    0.00
      Required ratio:    0.00 (Gate area) 
      Partial area ratio:    0.00
      Required ratio:  270.62 (Side area) 
      Cumulative area ratio:    0.00
      Required ratio:    0.00 (Cumulative area) 
      Cumulative area ratio:    0.00
      Required ratio:    0.00 (Cumulative side area) 

    Via: M3M4_PR
      Partial area ratio:    0.01
      Required ratio:    6.00 (Gate area) 
      Cumulative area ratio:    0.78
      Required ratio:    0.00 (Cumulative area) 

    Via: M2M3_PR
      Partial area ratio:    0.02
      Required ratio:    6.00 (Gate area) 
      Cumulative area ratio:    0.66
      Required ratio:    0.00 (Cumulative area) 

    Via: M1M2_PR
      Partial area ratio:    0.04
      Required ratio:    6.00 (Gate area) 
      Cumulative area ratio:    0.10
      Required ratio:    0.00 (Cumulative area) 

    Via: L1M1_PR
      Partial area ratio:    0.07
      Required ratio:    3.00 (Gate area) 
      Cumulative area ratio:    0.07
      Required ratio:    0.00 (Cumulative area) 

  Pin: _25926_/A (sky130_fd_sc_hd__buf_2)
    Layer: met4
      Partial area ratio:   26.98
      Required ratio:    0.00 (Gate area) 
      Partial area ratio:  144.11
      Required ratio: 4915.60 (Side area) 
      Cumulative area ratio:  187.23
      Required ratio:    0.00 (Cumulative area) 
      Cumulative area ratio:  956.31
      Required ratio:    0.00 (Cumulative side area) 

    Layer: met3
      Partial area ratio:   10.74
      Required ratio:    0.00 (Gate area) 
      Partial area ratio:   57.59
      Required ratio: 3295.52 (Side area) 
      Cumulative area ratio:  160.26
      Required ratio:    0.00 (Cumulative area) 
      Cumulative area ratio:  812.20
      Required ratio:    0.00 (Cumulative side area) 

    Layer: met2
      Partial area ratio:    7.16
      Required ratio:    0.00 (Gate area) 
      Partial area ratio:   36.11
      Required ratio: 3121.64 (Side area) 
      Cumulative area ratio:  149.07
      Required ratio:    0.00 (Cumulative area) 
      Cumulative area ratio:  752.05
      Required ratio:    0.00 (Cumulative side area) 

    Layer: met1
      Partial area ratio:    2.18
      Required ratio:    0.00 (Gate area) 
      Partial area ratio:   11.41
      Required ratio: 2773.88 (Side area) 
      Cumulative area ratio:    2.18
      Required ratio:    0.00 (Cumulative area) 
      Cumulative area ratio:   11.41
      Required ratio:    0.00 (Cumulative side area) 

    Layer: li1
      Partial area ratio:    0.00
      Required ratio:    0.00 (Gate area) 
      Partial area ratio:    0.00
      Required ratio:   75.00 (Side area) 
      Cumulative area ratio:    0.00
      Required ratio:    0.00 (Cumulative area) 
      Cumulative area ratio:    0.00
      Required ratio:    0.00 (Cumulative side area) 

    Via: M3M4_PR
      Partial area ratio:    0.01
      Required ratio:    6.00 (Gate area) 
      Cumulative area ratio:    0.89
      Required ratio:    0.00 (Cumulative area) 

    Via: M2M3_PR
      Partial area ratio:    0.02
      Required ratio:    6.00 (Gate area) 
      Cumulative area ratio:    0.77
      Required ratio:    0.00 (Cumulative area) 

    Via: M1M2_PR
      Partial area ratio:    0.04
      Required ratio:    6.00 (Gate area) 
      Cumulative area ratio:    0.22
      Required ratio:    0.00 (Cumulative area) 

    Via: L1M1_PR
      Partial area ratio:    0.18
      Required ratio:    3.00 (Gate area) 
      Cumulative area ratio:    0.18
      Required ratio:    0.00 (Cumulative area) 

  Pin: _25843_/A (sky130_fd_sc_hd__dlymetal6s2s_1)
    Layer: met4
      Partial area ratio:   26.98
      Required ratio:    0.00 (Gate area) 
      Partial area ratio:  144.11
      Required ratio: 4915.60 (Side area) 
      Cumulative area ratio:  185.05
      Required ratio:    0.00 (Cumulative area) 
      Cumulative area ratio:  944.90
      Required ratio:    0.00 (Cumulative side area) 

    Layer: met3
      Partial area ratio:   10.74
      Required ratio:    0.00 (Gate area) 
      Partial area ratio:   57.59
      Required ratio: 3295.52 (Side area) 
      Cumulative area ratio:  158.07
      Required ratio:    0.00 (Cumulative area) 
      Cumulative area ratio:  800.79
      Required ratio:    0.00 (Cumulative side area) 

    Layer: met2
      Partial area ratio:    7.16
      Required ratio:    0.00 (Gate area) 
      Partial area ratio:   36.11
      Required ratio: 3121.64 (Side area) 
      Cumulative area ratio:  146.89
      Required ratio:    0.00 (Cumulative area) 
      Cumulative area ratio:  740.64
      Required ratio:    0.00 (Cumulative side area) 

    Layer: met1
      Partial area ratio:  114.89
      Required ratio:    0.00 (Gate area) 
      Partial area ratio:  579.11
      Required ratio:  400.00 (Side area) (VIOLATED)
      Cumulative area ratio:  114.89
      Required ratio:    0.00 (Cumulative area) 
      Cumulative area ratio:  579.11
      Required ratio:    0.00 (Cumulative side area) 

    Layer: li1
      Partial area ratio:    0.00
      Required ratio:    0.00 (Gate area) 
      Partial area ratio:    0.00
      Required ratio:   75.00 (Side area) 
      Cumulative area ratio:    0.00
      Required ratio:    0.00 (Cumulative area) 
      Cumulative area ratio:    0.00
      Required ratio:    0.00 (Cumulative side area) 

    Via: M3M4_PR
      Partial area ratio:    0.01
      Required ratio:    6.00 (Gate area) 
      Cumulative area ratio:    0.90
      Required ratio:    0.00 (Cumulative area) 

    Via: M2M3_PR
      Partial area ratio:    0.02
      Required ratio:    6.00 (Gate area) 
      Cumulative area ratio:    0.78
      Required ratio:    0.00 (Cumulative area) 

    Via: M1M2_PR
      Partial area ratio:    0.36
      Required ratio:    6.00 (Gate area) 
      Cumulative area ratio:    0.59
      Required ratio:    0.00 (Cumulative area) 

    Via: L1M1_PR
      Partial area ratio:    0.23
      Required ratio:    3.00 (Gate area) 
      Cumulative area ratio:    0.23
      Required ratio:    0.00 (Cumulative area) 

  Pin: ANTENNA__25843__A/DIODE (sky130_fd_sc_hd__diode_2)
    Layer: met4
      Partial area ratio:   26.98
      Required ratio:    0.00 (Gate area) 
      Partial area ratio:  144.11
      Required ratio: 4915.60 (Side area) 
      Cumulative area ratio:   70.16
      Required ratio:    0.00 (Cumulative area) 
      Cumulative area ratio:  365.79
      Required ratio:    0.00 (Cumulative side area) 

    Layer: met3
      Partial area ratio:   10.74
      Required ratio:    0.00 (Gate area) 
      Partial area ratio:   57.59
      Required ratio: 3295.52 (Side area) 
      Cumulative area ratio:   43.18
      Required ratio:    0.00 (Cumulative area) 
      Cumulative area ratio:  221.68
      Required ratio:    0.00 (Cumulative side area) 

    Layer: met2
      Partial area ratio:    7.16
      Required ratio:    0.00 (Gate area) 
      Partial area ratio:   36.11
      Required ratio: 3121.64 (Side area) 
      Cumulative area ratio:   32.00
      Required ratio:    0.00 (Cumulative area) 
      Cumulative area ratio:  161.53
      Required ratio:    0.00 (Cumulative side area) 

    Layer: met1
      Partial area ratio:    6.27
      Required ratio:    0.00 (Gate area) 
      Partial area ratio:   31.82
      Required ratio: 2773.88 (Side area) 
      Cumulative area ratio:    6.27
      Required ratio:    0.00 (Cumulative area) 
      Cumulative area ratio:   31.82
      Required ratio:    0.00 (Cumulative side area) 

    Layer: li1
      Partial area ratio:    0.00
      Required ratio:    0.00 (Gate area) 
      Partial area ratio:    0.00
      Required ratio:  270.62 (Side area) 
      Cumulative area ratio:    0.00
      Required ratio:    0.00 (Cumulative area) 
      Cumulative area ratio:    0.00
      Required ratio:    0.00 (Cumulative side area) 

    Via: M3M4_PR
      Partial area ratio:    0.01
      Required ratio:    6.00 (Gate area) 
      Cumulative area ratio:    0.38
      Required ratio:    0.00 (Cumulative area) 

    Via: M2M3_PR
      Partial area ratio:    0.02
      Required ratio:    6.00 (Gate area) 
      Cumulative area ratio:    0.26
      Required ratio:    0.00 (Cumulative area) 

    Via: M1M2_PR
      Partial area ratio:    0.10
      Required ratio:    6.00 (Gate area) 
      Cumulative area ratio:    0.17
      Required ratio:    0.00 (Cumulative area) 

    Via: L1M1_PR
      Partial area ratio:    0.07
      Required ratio:    3.00 (Gate area) 
      Cumulative area ratio:    0.07
      Required ratio:    0.00 (Cumulative area) 

  Pin: _25779_/A (sky130_fd_sc_hd__clkbuf_2)
    Layer: met4
      Partial area ratio:   26.98
      Required ratio:    0.00 (Gate area) 
      Partial area ratio:  144.11
      Required ratio: 4915.60 (Side area) 
      Cumulative area ratio:   63.89
      Required ratio:    0.00 (Cumulative area) 
      Cumulative area ratio:  333.97
      Required ratio:    0.00 (Cumulative side area) 

    Layer: met3
      Partial area ratio:   10.74
      Required ratio:    0.00 (Gate area) 
      Partial area ratio:   57.59
      Required ratio: 3295.52 (Side area) 
      Cumulative area ratio:   36.91
      Required ratio:    0.00 (Cumulative area) 
      Cumulative area ratio:  189.86
      Required ratio:    0.00 (Cumulative side area) 

    Layer: met2
      Partial area ratio:    7.16
      Required ratio:    0.00 (Gate area) 
      Partial area ratio:   36.11
      Required ratio: 3121.64 (Side area) 
      Cumulative area ratio:   25.72
      Required ratio:    0.00 (Cumulative area) 
      Cumulative area ratio:  129.71
      Required ratio:    0.00 (Cumulative side area) 

    Layer: met1
      Partial area ratio:   18.57
      Required ratio:    0.00 (Gate area) 
      Partial area ratio:   93.59
      Required ratio: 2773.88 (Side area) 
      Cumulative area ratio:   18.57
      Required ratio:    0.00 (Cumulative area) 
      Cumulative area ratio:   93.59
      Required ratio:    0.00 (Cumulative side area) 

    Layer: li1
      Partial area ratio:    0.00
      Required ratio:    0.00 (Gate area) 
      Partial area ratio:    0.00
      Required ratio:   75.00 (Side area) 
      Cumulative area ratio:    0.00
      Required ratio:    0.00 (Cumulative area) 
      Cumulative area ratio:    0.00
      Required ratio:    0.00 (Cumulative side area) 

    Via: M3M4_PR
      Partial area ratio:    0.01
      Required ratio:    6.00 (Gate area) 
      Cumulative area ratio:    0.35
      Required ratio:    0.00 (Cumulative area) 

    Via: M2M3_PR
      Partial area ratio:    0.02
      Required ratio:    6.00 (Gate area) 
      Cumulative area ratio:    0.23
      Required ratio:    0.00 (Cumulative area) 

    Via: M1M2_PR
      Partial area ratio:    0.07
      Required ratio:    6.00 (Gate area) 
      Cumulative area ratio:    0.21
      Required ratio:    0.00 (Cumulative area) 

    Via: L1M1_PR
      Partial area ratio:    0.14
      Required ratio:    3.00 (Gate area) 
      Cumulative area ratio:    0.14
      Required ratio:    0.00 (Cumulative area) 

  Pin: ANTENNA__25779__A/DIODE (sky130_fd_sc_hd__diode_2)
    Layer: met4
      Partial area ratio:   26.98
      Required ratio:    0.00 (Gate area) 
      Partial area ratio:  144.11
      Required ratio: 4915.60 (Side area) 
      Cumulative area ratio:   63.89
      Required ratio:    0.00 (Cumulative area) 
      Cumulative area ratio:  333.97
      Required ratio:    0.00 (Cumulative side area) 

    Layer: met3
      Partial area ratio:   10.74
      Required ratio:    0.00 (Gate area) 
      Partial area ratio:   57.59
      Required ratio: 3295.52 (Side area) 
      Cumulative area ratio:   36.91
      Required ratio:    0.00 (Cumulative area) 
      Cumulative area ratio:  189.86
      Required ratio:    0.00 (Cumulative side area) 

    Layer: met2
      Partial area ratio:    7.16
      Required ratio:    0.00 (Gate area) 
      Partial area ratio:   36.11
      Required ratio: 3121.64 (Side area) 
      Cumulative area ratio:   25.72
      Required ratio:    0.00 (Cumulative area) 
      Cumulative area ratio:  129.71
      Required ratio:    0.00 (Cumulative side area) 

    Layer: met1
      Partial area ratio:   18.57
      Required ratio:    0.00 (Gate area) 
      Partial area ratio:   93.59
      Required ratio: 2773.88 (Side area) 
      Cumulative area ratio:   18.57
      Required ratio:    0.00 (Cumulative area) 
      Cumulative area ratio:   93.59
      Required ratio:    0.00 (Cumulative side area) 

    Layer: li1
      Partial area ratio:    0.00
      Required ratio:    0.00 (Gate area) 
      Partial area ratio:    0.00
      Required ratio:  270.62 (Side area) 
      Cumulative area ratio:    0.00
      Required ratio:    0.00 (Cumulative area) 
      Cumulative area ratio:    0.00
      Required ratio:    0.00 (Cumulative side area) 

    Via: M3M4_PR
      Partial area ratio:    0.01
      Required ratio:    6.00 (Gate area) 
      Cumulative area ratio:    0.28
      Required ratio:    0.00 (Cumulative area) 

    Via: M2M3_PR
      Partial area ratio:    0.02
      Required ratio:    6.00 (Gate area) 
      Cumulative area ratio:    0.16
      Required ratio:    0.00 (Cumulative area) 

    Via: M1M2_PR
      Partial area ratio:    0.07
      Required ratio:    6.00 (Gate area) 
      Cumulative area ratio:    0.14
      Required ratio:    0.00 (Cumulative area) 

    Via: L1M1_PR
      Partial area ratio:    0.07
      Required ratio:    3.00 (Gate area) 
      Cumulative area ratio:    0.07
      Required ratio:    0.00 (Cumulative area) 

  Pin: ANTENNA__25762__A/DIODE (sky130_fd_sc_hd__diode_2)
    Layer: met4
      Partial area ratio:   26.98
      Required ratio:    0.00 (Gate area) 
      Partial area ratio:  144.11
      Required ratio: 4915.60 (Side area) 
      Cumulative area ratio:   38.16
      Required ratio:    0.00 (Cumulative area) 
      Cumulative area ratio:  204.26
      Required ratio:    0.00 (Cumulative side area) 

    Layer: met3
      Partial area ratio:   10.74
      Required ratio:    0.00 (Gate area) 
      Partial area ratio:   57.59
      Required ratio: 3295.52 (Side area) 
      Cumulative area ratio:   11.18
      Required ratio:    0.00 (Cumulative area) 
      Cumulative area ratio:   60.16
      Required ratio:    0.00 (Cumulative side area) 

    Layer: met2
      Partial area ratio:    0.11
      Required ratio:    0.00 (Gate area) 
      Partial area ratio:    0.74
      Required ratio: 2773.88 (Side area) 
      Cumulative area ratio:    0.45
      Required ratio:    0.00 (Cumulative area) 
      Cumulative area ratio:    2.57
      Required ratio:    0.00 (Cumulative side area) 

    Layer: met1
      Partial area ratio:    0.33
      Required ratio:    0.00 (Gate area) 
      Partial area ratio:    1.83
      Required ratio: 2773.88 (Side area) 
      Cumulative area ratio:    0.33
      Required ratio:    0.00 (Cumulative area) 
      Cumulative area ratio:    1.83
      Required ratio:    0.00 (Cumulative side area) 

    Layer: li1
      Partial area ratio:    0.00
      Required ratio:    0.00 (Gate area) 
      Partial area ratio:    0.00
      Required ratio:  270.62 (Side area) 
      Cumulative area ratio:    0.00
      Required ratio:    0.00 (Cumulative area) 
      Cumulative area ratio:    0.00
      Required ratio:    0.00 (Cumulative side area) 

    Via: M3M4_PR
      Partial area ratio:    0.01
      Required ratio:    6.00 (Gate area) 
      Cumulative area ratio:    0.19
      Required ratio:    0.00 (Cumulative area) 

    Via: M2M3_PR
      Partial area ratio:    0.07
      Required ratio:    6.00 (Gate area) 
      Cumulative area ratio:    0.17
      Required ratio:    0.00 (Cumulative area) 

    Via: M1M2_PR
      Partial area ratio:    0.04
      Required ratio:    6.00 (Gate area) 
      Cumulative area ratio:    0.10
      Required ratio:    0.00 (Cumulative area) 

    Via: L1M1_PR
      Partial area ratio:    0.07
      Required ratio:    3.00 (Gate area) 
      Cumulative area ratio:    0.07
      Required ratio:    0.00 (Cumulative area) 

  Pin: _25762_/A (sky130_fd_sc_hd__buf_8)
    Layer: met4
      Partial area ratio:   26.98
      Required ratio:    0.00 (Gate area) 
      Partial area ratio:  144.11
      Required ratio: 4915.60 (Side area) 
      Cumulative area ratio:   38.16
      Required ratio:    0.00 (Cumulative area) 
      Cumulative area ratio:  204.26
      Required ratio:    0.00 (Cumulative side area) 

    Layer: met3
      Partial area ratio:   10.74
      Required ratio:    0.00 (Gate area) 
      Partial area ratio:   57.59
      Required ratio: 3295.52 (Side area) 
      Cumulative area ratio:   11.18
      Required ratio:    0.00 (Cumulative area) 
      Cumulative area ratio:   60.16
      Required ratio:    0.00 (Cumulative side area) 

    Layer: met2
      Partial area ratio:    0.11
      Required ratio:    0.00 (Gate area) 
      Partial area ratio:    0.74
      Required ratio: 2773.88 (Side area) 
      Cumulative area ratio:    0.45
      Required ratio:    0.00 (Cumulative area) 
      Cumulative area ratio:    2.57
      Required ratio:    0.00 (Cumulative side area) 

    Layer: met1
      Partial area ratio:    0.33
      Required ratio:    0.00 (Gate area) 
      Partial area ratio:    1.83
      Required ratio: 2773.88 (Side area) 
      Cumulative area ratio:    0.33
      Required ratio:    0.00 (Cumulative area) 
      Cumulative area ratio:    1.83
      Required ratio:    0.00 (Cumulative side area) 

    Layer: li1
      Partial area ratio:    0.00
      Required ratio:    0.00 (Gate area) 
      Partial area ratio:    0.00
      Required ratio:   75.00 (Side area) 
      Cumulative area ratio:    0.00
      Required ratio:    0.00 (Cumulative area) 
      Cumulative area ratio:    0.00
      Required ratio:    0.00 (Cumulative side area) 

    Via: M3M4_PR
      Partial area ratio:    0.01
      Required ratio:    6.00 (Gate area) 
      Cumulative area ratio:    0.16
      Required ratio:    0.00 (Cumulative area) 

    Via: M2M3_PR
      Partial area ratio:    0.07
      Required ratio:    6.00 (Gate area) 
      Cumulative area ratio:    0.15
      Required ratio:    0.00 (Cumulative area) 

    Via: M1M2_PR
      Partial area ratio:    0.04
      Required ratio:    6.00 (Gate area) 
      Cumulative area ratio:    0.08
      Required ratio:    0.00 (Cumulative area) 

    Via: L1M1_PR
      Partial area ratio:    0.04
      Required ratio:    3.00 (Gate area) 
      Cumulative area ratio:    0.04
      Required ratio:    0.00 (Cumulative area) 

  Pin: _26136_/A (sky130_fd_sc_hd__buf_4)
    Layer: met2
      Partial area ratio:    0.48
      Required ratio:    0.00 (Gate area) 
      Partial area ratio:    2.67
      Required ratio: 2773.88 (Side area) 
      Cumulative area ratio:    5.29
      Required ratio:    0.00 (Cumulative area) 
      Cumulative area ratio:   27.29
      Required ratio:    0.00 (Cumulative side area) 

    Layer: met1
      Partial area ratio:    4.81
      Required ratio:    0.00 (Gate area) 
      Partial area ratio:   24.63
      Required ratio: 2773.88 (Side area) 
      Cumulative area ratio:    4.81
      Required ratio:    0.00 (Cumulative area) 
      Cumulative area ratio:   24.63
      Required ratio:    0.00 (Cumulative side area) 

    Layer: li1
      Partial area ratio:    0.00
      Required ratio:    0.00 (Gate area) 
      Partial area ratio:    0.00
      Required ratio:   75.00 (Side area) 
      Cumulative area ratio:    0.00
      Required ratio:    0.00 (Cumulative area) 
      Cumulative area ratio:    0.00
      Required ratio:    0.00 (Cumulative side area) 

    Via: M2M3_PR
      Partial area ratio:    0.12
      Required ratio:    6.00 (Gate area) 
      Cumulative area ratio:    0.30
      Required ratio:    0.00 (Cumulative area) 

    Via: M1M2_PR
      Partial area ratio:    0.07
      Required ratio:    6.00 (Gate area) 
      Cumulative area ratio:    0.18
      Required ratio:    0.00 (Cumulative area) 

    Via: L1M1_PR
      Partial area ratio:    0.12
      Required ratio:    3.00 (Gate area) 
      Cumulative area ratio:    0.12
      Required ratio:    0.00 (Cumulative area) 

  Pin: _26026_/A (sky130_fd_sc_hd__clkbuf_2)
    Layer: met2
      Partial area ratio:    0.65
      Required ratio:    0.00 (Gate area) 
      Partial area ratio:    3.43
      Required ratio: 2773.88 (Side area) 
      Cumulative area ratio:    5.94
      Required ratio:    0.00 (Cumulative area) 
      Cumulative area ratio:   30.47
      Required ratio:    0.00 (Cumulative side area) 

    Layer: met1
      Partial area ratio:    5.29
      Required ratio:    0.00 (Gate area) 
      Partial area ratio:   27.04
      Required ratio: 2773.88 (Side area) 
      Cumulative area ratio:    5.29
      Required ratio:    0.00 (Cumulative area) 
      Cumulative area ratio:   27.04
      Required ratio:    0.00 (Cumulative side area) 

    Layer: li1
      Partial area ratio:    0.00
      Required ratio:    0.00 (Gate area) 
      Partial area ratio:    0.00
      Required ratio:   75.00 (Side area) 
      Cumulative area ratio:    0.00
      Required ratio:    0.00 (Cumulative area) 
      Cumulative area ratio:    0.00
      Required ratio:    0.00 (Cumulative side area) 

    Via: M2M3_PR
      Partial area ratio:    0.06
      Required ratio:    6.00 (Gate area) 
      Cumulative area ratio:    0.23
      Required ratio:    0.00 (Cumulative area) 

    Via: M1M2_PR
      Partial area ratio:    0.03
      Required ratio:    6.00 (Gate area) 
      Cumulative area ratio:    0.17
      Required ratio:    0.00 (Cumulative area) 

    Via: L1M1_PR
      Partial area ratio:    0.14
      Required ratio:    3.00 (Gate area) 
      Cumulative area ratio:    0.14
      Required ratio:    0.00 (Cumulative area) 

  Pin: ANTENNA__26026__A/DIODE (sky130_fd_sc_hd__diode_2)
    Layer: met2
      Partial area ratio:    0.65
      Required ratio:    0.00 (Gate area) 
      Partial area ratio:    3.43
      Required ratio: 2773.88 (Side area) 
      Cumulative area ratio:    5.94
      Required ratio:    0.00 (Cumulative area) 
      Cumulative area ratio:   30.47
      Required ratio:    0.00 (Cumulative side area) 

    Layer: met1
      Partial area ratio:    5.29
      Required ratio:    0.00 (Gate area) 
      Partial area ratio:   27.04
      Required ratio: 2773.88 (Side area) 
      Cumulative area ratio:    5.29
      Required ratio:    0.00 (Cumulative area) 
      Cumulative area ratio:   27.04
      Required ratio:    0.00 (Cumulative side area) 

    Layer: li1
      Partial area ratio:    0.00
      Required ratio:    0.00 (Gate area) 
      Partial area ratio:    0.00
      Required ratio:  270.62 (Side area) 
      Cumulative area ratio:    0.00
      Required ratio:    0.00 (Cumulative area) 
      Cumulative area ratio:    0.00
      Required ratio:    0.00 (Cumulative side area) 

    Via: M2M3_PR
      Partial area ratio:    0.06
      Required ratio:    6.00 (Gate area) 
      Cumulative area ratio:    0.16
      Required ratio:    0.00 (Cumulative area) 

    Via: M1M2_PR
      Partial area ratio:    0.03
      Required ratio:    6.00 (Gate area) 
      Cumulative area ratio:    0.10
      Required ratio:    0.00 (Cumulative area) 

    Via: L1M1_PR
      Partial area ratio:    0.07
      Required ratio:    3.00 (Gate area) 
      Cumulative area ratio:    0.07
      Required ratio:    0.00 (Cumulative area) 

  Pin: ANTENNA__26136__A/DIODE (sky130_fd_sc_hd__diode_2)
    Layer: met2
      Partial area ratio:    0.48
      Required ratio:    0.00 (Gate area) 
      Partial area ratio:    2.67
      Required ratio: 2773.88 (Side area) 
      Cumulative area ratio:    5.29
      Required ratio:    0.00 (Cumulative area) 
      Cumulative area ratio:   27.29
      Required ratio:    0.00 (Cumulative side area) 

    Layer: met1
      Partial area ratio:    4.81
      Required ratio:    0.00 (Gate area) 
      Partial area ratio:   24.63
      Required ratio: 2773.88 (Side area) 
      Cumulative area ratio:    4.81
      Required ratio:    0.00 (Cumulative area) 
      Cumulative area ratio:   24.63
      Required ratio:    0.00 (Cumulative side area) 

    Layer: li1
      Partial area ratio:    0.00
      Required ratio:    0.00 (Gate area) 
      Partial area ratio:    0.00
      Required ratio:  270.62 (Side area) 
      Cumulative area ratio:    0.00
      Required ratio:    0.00 (Cumulative area) 
      Cumulative area ratio:    0.00
      Required ratio:    0.00 (Cumulative side area) 

    Via: M2M3_PR
      Partial area ratio:    0.12
      Required ratio:    6.00 (Gate area) 
      Cumulative area ratio:    0.25
      Required ratio:    0.00 (Cumulative area) 

    Via: M1M2_PR
      Partial area ratio:    0.07
      Required ratio:    6.00 (Gate area) 
      Cumulative area ratio:    0.13
      Required ratio:    0.00 (Cumulative area) 

    Via: L1M1_PR
      Partial area ratio:    0.07
      Required ratio:    3.00 (Gate area) 
      Cumulative area ratio:    0.07
      Required ratio:    0.00 (Cumulative area) 


Net: _08097_
  Pin: _29631_/B (sky130_fd_sc_hd__or4_1)
    Layer: met2
      Partial area ratio:   16.29
      Required ratio:    0.00 (Gate area) 
      Partial area ratio:   81.86
      Required ratio: 3651.92 (Side area) 
      Cumulative area ratio:   17.65
      Required ratio:    0.00 (Cumulative area) 
      Cumulative area ratio:   89.23
      Required ratio:    0.00 (Cumulative side area) 

    Layer: met1
      Partial area ratio:    1.37
      Required ratio:    0.00 (Gate area) 
      Partial area ratio:    7.37
      Required ratio: 2773.88 (Side area) 
      Cumulative area ratio:    1.37
      Required ratio:    0.00 (Cumulative area) 
      Cumulative area ratio:    7.37
      Required ratio:    0.00 (Cumulative side area) 

    Layer: li1
      Partial area ratio:    0.00
      Required ratio:    0.00 (Gate area) 
      Partial area ratio:    0.00
      Required ratio:   75.00 (Side area) 
      Cumulative area ratio:    0.00
      Required ratio:    0.00 (Cumulative area) 
      Cumulative area ratio:    0.00
      Required ratio:    0.00 (Cumulative side area) 

    Layer: met3
      Partial area ratio:    2.00
      Required ratio:    0.00 (Gate area) 
      Partial area ratio:   10.79
      Required ratio: 3999.68 (Side area) 
      Cumulative area ratio:   19.65
      Required ratio:    0.00 (Cumulative area) 
      Cumulative area ratio:  100.02
      Required ratio:    0.00 (Cumulative side area) 

    Via: M2M3_PR
      Partial area ratio:    0.02
      Required ratio:    6.00 (Gate area) 
      Cumulative area ratio:    0.33
      Required ratio:    0.00 (Cumulative area) 

    Via: M1M2_PR
      Partial area ratio:    0.08
      Required ratio:    6.00 (Gate area) 
      Cumulative area ratio:    0.31
      Required ratio:    0.00 (Cumulative area) 

    Via: L1M1_PR
      Partial area ratio:    0.23
      Required ratio:    3.00 (Gate area) 
      Cumulative area ratio:    0.23
      Required ratio:    0.00 (Cumulative area) 

  Pin: ANTENNA__29631__B/DIODE (sky130_fd_sc_hd__diode_2)
    Layer: met2
      Partial area ratio:   16.29
      Required ratio:    0.00 (Gate area) 
      Partial area ratio:   81.86
      Required ratio: 3651.92 (Side area) 
      Cumulative area ratio:   17.65
      Required ratio:    0.00 (Cumulative area) 
      Cumulative area ratio:   89.23
      Required ratio:    0.00 (Cumulative side area) 

    Layer: met1
      Partial area ratio:    1.37
      Required ratio:    0.00 (Gate area) 
      Partial area ratio:    7.37
      Required ratio: 2773.88 (Side area) 
      Cumulative area ratio:    1.37
      Required ratio:    0.00 (Cumulative area) 
      Cumulative area ratio:    7.37
      Required ratio:    0.00 (Cumulative side area) 

    Layer: li1
      Partial area ratio:    0.00
      Required ratio:    0.00 (Gate area) 
      Partial area ratio:    0.00
      Required ratio:  270.62 (Side area) 
      Cumulative area ratio:    0.00
      Required ratio:    0.00 (Cumulative area) 
      Cumulative area ratio:    0.00
      Required ratio:    0.00 (Cumulative side area) 

    Layer: met3
      Partial area ratio:    2.00
      Required ratio:    0.00 (Gate area) 
      Partial area ratio:   10.79
      Required ratio: 3999.68 (Side area) 
      Cumulative area ratio:   19.65
      Required ratio:    0.00 (Cumulative area) 
      Cumulative area ratio:  100.02
      Required ratio:    0.00 (Cumulative side area) 

    Via: M2M3_PR
      Partial area ratio:    0.02
      Required ratio:    6.00 (Gate area) 
      Cumulative area ratio:    0.16
      Required ratio:    0.00 (Cumulative area) 

    Via: M1M2_PR
      Partial area ratio:    0.08
      Required ratio:    6.00 (Gate area) 
      Cumulative area ratio:    0.15
      Required ratio:    0.00 (Cumulative area) 

    Via: L1M1_PR
      Partial area ratio:    0.07
      Required ratio:    3.00 (Gate area) 
      Cumulative area ratio:    0.07
      Required ratio:    0.00 (Cumulative area) 

  Pin: ANTENNA__30864__A/DIODE (sky130_fd_sc_hd__diode_2)
    Layer: met3
      Partial area ratio:    2.00
      Required ratio:    0.00 (Gate area) 
      Partial area ratio:   10.79
      Required ratio: 3999.68 (Side area) 
      Cumulative area ratio:    4.52
      Required ratio:    0.00 (Cumulative area) 
      Cumulative area ratio:   23.86
      Required ratio:    0.00 (Cumulative side area) 

    Layer: met2
      Partial area ratio:    2.53
      Required ratio:    0.00 (Gate area) 
      Partial area ratio:   13.08
      Required ratio: 2947.76 (Side area) 
      Cumulative area ratio:    2.53
      Required ratio:    0.00 (Cumulative area) 
      Cumulative area ratio:   13.08
      Required ratio:    0.00 (Cumulative side area) 

    Layer: met1
      Partial area ratio:    0.00
      Required ratio:    0.00 (Gate area) 
      Partial area ratio:    0.00
      Required ratio: 2773.88 (Side area) 
      Cumulative area ratio:    0.00
      Required ratio:    0.00 (Cumulative area) 
      Cumulative area ratio:    0.00
      Required ratio:    0.00 (Cumulative side area) 

    Layer: li1
      Partial area ratio:    0.00
      Required ratio:    0.00 (Gate area) 
      Partial area ratio:    0.00
      Required ratio:  270.62 (Side area) 
      Cumulative area ratio:    0.00
      Required ratio:    0.00 (Cumulative area) 
      Cumulative area ratio:    0.00
      Required ratio:    0.00 (Cumulative side area) 

    Via: M2M3_PR
      Partial area ratio:    0.04
      Required ratio:    6.00 (Gate area) 
      Cumulative area ratio:    0.15
      Required ratio:    0.00 (Cumulative area) 

    Via: M1M2_PR
      Partial area ratio:    0.05
      Required ratio:    6.00 (Gate area) 
      Cumulative area ratio:    0.12
      Required ratio:    0.00 (Cumulative area) 

    Via: L1M1_PR
      Partial area ratio:    0.07
      Required ratio:    3.00 (Gate area) 
      Cumulative area ratio:    0.07
      Required ratio:    0.00 (Cumulative area) 

  Pin: _30864_/A (sky130_fd_sc_hd__or3_2)
    Layer: met3
      Partial area ratio:    2.00
      Required ratio:    0.00 (Gate area) 
      Partial area ratio:   10.79
      Required ratio: 3999.68 (Side area) 
      Cumulative area ratio:    6.21
      Required ratio:    0.00 (Cumulative area) 
      Cumulative area ratio:   33.09
      Required ratio:    0.00 (Cumulative side area) 

    Layer: met2
      Partial area ratio:    2.53
      Required ratio:    0.00 (Gate area) 
      Partial area ratio:   13.08
      Required ratio: 2947.76 (Side area) 
      Cumulative area ratio:    4.22
      Required ratio:    0.00 (Cumulative area) 
      Cumulative area ratio:   22.30
      Required ratio:    0.00 (Cumulative side area) 

    Layer: met1
      Partial area ratio:    1.69
      Required ratio:    0.00 (Gate area) 
      Partial area ratio:    9.22
      Required ratio:  400.00 (Side area) 
      Cumulative area ratio:    1.69
      Required ratio:    0.00 (Cumulative area) 
      Cumulative area ratio:    9.22
      Required ratio:    0.00 (Cumulative side area) 

    Layer: li1
      Partial area ratio:    0.00
      Required ratio:    0.00 (Gate area) 
      Partial area ratio:    0.00
      Required ratio:   75.00 (Side area) 
      Cumulative area ratio:    0.00
      Required ratio:    0.00 (Cumulative area) 
      Cumulative area ratio:    0.00
      Required ratio:    0.00 (Cumulative side area) 

    Via: M2M3_PR
      Partial area ratio:    0.04
      Required ratio:    6.00 (Gate area) 
      Cumulative area ratio:    0.44
      Required ratio:    0.00 (Cumulative area) 

    Via: M1M2_PR
      Partial area ratio:    0.18
      Required ratio:    6.00 (Gate area) 
      Cumulative area ratio:    0.41
      Required ratio:    0.00 (Cumulative area) 

    Via: L1M1_PR
      Partial area ratio:    0.23
      Required ratio:    3.00 (Gate area) 
      Cumulative area ratio:    0.23
      Required ratio:    0.00 (Cumulative area) 

  Pin: ANTENNA__30877__A/DIODE (sky130_fd_sc_hd__diode_2)
    Layer: met3
      Partial area ratio:    2.00
      Required ratio:    0.00 (Gate area) 
      Partial area ratio:   10.79
      Required ratio: 3999.68 (Side area) 
      Cumulative area ratio:    6.24
      Required ratio:    0.00 (Cumulative area) 
      Cumulative area ratio:   32.91
      Required ratio:    0.00 (Cumulative side area) 

    Layer: met2
      Partial area ratio:    2.53
      Required ratio:    0.00 (Gate area) 
      Partial area ratio:   13.08
      Required ratio: 2947.76 (Side area) 
      Cumulative area ratio:    4.25
      Required ratio:    0.00 (Cumulative area) 
      Cumulative area ratio:   22.13
      Required ratio:    0.00 (Cumulative side area) 

    Layer: met1
      Partial area ratio:    1.72
      Required ratio:    0.00 (Gate area) 
      Partial area ratio:    9.05
      Required ratio: 2773.88 (Side area) 
      Cumulative area ratio:    1.72
      Required ratio:    0.00 (Cumulative area) 
      Cumulative area ratio:    9.05
      Required ratio:    0.00 (Cumulative side area) 

    Layer: li1
      Partial area ratio:    0.00
      Required ratio:    0.00 (Gate area) 
      Partial area ratio:    0.00
      Required ratio:  270.62 (Side area) 
      Cumulative area ratio:    0.00
      Required ratio:    0.00 (Cumulative area) 
      Cumulative area ratio:    0.00
      Required ratio:    0.00 (Cumulative side area) 

    Via: M2M3_PR
      Partial area ratio:    0.04
      Required ratio:    6.00 (Gate area) 
      Cumulative area ratio:    0.21
      Required ratio:    0.00 (Cumulative area) 

    Via: M1M2_PR
      Partial area ratio:    0.10
      Required ratio:    6.00 (Gate area) 
      Cumulative area ratio:    0.17
      Required ratio:    0.00 (Cumulative area) 

    Via: L1M1_PR
      Partial area ratio:    0.07
      Required ratio:    3.00 (Gate area) 
      Cumulative area ratio:    0.07
      Required ratio:    0.00 (Cumulative area) 

  Pin: _30877_/A (sky130_fd_sc_hd__or3_2)
    Layer: met3
      Partial area ratio:    2.00
      Required ratio:    0.00 (Gate area) 
      Partial area ratio:   10.79
      Required ratio: 3999.68 (Side area) 
      Cumulative area ratio:    6.24
      Required ratio:    0.00 (Cumulative area) 
      Cumulative area ratio:   32.91
      Required ratio:    0.00 (Cumulative side area) 

    Layer: met2
      Partial area ratio:    2.53
      Required ratio:    0.00 (Gate area) 
      Partial area ratio:   13.08
      Required ratio: 2947.76 (Side area) 
      Cumulative area ratio:    4.25
      Required ratio:    0.00 (Cumulative area) 
      Cumulative area ratio:   22.13
      Required ratio:    0.00 (Cumulative side area) 

    Layer: met1
      Partial area ratio:    0.00
      Required ratio:    0.00 (Gate area) 
      Partial area ratio:    0.00
      Required ratio:  400.00 (Side area) 
      Cumulative area ratio:    0.00
      Required ratio:    0.00 (Cumulative area) 
      Cumulative area ratio:    0.00
      Required ratio:    0.00 (Cumulative side area) 

    Layer: li1
      Partial area ratio:    0.00
      Required ratio:    0.00 (Gate area) 
      Partial area ratio:    0.00
      Required ratio:   75.00 (Side area) 
      Cumulative area ratio:    0.00
      Required ratio:    0.00 (Cumulative area) 
      Cumulative area ratio:    0.00
      Required ratio:    0.00 (Cumulative side area) 

    Via: M2M3_PR
      Partial area ratio:    0.04
      Required ratio:    6.00 (Gate area) 
      Cumulative area ratio:    0.55
      Required ratio:    0.00 (Cumulative area) 

    Via: M1M2_PR
      Partial area ratio:    0.18
      Required ratio:    6.00 (Gate area) 
      Cumulative area ratio:    0.41
      Required ratio:    0.00 (Cumulative area) 

    Via: L1M1_PR
      Partial area ratio:    0.23
      Required ratio:    3.00 (Gate area) 
      Cumulative area ratio:    0.23
      Required ratio:    0.00 (Cumulative area) 

  Pin: _29604_/A (sky130_fd_sc_hd__or3_1)
    Layer: met2
      Partial area ratio:   16.29
      Required ratio:    0.00 (Gate area) 
      Partial area ratio:   81.86
      Required ratio: 3651.92 (Side area) 
      Cumulative area ratio:   18.64
      Required ratio:    0.00 (Cumulative area) 
      Cumulative area ratio:   94.52
      Required ratio:    0.00 (Cumulative side area) 

    Layer: met3
      Partial area ratio:    2.00
      Required ratio:    0.00 (Gate area) 
      Partial area ratio:   10.79
      Required ratio: 3999.68 (Side area) 
      Cumulative area ratio:   20.64
      Required ratio:    0.00 (Cumulative area) 
      Cumulative area ratio:  105.31
      Required ratio:    0.00 (Cumulative side area) 

    Layer: met1
      Partial area ratio:    0.99
      Required ratio:    0.00 (Gate area) 
      Partial area ratio:    5.29
      Required ratio: 2773.88 (Side area) 
      Cumulative area ratio:    0.99
      Required ratio:    0.00 (Cumulative area) 
      Cumulative area ratio:    5.29
      Required ratio:    0.00 (Cumulative side area) 

    Layer: li1
      Partial area ratio:    0.00
      Required ratio:    0.00 (Gate area) 
      Partial area ratio:    0.00
      Required ratio:   75.00 (Side area) 
      Cumulative area ratio:    0.00
      Required ratio:    0.00 (Cumulative area) 
      Cumulative area ratio:    0.00
      Required ratio:    0.00 (Cumulative side area) 

    Via: M2M3_PR
      Partial area ratio:    0.02
      Required ratio:    6.00 (Gate area) 
      Cumulative area ratio:    0.37
      Required ratio:    0.00 (Cumulative area) 

    Via: M1M2_PR
      Partial area ratio:    0.04
      Required ratio:    6.00 (Gate area) 
      Cumulative area ratio:    0.27
      Required ratio:    0.00 (Cumulative area) 

    Via: L1M1_PR
      Partial area ratio:    0.23
      Required ratio:    3.00 (Gate area) 
      Cumulative area ratio:    0.23
      Required ratio:    0.00 (Cumulative area) 

  Pin: ANTENNA__29604__A/DIODE (sky130_fd_sc_hd__diode_2)
    Layer: met2
      Partial area ratio:   16.29
      Required ratio:    0.00 (Gate area) 
      Partial area ratio:   81.86
      Required ratio: 3651.92 (Side area) 
      Cumulative area ratio:   18.64
      Required ratio:    0.00 (Cumulative area) 
      Cumulative area ratio:   94.52
      Required ratio:    0.00 (Cumulative side area) 

    Layer: met3
      Partial area ratio:    2.00
      Required ratio:    0.00 (Gate area) 
      Partial area ratio:   10.79
      Required ratio: 3999.68 (Side area) 
      Cumulative area ratio:   20.64
      Required ratio:    0.00 (Cumulative area) 
      Cumulative area ratio:  105.31
      Required ratio:    0.00 (Cumulative side area) 

    Layer: met1
      Partial area ratio:    0.99
      Required ratio:    0.00 (Gate area) 
      Partial area ratio:    5.29
      Required ratio: 2773.88 (Side area) 
      Cumulative area ratio:    0.99
      Required ratio:    0.00 (Cumulative area) 
      Cumulative area ratio:    5.29
      Required ratio:    0.00 (Cumulative side area) 

    Layer: li1
      Partial area ratio:    0.00
      Required ratio:    0.00 (Gate area) 
      Partial area ratio:    0.00
      Required ratio:  270.62 (Side area) 
      Cumulative area ratio:    0.00
      Required ratio:    0.00 (Cumulative area) 
      Cumulative area ratio:    0.00
      Required ratio:    0.00 (Cumulative side area) 

    Via: M2M3_PR
      Partial area ratio:    0.02
      Required ratio:    6.00 (Gate area) 
      Cumulative area ratio:    0.20
      Required ratio:    0.00 (Cumulative area) 

    Via: M1M2_PR
      Partial area ratio:    0.04
      Required ratio:    6.00 (Gate area) 
      Cumulative area ratio:    0.11
      Required ratio:    0.00 (Cumulative area) 

    Via: L1M1_PR
      Partial area ratio:    0.07
      Required ratio:    3.00 (Gate area) 
      Cumulative area ratio:    0.07
      Required ratio:    0.00 (Cumulative area) 

  Pin: ANTENNA__28428__B/DIODE (sky130_fd_sc_hd__diode_2)
    Layer: met1
      Partial area ratio:    0.00
      Required ratio:    0.00 (Gate area) 
      Partial area ratio:    0.00
      Required ratio: 2773.88 (Side area) 
      Cumulative area ratio:    0.00
      Required ratio:    0.00 (Cumulative area) 
      Cumulative area ratio:    0.00
      Required ratio:    0.00 (Cumulative side area) 

    Layer: li1
      Partial area ratio:    0.00
      Required ratio:    0.00 (Gate area) 
      Partial area ratio:    0.00
      Required ratio:  270.62 (Side area) 
      Cumulative area ratio:    0.00
      Required ratio:    0.00 (Cumulative area) 
      Cumulative area ratio:    0.00
      Required ratio:    0.00 (Cumulative side area) 

    Via: M1M2_PR
      Partial area ratio:    0.05
      Required ratio:    6.00 (Gate area) 
      Cumulative area ratio:    0.12
      Required ratio:    0.00 (Cumulative area) 

    Via: L1M1_PR
      Partial area ratio:    0.07
      Required ratio:    3.00 (Gate area) 
      Cumulative area ratio:    0.07
      Required ratio:    0.00 (Cumulative area) 

  Pin: _28428_/B (sky130_fd_sc_hd__or4_1)
    Layer: met1
      Partial area ratio:   94.36
      Required ratio:    0.00 (Gate area) 
      Partial area ratio:  473.33
      Required ratio:  400.00 (Side area) (VIOLATED)
      Cumulative area ratio:   94.36
      Required ratio:    0.00 (Cumulative area) 
      Cumulative area ratio:  473.33
      Required ratio:    0.00 (Cumulative side area) 

    Layer: li1
      Partial area ratio:    0.00
      Required ratio:    0.00 (Gate area) 
      Partial area ratio:    0.00
      Required ratio:   75.00 (Side area) 
      Cumulative area ratio:    0.00
      Required ratio:    0.00 (Cumulative area) 
      Cumulative area ratio:    0.00
      Required ratio:    0.00 (Cumulative side area) 

    Via: M1M2_PR
      Partial area ratio:    0.36
      Required ratio:    6.00 (Gate area) 
      Cumulative area ratio:    0.59
      Required ratio:    0.00 (Cumulative area) 

    Via: L1M1_PR
      Partial area ratio:    0.23
      Required ratio:    3.00 (Gate area) 
      Cumulative area ratio:    0.23
      Required ratio:    0.00 (Cumulative area) 

  Pin: ANTENNA__28473__B/DIODE (sky130_fd_sc_hd__diode_2)
    Layer: met1
      Partial area ratio:    0.64
      Required ratio:    0.00 (Gate area) 
      Partial area ratio:    3.41
      Required ratio: 2773.88 (Side area) 
      Cumulative area ratio:    0.64
      Required ratio:    0.00 (Cumulative area) 
      Cumulative area ratio:    3.41
      Required ratio:    0.00 (Cumulative side area) 

    Layer: li1
      Partial area ratio:    0.00
      Required ratio:    0.00 (Gate area) 
      Partial area ratio:    0.00
      Required ratio:  270.62 (Side area) 
      Cumulative area ratio:    0.00
      Required ratio:    0.00 (Cumulative area) 
      Cumulative area ratio:    0.00
      Required ratio:    0.00 (Cumulative side area) 

    Via: M1M2_PR
      Partial area ratio:    0.05
      Required ratio:    6.00 (Gate area) 
      Cumulative area ratio:    0.12
      Required ratio:    0.00 (Cumulative area) 

    Via: L1M1_PR
      Partial area ratio:    0.07
      Required ratio:    3.00 (Gate area) 
      Cumulative area ratio:    0.07
      Required ratio:    0.00 (Cumulative area) 

  Pin: _28473_/B (sky130_fd_sc_hd__or4_1)
    Layer: met1
      Partial area ratio:    0.00
      Required ratio:    0.00 (Gate area) 
      Partial area ratio:    0.00
      Required ratio:  400.00 (Side area) 
      Cumulative area ratio:    0.00
      Required ratio:    0.00 (Cumulative area) 
      Cumulative area ratio:    0.00
      Required ratio:    0.00 (Cumulative side area) 

    Layer: li1
      Partial area ratio:    0.00
      Required ratio:    0.00 (Gate area) 
      Partial area ratio:    0.00
      Required ratio:   75.00 (Side area) 
      Cumulative area ratio:    0.00
      Required ratio:    0.00 (Cumulative area) 
      Cumulative area ratio:    0.00
      Required ratio:    0.00 (Cumulative side area) 

    Via: M1M2_PR
      Partial area ratio:    0.18
      Required ratio:    6.00 (Gate area) 
      Cumulative area ratio:    0.41
      Required ratio:    0.00 (Cumulative area) 

    Via: L1M1_PR
      Partial area ratio:    0.23
      Required ratio:    3.00 (Gate area) 
      Cumulative area ratio:    0.23
      Required ratio:    0.00 (Cumulative area) 


Net: _08109_
  Pin: ANTENNA__28447__B/DIODE (sky130_fd_sc_hd__diode_2)
    Layer: met1
      Partial area ratio:    3.56
      Required ratio:    0.00 (Gate area) 
      Partial area ratio:   18.68
      Required ratio: 3091.96 (Side area) 
      Cumulative area ratio:    3.56
      Required ratio:    0.00 (Cumulative area) 
      Cumulative area ratio:   18.68
      Required ratio:    0.00 (Cumulative side area) 

    Layer: li1
      Partial area ratio:    0.00
      Required ratio:    0.00 (Gate area) 
      Partial area ratio:    0.00
      Required ratio:  270.62 (Side area) 
      Cumulative area ratio:    0.00
      Required ratio:    0.00 (Cumulative area) 
      Cumulative area ratio:    0.00
      Required ratio:    0.00 (Cumulative side area) 

    Layer: met2
      Partial area ratio:    7.73
      Required ratio:    0.00 (Gate area) 
      Partial area ratio:   39.04
      Required ratio: 3961.36 (Side area) 
      Cumulative area ratio:   11.29
      Required ratio:    0.00 (Cumulative area) 
      Cumulative area ratio:   57.71
      Required ratio:    0.00 (Cumulative side area) 

    Via: M1M2_PR
      Partial area ratio:    0.04
      Required ratio:    6.00 (Gate area) 
      Cumulative area ratio:    0.11
      Required ratio:    0.00 (Cumulative area) 

    Via: L1M1_PR
      Partial area ratio:    0.07
      Required ratio:    3.00 (Gate area) 
      Cumulative area ratio:    0.07
      Required ratio:    0.00 (Cumulative area) 

  Pin: _28447_/B (sky130_fd_sc_hd__or4_1)
    Layer: met1
      Partial area ratio:    3.56
      Required ratio:    0.00 (Gate area) 
      Partial area ratio:   18.68
      Required ratio: 3091.96 (Side area) 
      Cumulative area ratio:    3.56
      Required ratio:    0.00 (Cumulative area) 
      Cumulative area ratio:   18.68
      Required ratio:    0.00 (Cumulative side area) 

    Layer: li1
      Partial area ratio:    0.00
      Required ratio:    0.00 (Gate area) 
      Partial area ratio:    0.00
      Required ratio:   75.00 (Side area) 
      Cumulative area ratio:    0.00
      Required ratio:    0.00 (Cumulative area) 
      Cumulative area ratio:    0.00
      Required ratio:    0.00 (Cumulative side area) 

    Layer: met2
      Partial area ratio:    7.73
      Required ratio:    0.00 (Gate area) 
      Partial area ratio:   39.04
      Required ratio: 3961.36 (Side area) 
      Cumulative area ratio:   11.29
      Required ratio:    0.00 (Cumulative area) 
      Cumulative area ratio:   57.71
      Required ratio:    0.00 (Cumulative side area) 

    Via: M1M2_PR
      Partial area ratio:    0.04
      Required ratio:    6.00 (Gate area) 
      Cumulative area ratio:    0.27
      Required ratio:    0.00 (Cumulative area) 

    Via: L1M1_PR
      Partial area ratio:    0.23
      Required ratio:    3.00 (Gate area) 
      Cumulative area ratio:    0.23
      Required ratio:    0.00 (Cumulative area) 

  Pin: ANTENNA__28430__A/DIODE (sky130_fd_sc_hd__diode_2)
    Layer: met2
      Partial area ratio:    7.73
      Required ratio:    0.00 (Gate area) 
      Partial area ratio:   39.04
      Required ratio: 3961.36 (Side area) 
      Cumulative area ratio:   21.01
      Required ratio:    0.00 (Cumulative area) 
      Cumulative area ratio:  105.86
      Required ratio:    0.00 (Cumulative side area) 

    Layer: met1
      Partial area ratio:   13.28
      Required ratio:    0.00 (Gate area) 
      Partial area ratio:   66.83
      Required ratio: 2773.88 (Side area) 
      Cumulative area ratio:   13.28
      Required ratio:    0.00 (Cumulative area) 
      Cumulative area ratio:   66.83
      Required ratio:    0.00 (Cumulative side area) 

    Layer: li1
      Partial area ratio:    0.00
      Required ratio:    0.00 (Gate area) 
      Partial area ratio:    0.00
      Required ratio:  270.62 (Side area) 
      Cumulative area ratio:    0.00
      Required ratio:    0.00 (Cumulative area) 
      Cumulative area ratio:    0.00
      Required ratio:    0.00 (Cumulative side area) 

    Via: M1M2_PR
      Partial area ratio:    0.10
      Required ratio:    6.00 (Gate area) 
      Cumulative area ratio:    0.17
      Required ratio:    0.00 (Cumulative area) 

    Via: L1M1_PR
      Partial area ratio:    0.07
      Required ratio:    3.00 (Gate area) 
      Cumulative area ratio:    0.07
      Required ratio:    0.00 (Cumulative area) 

  Pin: _30800_/A (sky130_fd_sc_hd__or2_1)
    Layer: met2
      Partial area ratio:    7.73
      Required ratio:    0.00 (Gate area) 
      Partial area ratio:   39.04
      Required ratio: 3961.36 (Side area) 
      Cumulative area ratio:  171.30
      Required ratio:    0.00 (Cumulative area) 
      Cumulative area ratio:  861.98
      Required ratio:    0.00 (Cumulative side area) 

    Layer: met1
      Partial area ratio:  150.29
      Required ratio:    0.00 (Gate area) 
      Partial area ratio:  756.11
      Required ratio:  400.00 (Side area) (VIOLATED)
      Cumulative area ratio:  150.29
      Required ratio:    0.00 (Cumulative area) 
      Cumulative area ratio:  756.11
      Required ratio:    0.00 (Cumulative side area) 

    Layer: li1
      Partial area ratio:    0.00
      Required ratio:    0.00 (Gate area) 
      Partial area ratio:    0.00
      Required ratio:   75.00 (Side area) 
      Cumulative area ratio:    0.00
      Required ratio:    0.00 (Cumulative area) 
      Cumulative area ratio:    0.00
      Required ratio:    0.00 (Cumulative side area) 

    Via: M1M2_PR
      Partial area ratio:    0.54
      Required ratio:    6.00 (Gate area) 
      Cumulative area ratio:    0.77
      Required ratio:    0.00 (Cumulative area) 

    Via: L1M1_PR
      Partial area ratio:    0.23
      Required ratio:    3.00 (Gate area) 
      Cumulative area ratio:    0.23
      Required ratio:    0.00 (Cumulative area) 

  Pin: ANTENNA__30800__A/DIODE (sky130_fd_sc_hd__diode_2)
    Layer: met2
      Partial area ratio:    7.73
      Required ratio:    0.00 (Gate area) 
      Partial area ratio:   39.04
      Required ratio: 3961.36 (Side area) 
      Cumulative area ratio:  171.30
      Required ratio:    0.00 (Cumulative area) 
      Cumulative area ratio:  861.98
      Required ratio:    0.00 (Cumulative side area) 

    Layer: met1
      Partial area ratio:    0.00
      Required ratio:    0.00 (Gate area) 
      Partial area ratio:    0.00
      Required ratio: 2773.88 (Side area) 
      Cumulative area ratio:    0.00
      Required ratio:    0.00 (Cumulative area) 
      Cumulative area ratio:    0.00
      Required ratio:    0.00 (Cumulative side area) 

    Layer: li1
      Partial area ratio:    0.00
      Required ratio:    0.00 (Gate area) 
      Partial area ratio:    0.00
      Required ratio:  270.62 (Side area) 
      Cumulative area ratio:    0.00
      Required ratio:    0.00 (Cumulative area) 
      Cumulative area ratio:    0.00
      Required ratio:    0.00 (Cumulative side area) 

    Via: M1M2_PR
      Partial area ratio:    0.05
      Required ratio:    6.00 (Gate area) 
      Cumulative area ratio:    0.12
      Required ratio:    0.00 (Cumulative area) 

    Via: L1M1_PR
      Partial area ratio:    0.07
      Required ratio:    3.00 (Gate area) 
      Cumulative area ratio:    0.07
      Required ratio:    0.00 (Cumulative area) 

  Pin: _30770_/A (sky130_fd_sc_hd__or2_1)
    Layer: met2
      Partial area ratio:    7.73
      Required ratio:    0.00 (Gate area) 
      Partial area ratio:   39.04
      Required ratio: 3961.36 (Side area) 
      Cumulative area ratio:  188.74
      Required ratio:    0.00 (Cumulative area) 
      Cumulative area ratio:  951.53
      Required ratio:    0.00 (Cumulative side area) 

    Layer: met1
      Partial area ratio:   17.44
      Required ratio:    0.00 (Gate area) 
      Partial area ratio:   89.56
      Required ratio:  400.00 (Side area) 
      Cumulative area ratio:   17.44
      Required ratio:    0.00 (Cumulative area) 
      Cumulative area ratio:   89.56
      Required ratio:    0.00 (Cumulative side area) 

    Layer: li1
      Partial area ratio:    0.00
      Required ratio:    0.00 (Gate area) 
      Partial area ratio:    0.00
      Required ratio:   75.00 (Side area) 
      Cumulative area ratio:    0.00
      Required ratio:    0.00 (Cumulative area) 
      Cumulative area ratio:    0.00
      Required ratio:    0.00 (Cumulative side area) 

    Via: M1M2_PR
      Partial area ratio:    0.36
      Required ratio:    6.00 (Gate area) 
      Cumulative area ratio:    0.59
      Required ratio:    0.00 (Cumulative area) 

    Via: L1M1_PR
      Partial area ratio:    0.23
      Required ratio:    3.00 (Gate area) 
      Cumulative area ratio:    0.23
      Required ratio:    0.00 (Cumulative area) 

  Pin: ANTENNA__30770__A/DIODE (sky130_fd_sc_hd__diode_2)
    Layer: met2
      Partial area ratio:    7.73
      Required ratio:    0.00 (Gate area) 
      Partial area ratio:   39.04
      Required ratio: 3961.36 (Side area) 
      Cumulative area ratio:  188.74
      Required ratio:    0.00 (Cumulative area) 
      Cumulative area ratio:  951.53
      Required ratio:    0.00 (Cumulative side area) 

    Layer: met1
      Partial area ratio:    0.00
      Required ratio:    0.00 (Gate area) 
      Partial area ratio:    0.00
      Required ratio: 2773.88 (Side area) 
      Cumulative area ratio:    0.00
      Required ratio:    0.00 (Cumulative area) 
      Cumulative area ratio:    0.00
      Required ratio:    0.00 (Cumulative side area) 

    Layer: li1
      Partial area ratio:    0.00
      Required ratio:    0.00 (Gate area) 
      Partial area ratio:    0.00
      Required ratio:  270.62 (Side area) 
      Cumulative area ratio:    0.00
      Required ratio:    0.00 (Cumulative area) 
      Cumulative area ratio:    0.00
      Required ratio:    0.00 (Cumulative side area) 

    Via: M1M2_PR
      Partial area ratio:    0.05
      Required ratio:    6.00 (Gate area) 
      Cumulative area ratio:    0.12
      Required ratio:    0.00 (Cumulative area) 

    Via: L1M1_PR
      Partial area ratio:    0.07
      Required ratio:    3.00 (Gate area) 
      Cumulative area ratio:    0.07
      Required ratio:    0.00 (Cumulative area) 

  Pin: _28430_/A (sky130_fd_sc_hd__buf_4)
    Layer: met2
      Partial area ratio:    7.73
      Required ratio:    0.00 (Gate area) 
      Partial area ratio:   39.04
      Required ratio: 3961.36 (Side area) 
      Cumulative area ratio:    8.07
      Required ratio:    0.00 (Cumulative area) 
      Cumulative area ratio:   41.13
      Required ratio:    0.00 (Cumulative side area) 

    Layer: met1
      Partial area ratio:    0.34
      Required ratio:    0.00 (Gate area) 
      Partial area ratio:    2.09
      Required ratio:  400.00 (Side area) 
      Cumulative area ratio:    0.34
      Required ratio:    0.00 (Cumulative area) 
      Cumulative area ratio:    2.09
      Required ratio:    0.00 (Cumulative side area) 

    Layer: li1
      Partial area ratio:    0.00
      Required ratio:    0.00 (Gate area) 
      Partial area ratio:    0.00
      Required ratio:   75.00 (Side area) 
      Cumulative area ratio:    0.00
      Required ratio:    0.00 (Cumulative area) 
      Cumulative area ratio:    0.00
      Required ratio:    0.00 (Cumulative side area) 

    Via: M1M2_PR
      Partial area ratio:    0.09
      Required ratio:    6.00 (Gate area) 
      Cumulative area ratio:    0.21
      Required ratio:    0.00 (Cumulative area) 

    Via: L1M1_PR
      Partial area ratio:    0.12
      Required ratio:    3.00 (Gate area) 
      Cumulative area ratio:    0.12
      Required ratio:    0.00 (Cumulative area) 

  Pin: ANTENNA__28443__A/DIODE (sky130_fd_sc_hd__diode_2)
    Layer: met2
      Partial area ratio:    7.73
      Required ratio:    0.00 (Gate area) 
      Partial area ratio:   39.04
      Required ratio: 3961.36 (Side area) 
      Cumulative area ratio:    8.67
      Required ratio:    0.00 (Cumulative area) 
      Cumulative area ratio:   44.06
      Required ratio:    0.00 (Cumulative side area) 

    Layer: met1
      Partial area ratio:    0.94
      Required ratio:    0.00 (Gate area) 
      Partial area ratio:    5.03
      Required ratio: 2947.76 (Side area) 
      Cumulative area ratio:    0.94
      Required ratio:    0.00 (Cumulative area) 
      Cumulative area ratio:    5.03
      Required ratio:    0.00 (Cumulative side area) 

    Layer: li1
      Partial area ratio:    0.00
      Required ratio:    0.00 (Gate area) 
      Partial area ratio:    0.00
      Required ratio:  270.62 (Side area) 
      Cumulative area ratio:    0.00
      Required ratio:    0.00 (Cumulative area) 
      Cumulative area ratio:    0.00
      Required ratio:    0.00 (Cumulative side area) 

    Via: M1M2_PR
      Partial area ratio:    0.04
      Required ratio:    6.00 (Gate area) 
      Cumulative area ratio:    0.11
      Required ratio:    0.00 (Cumulative area) 

    Via: L1M1_PR
      Partial area ratio:    0.07
      Required ratio:    3.00 (Gate area) 
      Cumulative area ratio:    0.07
      Required ratio:    0.00 (Cumulative area) 

  Pin: _28443_/A (sky130_fd_sc_hd__buf_4)
    Layer: met2
      Partial area ratio:    7.73
      Required ratio:    0.00 (Gate area) 
      Partial area ratio:   39.04
      Required ratio: 3961.36 (Side area) 
      Cumulative area ratio:    8.67
      Required ratio:    0.00 (Cumulative area) 
      Cumulative area ratio:   44.06
      Required ratio:    0.00 (Cumulative side area) 

    Layer: met1
      Partial area ratio:    0.94
      Required ratio:    0.00 (Gate area) 
      Partial area ratio:    5.03
      Required ratio: 2947.76 (Side area) 
      Cumulative area ratio:    0.94
      Required ratio:    0.00 (Cumulative area) 
      Cumulative area ratio:    5.03
      Required ratio:    0.00 (Cumulative side area) 

    Layer: li1
      Partial area ratio:    0.00
      Required ratio:    0.00 (Gate area) 
      Partial area ratio:    0.00
      Required ratio:   75.00 (Side area) 
      Cumulative area ratio:    0.00
      Required ratio:    0.00 (Cumulative area) 
      Cumulative area ratio:    0.00
      Required ratio:    0.00 (Cumulative side area) 

    Via: M1M2_PR
      Partial area ratio:    0.04
      Required ratio:    6.00 (Gate area) 
      Cumulative area ratio:    0.16
      Required ratio:    0.00 (Cumulative area) 

    Via: L1M1_PR
      Partial area ratio:    0.12
      Required ratio:    3.00 (Gate area) 
      Cumulative area ratio:    0.12
      Required ratio:    0.00 (Cumulative area) 

  Pin: ANTENNA__29501__B/DIODE (sky130_fd_sc_hd__diode_2)
    Layer: met2
      Partial area ratio:    7.73
      Required ratio:    0.00 (Gate area) 
      Partial area ratio:   39.04
      Required ratio: 3961.36 (Side area) 
      Cumulative area ratio:    8.67
      Required ratio:    0.00 (Cumulative area) 
      Cumulative area ratio:   44.06
      Required ratio:    0.00 (Cumulative side area) 

    Layer: met1
      Partial area ratio:    0.94
      Required ratio:    0.00 (Gate area) 
      Partial area ratio:    5.03
      Required ratio: 2947.76 (Side area) 
      Cumulative area ratio:    0.94
      Required ratio:    0.00 (Cumulative area) 
      Cumulative area ratio:    5.03
      Required ratio:    0.00 (Cumulative side area) 

    Layer: li1
      Partial area ratio:    0.00
      Required ratio:    0.00 (Gate area) 
      Partial area ratio:    0.00
      Required ratio:  270.62 (Side area) 
      Cumulative area ratio:    0.00
      Required ratio:    0.00 (Cumulative area) 
      Cumulative area ratio:    0.00
      Required ratio:    0.00 (Cumulative side area) 

    Via: M1M2_PR
      Partial area ratio:    0.04
      Required ratio:    6.00 (Gate area) 
      Cumulative area ratio:    0.11
      Required ratio:    0.00 (Cumulative area) 

    Via: L1M1_PR
      Partial area ratio:    0.07
      Required ratio:    3.00 (Gate area) 
      Cumulative area ratio:    0.07
      Required ratio:    0.00 (Cumulative area) 

  Pin: _29501_/B (sky130_fd_sc_hd__or4_1)
    Layer: met2
      Partial area ratio:    7.73
      Required ratio:    0.00 (Gate area) 
      Partial area ratio:   39.04
      Required ratio: 3961.36 (Side area) 
      Cumulative area ratio:    8.67
      Required ratio:    0.00 (Cumulative area) 
      Cumulative area ratio:   44.06
      Required ratio:    0.00 (Cumulative side area) 

    Layer: met1
      Partial area ratio:    0.00
      Required ratio:    0.00 (Gate area) 
      Partial area ratio:    0.00
      Required ratio:  400.00 (Side area) 
      Cumulative area ratio:    0.00
      Required ratio:    0.00 (Cumulative area) 
      Cumulative area ratio:    0.00
      Required ratio:    0.00 (Cumulative side area) 

    Layer: li1
      Partial area ratio:    0.00
      Required ratio:    0.00 (Gate area) 
      Partial area ratio:    0.00
      Required ratio:   75.00 (Side area) 
      Cumulative area ratio:    0.00
      Required ratio:    0.00 (Cumulative area) 
      Cumulative area ratio:    0.00
      Required ratio:    0.00 (Cumulative side area) 

    Via: M1M2_PR
      Partial area ratio:    0.18
      Required ratio:    6.00 (Gate area) 
      Cumulative area ratio:    0.41
      Required ratio:    0.00 (Cumulative area) 

    Via: L1M1_PR
      Partial area ratio:    0.23
      Required ratio:    3.00 (Gate area) 
      Cumulative area ratio:    0.23
      Required ratio:    0.00 (Cumulative area) 


Net: _08196_
  Pin: ANTENNA__28534__B/DIODE (sky130_fd_sc_hd__diode_2)
    Layer: met2
      Partial area ratio:    0.79
      Required ratio:    0.00 (Gate area) 
      Partial area ratio:    4.25
      Required ratio: 3299.84 (Side area) 
      Cumulative area ratio:   97.35
      Required ratio:    0.00 (Cumulative area) 
      Cumulative area ratio:  491.27
      Required ratio:    0.00 (Cumulative side area) 

    Layer: met1
      Partial area ratio:    0.34
      Required ratio:    0.00 (Gate area) 
      Partial area ratio:    1.93
      Required ratio: 2773.88 (Side area) 
      Cumulative area ratio:    0.34
      Required ratio:    0.00 (Cumulative area) 
      Cumulative area ratio:    1.93
      Required ratio:    0.00 (Cumulative side area) 

    Layer: li1
      Partial area ratio:    0.00
      Required ratio:    0.00 (Gate area) 
      Partial area ratio:    0.00
      Required ratio:  270.62 (Side area) 
      Cumulative area ratio:    0.00
      Required ratio:    0.00 (Cumulative area) 
      Cumulative area ratio:    0.00
      Required ratio:    0.00 (Cumulative side area) 

    Via: M1M2_PR
      Partial area ratio:    0.05
      Required ratio:    6.00 (Gate area) 
      Cumulative area ratio:    0.12
      Required ratio:    0.00 (Cumulative area) 

    Via: L1M1_PR
      Partial area ratio:    0.07
      Required ratio:    3.00 (Gate area) 
      Cumulative area ratio:    0.07
      Required ratio:    0.00 (Cumulative area) 

  Pin: _29472_/A (sky130_fd_sc_hd__xnor2_2)
    Layer: met2
      Partial area ratio:    0.79
      Required ratio:    0.00 (Gate area) 
      Partial area ratio:    4.25
      Required ratio: 3299.84 (Side area) 
      Cumulative area ratio:   97.48
      Required ratio:    0.00 (Cumulative area) 
      Cumulative area ratio:  491.81
      Required ratio:    0.00 (Cumulative side area) 

    Layer: met1
      Partial area ratio:    0.48
      Required ratio:    0.00 (Gate area) 
      Partial area ratio:    2.47
      Required ratio:  400.00 (Side area) 
      Cumulative area ratio:    0.48
      Required ratio:    0.00 (Cumulative area) 
      Cumulative area ratio:    2.47
      Required ratio:    0.00 (Cumulative side area) 

    Layer: li1
      Partial area ratio:    0.00
      Required ratio:    0.00 (Gate area) 
      Partial area ratio:    0.00
      Required ratio:   75.00 (Side area) 
      Cumulative area ratio:    0.00
      Required ratio:    0.00 (Cumulative area) 
      Cumulative area ratio:    0.00
      Required ratio:    0.00 (Cumulative side area) 

    Via: M1M2_PR
      Partial area ratio:    0.02
      Required ratio:    6.00 (Gate area) 
      Cumulative area ratio:    0.05
      Required ratio:    0.00 (Cumulative area) 

    Via: L1M1_PR
      Partial area ratio:    0.03
      Required ratio:    3.00 (Gate area) 
      Cumulative area ratio:    0.03
      Required ratio:    0.00 (Cumulative area) 

  Pin: ANTENNA__29472__A/DIODE (sky130_fd_sc_hd__diode_2)
    Layer: met2
      Partial area ratio:    0.79
      Required ratio:    0.00 (Gate area) 
      Partial area ratio:    4.25
      Required ratio: 3299.84 (Side area) 
      Cumulative area ratio:   97.01
      Required ratio:    0.00 (Cumulative area) 
      Cumulative area ratio:  489.33
      Required ratio:    0.00 (Cumulative side area) 

    Layer: met1
      Partial area ratio:    0.00
      Required ratio:    0.00 (Gate area) 
      Partial area ratio:    0.00
      Required ratio: 2773.88 (Side area) 
      Cumulative area ratio:    0.00
      Required ratio:    0.00 (Cumulative area) 
      Cumulative area ratio:    0.00
      Required ratio:    0.00 (Cumulative side area) 

    Layer: li1
      Partial area ratio:    0.00
      Required ratio:    0.00 (Gate area) 
      Partial area ratio:    0.00
      Required ratio:  270.62 (Side area) 
      Cumulative area ratio:    0.00
      Required ratio:    0.00 (Cumulative area) 
      Cumulative area ratio:    0.00
      Required ratio:    0.00 (Cumulative side area) 

    Via: M1M2_PR
      Partial area ratio:    0.05
      Required ratio:    6.00 (Gate area) 
      Cumulative area ratio:    0.12
      Required ratio:    0.00 (Cumulative area) 

    Via: L1M1_PR
      Partial area ratio:    0.07
      Required ratio:    3.00 (Gate area) 
      Cumulative area ratio:    0.07
      Required ratio:    0.00 (Cumulative area) 

  Pin: _28534_/B (sky130_fd_sc_hd__or2_1)
    Layer: met2
      Partial area ratio:    0.79
      Required ratio:    0.00 (Gate area) 
      Partial area ratio:    4.25
      Required ratio: 3299.84 (Side area) 
      Cumulative area ratio:   97.01
      Required ratio:    0.00 (Cumulative area) 
      Cumulative area ratio:  489.33
      Required ratio:    0.00 (Cumulative side area) 

    Layer: met1
      Partial area ratio:   83.67
      Required ratio:    0.00 (Gate area) 
      Partial area ratio:  421.44
      Required ratio:  400.00 (Side area) (VIOLATED)
      Cumulative area ratio:   83.67
      Required ratio:    0.00 (Cumulative area) 
      Cumulative area ratio:  421.44
      Required ratio:    0.00 (Cumulative side area) 

    Layer: li1
      Partial area ratio:    0.00
      Required ratio:    0.00 (Gate area) 
      Partial area ratio:    0.00
      Required ratio:   75.00 (Side area) 
      Cumulative area ratio:    0.00
      Required ratio:    0.00 (Cumulative area) 
      Cumulative area ratio:    0.00
      Required ratio:    0.00 (Cumulative side area) 

    Via: M1M2_PR
      Partial area ratio:    0.54
      Required ratio:    6.00 (Gate area) 
      Cumulative area ratio:    0.77
      Required ratio:    0.00 (Cumulative area) 

    Via: L1M1_PR
      Partial area ratio:    0.23
      Required ratio:    3.00 (Gate area) 
      Cumulative area ratio:    0.23
      Required ratio:    0.00 (Cumulative area) 

  Pin: _28533_/B (sky130_fd_sc_hd__nand2_1)
    Layer: met2
      Partial area ratio:    0.79
      Required ratio:    0.00 (Gate area) 
      Partial area ratio:    4.25
      Required ratio: 3299.84 (Side area) 
      Cumulative area ratio:   13.34
      Required ratio:    0.00 (Cumulative area) 
      Cumulative area ratio:   67.89
      Required ratio:    0.00 (Cumulative side area) 

    Layer: met1
      Partial area ratio:    0.00
      Required ratio:    0.00 (Gate area) 
      Partial area ratio:    0.00
      Required ratio:  400.00 (Side area) 
      Cumulative area ratio:    0.00
      Required ratio:    0.00 (Cumulative area) 
      Cumulative area ratio:    0.00
      Required ratio:    0.00 (Cumulative side area) 

    Layer: li1
      Partial area ratio:    0.00
      Required ratio:    0.00 (Gate area) 
      Partial area ratio:    0.00
      Required ratio:   75.00 (Side area) 
      Cumulative area ratio:    0.00
      Required ratio:    0.00 (Cumulative area) 
      Cumulative area ratio:    0.00
      Required ratio:    0.00 (Cumulative side area) 

    Via: M1M2_PR
      Partial area ratio:    0.09
      Required ratio:    6.00 (Gate area) 
      Cumulative area ratio:    0.21
      Required ratio:    0.00 (Cumulative area) 

    Via: L1M1_PR
      Partial area ratio:    0.12
      Required ratio:    3.00 (Gate area) 
      Cumulative area ratio:    0.12
      Required ratio:    0.00 (Cumulative area) 

  Pin: ANTENNA__28533__B/DIODE (sky130_fd_sc_hd__diode_2)
    Layer: met2
      Partial area ratio:    0.79
      Required ratio:    0.00 (Gate area) 
      Partial area ratio:    4.25
      Required ratio: 3299.84 (Side area) 
      Cumulative area ratio:   13.34
      Required ratio:    0.00 (Cumulative area) 
      Cumulative area ratio:   67.89
      Required ratio:    0.00 (Cumulative side area) 

    Layer: met1
      Partial area ratio:   12.55
      Required ratio:    0.00 (Gate area) 
      Partial area ratio:   63.64
      Required ratio: 2773.88 (Side area) 
      Cumulative area ratio:   12.55
      Required ratio:    0.00 (Cumulative area) 
      Cumulative area ratio:   63.64
      Required ratio:    0.00 (Cumulative side area) 

    Layer: li1
      Partial area ratio:    0.00
      Required ratio:    0.00 (Gate area) 
      Partial area ratio:    0.00
      Required ratio:  270.62 (Side area) 
      Cumulative area ratio:    0.00
      Required ratio:    0.00 (Cumulative area) 
      Cumulative area ratio:    0.00
      Required ratio:    0.00 (Cumulative side area) 

    Via: M1M2_PR
      Partial area ratio:    0.10
      Required ratio:    6.00 (Gate area) 
      Cumulative area ratio:    0.17
      Required ratio:    0.00 (Cumulative area) 

    Via: L1M1_PR
      Partial area ratio:    0.07
      Required ratio:    3.00 (Gate area) 
      Cumulative area ratio:    0.07
      Required ratio:    0.00 (Cumulative area) 


Net: _10144_
  Pin: ANTENNA__33673__B/DIODE (sky130_fd_sc_hd__diode_2)
    Layer: met2
      Partial area ratio:    5.53
      Required ratio:    0.00 (Gate area) 
      Partial area ratio:   27.91
      Required ratio: 3983.92 (Side area) 
      Cumulative area ratio:  356.63
      Required ratio:    0.00 (Cumulative area) 
      Cumulative area ratio: 1791.99
      Required ratio:    0.00 (Cumulative side area) 

    Layer: met1
      Partial area ratio:    1.38
      Required ratio:    0.00 (Gate area) 
      Partial area ratio:    7.12
      Required ratio: 2773.88 (Side area) 
      Cumulative area ratio:    1.38
      Required ratio:    0.00 (Cumulative area) 
      Cumulative area ratio:    7.12
      Required ratio:    0.00 (Cumulative side area) 

    Layer: li1
      Partial area ratio:    0.00
      Required ratio:    0.00 (Gate area) 
      Partial area ratio:    0.00
      Required ratio:  270.62 (Side area) 
      Cumulative area ratio:    0.00
      Required ratio:    0.00 (Cumulative area) 
      Cumulative area ratio:    0.00
      Required ratio:    0.00 (Cumulative side area) 

    Via: M1M2_PR
      Partial area ratio:    0.05
      Required ratio:    6.00 (Gate area) 
      Cumulative area ratio:    0.12
      Required ratio:    0.00 (Cumulative area) 

    Via: L1M1_PR
      Partial area ratio:    0.07
      Required ratio:    3.00 (Gate area) 
      Cumulative area ratio:    0.07
      Required ratio:    0.00 (Cumulative area) 

  Pin: _33673_/B (sky130_fd_sc_hd__or2_1)
    Layer: met2
      Partial area ratio:    5.53
      Required ratio:    0.00 (Gate area) 
      Partial area ratio:   27.91
      Required ratio: 3983.92 (Side area) 
      Cumulative area ratio:  355.26
      Required ratio:    0.00 (Cumulative area) 
      Cumulative area ratio: 1784.88
      Required ratio:    0.00 (Cumulative side area) 

    Layer: met1
      Partial area ratio:    1.18
      Required ratio:    0.00 (Gate area) 
      Partial area ratio:    6.67
      Required ratio:  400.00 (Side area) 
      Cumulative area ratio:    1.18
      Required ratio:    0.00 (Cumulative area) 
      Cumulative area ratio:    6.67
      Required ratio:    0.00 (Cumulative side area) 

    Layer: li1
      Partial area ratio:    0.00
      Required ratio:    0.00 (Gate area) 
      Partial area ratio:    0.00
      Required ratio:   75.00 (Side area) 
      Cumulative area ratio:    0.00
      Required ratio:    0.00 (Cumulative area) 
      Cumulative area ratio:    0.00
      Required ratio:    0.00 (Cumulative side area) 

    Via: M1M2_PR
      Partial area ratio:    0.36
      Required ratio:    6.00 (Gate area) 
      Cumulative area ratio:    0.59
      Required ratio:    0.00 (Cumulative area) 

    Via: L1M1_PR
      Partial area ratio:    0.23
      Required ratio:    3.00 (Gate area) 
      Cumulative area ratio:    0.23
      Required ratio:    0.00 (Cumulative area) 

  Pin: ANTENNA__33513__B/DIODE (sky130_fd_sc_hd__diode_2)
    Layer: met2
      Partial area ratio:    5.53
      Required ratio:    0.00 (Gate area) 
      Partial area ratio:   27.91
      Required ratio: 3983.92 (Side area) 
      Cumulative area ratio:  355.16
      Required ratio:    0.00 (Cumulative area) 
      Cumulative area ratio: 1783.85
      Required ratio:    0.00 (Cumulative side area) 

    Layer: met1
      Partial area ratio:    1.08
      Required ratio:    0.00 (Gate area) 
      Partial area ratio:    5.64
      Required ratio: 2773.88 (Side area) 
      Cumulative area ratio:    1.08
      Required ratio:    0.00 (Cumulative area) 
      Cumulative area ratio:    5.64
      Required ratio:    0.00 (Cumulative side area) 

    Layer: li1
      Partial area ratio:    0.00
      Required ratio:    0.00 (Gate area) 
      Partial area ratio:    0.00
      Required ratio:  270.62 (Side area) 
      Cumulative area ratio:    0.00
      Required ratio:    0.00 (Cumulative area) 
      Cumulative area ratio:    0.00
      Required ratio:    0.00 (Cumulative side area) 

    Via: M1M2_PR
      Partial area ratio:    0.05
      Required ratio:    6.00 (Gate area) 
      Cumulative area ratio:    0.12
      Required ratio:    0.00 (Cumulative area) 

    Via: L1M1_PR
      Partial area ratio:    0.07
      Required ratio:    3.00 (Gate area) 
      Cumulative area ratio:    0.07
      Required ratio:    0.00 (Cumulative area) 

  Pin: _33513_/B (sky130_fd_sc_hd__or2_1)
    Layer: met2
      Partial area ratio:    5.53
      Required ratio:    0.00 (Gate area) 
      Partial area ratio:   27.91
      Required ratio: 3983.92 (Side area) 
      Cumulative area ratio:  354.08
      Required ratio:    0.00 (Cumulative area) 
      Cumulative area ratio: 1778.21
      Required ratio:    0.00 (Cumulative side area) 

    Layer: met1
      Partial area ratio:  346.76
      Required ratio:    0.00 (Gate area) 
      Partial area ratio: 1740.78
      Required ratio:  400.00 (Side area) (VIOLATED)
      Cumulative area ratio:  346.76
      Required ratio:    0.00 (Cumulative area) 
      Cumulative area ratio: 1740.78
      Required ratio:    0.00 (Cumulative side area) 

    Layer: li1
      Partial area ratio:    0.00
      Required ratio:    0.00 (Gate area) 
      Partial area ratio:    0.00
      Required ratio:   75.00 (Side area) 
      Cumulative area ratio:    0.00
      Required ratio:    0.00 (Cumulative area) 
      Cumulative area ratio:    0.00
      Required ratio:    0.00 (Cumulative side area) 

    Via: M1M2_PR
      Partial area ratio:    0.36
      Required ratio:    6.00 (Gate area) 
      Cumulative area ratio:    0.59
      Required ratio:    0.00 (Cumulative area) 

    Via: L1M1_PR
      Partial area ratio:    0.23
      Required ratio:    3.00 (Gate area) 
      Cumulative area ratio:    0.23
      Required ratio:    0.00 (Cumulative area) 

  Pin: ANTENNA__30579__B/DIODE (sky130_fd_sc_hd__diode_2)
    Layer: met2
      Partial area ratio:    5.53
      Required ratio:    0.00 (Gate area) 
      Partial area ratio:   27.91
      Required ratio: 3983.92 (Side area) 
      Cumulative area ratio:    7.32
      Required ratio:    0.00 (Cumulative area) 
      Cumulative area ratio:   37.43
      Required ratio:    0.00 (Cumulative side area) 

    Layer: met1
      Partial area ratio:    0.00
      Required ratio:    0.00 (Gate area) 
      Partial area ratio:    0.00
      Required ratio: 2773.88 (Side area) 
      Cumulative area ratio:    0.00
      Required ratio:    0.00 (Cumulative area) 
      Cumulative area ratio:    0.00
      Required ratio:    0.00 (Cumulative side area) 

    Layer: li1
      Partial area ratio:    0.00
      Required ratio:    0.00 (Gate area) 
      Partial area ratio:    0.00
      Required ratio:  270.62 (Side area) 
      Cumulative area ratio:    0.00
      Required ratio:    0.00 (Cumulative area) 
      Cumulative area ratio:    0.00
      Required ratio:    0.00 (Cumulative side area) 

    Via: M1M2_PR
      Partial area ratio:    0.05
      Required ratio:    6.00 (Gate area) 
      Cumulative area ratio:    0.12
      Required ratio:    0.00 (Cumulative area) 

    Via: L1M1_PR
      Partial area ratio:    0.07
      Required ratio:    3.00 (Gate area) 
      Cumulative area ratio:    0.07
      Required ratio:    0.00 (Cumulative area) 

  Pin: _30579_/B (sky130_fd_sc_hd__xor2_2)
    Layer: met2
      Partial area ratio:    5.53
      Required ratio:    0.00 (Gate area) 
      Partial area ratio:   27.91
      Required ratio: 3983.92 (Side area) 
      Cumulative area ratio:    7.73
      Required ratio:    0.00 (Cumulative area) 
      Cumulative area ratio:   39.58
      Required ratio:    0.00 (Cumulative side area) 

    Layer: met1
      Partial area ratio:    0.41
      Required ratio:    0.00 (Gate area) 
      Partial area ratio:    2.15
      Required ratio:  400.00 (Side area) 
      Cumulative area ratio:    0.41
      Required ratio:    0.00 (Cumulative area) 
      Cumulative area ratio:    2.15
      Required ratio:    0.00 (Cumulative side area) 

    Via: M1M2_PR
      Partial area ratio:    0.02
      Required ratio:    6.00 (Gate area) 
      Cumulative area ratio:    0.02
      Required ratio:    0.00 (Cumulative area) 

  Pin: _30513_/B (sky130_fd_sc_hd__nand2_1)
    Layer: met2
      Partial area ratio:    5.53
      Required ratio:    0.00 (Gate area) 
      Partial area ratio:   27.91
      Required ratio: 3983.92 (Side area) 
      Cumulative area ratio:    7.32
      Required ratio:    0.00 (Cumulative area) 
      Cumulative area ratio:   37.43
      Required ratio:    0.00 (Cumulative side area) 

    Layer: met1
      Partial area ratio:    1.79
      Required ratio:    0.00 (Gate area) 
      Partial area ratio:    9.52
      Required ratio: 2773.88 (Side area) 
      Cumulative area ratio:    1.79
      Required ratio:    0.00 (Cumulative area) 
      Cumulative area ratio:    9.52
      Required ratio:    0.00 (Cumulative side area) 

    Layer: li1
      Partial area ratio:    0.00
      Required ratio:    0.00 (Gate area) 
      Partial area ratio:    0.00
      Required ratio:   75.00 (Side area) 
      Cumulative area ratio:    0.00
      Required ratio:    0.00 (Cumulative area) 
      Cumulative area ratio:    0.00
      Required ratio:    0.00 (Cumulative side area) 

    Via: M1M2_PR
      Partial area ratio:    0.07
      Required ratio:    6.00 (Gate area) 
      Cumulative area ratio:    0.18
      Required ratio:    0.00 (Cumulative area) 

    Via: L1M1_PR
      Partial area ratio:    0.12
      Required ratio:    3.00 (Gate area) 
      Cumulative area ratio:    0.12
      Required ratio:    0.00 (Cumulative area) 

  Pin: ANTENNA__30513__B/DIODE (sky130_fd_sc_hd__diode_2)
    Layer: met2
      Partial area ratio:    5.53
      Required ratio:    0.00 (Gate area) 
      Partial area ratio:   27.91
      Required ratio: 3983.92 (Side area) 
      Cumulative area ratio:    7.32
      Required ratio:    0.00 (Cumulative area) 
      Cumulative area ratio:   37.43
      Required ratio:    0.00 (Cumulative side area) 

    Layer: met1
      Partial area ratio:    1.79
      Required ratio:    0.00 (Gate area) 
      Partial area ratio:    9.52
      Required ratio: 2773.88 (Side area) 
      Cumulative area ratio:    1.79
      Required ratio:    0.00 (Cumulative area) 
      Cumulative area ratio:    9.52
      Required ratio:    0.00 (Cumulative side area) 

    Layer: li1
      Partial area ratio:    0.00
      Required ratio:    0.00 (Gate area) 
      Partial area ratio:    0.00
      Required ratio:  270.62 (Side area) 
      Cumulative area ratio:    0.00
      Required ratio:    0.00 (Cumulative area) 
      Cumulative area ratio:    0.00
      Required ratio:    0.00 (Cumulative side area) 

    Via: M1M2_PR
      Partial area ratio:    0.07
      Required ratio:    6.00 (Gate area) 
      Cumulative area ratio:    0.13
      Required ratio:    0.00 (Cumulative area) 

    Via: L1M1_PR
      Partial area ratio:    0.07
      Required ratio:    3.00 (Gate area) 
      Cumulative area ratio:    0.07
      Required ratio:    0.00 (Cumulative area) 


Net: _13161_
  Pin: ANTENNA__34190__A/DIODE (sky130_fd_sc_hd__diode_2)
    Layer: met3
      Partial area ratio:   10.13
      Required ratio:    0.00 (Gate area) 
      Partial area ratio:   54.42
      Required ratio: 4364.72 (Side area) 
      Cumulative area ratio:   20.06
      Required ratio:    0.00 (Cumulative area) 
      Cumulative area ratio:  104.51
      Required ratio:    0.00 (Cumulative side area) 

    Layer: met2
      Partial area ratio:    9.93
      Required ratio:    0.00 (Gate area) 
      Partial area ratio:   50.09
      Required ratio: 3121.64 (Side area) 
      Cumulative area ratio:    9.93
      Required ratio:    0.00 (Cumulative area) 
      Cumulative area ratio:   50.09
      Required ratio:    0.00 (Cumulative side area) 

    Layer: met1
      Partial area ratio:    0.00
      Required ratio:    0.00 (Gate area) 
      Partial area ratio:    0.00
      Required ratio: 2773.88 (Side area) 
      Cumulative area ratio:    0.00
      Required ratio:    0.00 (Cumulative area) 
      Cumulative area ratio:    0.00
      Required ratio:    0.00 (Cumulative side area) 

    Layer: li1
      Partial area ratio:    0.00
      Required ratio:    0.00 (Gate area) 
      Partial area ratio:    0.00
      Required ratio:  270.62 (Side area) 
      Cumulative area ratio:    0.00
      Required ratio:    0.00 (Cumulative area) 
      Cumulative area ratio:    0.00
      Required ratio:    0.00 (Cumulative side area) 

    Via: M2M3_PR
      Partial area ratio:    0.02
      Required ratio:    6.00 (Gate area) 
      Cumulative area ratio:    0.14
      Required ratio:    0.00 (Cumulative area) 

    Via: M1M2_PR
      Partial area ratio:    0.05
      Required ratio:    6.00 (Gate area) 
      Cumulative area ratio:    0.12
      Required ratio:    0.00 (Cumulative area) 

    Via: L1M1_PR
      Partial area ratio:    0.07
      Required ratio:    3.00 (Gate area) 
      Cumulative area ratio:    0.07
      Required ratio:    0.00 (Cumulative area) 

  Pin: ANTENNA__34004__A/DIODE (sky130_fd_sc_hd__diode_2)
    Layer: met3
      Partial area ratio:   10.13
      Required ratio:    0.00 (Gate area) 
      Partial area ratio:   54.42
      Required ratio: 4364.72 (Side area) 
      Cumulative area ratio:  176.07
      Required ratio:    0.00 (Cumulative area) 
      Cumulative area ratio:  887.99
      Required ratio:    0.00 (Cumulative side area) 

    Layer: met2
      Partial area ratio:    9.93
      Required ratio:    0.00 (Gate area) 
      Partial area ratio:   50.09
      Required ratio: 3121.64 (Side area) 
      Cumulative area ratio:  165.93
      Required ratio:    0.00 (Cumulative area) 
      Cumulative area ratio:  833.58
      Required ratio:    0.00 (Cumulative side area) 

    Layer: met1
      Partial area ratio:    0.19
      Required ratio:    0.00 (Gate area) 
      Partial area ratio:    1.19
      Required ratio: 2773.88 (Side area) 
      Cumulative area ratio:    0.19
      Required ratio:    0.00 (Cumulative area) 
      Cumulative area ratio:    1.19
      Required ratio:    0.00 (Cumulative side area) 

    Layer: li1
      Partial area ratio:    0.00
      Required ratio:    0.00 (Gate area) 
      Partial area ratio:    0.00
      Required ratio:  270.62 (Side area) 
      Cumulative area ratio:    0.00
      Required ratio:    0.00 (Cumulative area) 
      Cumulative area ratio:    0.00
      Required ratio:    0.00 (Cumulative side area) 

    Via: M2M3_PR
      Partial area ratio:    0.02
      Required ratio:    6.00 (Gate area) 
      Cumulative area ratio:    0.46
      Required ratio:    0.00 (Cumulative area) 

    Via: M1M2_PR
      Partial area ratio:    0.05
      Required ratio:    6.00 (Gate area) 
      Cumulative area ratio:    0.12
      Required ratio:    0.00 (Cumulative area) 

    Via: L1M1_PR
      Partial area ratio:    0.07
      Required ratio:    3.00 (Gate area) 
      Cumulative area ratio:    0.07
      Required ratio:    0.00 (Cumulative area) 

  Pin: _34004_/A (sky130_fd_sc_hd__buf_2)
    Layer: met3
      Partial area ratio:   10.13
      Required ratio:    0.00 (Gate area) 
      Partial area ratio:   54.42
      Required ratio: 4364.72 (Side area) 
      Cumulative area ratio:  177.21
      Required ratio:    0.00 (Cumulative area) 
      Cumulative area ratio:  894.11
      Required ratio:    0.00 (Cumulative side area) 

    Layer: met2
      Partial area ratio:    9.93
      Required ratio:    0.00 (Gate area) 
      Partial area ratio:   50.09
      Required ratio: 3121.64 (Side area) 
      Cumulative area ratio:  167.08
      Required ratio:    0.00 (Cumulative area) 
      Cumulative area ratio:  839.69
      Required ratio:    0.00 (Cumulative side area) 

    Layer: met1
      Partial area ratio:    1.34
      Required ratio:    0.00 (Gate area) 
      Partial area ratio:    7.31
      Required ratio:  400.00 (Side area) 
      Cumulative area ratio:    1.34
      Required ratio:    0.00 (Cumulative area) 
      Cumulative area ratio:    7.31
      Required ratio:    0.00 (Cumulative side area) 

    Layer: li1
      Partial area ratio:    0.00
      Required ratio:    0.00 (Gate area) 
      Partial area ratio:    0.00
      Required ratio:   75.00 (Side area) 
      Cumulative area ratio:    0.00
      Required ratio:    0.00 (Cumulative area) 
      Cumulative area ratio:    0.00
      Required ratio:    0.00 (Cumulative side area) 

    Via: M2M3_PR
      Partial area ratio:    0.02
      Required ratio:    6.00 (Gate area) 
      Cumulative area ratio:    0.66
      Required ratio:    0.00 (Cumulative area) 

    Via: M1M2_PR
      Partial area ratio:    0.14
      Required ratio:    6.00 (Gate area) 
      Cumulative area ratio:    0.32
      Required ratio:    0.00 (Cumulative area) 

    Via: L1M1_PR
      Partial area ratio:    0.18
      Required ratio:    3.00 (Gate area) 
      Cumulative area ratio:    0.18
      Required ratio:    0.00 (Cumulative area) 

  Pin: _34097_/A (sky130_fd_sc_hd__clkbuf_4)
    Layer: met3
      Partial area ratio:   10.13
      Required ratio:    0.00 (Gate area) 
      Partial area ratio:   54.42
      Required ratio: 4364.72 (Side area) 
      Cumulative area ratio:  177.23
      Required ratio:    0.00 (Cumulative area) 
      Cumulative area ratio:  894.04
      Required ratio:    0.00 (Cumulative side area) 

    Layer: met2
      Partial area ratio:    9.93
      Required ratio:    0.00 (Gate area) 
      Partial area ratio:   50.09
      Required ratio: 3121.64 (Side area) 
      Cumulative area ratio:  167.10
      Required ratio:    0.00 (Cumulative area) 
      Cumulative area ratio:  839.63
      Required ratio:    0.00 (Cumulative side area) 

    Layer: met1
      Partial area ratio:    1.36
      Required ratio:    0.00 (Gate area) 
      Partial area ratio:    7.24
      Required ratio: 2773.88 (Side area) 
      Cumulative area ratio:    1.36
      Required ratio:    0.00 (Cumulative area) 
      Cumulative area ratio:    7.24
      Required ratio:    0.00 (Cumulative side area) 

    Layer: li1
      Partial area ratio:    0.00
      Required ratio:    0.00 (Gate area) 
      Partial area ratio:    0.00
      Required ratio:   75.00 (Side area) 
      Cumulative area ratio:    0.00
      Required ratio:    0.00 (Cumulative area) 
      Cumulative area ratio:    0.00
      Required ratio:    0.00 (Cumulative side area) 

    Via: M2M3_PR
      Partial area ratio:    0.02
      Required ratio:    6.00 (Gate area) 
      Cumulative area ratio:    0.51
      Required ratio:    0.00 (Cumulative area) 

    Via: M1M2_PR
      Partial area ratio:    0.03
      Required ratio:    6.00 (Gate area) 
      Cumulative area ratio:    0.17
      Required ratio:    0.00 (Cumulative area) 

    Via: L1M1_PR
      Partial area ratio:    0.14
      Required ratio:    3.00 (Gate area) 
      Cumulative area ratio:    0.14
      Required ratio:    0.00 (Cumulative area) 

  Pin: ANTENNA__34097__A/DIODE (sky130_fd_sc_hd__diode_2)
    Layer: met3
      Partial area ratio:   10.13
      Required ratio:    0.00 (Gate area) 
      Partial area ratio:   54.42
      Required ratio: 4364.72 (Side area) 
      Cumulative area ratio:  177.23
      Required ratio:    0.00 (Cumulative area) 
      Cumulative area ratio:  894.04
      Required ratio:    0.00 (Cumulative side area) 

    Layer: met2
      Partial area ratio:    9.93
      Required ratio:    0.00 (Gate area) 
      Partial area ratio:   50.09
      Required ratio: 3121.64 (Side area) 
      Cumulative area ratio:  167.10
      Required ratio:    0.00 (Cumulative area) 
      Cumulative area ratio:  839.63
      Required ratio:    0.00 (Cumulative side area) 

    Layer: met1
      Partial area ratio:    1.36
      Required ratio:    0.00 (Gate area) 
      Partial area ratio:    7.24
      Required ratio: 2773.88 (Side area) 
      Cumulative area ratio:    1.36
      Required ratio:    0.00 (Cumulative area) 
      Cumulative area ratio:    7.24
      Required ratio:    0.00 (Cumulative side area) 

    Layer: li1
      Partial area ratio:    0.00
      Required ratio:    0.00 (Gate area) 
      Partial area ratio:    0.00
      Required ratio:  270.62 (Side area) 
      Cumulative area ratio:    0.00
      Required ratio:    0.00 (Cumulative area) 
      Cumulative area ratio:    0.00
      Required ratio:    0.00 (Cumulative side area) 

    Via: M2M3_PR
      Partial area ratio:    0.02
      Required ratio:    6.00 (Gate area) 
      Cumulative area ratio:    0.44
      Required ratio:    0.00 (Cumulative area) 

    Via: M1M2_PR
      Partial area ratio:    0.03
      Required ratio:    6.00 (Gate area) 
      Cumulative area ratio:    0.10
      Required ratio:    0.00 (Cumulative area) 

    Via: L1M1_PR
      Partial area ratio:    0.07
      Required ratio:    3.00 (Gate area) 
      Cumulative area ratio:    0.07
      Required ratio:    0.00 (Cumulative area) 

  Pin: _34190_/A (sky130_fd_sc_hd__clkbuf_4)
    Layer: met3
      Partial area ratio:   10.13
      Required ratio:    0.00 (Gate area) 
      Partial area ratio:   54.42
      Required ratio: 4364.72 (Side area) 
      Cumulative area ratio:  175.87
      Required ratio:    0.00 (Cumulative area) 
      Cumulative area ratio:  886.80
      Required ratio:    0.00 (Cumulative side area) 

    Layer: met2
      Partial area ratio:    9.93
      Required ratio:    0.00 (Gate area) 
      Partial area ratio:   50.09
      Required ratio: 3121.64 (Side area) 
      Cumulative area ratio:  165.74
      Required ratio:    0.00 (Cumulative area) 
      Cumulative area ratio:  832.39
      Required ratio:    0.00 (Cumulative side area) 

    Layer: met1
      Partial area ratio:  155.81
      Required ratio:    0.00 (Gate area) 
      Partial area ratio:  782.29
      Required ratio:  400.00 (Side area) (VIOLATED)
      Cumulative area ratio:  155.81
      Required ratio:    0.00 (Cumulative area) 
      Cumulative area ratio:  782.29
      Required ratio:    0.00 (Cumulative side area) 

    Layer: li1
      Partial area ratio:    0.00
      Required ratio:    0.00 (Gate area) 
      Partial area ratio:    0.00
      Required ratio:   75.00 (Side area) 
      Cumulative area ratio:    0.00
      Required ratio:    0.00 (Cumulative area) 
      Cumulative area ratio:    0.00
      Required ratio:    0.00 (Cumulative side area) 

    Via: M2M3_PR
      Partial area ratio:    0.02
      Required ratio:    6.00 (Gate area) 
      Cumulative area ratio:    0.47
      Required ratio:    0.00 (Cumulative area) 

    Via: M1M2_PR
      Partial area ratio:    0.32
      Required ratio:    6.00 (Gate area) 
      Cumulative area ratio:    0.45
      Required ratio:    0.00 (Cumulative area) 

    Via: L1M1_PR
      Partial area ratio:    0.14
      Required ratio:    3.00 (Gate area) 
      Cumulative area ratio:    0.14
      Required ratio:    0.00 (Cumulative area) 

  Pin: ANTENNA__34377__A/DIODE (sky130_fd_sc_hd__diode_2)
    Layer: met4
      Partial area ratio:   21.53
      Required ratio:    0.00 (Gate area) 
      Partial area ratio:  114.97
      Required ratio: 4712.48 (Side area) 
      Cumulative area ratio:  120.50
      Required ratio:    0.00 (Cumulative area) 
      Cumulative area ratio:  644.96
      Required ratio:    0.00 (Cumulative side area) 

    Layer: met3
      Partial area ratio:   97.35
      Required ratio:    0.00 (Gate area) 
      Partial area ratio:  521.13
      Required ratio: 2947.76 (Side area) 
      Cumulative area ratio:   98.97
      Required ratio:    0.00 (Cumulative area) 
      Cumulative area ratio:  530.00
      Required ratio:    0.00 (Cumulative side area) 

    Layer: met2
      Partial area ratio:    0.24
      Required ratio:    0.00 (Gate area) 
      Partial area ratio:    1.37
      Required ratio: 2947.76 (Side area) 
      Cumulative area ratio:    1.62
      Required ratio:    0.00 (Cumulative area) 
      Cumulative area ratio:    8.87
      Required ratio:    0.00 (Cumulative side area) 

    Layer: met1
      Partial area ratio:    1.38
      Required ratio:    0.00 (Gate area) 
      Partial area ratio:    7.50
      Required ratio: 2773.88 (Side area) 
      Cumulative area ratio:    1.38
      Required ratio:    0.00 (Cumulative area) 
      Cumulative area ratio:    7.50
      Required ratio:    0.00 (Cumulative side area) 

    Layer: li1
      Partial area ratio:    0.00
      Required ratio:    0.00 (Gate area) 
      Partial area ratio:    0.00
      Required ratio:  270.62 (Side area) 
      Cumulative area ratio:    0.00
      Required ratio:    0.00 (Cumulative area) 
      Cumulative area ratio:    0.00
      Required ratio:    0.00 (Cumulative side area) 

    Via: M3M4_PR
      Partial area ratio:    0.03
      Required ratio:    6.00 (Gate area) 
      Cumulative area ratio:    0.19
      Required ratio:    0.00 (Cumulative area) 

    Via: M2M3_PR
      Partial area ratio:    0.03
      Required ratio:    6.00 (Gate area) 
      Cumulative area ratio:    0.15
      Required ratio:    0.00 (Cumulative area) 

    Via: M1M2_PR
      Partial area ratio:    0.06
      Required ratio:    6.00 (Gate area) 
      Cumulative area ratio:    0.12
      Required ratio:    0.00 (Cumulative area) 

    Via: L1M1_PR
      Partial area ratio:    0.07
      Required ratio:    3.00 (Gate area) 
      Cumulative area ratio:    0.07
      Required ratio:    0.00 (Cumulative area) 

  Pin: _34377_/A (sky130_fd_sc_hd__clkbuf_4)
    Layer: met4
      Partial area ratio:   21.53
      Required ratio:    0.00 (Gate area) 
      Partial area ratio:  114.97
      Required ratio: 4712.48 (Side area) 
      Cumulative area ratio:  120.50
      Required ratio:    0.00 (Cumulative area) 
      Cumulative area ratio:  644.96
      Required ratio:    0.00 (Cumulative side area) 

    Layer: met3
      Partial area ratio:   97.35
      Required ratio:    0.00 (Gate area) 
      Partial area ratio:  521.13
      Required ratio: 2947.76 (Side area) 
      Cumulative area ratio:   98.97
      Required ratio:    0.00 (Cumulative area) 
      Cumulative area ratio:  530.00
      Required ratio:    0.00 (Cumulative side area) 

    Layer: met2
      Partial area ratio:    0.24
      Required ratio:    0.00 (Gate area) 
      Partial area ratio:    1.37
      Required ratio: 2947.76 (Side area) 
      Cumulative area ratio:    1.62
      Required ratio:    0.00 (Cumulative area) 
      Cumulative area ratio:    8.87
      Required ratio:    0.00 (Cumulative side area) 

    Layer: met1
      Partial area ratio:    1.38
      Required ratio:    0.00 (Gate area) 
      Partial area ratio:    7.50
      Required ratio: 2773.88 (Side area) 
      Cumulative area ratio:    1.38
      Required ratio:    0.00 (Cumulative area) 
      Cumulative area ratio:    7.50
      Required ratio:    0.00 (Cumulative side area) 

    Layer: li1
      Partial area ratio:    0.00
      Required ratio:    0.00 (Gate area) 
      Partial area ratio:    0.00
      Required ratio:   75.00 (Side area) 
      Cumulative area ratio:    0.00
      Required ratio:    0.00 (Cumulative area) 
      Cumulative area ratio:    0.00
      Required ratio:    0.00 (Cumulative side area) 

    Via: M3M4_PR
      Partial area ratio:    0.03
      Required ratio:    6.00 (Gate area) 
      Cumulative area ratio:    0.26
      Required ratio:    0.00 (Cumulative area) 

    Via: M2M3_PR
      Partial area ratio:    0.03
      Required ratio:    6.00 (Gate area) 
      Cumulative area ratio:    0.22
      Required ratio:    0.00 (Cumulative area) 

    Via: M1M2_PR
      Partial area ratio:    0.06
      Required ratio:    6.00 (Gate area) 
      Cumulative area ratio:    0.19
      Required ratio:    0.00 (Cumulative area) 

    Via: L1M1_PR
      Partial area ratio:    0.14
      Required ratio:    3.00 (Gate area) 
      Cumulative area ratio:    0.14
      Required ratio:    0.00 (Cumulative area) 

  Pin: ANTENNA__34471__A/DIODE (sky130_fd_sc_hd__diode_2)
    Layer: met4
      Partial area ratio:   21.53
      Required ratio:    0.00 (Gate area) 
      Partial area ratio:  114.97
      Required ratio: 4712.48 (Side area) 
      Cumulative area ratio:  120.50
      Required ratio:    0.00 (Cumulative area) 
      Cumulative area ratio:  644.96
      Required ratio:    0.00 (Cumulative side area) 

    Layer: met3
      Partial area ratio:   97.35
      Required ratio:    0.00 (Gate area) 
      Partial area ratio:  521.13
      Required ratio: 2947.76 (Side area) 
      Cumulative area ratio:   98.97
      Required ratio:    0.00 (Cumulative area) 
      Cumulative area ratio:  530.00
      Required ratio:    0.00 (Cumulative side area) 

    Layer: met2
      Partial area ratio:    0.24
      Required ratio:    0.00 (Gate area) 
      Partial area ratio:    1.37
      Required ratio: 2947.76 (Side area) 
      Cumulative area ratio:    1.62
      Required ratio:    0.00 (Cumulative area) 
      Cumulative area ratio:    8.87
      Required ratio:    0.00 (Cumulative side area) 

    Layer: met1
      Partial area ratio:    0.00
      Required ratio:    0.00 (Gate area) 
      Partial area ratio:    0.00
      Required ratio: 2773.88 (Side area) 
      Cumulative area ratio:    0.00
      Required ratio:    0.00 (Cumulative area) 
      Cumulative area ratio:    0.00
      Required ratio:    0.00 (Cumulative side area) 

    Layer: li1
      Partial area ratio:    0.00
      Required ratio:    0.00 (Gate area) 
      Partial area ratio:    0.00
      Required ratio:  270.62 (Side area) 
      Cumulative area ratio:    0.00
      Required ratio:    0.00 (Cumulative area) 
      Cumulative area ratio:    0.00
      Required ratio:    0.00 (Cumulative side area) 

    Via: M3M4_PR
      Partial area ratio:    0.03
      Required ratio:    6.00 (Gate area) 
      Cumulative area ratio:    0.24
      Required ratio:    0.00 (Cumulative area) 

    Via: M2M3_PR
      Partial area ratio:    0.03
      Required ratio:    6.00 (Gate area) 
      Cumulative area ratio:    0.21
      Required ratio:    0.00 (Cumulative area) 

    Via: M1M2_PR
      Partial area ratio:    0.05
      Required ratio:    6.00 (Gate area) 
      Cumulative area ratio:    0.12
      Required ratio:    0.00 (Cumulative area) 

    Via: L1M1_PR
      Partial area ratio:    0.07
      Required ratio:    3.00 (Gate area) 
      Cumulative area ratio:    0.07
      Required ratio:    0.00 (Cumulative area) 

  Pin: _34471_/A (sky130_fd_sc_hd__buf_2)
    Layer: met4
      Partial area ratio:   21.53
      Required ratio:    0.00 (Gate area) 
      Partial area ratio:  114.97
      Required ratio: 4712.48 (Side area) 
      Cumulative area ratio:  120.50
      Required ratio:    0.00 (Cumulative area) 
      Cumulative area ratio:  644.96
      Required ratio:    0.00 (Cumulative side area) 

    Layer: met3
      Partial area ratio:   97.35
      Required ratio:    0.00 (Gate area) 
      Partial area ratio:  521.13
      Required ratio: 2947.76 (Side area) 
      Cumulative area ratio:   98.97
      Required ratio:    0.00 (Cumulative area) 
      Cumulative area ratio:  530.00
      Required ratio:    0.00 (Cumulative side area) 

    Layer: met2
      Partial area ratio:    0.24
      Required ratio:    0.00 (Gate area) 
      Partial area ratio:    1.37
      Required ratio: 2947.76 (Side area) 
      Cumulative area ratio:    1.62
      Required ratio:    0.00 (Cumulative area) 
      Cumulative area ratio:    8.87
      Required ratio:    0.00 (Cumulative side area) 

    Layer: met1
      Partial area ratio:    1.38
      Required ratio:    0.00 (Gate area) 
      Partial area ratio:    7.50
      Required ratio: 2773.88 (Side area) 
      Cumulative area ratio:    1.38
      Required ratio:    0.00 (Cumulative area) 
      Cumulative area ratio:    7.50
      Required ratio:    0.00 (Cumulative side area) 

    Layer: li1
      Partial area ratio:    0.00
      Required ratio:    0.00 (Gate area) 
      Partial area ratio:    0.00
      Required ratio:   75.00 (Side area) 
      Cumulative area ratio:    0.00
      Required ratio:    0.00 (Cumulative area) 
      Cumulative area ratio:    0.00
      Required ratio:    0.00 (Cumulative side area) 

    Via: M3M4_PR
      Partial area ratio:    0.03
      Required ratio:    6.00 (Gate area) 
      Cumulative area ratio:    0.30
      Required ratio:    0.00 (Cumulative area) 

    Via: M2M3_PR
      Partial area ratio:    0.03
      Required ratio:    6.00 (Gate area) 
      Cumulative area ratio:    0.27
      Required ratio:    0.00 (Cumulative area) 

    Via: M1M2_PR
      Partial area ratio:    0.06
      Required ratio:    6.00 (Gate area) 
      Cumulative area ratio:    0.24
      Required ratio:    0.00 (Cumulative area) 

    Via: L1M1_PR
      Partial area ratio:    0.18
      Required ratio:    3.00 (Gate area) 
      Cumulative area ratio:    0.18
      Required ratio:    0.00 (Cumulative area) 

  Pin: _34283_/A (sky130_fd_sc_hd__buf_4)
    Layer: met4
      Partial area ratio:   21.53
      Required ratio:    0.00 (Gate area) 
      Partial area ratio:  114.97
      Required ratio: 4712.48 (Side area) 
      Cumulative area ratio:   28.18
      Required ratio:    0.00 (Cumulative area) 
      Cumulative area ratio:  148.62
      Required ratio:    0.00 (Cumulative side area) 

    Layer: met1
      Partial area ratio:    6.64
      Required ratio:    0.00 (Gate area) 
      Partial area ratio:   33.66
      Required ratio: 2773.88 (Side area) 
      Cumulative area ratio:    6.64
      Required ratio:    0.00 (Cumulative area) 
      Cumulative area ratio:   33.66
      Required ratio:    0.00 (Cumulative side area) 

    Layer: li1
      Partial area ratio:    0.00
      Required ratio:    0.00 (Gate area) 
      Partial area ratio:    0.00
      Required ratio:   75.00 (Side area) 
      Cumulative area ratio:    0.00
      Required ratio:    0.00 (Cumulative area) 
      Cumulative area ratio:    0.00
      Required ratio:    0.00 (Cumulative side area) 

    Via: M2M3_PR
      Partial area ratio:    0.06
      Required ratio:    6.00 (Gate area) 
      Cumulative area ratio:    0.21
      Required ratio:    0.00 (Cumulative area) 

    Via: M3M4_PR
      Partial area ratio:    0.02
      Required ratio:    6.00 (Gate area) 
      Cumulative area ratio:    0.22
      Required ratio:    0.00 (Cumulative area) 

    Via: M1M2_PR
      Partial area ratio:    0.03
      Required ratio:    6.00 (Gate area) 
      Cumulative area ratio:    0.15
      Required ratio:    0.00 (Cumulative area) 

    Via: L1M1_PR
      Partial area ratio:    0.12
      Required ratio:    3.00 (Gate area) 
      Cumulative area ratio:    0.12
      Required ratio:    0.00 (Cumulative area) 

  Pin: ANTENNA__34283__A/DIODE (sky130_fd_sc_hd__diode_2)
    Layer: met4
      Partial area ratio:   21.53
      Required ratio:    0.00 (Gate area) 
      Partial area ratio:  114.97
      Required ratio: 4712.48 (Side area) 
      Cumulative area ratio:   28.18
      Required ratio:    0.00 (Cumulative area) 
      Cumulative area ratio:  148.62
      Required ratio:    0.00 (Cumulative side area) 

    Layer: met1
      Partial area ratio:    6.64
      Required ratio:    0.00 (Gate area) 
      Partial area ratio:   33.66
      Required ratio: 2773.88 (Side area) 
      Cumulative area ratio:    6.64
      Required ratio:    0.00 (Cumulative area) 
      Cumulative area ratio:   33.66
      Required ratio:    0.00 (Cumulative side area) 

    Layer: li1
      Partial area ratio:    0.00
      Required ratio:    0.00 (Gate area) 
      Partial area ratio:    0.00
      Required ratio:  270.62 (Side area) 
      Cumulative area ratio:    0.00
      Required ratio:    0.00 (Cumulative area) 
      Cumulative area ratio:    0.00
      Required ratio:    0.00 (Cumulative side area) 

    Via: M2M3_PR
      Partial area ratio:    0.06
      Required ratio:    6.00 (Gate area) 
      Cumulative area ratio:    0.16
      Required ratio:    0.00 (Cumulative area) 

    Via: M3M4_PR
      Partial area ratio:    0.02
      Required ratio:    6.00 (Gate area) 
      Cumulative area ratio:    0.17
      Required ratio:    0.00 (Cumulative area) 

    Via: M1M2_PR
      Partial area ratio:    0.03
      Required ratio:    6.00 (Gate area) 
      Cumulative area ratio:    0.10
      Required ratio:    0.00 (Cumulative area) 

    Via: L1M1_PR
      Partial area ratio:    0.07
      Required ratio:    3.00 (Gate area) 
      Cumulative area ratio:    0.07
      Required ratio:    0.00 (Cumulative area) 


Net: _13851_
  Pin: ANTENNA__35172__A/DIODE (sky130_fd_sc_hd__diode_2)
    Layer: met2
      Partial area ratio:    6.94
      Required ratio:    0.00 (Gate area) 
      Partial area ratio:   34.96
      Required ratio: 3999.68 (Side area) 
      Cumulative area ratio:  105.86
      Required ratio:    0.00 (Cumulative area) 
      Cumulative area ratio:  536.55
      Required ratio:    0.00 (Cumulative side area) 

    Layer: met1
      Partial area ratio:   16.32
      Required ratio:    0.00 (Gate area) 
      Partial area ratio:   82.40
      Required ratio: 2773.88 (Side area) 
      Cumulative area ratio:   16.32
      Required ratio:    0.00 (Cumulative area) 
      Cumulative area ratio:   82.40
      Required ratio:    0.00 (Cumulative side area) 

    Layer: li1
      Partial area ratio:    0.00
      Required ratio:    0.00 (Gate area) 
      Partial area ratio:    0.00
      Required ratio:  270.62 (Side area) 
      Cumulative area ratio:    0.00
      Required ratio:    0.00 (Cumulative area) 
      Cumulative area ratio:    0.00
      Required ratio:    0.00 (Cumulative side area) 

    Via: M1M2_PR
      Partial area ratio:    0.07
      Required ratio:    6.00 (Gate area) 
      Cumulative area ratio:    0.14
      Required ratio:    0.00 (Cumulative area) 

    Via: L1M1_PR
      Partial area ratio:    0.07
      Required ratio:    3.00 (Gate area) 
      Cumulative area ratio:    0.07
      Required ratio:    0.00 (Cumulative area) 

  Pin: _35172_/A (sky130_fd_sc_hd__buf_1)
    Layer: met2
      Partial area ratio:    6.94
      Required ratio:    0.00 (Gate area) 
      Partial area ratio:   34.96
      Required ratio: 3999.68 (Side area) 
      Cumulative area ratio:  105.86
      Required ratio:    0.00 (Cumulative area) 
      Cumulative area ratio:  536.55
      Required ratio:    0.00 (Cumulative side area) 

    Layer: met1
      Partial area ratio:   16.32
      Required ratio:    0.00 (Gate area) 
      Partial area ratio:   82.40
      Required ratio: 2773.88 (Side area) 
      Cumulative area ratio:   16.32
      Required ratio:    0.00 (Cumulative area) 
      Cumulative area ratio:   82.40
      Required ratio:    0.00 (Cumulative side area) 

    Layer: li1
      Partial area ratio:    0.00
      Required ratio:    0.00 (Gate area) 
      Partial area ratio:    0.00
      Required ratio:   75.00 (Side area) 
      Cumulative area ratio:    0.00
      Required ratio:    0.00 (Cumulative area) 
      Cumulative area ratio:    0.00
      Required ratio:    0.00 (Cumulative side area) 

    Via: M1M2_PR
      Partial area ratio:    0.07
      Required ratio:    6.00 (Gate area) 
      Cumulative area ratio:    0.22
      Required ratio:    0.00 (Cumulative area) 

    Via: L1M1_PR
      Partial area ratio:    0.15
      Required ratio:    3.00 (Gate area) 
      Cumulative area ratio:    0.15
      Required ratio:    0.00 (Cumulative area) 

  Pin: _35156_/A (sky130_fd_sc_hd__buf_1)
    Layer: met2
      Partial area ratio:    6.94
      Required ratio:    0.00 (Gate area) 
      Partial area ratio:   34.96
      Required ratio: 3999.68 (Side area) 
      Cumulative area ratio:  106.87
      Required ratio:    0.00 (Cumulative area) 
      Cumulative area ratio:  542.07
      Required ratio:    0.00 (Cumulative side area) 

    Layer: met1
      Partial area ratio:    1.01
      Required ratio:    0.00 (Gate area) 
      Partial area ratio:    5.52
      Required ratio: 2773.88 (Side area) 
      Cumulative area ratio:    1.01
      Required ratio:    0.00 (Cumulative area) 
      Cumulative area ratio:    5.52
      Required ratio:    0.00 (Cumulative side area) 

    Layer: li1
      Partial area ratio:    0.00
      Required ratio:    0.00 (Gate area) 
      Partial area ratio:    0.00
      Required ratio:   75.00 (Side area) 
      Cumulative area ratio:    0.00
      Required ratio:    0.00 (Cumulative area) 
      Cumulative area ratio:    0.00
      Required ratio:    0.00 (Cumulative side area) 

    Via: M1M2_PR
      Partial area ratio:    0.07
      Required ratio:    6.00 (Gate area) 
      Cumulative area ratio:    0.22
      Required ratio:    0.00 (Cumulative area) 

    Via: L1M1_PR
      Partial area ratio:    0.15
      Required ratio:    3.00 (Gate area) 
      Cumulative area ratio:    0.15
      Required ratio:    0.00 (Cumulative area) 

  Pin: _35141_/A (sky130_fd_sc_hd__dlymetal6s2s_1)
    Layer: met2
      Partial area ratio:    6.94
      Required ratio:    0.00 (Gate area) 
      Partial area ratio:   34.96
      Required ratio: 3999.68 (Side area) 
      Cumulative area ratio:  107.54
      Required ratio:    0.00 (Cumulative area) 
      Cumulative area ratio:  546.18
      Required ratio:    0.00 (Cumulative side area) 

    Layer: met1
      Partial area ratio:    0.67
      Required ratio:    0.00 (Gate area) 
      Partial area ratio:    4.11
      Required ratio:  400.00 (Side area) 
      Cumulative area ratio:    0.67
      Required ratio:    0.00 (Cumulative area) 
      Cumulative area ratio:    4.11
      Required ratio:    0.00 (Cumulative side area) 

    Layer: li1
      Partial area ratio:    0.00
      Required ratio:    0.00 (Gate area) 
      Partial area ratio:    0.00
      Required ratio:   75.00 (Side area) 
      Cumulative area ratio:    0.00
      Required ratio:    0.00 (Cumulative area) 
      Cumulative area ratio:    0.00
      Required ratio:    0.00 (Cumulative side area) 

    Via: M1M2_PR
      Partial area ratio:    0.18
      Required ratio:    6.00 (Gate area) 
      Cumulative area ratio:    0.41
      Required ratio:    0.00 (Cumulative area) 

    Via: L1M1_PR
      Partial area ratio:    0.23
      Required ratio:    3.00 (Gate area) 
      Cumulative area ratio:    0.23
      Required ratio:    0.00 (Cumulative area) 

  Pin: ANTENNA__35141__A/DIODE (sky130_fd_sc_hd__diode_2)
    Layer: met2
      Partial area ratio:    6.94
      Required ratio:    0.00 (Gate area) 
      Partial area ratio:   34.96
      Required ratio: 3999.68 (Side area) 
      Cumulative area ratio:  108.59
      Required ratio:    0.00 (Cumulative area) 
      Cumulative area ratio:  551.12
      Required ratio:    0.00 (Cumulative side area) 

    Layer: met1
      Partial area ratio:    1.72
      Required ratio:    0.00 (Gate area) 
      Partial area ratio:    9.05
      Required ratio: 2773.88 (Side area) 
      Cumulative area ratio:    1.72
      Required ratio:    0.00 (Cumulative area) 
      Cumulative area ratio:    9.05
      Required ratio:    0.00 (Cumulative side area) 

    Layer: li1
      Partial area ratio:    0.00
      Required ratio:    0.00 (Gate area) 
      Partial area ratio:    0.00
      Required ratio:  270.62 (Side area) 
      Cumulative area ratio:    0.00
      Required ratio:    0.00 (Cumulative area) 
      Cumulative area ratio:    0.00
      Required ratio:    0.00 (Cumulative side area) 

    Via: M1M2_PR
      Partial area ratio:    0.10
      Required ratio:    6.00 (Gate area) 
      Cumulative area ratio:    0.17
      Required ratio:    0.00 (Cumulative area) 

    Via: L1M1_PR
      Partial area ratio:    0.07
      Required ratio:    3.00 (Gate area) 
      Cumulative area ratio:    0.07
      Required ratio:    0.00 (Cumulative area) 

  Pin: ANTENNA__35126__A/DIODE (sky130_fd_sc_hd__diode_2)
    Layer: met2
      Partial area ratio:    6.94
      Required ratio:    0.00 (Gate area) 
      Partial area ratio:   34.96
      Required ratio: 3999.68 (Side area) 
      Cumulative area ratio:  109.03
      Required ratio:    0.00 (Cumulative area) 
      Cumulative area ratio:  553.47
      Required ratio:    0.00 (Cumulative side area) 

    Layer: met1
      Partial area ratio:    0.44
      Required ratio:    0.00 (Gate area) 
      Partial area ratio:    2.35
      Required ratio: 2773.88 (Side area) 
      Cumulative area ratio:    0.44
      Required ratio:    0.00 (Cumulative area) 
      Cumulative area ratio:    2.35
      Required ratio:    0.00 (Cumulative side area) 

    Layer: li1
      Partial area ratio:    0.00
      Required ratio:    0.00 (Gate area) 
      Partial area ratio:    0.00
      Required ratio:  270.62 (Side area) 
      Cumulative area ratio:    0.00
      Required ratio:    0.00 (Cumulative area) 
      Cumulative area ratio:    0.00
      Required ratio:    0.00 (Cumulative side area) 

    Via: M1M2_PR
      Partial area ratio:    0.04
      Required ratio:    6.00 (Gate area) 
      Cumulative area ratio:    0.10
      Required ratio:    0.00 (Cumulative area) 

    Via: L1M1_PR
      Partial area ratio:    0.07
      Required ratio:    3.00 (Gate area) 
      Cumulative area ratio:    0.07
      Required ratio:    0.00 (Cumulative area) 

  Pin: _35126_/A (sky130_fd_sc_hd__buf_1)
    Layer: met2
      Partial area ratio:    6.94
      Required ratio:    0.00 (Gate area) 
      Partial area ratio:   34.96
      Required ratio: 3999.68 (Side area) 
      Cumulative area ratio:  109.03
      Required ratio:    0.00 (Cumulative area) 
      Cumulative area ratio:  553.47
      Required ratio:    0.00 (Cumulative side area) 

    Layer: met1
      Partial area ratio:    0.44
      Required ratio:    0.00 (Gate area) 
      Partial area ratio:    2.35
      Required ratio: 2773.88 (Side area) 
      Cumulative area ratio:    0.44
      Required ratio:    0.00 (Cumulative area) 
      Cumulative area ratio:    2.35
      Required ratio:    0.00 (Cumulative side area) 

    Layer: li1
      Partial area ratio:    0.00
      Required ratio:    0.00 (Gate area) 
      Partial area ratio:    0.00
      Required ratio:   75.00 (Side area) 
      Cumulative area ratio:    0.00
      Required ratio:    0.00 (Cumulative area) 
      Cumulative area ratio:    0.00
      Required ratio:    0.00 (Cumulative side area) 

    Via: M1M2_PR
      Partial area ratio:    0.04
      Required ratio:    6.00 (Gate area) 
      Cumulative area ratio:    0.18
      Required ratio:    0.00 (Cumulative area) 

    Via: L1M1_PR
      Partial area ratio:    0.15
      Required ratio:    3.00 (Gate area) 
      Cumulative area ratio:    0.15
      Required ratio:    0.00 (Cumulative area) 

  Pin: ANTENNA__35156__A/DIODE (sky130_fd_sc_hd__diode_2)
    Layer: met2
      Partial area ratio:    6.94
      Required ratio:    0.00 (Gate area) 
      Partial area ratio:   34.96
      Required ratio: 3999.68 (Side area) 
      Cumulative area ratio:  106.87
      Required ratio:    0.00 (Cumulative area) 
      Cumulative area ratio:  542.07
      Required ratio:    0.00 (Cumulative side area) 

    Layer: met1
      Partial area ratio:    1.01
      Required ratio:    0.00 (Gate area) 
      Partial area ratio:    5.52
      Required ratio: 2773.88 (Side area) 
      Cumulative area ratio:    1.01
      Required ratio:    0.00 (Cumulative area) 
      Cumulative area ratio:    5.52
      Required ratio:    0.00 (Cumulative side area) 

    Layer: li1
      Partial area ratio:    0.00
      Required ratio:    0.00 (Gate area) 
      Partial area ratio:    0.00
      Required ratio:  270.62 (Side area) 
      Cumulative area ratio:    0.00
      Required ratio:    0.00 (Cumulative area) 
      Cumulative area ratio:    0.00
      Required ratio:    0.00 (Cumulative side area) 

    Via: M1M2_PR
      Partial area ratio:    0.07
      Required ratio:    6.00 (Gate area) 
      Cumulative area ratio:    0.14
      Required ratio:    0.00 (Cumulative area) 

    Via: L1M1_PR
      Partial area ratio:    0.07
      Required ratio:    3.00 (Gate area) 
      Cumulative area ratio:    0.07
      Required ratio:    0.00 (Cumulative area) 

  Pin: ANTENNA__35188__A/DIODE (sky130_fd_sc_hd__diode_2)
    Layer: met2
      Partial area ratio:    6.94
      Required ratio:    0.00 (Gate area) 
      Partial area ratio:   34.96
      Required ratio: 3999.68 (Side area) 
      Cumulative area ratio:   89.54
      Required ratio:    0.00 (Cumulative area) 
      Cumulative area ratio:  454.15
      Required ratio:    0.00 (Cumulative side area) 

    Layer: met1
      Partial area ratio:    2.38
      Required ratio:    0.00 (Gate area) 
      Partial area ratio:   12.58
      Required ratio: 2773.88 (Side area) 
      Cumulative area ratio:    2.38
      Required ratio:    0.00 (Cumulative area) 
      Cumulative area ratio:   12.58
      Required ratio:    0.00 (Cumulative side area) 

    Layer: li1
      Partial area ratio:    0.00
      Required ratio:    0.00 (Gate area) 
      Partial area ratio:    0.00
      Required ratio:  270.62 (Side area) 
      Cumulative area ratio:    0.00
      Required ratio:    0.00 (Cumulative area) 
      Cumulative area ratio:    0.00
      Required ratio:    0.00 (Cumulative side area) 

    Via: M1M2_PR
      Partial area ratio:    0.08
      Required ratio:    6.00 (Gate area) 
      Cumulative area ratio:    0.15
      Required ratio:    0.00 (Cumulative area) 

    Via: L1M1_PR
      Partial area ratio:    0.07
      Required ratio:    3.00 (Gate area) 
      Cumulative area ratio:    0.07
      Required ratio:    0.00 (Cumulative area) 

  Pin: _35188_/A (sky130_fd_sc_hd__dlymetal6s2s_1)
    Layer: met2
      Partial area ratio:    6.94
      Required ratio:    0.00 (Gate area) 
      Partial area ratio:   34.96
      Required ratio: 3999.68 (Side area) 
      Cumulative area ratio:   89.54
      Required ratio:    0.00 (Cumulative area) 
      Cumulative area ratio:  454.15
      Required ratio:    0.00 (Cumulative side area) 

    Layer: met1
      Partial area ratio:    2.38
      Required ratio:    0.00 (Gate area) 
      Partial area ratio:   12.58
      Required ratio: 2773.88 (Side area) 
      Cumulative area ratio:    2.38
      Required ratio:    0.00 (Cumulative area) 
      Cumulative area ratio:   12.58
      Required ratio:    0.00 (Cumulative side area) 

    Layer: li1
      Partial area ratio:    0.00
      Required ratio:    0.00 (Gate area) 
      Partial area ratio:    0.00
      Required ratio:   75.00 (Side area) 
      Cumulative area ratio:    0.00
      Required ratio:    0.00 (Cumulative area) 
      Cumulative area ratio:    0.00
      Required ratio:    0.00 (Cumulative side area) 

    Via: M1M2_PR
      Partial area ratio:    0.08
      Required ratio:    6.00 (Gate area) 
      Cumulative area ratio:    0.31
      Required ratio:    0.00 (Cumulative area) 

    Via: L1M1_PR
      Partial area ratio:    0.23
      Required ratio:    3.00 (Gate area) 
      Cumulative area ratio:    0.23
      Required ratio:    0.00 (Cumulative area) 

  Pin: ANTENNA__35203__A/DIODE (sky130_fd_sc_hd__diode_2)
    Layer: met2
      Partial area ratio:    6.94
      Required ratio:    0.00 (Gate area) 
      Partial area ratio:   34.96
      Required ratio: 3999.68 (Side area) 
      Cumulative area ratio:   87.50
      Required ratio:    0.00 (Cumulative area) 
      Cumulative area ratio:  443.50
      Required ratio:    0.00 (Cumulative side area) 

    Layer: met1
      Partial area ratio:    0.34
      Required ratio:    0.00 (Gate area) 
      Partial area ratio:    1.93
      Required ratio: 2773.88 (Side area) 
      Cumulative area ratio:    0.34
      Required ratio:    0.00 (Cumulative area) 
      Cumulative area ratio:    1.93
      Required ratio:    0.00 (Cumulative side area) 

    Layer: li1
      Partial area ratio:    0.00
      Required ratio:    0.00 (Gate area) 
      Partial area ratio:    0.00
      Required ratio:  270.62 (Side area) 
      Cumulative area ratio:    0.00
      Required ratio:    0.00 (Cumulative area) 
      Cumulative area ratio:    0.00
      Required ratio:    0.00 (Cumulative side area) 

    Via: M1M2_PR
      Partial area ratio:    0.05
      Required ratio:    6.00 (Gate area) 
      Cumulative area ratio:    0.12
      Required ratio:    0.00 (Cumulative area) 

    Via: L1M1_PR
      Partial area ratio:    0.07
      Required ratio:    3.00 (Gate area) 
      Cumulative area ratio:    0.07
      Required ratio:    0.00 (Cumulative area) 

  Pin: _35203_/A (sky130_fd_sc_hd__buf_1)
    Layer: met2
      Partial area ratio:    6.94
      Required ratio:    0.00 (Gate area) 
      Partial area ratio:   34.96
      Required ratio: 3999.68 (Side area) 
      Cumulative area ratio:   87.16
      Required ratio:    0.00 (Cumulative area) 
      Cumulative area ratio:  441.57
      Required ratio:    0.00 (Cumulative side area) 

    Layer: met1
      Partial area ratio:   80.22
      Required ratio:    0.00 (Gate area) 
      Partial area ratio:  406.61
      Required ratio:  400.00 (Side area) (VIOLATED)
      Cumulative area ratio:   80.22
      Required ratio:    0.00 (Cumulative area) 
      Cumulative area ratio:  406.61
      Required ratio:    0.00 (Cumulative side area) 

    Layer: li1
      Partial area ratio:    0.00
      Required ratio:    0.00 (Gate area) 
      Partial area ratio:    0.00
      Required ratio:   75.00 (Side area) 
      Cumulative area ratio:    0.00
      Required ratio:    0.00 (Cumulative area) 
      Cumulative area ratio:    0.00
      Required ratio:    0.00 (Cumulative side area) 

    Via: M1M2_PR
      Partial area ratio:    0.23
      Required ratio:    6.00 (Gate area) 
      Cumulative area ratio:    0.38
      Required ratio:    0.00 (Cumulative area) 

    Via: L1M1_PR
      Partial area ratio:    0.15
      Required ratio:    3.00 (Gate area) 
      Cumulative area ratio:    0.15
      Required ratio:    0.00 (Cumulative area) 


Net: _14380_
  Pin: _35799_/A (sky130_fd_sc_hd__buf_2)
    Layer: met2
      Partial area ratio:    7.06
      Required ratio:    0.00 (Gate area) 
      Partial area ratio:   35.66
      Required ratio: 3999.68 (Side area) 
      Cumulative area ratio:   19.39
      Required ratio:    0.00 (Cumulative area) 
      Cumulative area ratio:   99.46
      Required ratio:    0.00 (Cumulative side area) 

    Layer: met1
      Partial area ratio:    0.97
      Required ratio:    0.00 (Gate area) 
      Partial area ratio:    5.33
      Required ratio: 2773.88 (Side area) 
      Cumulative area ratio:    0.97
      Required ratio:    0.00 (Cumulative area) 
      Cumulative area ratio:    5.33
      Required ratio:    0.00 (Cumulative side area) 

    Layer: li1
      Partial area ratio:    0.00
      Required ratio:    0.00 (Gate area) 
      Partial area ratio:    0.00
      Required ratio:   75.00 (Side area) 
      Cumulative area ratio:    0.00
      Required ratio:    0.00 (Cumulative area) 
      Cumulative area ratio:    0.00
      Required ratio:    0.00 (Cumulative side area) 

    Via: M1M2_PR
      Partial area ratio:    0.08
      Required ratio:    6.00 (Gate area) 
      Cumulative area ratio:    0.26
      Required ratio:    0.00 (Cumulative area) 

    Via: L1M1_PR
      Partial area ratio:    0.18
      Required ratio:    3.00 (Gate area) 
      Cumulative area ratio:    0.18
      Required ratio:    0.00 (Cumulative area) 

  Pin: _36017_/A (sky130_fd_sc_hd__clkbuf_2)
    Layer: met2
      Partial area ratio:    7.06
      Required ratio:    0.00 (Gate area) 
      Partial area ratio:   35.66
      Required ratio: 3999.68 (Side area) 
      Cumulative area ratio:   20.69
      Required ratio:    0.00 (Cumulative area) 
      Cumulative area ratio:  106.43
      Required ratio:    0.00 (Cumulative side area) 

    Layer: met1
      Partial area ratio:    1.30
      Required ratio:    0.00 (Gate area) 
      Partial area ratio:    6.97
      Required ratio:  400.00 (Side area) 
      Cumulative area ratio:    1.30
      Required ratio:    0.00 (Cumulative area) 
      Cumulative area ratio:    6.97
      Required ratio:    0.00 (Cumulative side area) 

    Layer: li1
      Partial area ratio:    0.00
      Required ratio:    0.00 (Gate area) 
      Partial area ratio:    0.00
      Required ratio:   75.00 (Side area) 
      Cumulative area ratio:    0.00
      Required ratio:    0.00 (Cumulative area) 
      Cumulative area ratio:    0.00
      Required ratio:    0.00 (Cumulative side area) 

    Via: M1M2_PR
      Partial area ratio:    0.11
      Required ratio:    6.00 (Gate area) 
      Cumulative area ratio:    0.24
      Required ratio:    0.00 (Cumulative area) 

    Via: L1M1_PR
      Partial area ratio:    0.14
      Required ratio:    3.00 (Gate area) 
      Cumulative area ratio:    0.14
      Required ratio:    0.00 (Cumulative area) 

  Pin: ANTENNA__36017__A/DIODE (sky130_fd_sc_hd__diode_2)
    Layer: met2
      Partial area ratio:    7.06
      Required ratio:    0.00 (Gate area) 
      Partial area ratio:   35.66
      Required ratio: 3999.68 (Side area) 
      Cumulative area ratio:   24.18
      Required ratio:    0.00 (Cumulative area) 
      Cumulative area ratio:  123.62
      Required ratio:    0.00 (Cumulative side area) 

    Layer: met1
      Partial area ratio:    4.79
      Required ratio:    0.00 (Gate area) 
      Partial area ratio:   24.15
      Required ratio: 2773.88 (Side area) 
      Cumulative area ratio:    4.79
      Required ratio:    0.00 (Cumulative area) 
      Cumulative area ratio:   24.15
      Required ratio:    0.00 (Cumulative side area) 

    Layer: li1
      Partial area ratio:    0.00
      Required ratio:    0.00 (Gate area) 
      Partial area ratio:    0.00
      Required ratio:  270.62 (Side area) 
      Cumulative area ratio:    0.00
      Required ratio:    0.00 (Cumulative area) 
      Cumulative area ratio:    0.00
      Required ratio:    0.00 (Cumulative side area) 

    Via: M1M2_PR
      Partial area ratio:    0.10
      Required ratio:    6.00 (Gate area) 
      Cumulative area ratio:    0.17
      Required ratio:    0.00 (Cumulative area) 

    Via: L1M1_PR
      Partial area ratio:    0.07
      Required ratio:    3.00 (Gate area) 
      Cumulative area ratio:    0.07
      Required ratio:    0.00 (Cumulative area) 

  Pin: ANTENNA__36056__A/DIODE (sky130_fd_sc_hd__diode_2)
    Layer: met2
      Partial area ratio:    7.06
      Required ratio:    0.00 (Gate area) 
      Partial area ratio:   35.66
      Required ratio: 3999.68 (Side area) 
      Cumulative area ratio:  197.35
      Required ratio:    0.00 (Cumulative area) 
      Cumulative area ratio:  999.65
      Required ratio:    0.00 (Cumulative side area) 

    Layer: met1
      Partial area ratio:    0.63
      Required ratio:    0.00 (Gate area) 
      Partial area ratio:    3.46
      Required ratio: 2773.88 (Side area) 
      Cumulative area ratio:    0.63
      Required ratio:    0.00 (Cumulative area) 
      Cumulative area ratio:    3.46
      Required ratio:    0.00 (Cumulative side area) 

    Layer: li1
      Partial area ratio:    0.00
      Required ratio:    0.00 (Gate area) 
      Partial area ratio:    0.00
      Required ratio:  270.62 (Side area) 
      Cumulative area ratio:    0.00
      Required ratio:    0.00 (Cumulative area) 
      Cumulative area ratio:    0.00
      Required ratio:    0.00 (Cumulative side area) 

    Via: M1M2_PR
      Partial area ratio:    0.03
      Required ratio:    6.00 (Gate area) 
      Cumulative area ratio:    0.10
      Required ratio:    0.00 (Cumulative area) 

    Via: L1M1_PR
      Partial area ratio:    0.07
      Required ratio:    3.00 (Gate area) 
      Cumulative area ratio:    0.07
      Required ratio:    0.00 (Cumulative area) 

  Pin: _36056_/A (sky130_fd_sc_hd__clkbuf_2)
    Layer: met2
      Partial area ratio:    7.06
      Required ratio:    0.00 (Gate area) 
      Partial area ratio:   35.66
      Required ratio: 3999.68 (Side area) 
      Cumulative area ratio:  197.35
      Required ratio:    0.00 (Cumulative area) 
      Cumulative area ratio:  999.65
      Required ratio:    0.00 (Cumulative side area) 

    Layer: met1
      Partial area ratio:    0.63
      Required ratio:    0.00 (Gate area) 
      Partial area ratio:    3.46
      Required ratio: 2773.88 (Side area) 
      Cumulative area ratio:    0.63
      Required ratio:    0.00 (Cumulative area) 
      Cumulative area ratio:    3.46
      Required ratio:    0.00 (Cumulative side area) 

    Layer: li1
      Partial area ratio:    0.00
      Required ratio:    0.00 (Gate area) 
      Partial area ratio:    0.00
      Required ratio:   75.00 (Side area) 
      Cumulative area ratio:    0.00
      Required ratio:    0.00 (Cumulative area) 
      Cumulative area ratio:    0.00
      Required ratio:    0.00 (Cumulative side area) 

    Via: M1M2_PR
      Partial area ratio:    0.03
      Required ratio:    6.00 (Gate area) 
      Cumulative area ratio:    0.17
      Required ratio:    0.00 (Cumulative area) 

    Via: L1M1_PR
      Partial area ratio:    0.14
      Required ratio:    3.00 (Gate area) 
      Cumulative area ratio:    0.14
      Required ratio:    0.00 (Cumulative area) 

  Pin: ANTENNA__36096__A/DIODE (sky130_fd_sc_hd__diode_2)
    Layer: met2
      Partial area ratio:    7.06
      Required ratio:    0.00 (Gate area) 
      Partial area ratio:   35.66
      Required ratio: 3999.68 (Side area) 
      Cumulative area ratio:  196.91
      Required ratio:    0.00 (Cumulative area) 
      Cumulative area ratio:  997.39
      Required ratio:    0.00 (Cumulative side area) 

    Layer: met1
      Partial area ratio:    0.19
      Required ratio:    0.00 (Gate area) 
      Partial area ratio:    1.19
      Required ratio: 2773.88 (Side area) 
      Cumulative area ratio:    0.19
      Required ratio:    0.00 (Cumulative area) 
      Cumulative area ratio:    1.19
      Required ratio:    0.00 (Cumulative side area) 

    Layer: li1
      Partial area ratio:    0.00
      Required ratio:    0.00 (Gate area) 
      Partial area ratio:    0.00
      Required ratio:  270.62 (Side area) 
      Cumulative area ratio:    0.00
      Required ratio:    0.00 (Cumulative area) 
      Cumulative area ratio:    0.00
      Required ratio:    0.00 (Cumulative side area) 

    Via: M1M2_PR
      Partial area ratio:    0.05
      Required ratio:    6.00 (Gate area) 
      Cumulative area ratio:    0.12
      Required ratio:    0.00 (Cumulative area) 

    Via: L1M1_PR
      Partial area ratio:    0.07
      Required ratio:    3.00 (Gate area) 
      Cumulative area ratio:    0.07
      Required ratio:    0.00 (Cumulative area) 

  Pin: _36096_/A (sky130_fd_sc_hd__buf_2)
    Layer: met2
      Partial area ratio:    7.06
      Required ratio:    0.00 (Gate area) 
      Partial area ratio:   35.66
      Required ratio: 3999.68 (Side area) 
      Cumulative area ratio:  196.72
      Required ratio:    0.00 (Cumulative area) 
      Cumulative area ratio:  996.19
      Required ratio:    0.00 (Cumulative side area) 

    Layer: met1
      Partial area ratio:  172.54
      Required ratio:    0.00 (Gate area) 
      Partial area ratio:  872.58
      Required ratio:  400.00 (Side area) (VIOLATED)
      Cumulative area ratio:  172.54
      Required ratio:    0.00 (Cumulative area) 
      Cumulative area ratio:  872.58
      Required ratio:    0.00 (Cumulative side area) 

    Layer: li1
      Partial area ratio:    0.00
      Required ratio:    0.00 (Gate area) 
      Partial area ratio:    0.00
      Required ratio:   75.00 (Side area) 
      Cumulative area ratio:    0.00
      Required ratio:    0.00 (Cumulative area) 
      Cumulative area ratio:    0.00
      Required ratio:    0.00 (Cumulative side area) 

    Via: M1M2_PR
      Partial area ratio:    0.57
      Required ratio:    6.00 (Gate area) 
      Cumulative area ratio:    0.75
      Required ratio:    0.00 (Cumulative area) 

    Via: L1M1_PR
      Partial area ratio:    0.18
      Required ratio:    3.00 (Gate area) 
      Cumulative area ratio:    0.18
      Required ratio:    0.00 (Cumulative area) 

  Pin: _36313_/A (sky130_fd_sc_hd__buf_2)
    Layer: met2
      Partial area ratio:    7.06
      Required ratio:    0.00 (Gate area) 
      Partial area ratio:   35.66
      Required ratio: 3999.68 (Side area) 
      Cumulative area ratio:  196.72
      Required ratio:    0.00 (Cumulative area) 
      Cumulative area ratio:  996.19
      Required ratio:    0.00 (Cumulative side area) 

    Layer: met1
      Partial area ratio:    0.00
      Required ratio:    0.00 (Gate area) 
      Partial area ratio:    0.00
      Required ratio:  400.00 (Side area) 
      Cumulative area ratio:    0.00
      Required ratio:    0.00 (Cumulative area) 
      Cumulative area ratio:    0.00
      Required ratio:    0.00 (Cumulative side area) 

    Layer: li1
      Partial area ratio:    0.00
      Required ratio:    0.00 (Gate area) 
      Partial area ratio:    0.00
      Required ratio:   75.00 (Side area) 
      Cumulative area ratio:    0.00
      Required ratio:    0.00 (Cumulative area) 
      Cumulative area ratio:    0.00
      Required ratio:    0.00 (Cumulative side area) 

    Via: M1M2_PR
      Partial area ratio:    0.14
      Required ratio:    6.00 (Gate area) 
      Cumulative area ratio:    0.32
      Required ratio:    0.00 (Cumulative area) 

    Via: L1M1_PR
      Partial area ratio:    0.18
      Required ratio:    3.00 (Gate area) 
      Cumulative area ratio:    0.18
      Required ratio:    0.00 (Cumulative area) 

  Pin: ANTENNA__36313__A/DIODE (sky130_fd_sc_hd__diode_2)
    Layer: met2
      Partial area ratio:    7.06
      Required ratio:    0.00 (Gate area) 
      Partial area ratio:   35.66
      Required ratio: 3999.68 (Side area) 
      Cumulative area ratio:  196.72
      Required ratio:    0.00 (Cumulative area) 
      Cumulative area ratio:  996.19
      Required ratio:    0.00 (Cumulative side area) 

    Layer: met1
      Partial area ratio:    0.00
      Required ratio:    0.00 (Gate area) 
      Partial area ratio:    0.00
      Required ratio: 2773.88 (Side area) 
      Cumulative area ratio:    0.00
      Required ratio:    0.00 (Cumulative area) 
      Cumulative area ratio:    0.00
      Required ratio:    0.00 (Cumulative side area) 

    Layer: li1
      Partial area ratio:    0.00
      Required ratio:    0.00 (Gate area) 
      Partial area ratio:    0.00
      Required ratio:  270.62 (Side area) 
      Cumulative area ratio:    0.00
      Required ratio:    0.00 (Cumulative area) 
      Cumulative area ratio:    0.00
      Required ratio:    0.00 (Cumulative side area) 

    Via: M1M2_PR
      Partial area ratio:    0.05
      Required ratio:    6.00 (Gate area) 
      Cumulative area ratio:    0.12
      Required ratio:    0.00 (Cumulative area) 

    Via: L1M1_PR
      Partial area ratio:    0.07
      Required ratio:    3.00 (Gate area) 
      Cumulative area ratio:    0.07
      Required ratio:    0.00 (Cumulative area) 

  Pin: ANTENNA__35799__A/DIODE (sky130_fd_sc_hd__diode_2)
    Layer: met2
      Partial area ratio:    7.06
      Required ratio:    0.00 (Gate area) 
      Partial area ratio:   35.66
      Required ratio: 3999.68 (Side area) 
      Cumulative area ratio:   19.39
      Required ratio:    0.00 (Cumulative area) 
      Cumulative area ratio:   99.46
      Required ratio:    0.00 (Cumulative side area) 

    Layer: met1
      Partial area ratio:    0.97
      Required ratio:    0.00 (Gate area) 
      Partial area ratio:    5.33
      Required ratio: 2773.88 (Side area) 
      Cumulative area ratio:    0.97
      Required ratio:    0.00 (Cumulative area) 
      Cumulative area ratio:    5.33
      Required ratio:    0.00 (Cumulative side area) 

    Layer: li1
      Partial area ratio:    0.00
      Required ratio:    0.00 (Gate area) 
      Partial area ratio:    0.00
      Required ratio:  270.62 (Side area) 
      Cumulative area ratio:    0.00
      Required ratio:    0.00 (Cumulative area) 
      Cumulative area ratio:    0.00
      Required ratio:    0.00 (Cumulative side area) 

    Via: M1M2_PR
      Partial area ratio:    0.08
      Required ratio:    6.00 (Gate area) 
      Cumulative area ratio:    0.14
      Required ratio:    0.00 (Cumulative area) 

    Via: L1M1_PR
      Partial area ratio:    0.07
      Required ratio:    3.00 (Gate area) 
      Cumulative area ratio:    0.07
      Required ratio:    0.00 (Cumulative area) 

  Pin: _35760_/A (sky130_fd_sc_hd__clkbuf_2)
    Layer: met2
      Partial area ratio:    7.06
      Required ratio:    0.00 (Gate area) 
      Partial area ratio:   35.66
      Required ratio: 3999.68 (Side area) 
      Cumulative area ratio:   18.43
      Required ratio:    0.00 (Cumulative area) 
      Cumulative area ratio:   94.13
      Required ratio:    0.00 (Cumulative side area) 

    Layer: met1
      Partial area ratio:   11.36
      Required ratio:    0.00 (Gate area) 
      Partial area ratio:   58.47
      Required ratio: 2773.88 (Side area) 
      Cumulative area ratio:   11.36
      Required ratio:    0.00 (Cumulative area) 
      Cumulative area ratio:   58.47
      Required ratio:    0.00 (Cumulative side area) 

    Layer: li1
      Partial area ratio:    0.00
      Required ratio:    0.00 (Gate area) 
      Partial area ratio:    0.00
      Required ratio:   75.00 (Side area) 
      Cumulative area ratio:    0.00
      Required ratio:    0.00 (Cumulative area) 
      Cumulative area ratio:    0.00
      Required ratio:    0.00 (Cumulative side area) 

    Via: M1M2_PR
      Partial area ratio:    0.07
      Required ratio:    6.00 (Gate area) 
      Cumulative area ratio:    0.21
      Required ratio:    0.00 (Cumulative area) 

    Via: L1M1_PR
      Partial area ratio:    0.14
      Required ratio:    3.00 (Gate area) 
      Cumulative area ratio:    0.14
      Required ratio:    0.00 (Cumulative area) 

  Pin: ANTENNA__35760__A/DIODE (sky130_fd_sc_hd__diode_2)
    Layer: met2
      Partial area ratio:    7.06
      Required ratio:    0.00 (Gate area) 
      Partial area ratio:   35.66
      Required ratio: 3999.68 (Side area) 
      Cumulative area ratio:   18.43
      Required ratio:    0.00 (Cumulative area) 
      Cumulative area ratio:   94.13
      Required ratio:    0.00 (Cumulative side area) 

    Layer: met1
      Partial area ratio:   11.36
      Required ratio:    0.00 (Gate area) 
      Partial area ratio:   58.47
      Required ratio: 2773.88 (Side area) 
      Cumulative area ratio:   11.36
      Required ratio:    0.00 (Cumulative area) 
      Cumulative area ratio:   58.47
      Required ratio:    0.00 (Cumulative side area) 

    Layer: li1
      Partial area ratio:    0.00
      Required ratio:    0.00 (Gate area) 
      Partial area ratio:    0.00
      Required ratio:  270.62 (Side area) 
      Cumulative area ratio:    0.00
      Required ratio:    0.00 (Cumulative area) 
      Cumulative area ratio:    0.00
      Required ratio:    0.00 (Cumulative side area) 

    Via: M1M2_PR
      Partial area ratio:    0.07
      Required ratio:    6.00 (Gate area) 
      Cumulative area ratio:    0.14
      Required ratio:    0.00 (Cumulative area) 

    Via: L1M1_PR
      Partial area ratio:    0.07
      Required ratio:    3.00 (Gate area) 
      Cumulative area ratio:    0.07
      Required ratio:    0.00 (Cumulative area) 


Net: _14965_
  Pin: ANTENNA__36541__A/DIODE (sky130_fd_sc_hd__diode_2)
    Layer: met2
      Partial area ratio:   21.79
      Required ratio:    0.00 (Gate area) 
      Partial area ratio:  109.88
      Required ratio: 3834.44 (Side area) 
      Cumulative area ratio:  107.64
      Required ratio:    0.00 (Cumulative area) 
      Cumulative area ratio:  545.28
      Required ratio:    0.00 (Cumulative side area) 

    Layer: met1
      Partial area ratio:    0.00
      Required ratio:    0.00 (Gate area) 
      Partial area ratio:    0.00
      Required ratio: 2773.88 (Side area) 
      Cumulative area ratio:    0.00
      Required ratio:    0.00 (Cumulative area) 
      Cumulative area ratio:    0.00
      Required ratio:    0.00 (Cumulative side area) 

    Layer: li1
      Partial area ratio:    0.00
      Required ratio:    0.00 (Gate area) 
      Partial area ratio:    0.00
      Required ratio:  270.62 (Side area) 
      Cumulative area ratio:    0.00
      Required ratio:    0.00 (Cumulative area) 
      Cumulative area ratio:    0.00
      Required ratio:    0.00 (Cumulative side area) 

    Via: M1M2_PR
      Partial area ratio:    0.05
      Required ratio:    6.00 (Gate area) 
      Cumulative area ratio:    0.12
      Required ratio:    0.00 (Cumulative area) 

    Via: L1M1_PR
      Partial area ratio:    0.07
      Required ratio:    3.00 (Gate area) 
      Cumulative area ratio:    0.07
      Required ratio:    0.00 (Cumulative area) 

  Pin: _36694_/A (sky130_fd_sc_hd__buf_2)
    Layer: met2
      Partial area ratio:   21.79
      Required ratio:    0.00 (Gate area) 
      Partial area ratio:  109.88
      Required ratio: 3834.44 (Side area) 
      Cumulative area ratio:  109.31
      Required ratio:    0.00 (Cumulative area) 
      Cumulative area ratio:  554.13
      Required ratio:    0.00 (Cumulative side area) 

    Layer: met1
      Partial area ratio:    1.67
      Required ratio:    0.00 (Gate area) 
      Partial area ratio:    8.84
      Required ratio: 2773.88 (Side area) 
      Cumulative area ratio:    1.67
      Required ratio:    0.00 (Cumulative area) 
      Cumulative area ratio:    8.84
      Required ratio:    0.00 (Cumulative side area) 

    Layer: li1
      Partial area ratio:    0.00
      Required ratio:    0.00 (Gate area) 
      Partial area ratio:    0.00
      Required ratio:   75.00 (Side area) 
      Cumulative area ratio:    0.00
      Required ratio:    0.00 (Cumulative area) 
      Cumulative area ratio:    0.00
      Required ratio:    0.00 (Cumulative side area) 

    Via: M1M2_PR
      Partial area ratio:    0.04
      Required ratio:    6.00 (Gate area) 
      Cumulative area ratio:    0.22
      Required ratio:    0.00 (Cumulative area) 

    Via: L1M1_PR
      Partial area ratio:    0.18
      Required ratio:    3.00 (Gate area) 
      Cumulative area ratio:    0.18
      Required ratio:    0.00 (Cumulative area) 

  Pin: ANTENNA__36694__A/DIODE (sky130_fd_sc_hd__diode_2)
    Layer: met2
      Partial area ratio:   21.79
      Required ratio:    0.00 (Gate area) 
      Partial area ratio:  109.88
      Required ratio: 3834.44 (Side area) 
      Cumulative area ratio:  109.31
      Required ratio:    0.00 (Cumulative area) 
      Cumulative area ratio:  554.13
      Required ratio:    0.00 (Cumulative side area) 

    Layer: met1
      Partial area ratio:    1.67
      Required ratio:    0.00 (Gate area) 
      Partial area ratio:    8.84
      Required ratio: 2773.88 (Side area) 
      Cumulative area ratio:    1.67
      Required ratio:    0.00 (Cumulative area) 
      Cumulative area ratio:    8.84
      Required ratio:    0.00 (Cumulative side area) 

    Layer: li1
      Partial area ratio:    0.00
      Required ratio:    0.00 (Gate area) 
      Partial area ratio:    0.00
      Required ratio:  270.62 (Side area) 
      Cumulative area ratio:    0.00
      Required ratio:    0.00 (Cumulative area) 
      Cumulative area ratio:    0.00
      Required ratio:    0.00 (Cumulative side area) 

    Via: M1M2_PR
      Partial area ratio:    0.04
      Required ratio:    6.00 (Gate area) 
      Cumulative area ratio:    0.10
      Required ratio:    0.00 (Cumulative area) 

    Via: L1M1_PR
      Partial area ratio:    0.07
      Required ratio:    3.00 (Gate area) 
      Cumulative area ratio:    0.07
      Required ratio:    0.00 (Cumulative area) 

  Pin: _36422_/A (sky130_fd_sc_hd__buf_2)
    Layer: met2
      Partial area ratio:   21.79
      Required ratio:    0.00 (Gate area) 
      Partial area ratio:  109.88
      Required ratio: 3834.44 (Side area) 
      Cumulative area ratio:  111.46
      Required ratio:    0.00 (Cumulative area) 
      Cumulative area ratio:  565.24
      Required ratio:    0.00 (Cumulative side area) 

    Layer: met1
      Partial area ratio:    2.15
      Required ratio:    0.00 (Gate area) 
      Partial area ratio:   11.36
      Required ratio:  400.00 (Side area) 
      Cumulative area ratio:    2.15
      Required ratio:    0.00 (Cumulative area) 
      Cumulative area ratio:   11.36
      Required ratio:    0.00 (Cumulative side area) 

    Layer: li1
      Partial area ratio:    0.00
      Required ratio:    0.00 (Gate area) 
      Partial area ratio:    0.00
      Required ratio:   75.00 (Side area) 
      Cumulative area ratio:    0.00
      Required ratio:    0.00 (Cumulative area) 
      Cumulative area ratio:    0.00
      Required ratio:    0.00 (Cumulative side area) 

    Via: M1M2_PR
      Partial area ratio:    0.14
      Required ratio:    6.00 (Gate area) 
      Cumulative area ratio:    0.32
      Required ratio:    0.00 (Cumulative area) 

    Via: L1M1_PR
      Partial area ratio:    0.18
      Required ratio:    3.00 (Gate area) 
      Cumulative area ratio:    0.18
      Required ratio:    0.00 (Cumulative area) 

  Pin: ANTENNA__36422__A/DIODE (sky130_fd_sc_hd__diode_2)
    Layer: met2
      Partial area ratio:   21.79
      Required ratio:    0.00 (Gate area) 
      Partial area ratio:  109.88
      Required ratio: 3834.44 (Side area) 
      Cumulative area ratio:  109.31
      Required ratio:    0.00 (Cumulative area) 
      Cumulative area ratio:  553.88
      Required ratio:    0.00 (Cumulative side area) 

    Layer: met1
      Partial area ratio:    1.67
      Required ratio:    0.00 (Gate area) 
      Partial area ratio:    8.60
      Required ratio: 2773.88 (Side area) 
      Cumulative area ratio:    1.67
      Required ratio:    0.00 (Cumulative area) 
      Cumulative area ratio:    8.60
      Required ratio:    0.00 (Cumulative side area) 

    Layer: li1
      Partial area ratio:    0.00
      Required ratio:    0.00 (Gate area) 
      Partial area ratio:    0.00
      Required ratio:  270.62 (Side area) 
      Cumulative area ratio:    0.00
      Required ratio:    0.00 (Cumulative area) 
      Cumulative area ratio:    0.00
      Required ratio:    0.00 (Cumulative side area) 

    Via: M1M2_PR
      Partial area ratio:    0.10
      Required ratio:    6.00 (Gate area) 
      Cumulative area ratio:    0.17
      Required ratio:    0.00 (Cumulative area) 

    Via: L1M1_PR
      Partial area ratio:    0.07
      Required ratio:    3.00 (Gate area) 
      Cumulative area ratio:    0.07
      Required ratio:    0.00 (Cumulative area) 

  Pin: _36541_/A (sky130_fd_sc_hd__buf_2)
    Layer: met2
      Partial area ratio:   21.79
      Required ratio:    0.00 (Gate area) 
      Partial area ratio:  109.88
      Required ratio: 3834.44 (Side area) 
      Cumulative area ratio:  107.64
      Required ratio:    0.00 (Cumulative area) 
      Cumulative area ratio:  545.28
      Required ratio:    0.00 (Cumulative side area) 

    Layer: met1
      Partial area ratio:   85.85
      Required ratio:    0.00 (Gate area) 
      Partial area ratio:  435.41
      Required ratio:  400.00 (Side area) (VIOLATED)
      Cumulative area ratio:   85.85
      Required ratio:    0.00 (Cumulative area) 
      Cumulative area ratio:  435.41
      Required ratio:    0.00 (Cumulative side area) 

    Layer: li1
      Partial area ratio:    0.00
      Required ratio:    0.00 (Gate area) 
      Partial area ratio:    0.00
      Required ratio:   75.00 (Side area) 
      Cumulative area ratio:    0.00
      Required ratio:    0.00 (Cumulative area) 
      Cumulative area ratio:    0.00
      Required ratio:    0.00 (Cumulative side area) 

    Via: M1M2_PR
      Partial area ratio:    0.42
      Required ratio:    6.00 (Gate area) 
      Cumulative area ratio:    0.61
      Required ratio:    0.00 (Cumulative area) 

    Via: L1M1_PR
      Partial area ratio:    0.18
      Required ratio:    3.00 (Gate area) 
      Cumulative area ratio:    0.18
      Required ratio:    0.00 (Cumulative area) 

  Pin: ANTENNA__36998__A/DIODE (sky130_fd_sc_hd__diode_2)
    Layer: met3
      Partial area ratio:   11.43
      Required ratio:    0.00 (Gate area) 
      Partial area ratio:   61.34
      Required ratio: 4356.08 (Side area) 
      Cumulative area ratio:   34.23
      Required ratio:    0.00 (Cumulative area) 
      Cumulative area ratio:  176.15
      Required ratio:    0.00 (Cumulative side area) 

    Layer: met2
      Partial area ratio:   22.80
      Required ratio:    0.00 (Gate area) 
      Partial area ratio:  114.81
      Required ratio: 3121.64 (Side area) 
      Cumulative area ratio:   22.80
      Required ratio:    0.00 (Cumulative area) 
      Cumulative area ratio:  114.81
      Required ratio:    0.00 (Cumulative side area) 

    Layer: met1
      Partial area ratio:    0.00
      Required ratio:    0.00 (Gate area) 
      Partial area ratio:    0.00
      Required ratio: 2773.88 (Side area) 
      Cumulative area ratio:    0.00
      Required ratio:    0.00 (Cumulative area) 
      Cumulative area ratio:    0.00
      Required ratio:    0.00 (Cumulative side area) 

    Layer: li1
      Partial area ratio:    0.00
      Required ratio:    0.00 (Gate area) 
      Partial area ratio:    0.00
      Required ratio:  270.62 (Side area) 
      Cumulative area ratio:    0.00
      Required ratio:    0.00 (Cumulative area) 
      Cumulative area ratio:    0.00
      Required ratio:    0.00 (Cumulative side area) 

    Via: M2M3_PR
      Partial area ratio:    0.02
      Required ratio:    6.00 (Gate area) 
      Cumulative area ratio:    0.14
      Required ratio:    0.00 (Cumulative area) 

    Via: M1M2_PR
      Partial area ratio:    0.05
      Required ratio:    6.00 (Gate area) 
      Cumulative area ratio:    0.12
      Required ratio:    0.00 (Cumulative area) 

    Via: L1M1_PR
      Partial area ratio:    0.07
      Required ratio:    3.00 (Gate area) 
      Cumulative area ratio:    0.07
      Required ratio:    0.00 (Cumulative area) 

  Pin: _36998_/A (sky130_fd_sc_hd__buf_2)
    Layer: met3
      Partial area ratio:   11.43
      Required ratio:    0.00 (Gate area) 
      Partial area ratio:   61.34
      Required ratio: 4356.08 (Side area) 
      Cumulative area ratio:   40.97
      Required ratio:    0.00 (Cumulative area) 
      Cumulative area ratio:  211.73
      Required ratio:    0.00 (Cumulative side area) 

    Layer: met2
      Partial area ratio:   22.80
      Required ratio:    0.00 (Gate area) 
      Partial area ratio:  114.81
      Required ratio: 3121.64 (Side area) 
      Cumulative area ratio:   29.55
      Required ratio:    0.00 (Cumulative area) 
      Cumulative area ratio:  150.39
      Required ratio:    0.00 (Cumulative side area) 

    Layer: met1
      Partial area ratio:    6.74
      Required ratio:    0.00 (Gate area) 
      Partial area ratio:   35.57
      Required ratio:  400.00 (Side area) 
      Cumulative area ratio:    6.74
      Required ratio:    0.00 (Cumulative area) 
      Cumulative area ratio:   35.57
      Required ratio:    0.00 (Cumulative side area) 

    Layer: li1
      Partial area ratio:    0.00
      Required ratio:    0.00 (Gate area) 
      Partial area ratio:    0.00
      Required ratio:   75.00 (Side area) 
      Cumulative area ratio:    0.00
      Required ratio:    0.00 (Cumulative area) 
      Cumulative area ratio:    0.00
      Required ratio:    0.00 (Cumulative side area) 

    Via: M2M3_PR
      Partial area ratio:    0.02
      Required ratio:    6.00 (Gate area) 
      Cumulative area ratio:    0.49
      Required ratio:    0.00 (Cumulative area) 

    Via: M1M2_PR
      Partial area ratio:    0.28
      Required ratio:    6.00 (Gate area) 
      Cumulative area ratio:    0.46
      Required ratio:    0.00 (Cumulative area) 

    Via: L1M1_PR
      Partial area ratio:    0.18
      Required ratio:    3.00 (Gate area) 
      Cumulative area ratio:    0.18
      Required ratio:    0.00 (Cumulative area) 

  Pin: _36736_/A (sky130_fd_sc_hd__clkbuf_2)
    Layer: met3
      Partial area ratio:   11.43
      Required ratio:    0.00 (Gate area) 
      Partial area ratio:   61.34
      Required ratio: 4356.08 (Side area) 
      Cumulative area ratio:   76.00
      Required ratio:    0.00 (Cumulative area) 
      Cumulative area ratio:  388.46
      Required ratio:    0.00 (Cumulative side area) 

    Layer: met2
      Partial area ratio:   22.80
      Required ratio:    0.00 (Gate area) 
      Partial area ratio:  114.81
      Required ratio: 3121.64 (Side area) 
      Cumulative area ratio:   64.58
      Required ratio:    0.00 (Cumulative area) 
      Cumulative area ratio:  327.11
      Required ratio:    0.00 (Cumulative side area) 

    Layer: met1
      Partial area ratio:    0.70
      Required ratio:    0.00 (Gate area) 
      Partial area ratio:    3.94
      Required ratio:  400.00 (Side area) 
      Cumulative area ratio:    0.70
      Required ratio:    0.00 (Cumulative area) 
      Cumulative area ratio:    3.94
      Required ratio:    0.00 (Cumulative side area) 

    Layer: li1
      Partial area ratio:    0.00
      Required ratio:    0.00 (Gate area) 
      Partial area ratio:    0.00
      Required ratio:   75.00 (Side area) 
      Cumulative area ratio:    0.00
      Required ratio:    0.00 (Cumulative area) 
      Cumulative area ratio:    0.00
      Required ratio:    0.00 (Cumulative side area) 

    Via: M2M3_PR
      Partial area ratio:    0.02
      Required ratio:    6.00 (Gate area) 
      Cumulative area ratio:    0.65
      Required ratio:    0.00 (Cumulative area) 

    Via: M1M2_PR
      Partial area ratio:    0.11
      Required ratio:    6.00 (Gate area) 
      Cumulative area ratio:    0.24
      Required ratio:    0.00 (Cumulative area) 

    Via: L1M1_PR
      Partial area ratio:    0.14
      Required ratio:    3.00 (Gate area) 
      Cumulative area ratio:    0.14
      Required ratio:    0.00 (Cumulative area) 

  Pin: ANTENNA__36736__A/DIODE (sky130_fd_sc_hd__diode_2)
    Layer: met3
      Partial area ratio:   11.43
      Required ratio:    0.00 (Gate area) 
      Partial area ratio:   61.34
      Required ratio: 4356.08 (Side area) 
      Cumulative area ratio:   75.65
      Required ratio:    0.00 (Cumulative area) 
      Cumulative area ratio:  386.45
      Required ratio:    0.00 (Cumulative side area) 

    Layer: met2
      Partial area ratio:   22.80
      Required ratio:    0.00 (Gate area) 
      Partial area ratio:  114.81
      Required ratio: 3121.64 (Side area) 
      Cumulative area ratio:   64.22
      Required ratio:    0.00 (Cumulative area) 
      Cumulative area ratio:  325.10
      Required ratio:    0.00 (Cumulative side area) 

    Layer: met1
      Partial area ratio:    0.34
      Required ratio:    0.00 (Gate area) 
      Partial area ratio:    1.93
      Required ratio: 2773.88 (Side area) 
      Cumulative area ratio:    0.34
      Required ratio:    0.00 (Cumulative area) 
      Cumulative area ratio:    1.93
      Required ratio:    0.00 (Cumulative side area) 

    Layer: li1
      Partial area ratio:    0.00
      Required ratio:    0.00 (Gate area) 
      Partial area ratio:    0.00
      Required ratio:  270.62 (Side area) 
      Cumulative area ratio:    0.00
      Required ratio:    0.00 (Cumulative area) 
      Cumulative area ratio:    0.00
      Required ratio:    0.00 (Cumulative side area) 

    Via: M2M3_PR
      Partial area ratio:    0.02
      Required ratio:    6.00 (Gate area) 
      Cumulative area ratio:    0.53
      Required ratio:    0.00 (Cumulative area) 

    Via: M1M2_PR
      Partial area ratio:    0.05
      Required ratio:    6.00 (Gate area) 
      Cumulative area ratio:    0.12
      Required ratio:    0.00 (Cumulative area) 

    Via: L1M1_PR
      Partial area ratio:    0.07
      Required ratio:    3.00 (Gate area) 
      Cumulative area ratio:    0.07
      Required ratio:    0.00 (Cumulative area) 

  Pin: _36857_/A (sky130_fd_sc_hd__buf_2)
    Layer: met3
      Partial area ratio:   11.43
      Required ratio:    0.00 (Gate area) 
      Partial area ratio:   61.34
      Required ratio: 4356.08 (Side area) 
      Cumulative area ratio:   76.24
      Required ratio:    0.00 (Cumulative area) 
      Cumulative area ratio:  389.80
      Required ratio:    0.00 (Cumulative side area) 

    Layer: met2
      Partial area ratio:   22.80
      Required ratio:    0.00 (Gate area) 
      Partial area ratio:  114.81
      Required ratio: 3121.64 (Side area) 
      Cumulative area ratio:   64.81
      Required ratio:    0.00 (Cumulative area) 
      Cumulative area ratio:  328.45
      Required ratio:    0.00 (Cumulative side area) 

    Layer: met1
      Partial area ratio:    0.93
      Required ratio:    0.00 (Gate area) 
      Partial area ratio:    5.28
      Required ratio:  400.00 (Side area) 
      Cumulative area ratio:    0.93
      Required ratio:    0.00 (Cumulative area) 
      Cumulative area ratio:    5.28
      Required ratio:    0.00 (Cumulative side area) 

    Layer: li1
      Partial area ratio:    0.00
      Required ratio:    0.00 (Gate area) 
      Partial area ratio:    0.00
      Required ratio:   75.00 (Side area) 
      Cumulative area ratio:    0.00
      Required ratio:    0.00 (Cumulative area) 
      Cumulative area ratio:    0.00
      Required ratio:    0.00 (Cumulative side area) 

    Via: M2M3_PR
      Partial area ratio:    0.02
      Required ratio:    6.00 (Gate area) 
      Cumulative area ratio:    0.73
      Required ratio:    0.00 (Cumulative area) 

    Via: M1M2_PR
      Partial area ratio:    0.14
      Required ratio:    6.00 (Gate area) 
      Cumulative area ratio:    0.32
      Required ratio:    0.00 (Cumulative area) 

    Via: L1M1_PR
      Partial area ratio:    0.18
      Required ratio:    3.00 (Gate area) 
      Cumulative area ratio:    0.18
      Required ratio:    0.00 (Cumulative area) 

  Pin: ANTENNA__36857__A/DIODE (sky130_fd_sc_hd__diode_2)
    Layer: met3
      Partial area ratio:   11.43
      Required ratio:    0.00 (Gate area) 
      Partial area ratio:   61.34
      Required ratio: 4356.08 (Side area) 
      Cumulative area ratio:   75.31
      Required ratio:    0.00 (Cumulative area) 
      Cumulative area ratio:  384.51
      Required ratio:    0.00 (Cumulative side area) 

    Layer: met2
      Partial area ratio:   22.80
      Required ratio:    0.00 (Gate area) 
      Partial area ratio:  114.81
      Required ratio: 3121.64 (Side area) 
      Cumulative area ratio:   63.88
      Required ratio:    0.00 (Cumulative area) 
      Cumulative area ratio:  323.17
      Required ratio:    0.00 (Cumulative side area) 

    Layer: met1
      Partial area ratio:   34.33
      Required ratio:    0.00 (Gate area) 
      Partial area ratio:  172.79
      Required ratio: 2773.88 (Side area) 
      Cumulative area ratio:   34.33
      Required ratio:    0.00 (Cumulative area) 
      Cumulative area ratio:  172.79
      Required ratio:    0.00 (Cumulative side area) 

    Layer: li1
      Partial area ratio:    0.00
      Required ratio:    0.00 (Gate area) 
      Partial area ratio:    0.00
      Required ratio:  270.62 (Side area) 
      Cumulative area ratio:    0.00
      Required ratio:    0.00 (Cumulative area) 
      Cumulative area ratio:    0.00
      Required ratio:    0.00 (Cumulative side area) 

    Via: M2M3_PR
      Partial area ratio:    0.02
      Required ratio:    6.00 (Gate area) 
      Cumulative area ratio:    0.47
      Required ratio:    0.00 (Cumulative area) 

    Via: M1M2_PR
      Partial area ratio:    0.10
      Required ratio:    6.00 (Gate area) 
      Cumulative area ratio:    0.17
      Required ratio:    0.00 (Cumulative area) 

    Via: L1M1_PR
      Partial area ratio:    0.07
      Required ratio:    3.00 (Gate area) 
      Cumulative area ratio:    0.07
      Required ratio:    0.00 (Cumulative area) 


Net: _17050_
  Pin: ANTENNA__38767__A/DIODE (sky130_fd_sc_hd__diode_2)
    Layer: met2
      Partial area ratio:    7.25
      Required ratio:    0.00 (Gate area) 
      Partial area ratio:   36.54
      Required ratio: 3999.68 (Side area) 
      Cumulative area ratio:    7.25
      Required ratio:    0.00 (Cumulative area) 
      Cumulative area ratio:   36.54
      Required ratio:    0.00 (Cumulative side area) 

    Layer: met1
      Partial area ratio:    0.00
      Required ratio:    0.00 (Gate area) 
      Partial area ratio:    0.00
      Required ratio: 2773.88 (Side area) 
      Cumulative area ratio:    0.00
      Required ratio:    0.00 (Cumulative area) 
      Cumulative area ratio:    0.00
      Required ratio:    0.00 (Cumulative side area) 

    Layer: li1
      Partial area ratio:    0.00
      Required ratio:    0.00 (Gate area) 
      Partial area ratio:    0.00
      Required ratio:  270.62 (Side area) 
      Cumulative area ratio:    0.00
      Required ratio:    0.00 (Cumulative area) 
      Cumulative area ratio:    0.00
      Required ratio:    0.00 (Cumulative side area) 

    Via: M1M2_PR
      Partial area ratio:    0.05
      Required ratio:    6.00 (Gate area) 
      Cumulative area ratio:    0.12
      Required ratio:    0.00 (Cumulative area) 

    Via: L1M1_PR
      Partial area ratio:    0.07
      Required ratio:    3.00 (Gate area) 
      Cumulative area ratio:    0.07
      Required ratio:    0.00 (Cumulative area) 

  Pin: _38767_/A (sky130_fd_sc_hd__buf_4)
    Layer: met2
      Partial area ratio:    7.25
      Required ratio:    0.00 (Gate area) 
      Partial area ratio:   36.54
      Required ratio: 3999.68 (Side area) 
      Cumulative area ratio:  166.83
      Required ratio:    0.00 (Cumulative area) 
      Cumulative area ratio:  839.21
      Required ratio:    0.00 (Cumulative side area) 

    Layer: met1
      Partial area ratio:  159.58
      Required ratio:    0.00 (Gate area) 
      Partial area ratio:  802.67
      Required ratio:  400.00 (Side area) (VIOLATED)
      Cumulative area ratio:  159.58
      Required ratio:    0.00 (Cumulative area) 
      Cumulative area ratio:  802.67
      Required ratio:    0.00 (Cumulative side area) 

    Layer: li1
      Partial area ratio:    0.00
      Required ratio:    0.00 (Gate area) 
      Partial area ratio:    0.00
      Required ratio:   75.00 (Side area) 
      Cumulative area ratio:    0.00
      Required ratio:    0.00 (Cumulative area) 
      Cumulative area ratio:    0.00
      Required ratio:    0.00 (Cumulative side area) 

    Via: M1M2_PR
      Partial area ratio:    0.27
      Required ratio:    6.00 (Gate area) 
      Cumulative area ratio:    0.39
      Required ratio:    0.00 (Cumulative area) 

    Via: L1M1_PR
      Partial area ratio:    0.12
      Required ratio:    3.00 (Gate area) 
      Cumulative area ratio:    0.12
      Required ratio:    0.00 (Cumulative area) 

  Pin: _39222_/A1 (sky130_fd_sc_hd__a21o_1)
    Layer: met2
      Partial area ratio:    7.25
      Required ratio:    0.00 (Gate area) 
      Partial area ratio:   36.54
      Required ratio: 3999.68 (Side area) 
      Cumulative area ratio:  172.40
      Required ratio:    0.00 (Cumulative area) 
      Cumulative area ratio:  867.51
      Required ratio:    0.00 (Cumulative side area) 

    Layer: met1
      Partial area ratio:    0.00
      Required ratio:    0.00 (Gate area) 
      Partial area ratio:    0.00
      Required ratio:  400.00 (Side area) 
      Cumulative area ratio:    0.00
      Required ratio:    0.00 (Cumulative area) 
      Cumulative area ratio:    0.00
      Required ratio:    0.00 (Cumulative side area) 

    Layer: li1
      Partial area ratio:    0.00
      Required ratio:    0.00 (Gate area) 
      Partial area ratio:    0.00
      Required ratio:   75.00 (Side area) 
      Cumulative area ratio:    0.00
      Required ratio:    0.00 (Cumulative area) 
      Cumulative area ratio:    0.00
      Required ratio:    0.00 (Cumulative side area) 

    Via: M1M2_PR
      Partial area ratio:    0.09
      Required ratio:    6.00 (Gate area) 
      Cumulative area ratio:    0.21
      Required ratio:    0.00 (Cumulative area) 

    Via: L1M1_PR
      Partial area ratio:    0.12
      Required ratio:    3.00 (Gate area) 
      Cumulative area ratio:    0.12
      Required ratio:    0.00 (Cumulative area) 

  Pin: ANTENNA__39222__A1/DIODE (sky130_fd_sc_hd__diode_2)
    Layer: met2
      Partial area ratio:    7.25
      Required ratio:    0.00 (Gate area) 
      Partial area ratio:   36.54
      Required ratio: 3999.68 (Side area) 
      Cumulative area ratio:  172.40
      Required ratio:    0.00 (Cumulative area) 
      Cumulative area ratio:  867.51
      Required ratio:    0.00 (Cumulative side area) 

    Layer: met1
      Partial area ratio:    5.57
      Required ratio:    0.00 (Gate area) 
      Partial area ratio:   28.31
      Required ratio: 2773.88 (Side area) 
      Cumulative area ratio:    5.57
      Required ratio:    0.00 (Cumulative area) 
      Cumulative area ratio:   28.31
      Required ratio:    0.00 (Cumulative side area) 

    Layer: li1
      Partial area ratio:    0.00
      Required ratio:    0.00 (Gate area) 
      Partial area ratio:    0.00
      Required ratio:  270.62 (Side area) 
      Cumulative area ratio:    0.00
      Required ratio:    0.00 (Cumulative area) 
      Cumulative area ratio:    0.00
      Required ratio:    0.00 (Cumulative side area) 

    Via: M1M2_PR
      Partial area ratio:    0.10
      Required ratio:    6.00 (Gate area) 
      Cumulative area ratio:    0.17
      Required ratio:    0.00 (Cumulative area) 

    Via: L1M1_PR
      Partial area ratio:    0.07
      Required ratio:    3.00 (Gate area) 
      Cumulative area ratio:    0.07
      Required ratio:    0.00 (Cumulative area) 

  Pin: ANTENNA__39418__A1/DIODE (sky130_fd_sc_hd__diode_2)
    Layer: met2
      Partial area ratio:    7.25
      Required ratio:    0.00 (Gate area) 
      Partial area ratio:   36.54
      Required ratio: 3999.68 (Side area) 
      Cumulative area ratio:  166.83
      Required ratio:    0.00 (Cumulative area) 
      Cumulative area ratio:  839.21
      Required ratio:    0.00 (Cumulative side area) 

    Layer: met1
      Partial area ratio:    0.00
      Required ratio:    0.00 (Gate area) 
      Partial area ratio:    0.00
      Required ratio: 2773.88 (Side area) 
      Cumulative area ratio:    0.00
      Required ratio:    0.00 (Cumulative area) 
      Cumulative area ratio:    0.00
      Required ratio:    0.00 (Cumulative side area) 

    Layer: li1
      Partial area ratio:    0.00
      Required ratio:    0.00 (Gate area) 
      Partial area ratio:    0.00
      Required ratio:  270.62 (Side area) 
      Cumulative area ratio:    0.00
      Required ratio:    0.00 (Cumulative area) 
      Cumulative area ratio:    0.00
      Required ratio:    0.00 (Cumulative side area) 

    Via: M1M2_PR
      Partial area ratio:    0.05
      Required ratio:    6.00 (Gate area) 
      Cumulative area ratio:    0.12
      Required ratio:    0.00 (Cumulative area) 

    Via: L1M1_PR
      Partial area ratio:    0.07
      Required ratio:    3.00 (Gate area) 
      Cumulative area ratio:    0.07
      Required ratio:    0.00 (Cumulative area) 

  Pin: _39418_/A1 (sky130_fd_sc_hd__a21o_1)
    Layer: met2
      Partial area ratio:    7.25
      Required ratio:    0.00 (Gate area) 
      Partial area ratio:   36.54
      Required ratio: 3999.68 (Side area) 
      Cumulative area ratio:  168.45
      Required ratio:    0.00 (Cumulative area) 
      Cumulative area ratio:  847.74
      Required ratio:    0.00 (Cumulative side area) 

    Layer: met1
      Partial area ratio:    1.62
      Required ratio:    0.00 (Gate area) 
      Partial area ratio:    8.54
      Required ratio: 2773.88 (Side area) 
      Cumulative area ratio:    1.62
      Required ratio:    0.00 (Cumulative area) 
      Cumulative area ratio:    8.54
      Required ratio:    0.00 (Cumulative side area) 

    Layer: li1
      Partial area ratio:    0.00
      Required ratio:    0.00 (Gate area) 
      Partial area ratio:    0.00
      Required ratio:   75.00 (Side area) 
      Cumulative area ratio:    0.00
      Required ratio:    0.00 (Cumulative area) 
      Cumulative area ratio:    0.00
      Required ratio:    0.00 (Cumulative side area) 

    Via: M1M2_PR
      Partial area ratio:    0.02
      Required ratio:    6.00 (Gate area) 
      Cumulative area ratio:    0.14
      Required ratio:    0.00 (Cumulative area) 

    Via: L1M1_PR
      Partial area ratio:    0.12
      Required ratio:    3.00 (Gate area) 
      Cumulative area ratio:    0.12
      Required ratio:    0.00 (Cumulative area) 

  Pin: _39417_/A1 (sky130_fd_sc_hd__a21o_1)
    Layer: met2
      Partial area ratio:    7.25
      Required ratio:    0.00 (Gate area) 
      Partial area ratio:   36.54
      Required ratio: 3999.68 (Side area) 
      Cumulative area ratio:  168.45
      Required ratio:    0.00 (Cumulative area) 
      Cumulative area ratio:  847.74
      Required ratio:    0.00 (Cumulative side area) 

    Layer: met1
      Partial area ratio:    1.62
      Required ratio:    0.00 (Gate area) 
      Partial area ratio:    8.54
      Required ratio: 2773.88 (Side area) 
      Cumulative area ratio:    1.62
      Required ratio:    0.00 (Cumulative area) 
      Cumulative area ratio:    8.54
      Required ratio:    0.00 (Cumulative side area) 

    Layer: li1
      Partial area ratio:    0.00
      Required ratio:    0.00 (Gate area) 
      Partial area ratio:    0.00
      Required ratio:   75.00 (Side area) 
      Cumulative area ratio:    0.00
      Required ratio:    0.00 (Cumulative area) 
      Cumulative area ratio:    0.00
      Required ratio:    0.00 (Cumulative side area) 

    Via: M1M2_PR
      Partial area ratio:    0.02
      Required ratio:    6.00 (Gate area) 
      Cumulative area ratio:    0.14
      Required ratio:    0.00 (Cumulative area) 

    Via: L1M1_PR
      Partial area ratio:    0.12
      Required ratio:    3.00 (Gate area) 
      Cumulative area ratio:    0.12
      Required ratio:    0.00 (Cumulative area) 

  Pin: ANTENNA__39417__A1/DIODE (sky130_fd_sc_hd__diode_2)
    Layer: met2
      Partial area ratio:    7.25
      Required ratio:    0.00 (Gate area) 
      Partial area ratio:   36.54
      Required ratio: 3999.68 (Side area) 
      Cumulative area ratio:  168.45
      Required ratio:    0.00 (Cumulative area) 
      Cumulative area ratio:  847.74
      Required ratio:    0.00 (Cumulative side area) 

    Layer: met1
      Partial area ratio:    1.62
      Required ratio:    0.00 (Gate area) 
      Partial area ratio:    8.54
      Required ratio: 2773.88 (Side area) 
      Cumulative area ratio:    1.62
      Required ratio:    0.00 (Cumulative area) 
      Cumulative area ratio:    8.54
      Required ratio:    0.00 (Cumulative side area) 

    Layer: li1
      Partial area ratio:    0.00
      Required ratio:    0.00 (Gate area) 
      Partial area ratio:    0.00
      Required ratio:  270.62 (Side area) 
      Cumulative area ratio:    0.00
      Required ratio:    0.00 (Cumulative area) 
      Cumulative area ratio:    0.00
      Required ratio:    0.00 (Cumulative side area) 

    Via: M1M2_PR
      Partial area ratio:    0.02
      Required ratio:    6.00 (Gate area) 
      Cumulative area ratio:    0.09
      Required ratio:    0.00 (Cumulative area) 

    Via: L1M1_PR
      Partial area ratio:    0.07
      Required ratio:    3.00 (Gate area) 
      Cumulative area ratio:    0.07
      Required ratio:    0.00 (Cumulative area) 

  Pin: _39014_/A1 (sky130_fd_sc_hd__a21o_1)
    Layer: met1
      Partial area ratio:    3.55
      Required ratio:    0.00 (Gate area) 
      Partial area ratio:   18.95
      Required ratio:  400.00 (Side area) 
      Cumulative area ratio:    3.55
      Required ratio:    0.00 (Cumulative area) 
      Cumulative area ratio:   18.95
      Required ratio:    0.00 (Cumulative side area) 

    Layer: li1
      Partial area ratio:    0.00
      Required ratio:    0.00 (Gate area) 
      Partial area ratio:    0.00
      Required ratio:   75.00 (Side area) 
      Cumulative area ratio:    0.00
      Required ratio:    0.00 (Cumulative area) 
      Cumulative area ratio:    0.00
      Required ratio:    0.00 (Cumulative side area) 

    Via: M1M2_PR
      Partial area ratio:    0.18
      Required ratio:    6.00 (Gate area) 
      Cumulative area ratio:    0.30
      Required ratio:    0.00 (Cumulative area) 

    Via: L1M1_PR
      Partial area ratio:    0.12
      Required ratio:    3.00 (Gate area) 
      Cumulative area ratio:    0.12
      Required ratio:    0.00 (Cumulative area) 

  Pin: ANTENNA__39014__A1/DIODE (sky130_fd_sc_hd__diode_2)
    Layer: met1
      Partial area ratio:    0.93
      Required ratio:    0.00 (Gate area) 
      Partial area ratio:    4.90
      Required ratio: 2773.88 (Side area) 
      Cumulative area ratio:    0.93
      Required ratio:    0.00 (Cumulative area) 
      Cumulative area ratio:    4.90
      Required ratio:    0.00 (Cumulative side area) 

    Layer: li1
      Partial area ratio:    0.00
      Required ratio:    0.00 (Gate area) 
      Partial area ratio:    0.00
      Required ratio:  270.62 (Side area) 
      Cumulative area ratio:    0.00
      Required ratio:    0.00 (Cumulative area) 
      Cumulative area ratio:    0.00
      Required ratio:    0.00 (Cumulative side area) 

    Via: M1M2_PR
      Partial area ratio:    0.05
      Required ratio:    6.00 (Gate area) 
      Cumulative area ratio:    0.12
      Required ratio:    0.00 (Cumulative area) 

    Via: L1M1_PR
      Partial area ratio:    0.07
      Required ratio:    3.00 (Gate area) 
      Cumulative area ratio:    0.07
      Required ratio:    0.00 (Cumulative area) 

  Pin: _39016_/A (sky130_fd_sc_hd__nor2_1)
    Layer: met1
      Partial area ratio:    0.86
      Required ratio:    0.00 (Gate area) 
      Partial area ratio:    4.74
      Required ratio: 2773.88 (Side area) 
      Cumulative area ratio:    0.86
      Required ratio:    0.00 (Cumulative area) 
      Cumulative area ratio:    4.74
      Required ratio:    0.00 (Cumulative side area) 

    Layer: li1
      Partial area ratio:    0.00
      Required ratio:    0.00 (Gate area) 
      Partial area ratio:    0.00
      Required ratio:   75.00 (Side area) 
      Cumulative area ratio:    0.00
      Required ratio:    0.00 (Cumulative area) 
      Cumulative area ratio:    0.00
      Required ratio:    0.00 (Cumulative side area) 

    Via: M1M2_PR
      Partial area ratio:    0.03
      Required ratio:    6.00 (Gate area) 
      Cumulative area ratio:    0.15
      Required ratio:    0.00 (Cumulative area) 

    Via: L1M1_PR
      Partial area ratio:    0.12
      Required ratio:    3.00 (Gate area) 
      Cumulative area ratio:    0.12
      Required ratio:    0.00 (Cumulative area) 

  Pin: ANTENNA__39016__A/DIODE (sky130_fd_sc_hd__diode_2)
    Layer: met1
      Partial area ratio:    0.86
      Required ratio:    0.00 (Gate area) 
      Partial area ratio:    4.74
      Required ratio: 2773.88 (Side area) 
      Cumulative area ratio:    0.86
      Required ratio:    0.00 (Cumulative area) 
      Cumulative area ratio:    4.74
      Required ratio:    0.00 (Cumulative side area) 

    Layer: li1
      Partial area ratio:    0.00
      Required ratio:    0.00 (Gate area) 
      Partial area ratio:    0.00
      Required ratio:  270.62 (Side area) 
      Cumulative area ratio:    0.00
      Required ratio:    0.00 (Cumulative area) 
      Cumulative area ratio:    0.00
      Required ratio:    0.00 (Cumulative side area) 

    Via: M1M2_PR
      Partial area ratio:    0.03
      Required ratio:    6.00 (Gate area) 
      Cumulative area ratio:    0.10
      Required ratio:    0.00 (Cumulative area) 

    Via: L1M1_PR
      Partial area ratio:    0.07
      Required ratio:    3.00 (Gate area) 
      Cumulative area ratio:    0.07
      Required ratio:    0.00 (Cumulative area) 


Net: _18235_
  Pin: _20165_/B1 (sky130_fd_sc_hd__a221o_1)
    Layer: met2
      Partial area ratio:    1.06
      Required ratio:    0.00 (Gate area) 
      Partial area ratio:    5.67
      Required ratio: 3961.36 (Side area) 
      Cumulative area ratio:    9.30
      Required ratio:    0.00 (Cumulative area) 
      Cumulative area ratio:   48.04
      Required ratio:    0.00 (Cumulative side area) 

    Layer: met1
      Partial area ratio:    8.24
      Required ratio:    0.00 (Gate area) 
      Partial area ratio:   42.37
      Required ratio:  400.00 (Side area) 
      Cumulative area ratio:    8.24
      Required ratio:    0.00 (Cumulative area) 
      Cumulative area ratio:   42.37
      Required ratio:    0.00 (Cumulative side area) 

    Layer: li1
      Partial area ratio:    0.00
      Required ratio:    0.00 (Gate area) 
      Partial area ratio:    0.00
      Required ratio:   75.00 (Side area) 
      Cumulative area ratio:    0.00
      Required ratio:    0.00 (Cumulative area) 
      Cumulative area ratio:    0.00
      Required ratio:    0.00 (Cumulative side area) 

    Via: M1M2_PR
      Partial area ratio:    0.18
      Required ratio:    6.00 (Gate area) 
      Cumulative area ratio:    0.30
      Required ratio:    0.00 (Cumulative area) 

    Via: L1M1_PR
      Partial area ratio:    0.12
      Required ratio:    3.00 (Gate area) 
      Cumulative area ratio:    0.12
      Required ratio:    0.00 (Cumulative area) 

  Pin: ANTENNA__20211__A2/DIODE (sky130_fd_sc_hd__diode_2)
    Layer: met2
      Partial area ratio:    1.06
      Required ratio:    0.00 (Gate area) 
      Partial area ratio:    5.67
      Required ratio: 3961.36 (Side area) 
      Cumulative area ratio:   16.59
      Required ratio:    0.00 (Cumulative area) 
      Cumulative area ratio:   85.40
      Required ratio:    0.00 (Cumulative side area) 

    Layer: met1
      Partial area ratio:    0.19
      Required ratio:    0.00 (Gate area) 
      Partial area ratio:    1.19
      Required ratio: 2773.88 (Side area) 
      Cumulative area ratio:    0.19
      Required ratio:    0.00 (Cumulative area) 
      Cumulative area ratio:    1.19
      Required ratio:    0.00 (Cumulative side area) 

    Layer: li1
      Partial area ratio:    0.00
      Required ratio:    0.00 (Gate area) 
      Partial area ratio:    0.00
      Required ratio:  270.62 (Side area) 
      Cumulative area ratio:    0.00
      Required ratio:    0.00 (Cumulative area) 
      Cumulative area ratio:    0.00
      Required ratio:    0.00 (Cumulative side area) 

    Via: M1M2_PR
      Partial area ratio:    0.05
      Required ratio:    6.00 (Gate area) 
      Cumulative area ratio:    0.12
      Required ratio:    0.00 (Cumulative area) 

    Via: L1M1_PR
      Partial area ratio:    0.07
      Required ratio:    3.00 (Gate area) 
      Cumulative area ratio:    0.07
      Required ratio:    0.00 (Cumulative area) 

  Pin: _20187_/A2 (sky130_fd_sc_hd__a221o_2)
    Layer: met2
      Partial area ratio:    1.06
      Required ratio:    0.00 (Gate area) 
      Partial area ratio:    5.67
      Required ratio: 3961.36 (Side area) 
      Cumulative area ratio:   17.12
      Required ratio:    0.00 (Cumulative area) 
      Cumulative area ratio:   88.99
      Required ratio:    0.00 (Cumulative side area) 

    Layer: met1
      Partial area ratio:    0.72
      Required ratio:    0.00 (Gate area) 
      Partial area ratio:    4.78
      Required ratio:  400.00 (Side area) 
      Cumulative area ratio:    0.72
      Required ratio:    0.00 (Cumulative area) 
      Cumulative area ratio:    4.78
      Required ratio:    0.00 (Cumulative side area) 

    Layer: li1
      Partial area ratio:    0.00
      Required ratio:    0.00 (Gate area) 
      Partial area ratio:    0.00
      Required ratio:   75.00 (Side area) 
      Cumulative area ratio:    0.00
      Required ratio:    0.00 (Cumulative area) 
      Cumulative area ratio:    0.00
      Required ratio:    0.00 (Cumulative side area) 

    Via: M1M2_PR
      Partial area ratio:    0.09
      Required ratio:    6.00 (Gate area) 
      Cumulative area ratio:    0.21
      Required ratio:    0.00 (Cumulative area) 

    Via: L1M1_PR
      Partial area ratio:    0.12
      Required ratio:    3.00 (Gate area) 
      Cumulative area ratio:    0.12
      Required ratio:    0.00 (Cumulative area) 

  Pin: _20211_/A2 (sky130_fd_sc_hd__a221o_2)
    Layer: met2
      Partial area ratio:    1.06
      Required ratio:    0.00 (Gate area) 
      Partial area ratio:    5.67
      Required ratio: 3961.36 (Side area) 
      Cumulative area ratio:   17.39
      Required ratio:    0.00 (Cumulative area) 
      Cumulative area ratio:   89.55
      Required ratio:    0.00 (Cumulative side area) 

    Layer: met1
      Partial area ratio:    0.99
      Required ratio:    0.00 (Gate area) 
      Partial area ratio:    5.35
      Required ratio:  400.00 (Side area) 
      Cumulative area ratio:    0.99
      Required ratio:    0.00 (Cumulative area) 
      Cumulative area ratio:    5.35
      Required ratio:    0.00 (Cumulative side area) 

    Layer: li1
      Partial area ratio:    0.00
      Required ratio:    0.00 (Gate area) 
      Partial area ratio:    0.00
      Required ratio:   75.00 (Side area) 
      Cumulative area ratio:    0.00
      Required ratio:    0.00 (Cumulative area) 
      Cumulative area ratio:    0.00
      Required ratio:    0.00 (Cumulative side area) 

    Via: M1M2_PR
      Partial area ratio:    0.09
      Required ratio:    6.00 (Gate area) 
      Cumulative area ratio:    0.21
      Required ratio:    0.00 (Cumulative area) 

    Via: L1M1_PR
      Partial area ratio:    0.12
      Required ratio:    3.00 (Gate area) 
      Cumulative area ratio:    0.12
      Required ratio:    0.00 (Cumulative area) 

  Pin: _20227_/A2 (sky130_fd_sc_hd__a221o_1)
    Layer: met2
      Partial area ratio:    1.06
      Required ratio:    0.00 (Gate area) 
      Partial area ratio:    5.67
      Required ratio: 3961.36 (Side area) 
      Cumulative area ratio:   16.49
      Required ratio:    0.00 (Cumulative area) 
      Cumulative area ratio:   85.07
      Required ratio:    0.00 (Cumulative side area) 

    Layer: met1
      Partial area ratio:    0.09
      Required ratio:    0.00 (Gate area) 
      Partial area ratio:    0.86
      Required ratio:  400.00 (Side area) 
      Cumulative area ratio:    0.09
      Required ratio:    0.00 (Cumulative area) 
      Cumulative area ratio:    0.86
      Required ratio:    0.00 (Cumulative side area) 

    Layer: li1
      Partial area ratio:    0.00
      Required ratio:    0.00 (Gate area) 
      Partial area ratio:    0.00
      Required ratio:   75.00 (Side area) 
      Cumulative area ratio:    0.00
      Required ratio:    0.00 (Cumulative area) 
      Cumulative area ratio:    0.00
      Required ratio:    0.00 (Cumulative side area) 

    Via: M1M2_PR
      Partial area ratio:    0.09
      Required ratio:    6.00 (Gate area) 
      Cumulative area ratio:    0.21
      Required ratio:    0.00 (Cumulative area) 

    Via: L1M1_PR
      Partial area ratio:    0.12
      Required ratio:    3.00 (Gate area) 
      Cumulative area ratio:    0.12
      Required ratio:    0.00 (Cumulative area) 

  Pin: ANTENNA__20227__A2/DIODE (sky130_fd_sc_hd__diode_2)
    Layer: met2
      Partial area ratio:    1.06
      Required ratio:    0.00 (Gate area) 
      Partial area ratio:    5.67
      Required ratio: 3961.36 (Side area) 
      Cumulative area ratio:   16.40
      Required ratio:    0.00 (Cumulative area) 
      Cumulative area ratio:   84.21
      Required ratio:    0.00 (Cumulative side area) 

    Layer: met1
      Partial area ratio:    2.46
      Required ratio:    0.00 (Gate area) 
      Partial area ratio:   12.75
      Required ratio: 2773.88 (Side area) 
      Cumulative area ratio:    2.46
      Required ratio:    0.00 (Cumulative area) 
      Cumulative area ratio:   12.75
      Required ratio:    0.00 (Cumulative side area) 

    Layer: li1
      Partial area ratio:    0.00
      Required ratio:    0.00 (Gate area) 
      Partial area ratio:    0.00
      Required ratio:  270.62 (Side area) 
      Cumulative area ratio:    0.00
      Required ratio:    0.00 (Cumulative area) 
      Cumulative area ratio:    0.00
      Required ratio:    0.00 (Cumulative side area) 

    Via: M1M2_PR
      Partial area ratio:    0.10
      Required ratio:    6.00 (Gate area) 
      Cumulative area ratio:    0.17
      Required ratio:    0.00 (Cumulative area) 

    Via: L1M1_PR
      Partial area ratio:    0.07
      Required ratio:    3.00 (Gate area) 
      Cumulative area ratio:    0.07
      Required ratio:    0.00 (Cumulative area) 

  Pin: ANTENNA__20187__A2/DIODE (sky130_fd_sc_hd__diode_2)
    Layer: met2
      Partial area ratio:    1.06
      Required ratio:    0.00 (Gate area) 
      Partial area ratio:    5.67
      Required ratio: 3961.36 (Side area) 
      Cumulative area ratio:   13.94
      Required ratio:    0.00 (Cumulative area) 
      Cumulative area ratio:   71.45
      Required ratio:    0.00 (Cumulative side area) 

    Layer: met1
      Partial area ratio:    4.64
      Required ratio:    0.00 (Gate area) 
      Partial area ratio:   23.41
      Required ratio: 2773.88 (Side area) 
      Cumulative area ratio:    4.64
      Required ratio:    0.00 (Cumulative area) 
      Cumulative area ratio:   23.41
      Required ratio:    0.00 (Cumulative side area) 

    Layer: li1
      Partial area ratio:    0.00
      Required ratio:    0.00 (Gate area) 
      Partial area ratio:    0.00
      Required ratio:  270.62 (Side area) 
      Cumulative area ratio:    0.00
      Required ratio:    0.00 (Cumulative area) 
      Cumulative area ratio:    0.00
      Required ratio:    0.00 (Cumulative side area) 

    Via: M1M2_PR
      Partial area ratio:    0.10
      Required ratio:    6.00 (Gate area) 
      Cumulative area ratio:    0.17
      Required ratio:    0.00 (Cumulative area) 

    Via: L1M1_PR
      Partial area ratio:    0.07
      Required ratio:    3.00 (Gate area) 
      Cumulative area ratio:    0.07
      Required ratio:    0.00 (Cumulative area) 

  Pin: ANTENNA__20165__B1/DIODE (sky130_fd_sc_hd__diode_2)
    Layer: met2
      Partial area ratio:    1.06
      Required ratio:    0.00 (Gate area) 
      Partial area ratio:    5.67
      Required ratio: 3961.36 (Side area) 
      Cumulative area ratio:    9.30
      Required ratio:    0.00 (Cumulative area) 
      Cumulative area ratio:   48.04
      Required ratio:    0.00 (Cumulative side area) 

    Layer: met1
      Partial area ratio:    0.00
      Required ratio:    0.00 (Gate area) 
      Partial area ratio:    0.00
      Required ratio: 2773.88 (Side area) 
      Cumulative area ratio:    0.00
      Required ratio:    0.00 (Cumulative area) 
      Cumulative area ratio:    0.00
      Required ratio:    0.00 (Cumulative side area) 

    Layer: li1
      Partial area ratio:    0.00
      Required ratio:    0.00 (Gate area) 
      Partial area ratio:    0.00
      Required ratio:  270.62 (Side area) 
      Cumulative area ratio:    0.00
      Required ratio:    0.00 (Cumulative area) 
      Cumulative area ratio:    0.00
      Required ratio:    0.00 (Cumulative side area) 

    Via: M1M2_PR
      Partial area ratio:    0.05
      Required ratio:    6.00 (Gate area) 
      Cumulative area ratio:    0.12
      Required ratio:    0.00 (Cumulative area) 

    Via: L1M1_PR
      Partial area ratio:    0.07
      Required ratio:    3.00 (Gate area) 
      Cumulative area ratio:    0.07
      Required ratio:    0.00 (Cumulative area) 

  Pin: ANTENNA__20602__A/DIODE (sky130_fd_sc_hd__diode_2)
    Layer: met1
      Partial area ratio:    0.00
      Required ratio:    0.00 (Gate area) 
      Partial area ratio:    0.00
      Required ratio: 2773.88 (Side area) 
      Cumulative area ratio:    0.00
      Required ratio:    0.00 (Cumulative area) 
      Cumulative area ratio:    0.00
      Required ratio:    0.00 (Cumulative side area) 

    Layer: li1
      Partial area ratio:    0.00
      Required ratio:    0.00 (Gate area) 
      Partial area ratio:    0.00
      Required ratio:  270.62 (Side area) 
      Cumulative area ratio:    0.00
      Required ratio:    0.00 (Cumulative area) 
      Cumulative area ratio:    0.00
      Required ratio:    0.00 (Cumulative side area) 

    Via: M1M2_PR
      Partial area ratio:    0.05
      Required ratio:    6.00 (Gate area) 
      Cumulative area ratio:    0.12
      Required ratio:    0.00 (Cumulative area) 

    Via: L1M1_PR
      Partial area ratio:    0.07
      Required ratio:    3.00 (Gate area) 
      Cumulative area ratio:    0.07
      Required ratio:    0.00 (Cumulative area) 

  Pin: _20602_/A (sky130_fd_sc_hd__buf_2)
    Layer: met1
      Partial area ratio:    0.80
      Required ratio:    0.00 (Gate area) 
      Partial area ratio:    4.50
      Required ratio: 2773.88 (Side area) 
      Cumulative area ratio:    0.80
      Required ratio:    0.00 (Cumulative area) 
      Cumulative area ratio:    4.50
      Required ratio:    0.00 (Cumulative side area) 

    Layer: li1
      Partial area ratio:    0.00
      Required ratio:    0.00 (Gate area) 
      Partial area ratio:    0.00
      Required ratio:   75.00 (Side area) 
      Cumulative area ratio:    0.00
      Required ratio:    0.00 (Cumulative area) 
      Cumulative area ratio:    0.00
      Required ratio:    0.00 (Cumulative side area) 

    Via: M1M2_PR
      Partial area ratio:    0.08
      Required ratio:    6.00 (Gate area) 
      Cumulative area ratio:    0.26
      Required ratio:    0.00 (Cumulative area) 

    Via: L1M1_PR
      Partial area ratio:    0.18
      Required ratio:    3.00 (Gate area) 
      Cumulative area ratio:    0.18
      Required ratio:    0.00 (Cumulative area) 

  Pin: ANTENNA__20240__A/DIODE (sky130_fd_sc_hd__diode_2)
    Layer: met1
      Partial area ratio:    0.80
      Required ratio:    0.00 (Gate area) 
      Partial area ratio:    4.50
      Required ratio: 2773.88 (Side area) 
      Cumulative area ratio:    0.80
      Required ratio:    0.00 (Cumulative area) 
      Cumulative area ratio:    4.50
      Required ratio:    0.00 (Cumulative side area) 

    Layer: li1
      Partial area ratio:    0.00
      Required ratio:    0.00 (Gate area) 
      Partial area ratio:    0.00
      Required ratio:  270.62 (Side area) 
      Cumulative area ratio:    0.00
      Required ratio:    0.00 (Cumulative area) 
      Cumulative area ratio:    0.00
      Required ratio:    0.00 (Cumulative side area) 

    Via: M1M2_PR
      Partial area ratio:    0.08
      Required ratio:    6.00 (Gate area) 
      Cumulative area ratio:    0.14
      Required ratio:    0.00 (Cumulative area) 

    Via: L1M1_PR
      Partial area ratio:    0.07
      Required ratio:    3.00 (Gate area) 
      Cumulative area ratio:    0.07
      Required ratio:    0.00 (Cumulative area) 

  Pin: _20240_/A (sky130_fd_sc_hd__buf_2)
    Layer: met1
      Partial area ratio:  159.78
      Required ratio:    0.00 (Gate area) 
      Partial area ratio:  805.04
      Required ratio:  400.00 (Side area) (VIOLATED)
      Cumulative area ratio:  159.78
      Required ratio:    0.00 (Cumulative area) 
      Cumulative area ratio:  805.04
      Required ratio:    0.00 (Cumulative side area) 

    Layer: li1
      Partial area ratio:    0.00
      Required ratio:    0.00 (Gate area) 
      Partial area ratio:    0.00
      Required ratio:   75.00 (Side area) 
      Cumulative area ratio:    0.00
      Required ratio:    0.00 (Cumulative area) 
      Cumulative area ratio:    0.00
      Required ratio:    0.00 (Cumulative side area) 

    Via: M1M2_PR
      Partial area ratio:    0.28
      Required ratio:    6.00 (Gate area) 
      Cumulative area ratio:    0.46
      Required ratio:    0.00 (Cumulative area) 

    Via: L1M1_PR
      Partial area ratio:    0.18
      Required ratio:    3.00 (Gate area) 
      Cumulative area ratio:    0.18
      Required ratio:    0.00 (Cumulative area) 


Net: _18814_
  Pin: ANTENNA__23080__A1/DIODE (sky130_fd_sc_hd__diode_2)
    Layer: met2
      Partial area ratio:   27.87
      Required ratio:    0.00 (Gate area) 
      Partial area ratio:  139.84
      Required ratio: 4741.72 (Side area) 
      Cumulative area ratio:   29.54
      Required ratio:    0.00 (Cumulative area) 
      Cumulative area ratio:  148.77
      Required ratio:    0.00 (Cumulative side area) 

    Layer: met1
      Partial area ratio:    1.67
      Required ratio:    0.00 (Gate area) 
      Partial area ratio:    8.93
      Required ratio: 2773.88 (Side area) 
      Cumulative area ratio:    1.67
      Required ratio:    0.00 (Cumulative area) 
      Cumulative area ratio:    8.93
      Required ratio:    0.00 (Cumulative side area) 

    Layer: li1
      Partial area ratio:    0.00
      Required ratio:    0.00 (Gate area) 
      Partial area ratio:    0.00
      Required ratio:  270.62 (Side area) 
      Cumulative area ratio:    0.00
      Required ratio:    0.00 (Cumulative area) 
      Cumulative area ratio:    0.00
      Required ratio:    0.00 (Cumulative side area) 

    Via: M1M2_PR
      Partial area ratio:    0.07
      Required ratio:    6.00 (Gate area) 
      Cumulative area ratio:    0.13
      Required ratio:    0.00 (Cumulative area) 

    Via: L1M1_PR
      Partial area ratio:    0.07
      Required ratio:    3.00 (Gate area) 
      Cumulative area ratio:    0.07
      Required ratio:    0.00 (Cumulative area) 

  Pin: _22997_/A1 (sky130_fd_sc_hd__o211a_1)
    Layer: met2
      Partial area ratio:   27.87
      Required ratio:    0.00 (Gate area) 
      Partial area ratio:  139.84
      Required ratio: 4741.72 (Side area) 
      Cumulative area ratio:   36.90
      Required ratio:    0.00 (Cumulative area) 
      Cumulative area ratio:  186.48
      Required ratio:    0.00 (Cumulative side area) 

    Layer: met1
      Partial area ratio:    0.00
      Required ratio:    0.00 (Gate area) 
      Partial area ratio:    0.00
      Required ratio:  400.00 (Side area) 
      Cumulative area ratio:    0.00
      Required ratio:    0.00 (Cumulative area) 
      Cumulative area ratio:    0.00
      Required ratio:    0.00 (Cumulative side area) 

    Layer: li1
      Partial area ratio:    0.00
      Required ratio:    0.00 (Gate area) 
      Partial area ratio:    0.00
      Required ratio:   75.00 (Side area) 
      Cumulative area ratio:    0.00
      Required ratio:    0.00 (Cumulative area) 
      Cumulative area ratio:    0.00
      Required ratio:    0.00 (Cumulative side area) 

    Via: M1M2_PR
      Partial area ratio:    0.09
      Required ratio:    6.00 (Gate area) 
      Cumulative area ratio:    0.21
      Required ratio:    0.00 (Cumulative area) 

    Via: L1M1_PR
      Partial area ratio:    0.12
      Required ratio:    3.00 (Gate area) 
      Cumulative area ratio:    0.12
      Required ratio:    0.00 (Cumulative area) 

  Pin: ANTENNA__22997__A1/DIODE (sky130_fd_sc_hd__diode_2)
    Layer: met2
      Partial area ratio:   27.87
      Required ratio:    0.00 (Gate area) 
      Partial area ratio:  139.84
      Required ratio: 4741.72 (Side area) 
      Cumulative area ratio:   36.90
      Required ratio:    0.00 (Cumulative area) 
      Cumulative area ratio:  186.48
      Required ratio:    0.00 (Cumulative side area) 

    Layer: met1
      Partial area ratio:    7.36
      Required ratio:    0.00 (Gate area) 
      Partial area ratio:   37.71
      Required ratio: 2773.88 (Side area) 
      Cumulative area ratio:    7.36
      Required ratio:    0.00 (Cumulative area) 
      Cumulative area ratio:   37.71
      Required ratio:    0.00 (Cumulative side area) 

    Layer: li1
      Partial area ratio:    0.00
      Required ratio:    0.00 (Gate area) 
      Partial area ratio:    0.00
      Required ratio:  270.62 (Side area) 
      Cumulative area ratio:    0.00
      Required ratio:    0.00 (Cumulative area) 
      Cumulative area ratio:    0.00
      Required ratio:    0.00 (Cumulative side area) 

    Via: M1M2_PR
      Partial area ratio:    0.10
      Required ratio:    6.00 (Gate area) 
      Cumulative area ratio:    0.17
      Required ratio:    0.00 (Cumulative area) 

    Via: L1M1_PR
      Partial area ratio:    0.07
      Required ratio:    3.00 (Gate area) 
      Cumulative area ratio:    0.07
      Required ratio:    0.00 (Cumulative area) 

  Pin: ANTENNA__22828__A1/DIODE (sky130_fd_sc_hd__diode_2)
    Layer: met2
      Partial area ratio:   27.87
      Required ratio:    0.00 (Gate area) 
      Partial area ratio:  139.84
      Required ratio: 4741.72 (Side area) 
      Cumulative area ratio:  146.20
      Required ratio:    0.00 (Cumulative area) 
      Cumulative area ratio:  737.22
      Required ratio:    0.00 (Cumulative side area) 

    Layer: met1
      Partial area ratio:    0.00
      Required ratio:    0.00 (Gate area) 
      Partial area ratio:    0.00
      Required ratio: 2773.88 (Side area) 
      Cumulative area ratio:    0.00
      Required ratio:    0.00 (Cumulative area) 
      Cumulative area ratio:    0.00
      Required ratio:    0.00 (Cumulative side area) 

    Layer: li1
      Partial area ratio:    0.00
      Required ratio:    0.00 (Gate area) 
      Partial area ratio:    0.00
      Required ratio:  270.62 (Side area) 
      Cumulative area ratio:    0.00
      Required ratio:    0.00 (Cumulative area) 
      Cumulative area ratio:    0.00
      Required ratio:    0.00 (Cumulative side area) 

    Via: M1M2_PR
      Partial area ratio:    0.05
      Required ratio:    6.00 (Gate area) 
      Cumulative area ratio:    0.12
      Required ratio:    0.00 (Cumulative area) 

    Via: L1M1_PR
      Partial area ratio:    0.07
      Required ratio:    3.00 (Gate area) 
      Cumulative area ratio:    0.07
      Required ratio:    0.00 (Cumulative area) 

  Pin: _22828_/A1 (sky130_fd_sc_hd__o211a_1)
    Layer: met2
      Partial area ratio:   27.87
      Required ratio:    0.00 (Gate area) 
      Partial area ratio:  139.84
      Required ratio: 4741.72 (Side area) 
      Cumulative area ratio:  146.20
      Required ratio:    0.00 (Cumulative area) 
      Cumulative area ratio:  737.22
      Required ratio:    0.00 (Cumulative side area) 

    Layer: met1
      Partial area ratio:  116.66
      Required ratio:    0.00 (Gate area) 
      Partial area ratio:  588.45
      Required ratio:  400.00 (Side area) (VIOLATED)
      Cumulative area ratio:  116.66
      Required ratio:    0.00 (Cumulative area) 
      Cumulative area ratio:  588.45
      Required ratio:    0.00 (Cumulative side area) 

    Layer: li1
      Partial area ratio:    0.00
      Required ratio:    0.00 (Gate area) 
      Partial area ratio:    0.00
      Required ratio:   75.00 (Side area) 
      Cumulative area ratio:    0.00
      Required ratio:    0.00 (Cumulative area) 
      Cumulative area ratio:    0.00
      Required ratio:    0.00 (Cumulative side area) 

    Via: M1M2_PR
      Partial area ratio:    0.18
      Required ratio:    6.00 (Gate area) 
      Cumulative area ratio:    0.30
      Required ratio:    0.00 (Cumulative area) 

    Via: L1M1_PR
      Partial area ratio:    0.12
      Required ratio:    3.00 (Gate area) 
      Cumulative area ratio:    0.12
      Required ratio:    0.00 (Cumulative area) 

  Pin: ANTENNA__22912__A1/DIODE (sky130_fd_sc_hd__diode_2)
    Layer: met2
      Partial area ratio:   27.87
      Required ratio:    0.00 (Gate area) 
      Partial area ratio:  139.84
      Required ratio: 4741.72 (Side area) 
      Cumulative area ratio:   30.62
      Required ratio:    0.00 (Cumulative area) 
      Cumulative area ratio:  154.40
      Required ratio:    0.00 (Cumulative side area) 

    Layer: met1
      Partial area ratio:    1.08
      Required ratio:    0.00 (Gate area) 
      Partial area ratio:    5.64
      Required ratio: 2773.88 (Side area) 
      Cumulative area ratio:    1.08
      Required ratio:    0.00 (Cumulative area) 
      Cumulative area ratio:    5.64
      Required ratio:    0.00 (Cumulative side area) 

    Layer: li1
      Partial area ratio:    0.00
      Required ratio:    0.00 (Gate area) 
      Partial area ratio:    0.00
      Required ratio:  270.62 (Side area) 
      Cumulative area ratio:    0.00
      Required ratio:    0.00 (Cumulative area) 
      Cumulative area ratio:    0.00
      Required ratio:    0.00 (Cumulative side area) 

    Via: M1M2_PR
      Partial area ratio:    0.05
      Required ratio:    6.00 (Gate area) 
      Cumulative area ratio:    0.12
      Required ratio:    0.00 (Cumulative area) 

    Via: L1M1_PR
      Partial area ratio:    0.07
      Required ratio:    3.00 (Gate area) 
      Cumulative area ratio:    0.07
      Required ratio:    0.00 (Cumulative area) 

  Pin: _22912_/A1 (sky130_fd_sc_hd__o211a_1)
    Layer: met2
      Partial area ratio:   27.87
      Required ratio:    0.00 (Gate area) 
      Partial area ratio:  139.84
      Required ratio: 4741.72 (Side area) 
      Cumulative area ratio:   30.94
      Required ratio:    0.00 (Cumulative area) 
      Cumulative area ratio:  156.97
      Required ratio:    0.00 (Cumulative side area) 

    Layer: met1
      Partial area ratio:    1.40
      Required ratio:    0.00 (Gate area) 
      Partial area ratio:    8.20
      Required ratio:  400.00 (Side area) 
      Cumulative area ratio:    1.40
      Required ratio:    0.00 (Cumulative area) 
      Cumulative area ratio:    8.20
      Required ratio:    0.00 (Cumulative side area) 

    Layer: li1
      Partial area ratio:    0.00
      Required ratio:    0.00 (Gate area) 
      Partial area ratio:    0.00
      Required ratio:   75.00 (Side area) 
      Cumulative area ratio:    0.00
      Required ratio:    0.00 (Cumulative area) 
      Cumulative area ratio:    0.00
      Required ratio:    0.00 (Cumulative side area) 

    Via: M1M2_PR
      Partial area ratio:    0.09
      Required ratio:    6.00 (Gate area) 
      Cumulative area ratio:    0.21
      Required ratio:    0.00 (Cumulative area) 

    Via: L1M1_PR
      Partial area ratio:    0.12
      Required ratio:    3.00 (Gate area) 
      Cumulative area ratio:    0.12
      Required ratio:    0.00 (Cumulative area) 

  Pin: _23080_/A1 (sky130_fd_sc_hd__o211a_1)
    Layer: met2
      Partial area ratio:   27.87
      Required ratio:    0.00 (Gate area) 
      Partial area ratio:  139.84
      Required ratio: 4741.72 (Side area) 
      Cumulative area ratio:   29.54
      Required ratio:    0.00 (Cumulative area) 
      Cumulative area ratio:  148.77
      Required ratio:    0.00 (Cumulative side area) 

    Layer: met1
      Partial area ratio:    1.67
      Required ratio:    0.00 (Gate area) 
      Partial area ratio:    8.93
      Required ratio: 2773.88 (Side area) 
      Cumulative area ratio:    1.67
      Required ratio:    0.00 (Cumulative area) 
      Cumulative area ratio:    8.93
      Required ratio:    0.00 (Cumulative side area) 

    Layer: li1
      Partial area ratio:    0.00
      Required ratio:    0.00 (Gate area) 
      Partial area ratio:    0.00
      Required ratio:   75.00 (Side area) 
      Cumulative area ratio:    0.00
      Required ratio:    0.00 (Cumulative area) 
      Cumulative area ratio:    0.00
      Required ratio:    0.00 (Cumulative side area) 

    Via: M1M2_PR
      Partial area ratio:    0.07
      Required ratio:    6.00 (Gate area) 
      Cumulative area ratio:    0.18
      Required ratio:    0.00 (Cumulative area) 

    Via: L1M1_PR
      Partial area ratio:    0.12
      Required ratio:    3.00 (Gate area) 
      Cumulative area ratio:    0.12
      Required ratio:    0.00 (Cumulative area) 

  Pin: ANTENNA__20776__A/DIODE (sky130_fd_sc_hd__diode_2)
    Layer: met1
      Partial area ratio:    0.34
      Required ratio:    0.00 (Gate area) 
      Partial area ratio:    1.93
      Required ratio: 2773.88 (Side area) 
      Cumulative area ratio:    0.34
      Required ratio:    0.00 (Cumulative area) 
      Cumulative area ratio:    1.93
      Required ratio:    0.00 (Cumulative side area) 

    Layer: li1
      Partial area ratio:    0.00
      Required ratio:    0.00 (Gate area) 
      Partial area ratio:    0.00
      Required ratio:  270.62 (Side area) 
      Cumulative area ratio:    0.00
      Required ratio:    0.00 (Cumulative area) 
      Cumulative area ratio:    0.00
      Required ratio:    0.00 (Cumulative side area) 

    Layer: met3
      Partial area ratio:   12.02
      Required ratio:    0.00 (Gate area) 
      Partial area ratio:   64.26
      Required ratio: 4741.72 (Side area) 
      Cumulative area ratio:   12.36
      Required ratio:    0.00 (Cumulative area) 
      Cumulative area ratio:   66.19
      Required ratio:    0.00 (Cumulative side area) 

    Layer: met4
      Partial area ratio:    2.89
      Required ratio:    0.00 (Gate area) 
      Partial area ratio:   15.52
      Required ratio: 4915.60 (Side area) 
      Cumulative area ratio:   15.25
      Required ratio:    0.00 (Cumulative area) 
      Cumulative area ratio:   81.71
      Required ratio:    0.00 (Cumulative side area) 

    Via: M2M3_PR
      Partial area ratio:    0.01
      Required ratio:    6.00 (Gate area) 
      Cumulative area ratio:    0.13
      Required ratio:    0.00 (Cumulative area) 

    Via: M1M2_PR
      Partial area ratio:    0.05
      Required ratio:    6.00 (Gate area) 
      Cumulative area ratio:    0.12
      Required ratio:    0.00 (Cumulative area) 

    Via: L1M1_PR
      Partial area ratio:    0.07
      Required ratio:    3.00 (Gate area) 
      Cumulative area ratio:    0.07
      Required ratio:    0.00 (Cumulative area) 

    Via: M3M4_PR
      Partial area ratio:    0.01
      Required ratio:    6.00 (Gate area) 
      Cumulative area ratio:    0.14
      Required ratio:    0.00 (Cumulative area) 

  Pin: ANTENNA__21534__A1/DIODE (sky130_fd_sc_hd__diode_2)
    Layer: met4
      Partial area ratio:    2.89
      Required ratio:    0.00 (Gate area) 
      Partial area ratio:   15.52
      Required ratio: 4915.60 (Side area) 
      Cumulative area ratio:    3.56
      Required ratio:    0.00 (Cumulative area) 
      Cumulative area ratio:   19.96
      Required ratio:    0.00 (Cumulative side area) 

    Layer: met3
      Partial area ratio:    0.23
      Required ratio:    0.00 (Gate area) 
      Partial area ratio:    1.95
      Required ratio: 2773.88 (Side area) 
      Cumulative area ratio:    0.67
      Required ratio:    0.00 (Cumulative area) 
      Cumulative area ratio:    4.44
      Required ratio:    0.00 (Cumulative side area) 

    Layer: met2
      Partial area ratio:    0.44
      Required ratio:    0.00 (Gate area) 
      Partial area ratio:    2.49
      Required ratio: 2773.88 (Side area) 
      Cumulative area ratio:    0.44
      Required ratio:    0.00 (Cumulative area) 
      Cumulative area ratio:    2.49
      Required ratio:    0.00 (Cumulative side area) 

    Layer: met1
      Partial area ratio:    0.00
      Required ratio:    0.00 (Gate area) 
      Partial area ratio:    0.00
      Required ratio: 2773.88 (Side area) 
      Cumulative area ratio:    0.00
      Required ratio:    0.00 (Cumulative area) 
      Cumulative area ratio:    0.00
      Required ratio:    0.00 (Cumulative side area) 

    Layer: li1
      Partial area ratio:    0.00
      Required ratio:    0.00 (Gate area) 
      Partial area ratio:    0.00
      Required ratio:  270.62 (Side area) 
      Cumulative area ratio:    0.00
      Required ratio:    0.00 (Cumulative area) 
      Cumulative area ratio:    0.00
      Required ratio:    0.00 (Cumulative side area) 

    Via: M3M4_PR
      Partial area ratio:    0.06
      Required ratio:    6.00 (Gate area) 
      Cumulative area ratio:    0.24
      Required ratio:    0.00 (Cumulative area) 

    Via: M2M3_PR
      Partial area ratio:    0.06
      Required ratio:    6.00 (Gate area) 
      Cumulative area ratio:    0.18
      Required ratio:    0.00 (Cumulative area) 

    Via: M1M2_PR
      Partial area ratio:    0.05
      Required ratio:    6.00 (Gate area) 
      Cumulative area ratio:    0.12
      Required ratio:    0.00 (Cumulative area) 

    Via: L1M1_PR
      Partial area ratio:    0.07
      Required ratio:    3.00 (Gate area) 
      Cumulative area ratio:    0.07
      Required ratio:    0.00 (Cumulative area) 

  Pin: _21534_/A1 (sky130_fd_sc_hd__o311a_1)
    Layer: met4
      Partial area ratio:    2.89
      Required ratio:    0.00 (Gate area) 
      Partial area ratio:   15.52
      Required ratio: 4915.60 (Side area) 
      Cumulative area ratio:    4.94
      Required ratio:    0.00 (Cumulative area) 
      Cumulative area ratio:   27.25
      Required ratio:    0.00 (Cumulative side area) 

    Layer: met3
      Partial area ratio:    0.23
      Required ratio:    0.00 (Gate area) 
      Partial area ratio:    1.95
      Required ratio: 2773.88 (Side area) 
      Cumulative area ratio:    2.05
      Required ratio:    0.00 (Cumulative area) 
      Cumulative area ratio:   11.74
      Required ratio:    0.00 (Cumulative side area) 

    Layer: met2
      Partial area ratio:    0.44
      Required ratio:    0.00 (Gate area) 
      Partial area ratio:    2.49
      Required ratio: 2773.88 (Side area) 
      Cumulative area ratio:    1.82
      Required ratio:    0.00 (Cumulative area) 
      Cumulative area ratio:    9.79
      Required ratio:    0.00 (Cumulative side area) 

    Layer: met1
      Partial area ratio:    1.38
      Required ratio:    0.00 (Gate area) 
      Partial area ratio:    7.30
      Required ratio:  400.00 (Side area) 
      Cumulative area ratio:    1.38
      Required ratio:    0.00 (Cumulative area) 
      Cumulative area ratio:    7.30
      Required ratio:    0.00 (Cumulative side area) 

    Layer: li1
      Partial area ratio:    0.00
      Required ratio:    0.00 (Gate area) 
      Partial area ratio:    0.00
      Required ratio:   75.00 (Side area) 
      Cumulative area ratio:    0.00
      Required ratio:    0.00 (Cumulative area) 
      Cumulative area ratio:    0.00
      Required ratio:    0.00 (Cumulative side area) 

    Via: M3M4_PR
      Partial area ratio:    0.06
      Required ratio:    6.00 (Gate area) 
      Cumulative area ratio:    0.32
      Required ratio:    0.00 (Cumulative area) 

    Via: M2M3_PR
      Partial area ratio:    0.06
      Required ratio:    6.00 (Gate area) 
      Cumulative area ratio:    0.27
      Required ratio:    0.00 (Cumulative area) 

    Via: M1M2_PR
      Partial area ratio:    0.09
      Required ratio:    6.00 (Gate area) 
      Cumulative area ratio:    0.21
      Required ratio:    0.00 (Cumulative area) 

    Via: L1M1_PR
      Partial area ratio:    0.12
      Required ratio:    3.00 (Gate area) 
      Cumulative area ratio:    0.12
      Required ratio:    0.00 (Cumulative area) 

  Pin: _20776_/A (sky130_fd_sc_hd__clkbuf_4)
    Layer: met1
      Partial area ratio:  153.74
      Required ratio:    0.00 (Gate area) 
      Partial area ratio:  775.59
      Required ratio: 3872.32 (Side area) 
      Cumulative area ratio:  153.74
      Required ratio:    0.00 (Cumulative area) 
      Cumulative area ratio:  775.59
      Required ratio:    0.00 (Cumulative side area) 

    Layer: met2
      Partial area ratio:   27.87
      Required ratio:    0.00 (Gate area) 
      Partial area ratio:  139.84
      Required ratio: 4741.72 (Side area) 
      Cumulative area ratio:  181.61
      Required ratio:    0.00 (Cumulative area) 
      Cumulative area ratio:  915.43
      Required ratio:    0.00 (Cumulative side area) 

    Layer: met3
      Partial area ratio:   12.02
      Required ratio:    0.00 (Gate area) 
      Partial area ratio:   64.26
      Required ratio: 4741.72 (Side area) 
      Cumulative area ratio:  165.76
      Required ratio:    0.00 (Cumulative area) 
      Cumulative area ratio:  839.85
      Required ratio:    0.00 (Cumulative side area) 

    Layer: met4
      Partial area ratio:    2.89
      Required ratio:    0.00 (Gate area) 
      Partial area ratio:   15.52
      Required ratio: 4915.60 (Side area) 
      Cumulative area ratio:  168.65
      Required ratio:    0.00 (Cumulative area) 
      Cumulative area ratio:  855.36
      Required ratio:    0.00 (Cumulative side area) 

    Layer: li1
      Partial area ratio:    0.00
      Required ratio:    0.00 (Gate area) 
      Partial area ratio:    0.00
      Required ratio:   75.00 (Side area) 
      Cumulative area ratio:    0.00
      Required ratio:    0.00 (Cumulative area) 
      Cumulative area ratio:    0.00
      Required ratio:    0.00 (Cumulative side area) 

    Via: M1M2_PR
      Partial area ratio:    0.21
      Required ratio:    6.00 (Gate area) 
      Cumulative area ratio:    0.35
      Required ratio:    0.00 (Cumulative area) 

    Via: M2M3_PR
      Partial area ratio:    0.01
      Required ratio:    6.00 (Gate area) 
      Cumulative area ratio:    0.36
      Required ratio:    0.00 (Cumulative area) 

    Via: M3M4_PR
      Partial area ratio:    0.01
      Required ratio:    6.00 (Gate area) 
      Cumulative area ratio:    0.37
      Required ratio:    0.00 (Cumulative area) 

    Via: L1M1_PR
      Partial area ratio:    0.14
      Required ratio:    3.00 (Gate area) 
      Cumulative area ratio:    0.14
      Required ratio:    0.00 (Cumulative area) 


Net: _19448_
  Pin: _22110_/B (sky130_fd_sc_hd__or2_2)
    Layer: met2
      Partial area ratio:    1.06
      Required ratio:    0.00 (Gate area) 
      Partial area ratio:    5.52
      Required ratio: 3961.36 (Side area) 
      Cumulative area ratio:    3.58
      Required ratio:    0.00 (Cumulative area) 
      Cumulative area ratio:   18.75
      Required ratio:    0.00 (Cumulative side area) 

    Layer: met1
      Partial area ratio:    2.52
      Required ratio:    0.00 (Gate area) 
      Partial area ratio:   13.24
      Required ratio: 2947.76 (Side area) 
      Cumulative area ratio:    2.52
      Required ratio:    0.00 (Cumulative area) 
      Cumulative area ratio:   13.24
      Required ratio:    0.00 (Cumulative side area) 

    Layer: li1
      Partial area ratio:    0.00
      Required ratio:    0.00 (Gate area) 
      Partial area ratio:    0.00
      Required ratio:   75.00 (Side area) 
      Cumulative area ratio:    0.00
      Required ratio:    0.00 (Cumulative area) 
      Cumulative area ratio:    0.00
      Required ratio:    0.00 (Cumulative side area) 

    Via: M1M2_PR
      Partial area ratio:    0.04
      Required ratio:    6.00 (Gate area) 
      Cumulative area ratio:    0.27
      Required ratio:    0.00 (Cumulative area) 

    Via: L1M1_PR
      Partial area ratio:    0.23
      Required ratio:    3.00 (Gate area) 
      Cumulative area ratio:    0.23
      Required ratio:    0.00 (Cumulative area) 

  Pin: ANTENNA__22026__B/DIODE (sky130_fd_sc_hd__diode_2)
    Layer: met2
      Partial area ratio:    1.06
      Required ratio:    0.00 (Gate area) 
      Partial area ratio:    5.52
      Required ratio: 3961.36 (Side area) 
      Cumulative area ratio:    3.58
      Required ratio:    0.00 (Cumulative area) 
      Cumulative area ratio:   18.75
      Required ratio:    0.00 (Cumulative side area) 

    Layer: met1
      Partial area ratio:    2.52
      Required ratio:    0.00 (Gate area) 
      Partial area ratio:   13.24
      Required ratio: 2947.76 (Side area) 
      Cumulative area ratio:    2.52
      Required ratio:    0.00 (Cumulative area) 
      Cumulative area ratio:   13.24
      Required ratio:    0.00 (Cumulative side area) 

    Layer: li1
      Partial area ratio:    0.00
      Required ratio:    0.00 (Gate area) 
      Partial area ratio:    0.00
      Required ratio:  270.62 (Side area) 
      Cumulative area ratio:    0.00
      Required ratio:    0.00 (Cumulative area) 
      Cumulative area ratio:    0.00
      Required ratio:    0.00 (Cumulative side area) 

    Via: M1M2_PR
      Partial area ratio:    0.04
      Required ratio:    6.00 (Gate area) 
      Cumulative area ratio:    0.10
      Required ratio:    0.00 (Cumulative area) 

    Via: L1M1_PR
      Partial area ratio:    0.07
      Required ratio:    3.00 (Gate area) 
      Cumulative area ratio:    0.07
      Required ratio:    0.00 (Cumulative area) 

  Pin: _21914_/B (sky130_fd_sc_hd__or2_4)
    Layer: met2
      Partial area ratio:    1.06
      Required ratio:    0.00 (Gate area) 
      Partial area ratio:    5.52
      Required ratio: 3961.36 (Side area) 
      Cumulative area ratio:    3.58
      Required ratio:    0.00 (Cumulative area) 
      Cumulative area ratio:   18.75
      Required ratio:    0.00 (Cumulative side area) 

    Layer: met1
      Partial area ratio:    0.00
      Required ratio:    0.00 (Gate area) 
      Partial area ratio:    0.00
      Required ratio:  400.00 (Side area) 
      Cumulative area ratio:    0.00
      Required ratio:    0.00 (Cumulative area) 
      Cumulative area ratio:    0.00
      Required ratio:    0.00 (Cumulative side area) 

    Layer: li1
      Partial area ratio:    0.00
      Required ratio:    0.00 (Gate area) 
      Partial area ratio:    0.00
      Required ratio:   75.00 (Side area) 
      Cumulative area ratio:    0.00
      Required ratio:    0.00 (Cumulative area) 
      Cumulative area ratio:    0.00
      Required ratio:    0.00 (Cumulative side area) 

    Via: M1M2_PR
      Partial area ratio:    0.09
      Required ratio:    6.00 (Gate area) 
      Cumulative area ratio:    0.21
      Required ratio:    0.00 (Cumulative area) 

    Via: L1M1_PR
      Partial area ratio:    0.12
      Required ratio:    3.00 (Gate area) 
      Cumulative area ratio:    0.12
      Required ratio:    0.00 (Cumulative area) 

  Pin: ANTENNA__21914__B/DIODE (sky130_fd_sc_hd__diode_2)
    Layer: met2
      Partial area ratio:    1.06
      Required ratio:    0.00 (Gate area) 
      Partial area ratio:    5.52
      Required ratio: 3961.36 (Side area) 
      Cumulative area ratio:   11.04
      Required ratio:    0.00 (Cumulative area) 
      Cumulative area ratio:   57.31
      Required ratio:    0.00 (Cumulative side area) 

    Layer: met1
      Partial area ratio:    7.46
      Required ratio:    0.00 (Gate area) 
      Partial area ratio:   38.56
      Required ratio: 2947.76 (Side area) 
      Cumulative area ratio:    7.46
      Required ratio:    0.00 (Cumulative area) 
      Cumulative area ratio:   38.56
      Required ratio:    0.00 (Cumulative side area) 

    Layer: li1
      Partial area ratio:    0.00
      Required ratio:    0.00 (Gate area) 
      Partial area ratio:    0.00
      Required ratio:  270.62 (Side area) 
      Cumulative area ratio:    0.00
      Required ratio:    0.00 (Cumulative area) 
      Cumulative area ratio:    0.00
      Required ratio:    0.00 (Cumulative side area) 

    Via: M1M2_PR
      Partial area ratio:    0.05
      Required ratio:    6.00 (Gate area) 
      Cumulative area ratio:    0.11
      Required ratio:    0.00 (Cumulative area) 

    Via: L1M1_PR
      Partial area ratio:    0.07
      Required ratio:    3.00 (Gate area) 
      Cumulative area ratio:    0.07
      Required ratio:    0.00 (Cumulative area) 

  Pin: ANTENNA__21826__B/DIODE (sky130_fd_sc_hd__diode_2)
    Layer: met2
      Partial area ratio:    1.06
      Required ratio:    0.00 (Gate area) 
      Partial area ratio:    5.52
      Required ratio: 3961.36 (Side area) 
      Cumulative area ratio:   11.04
      Required ratio:    0.00 (Cumulative area) 
      Cumulative area ratio:   57.31
      Required ratio:    0.00 (Cumulative side area) 

    Layer: met1
      Partial area ratio:    7.46
      Required ratio:    0.00 (Gate area) 
      Partial area ratio:   38.56
      Required ratio: 2947.76 (Side area) 
      Cumulative area ratio:    7.46
      Required ratio:    0.00 (Cumulative area) 
      Cumulative area ratio:   38.56
      Required ratio:    0.00 (Cumulative side area) 

    Layer: li1
      Partial area ratio:    0.00
      Required ratio:    0.00 (Gate area) 
      Partial area ratio:    0.00
      Required ratio:  270.62 (Side area) 
      Cumulative area ratio:    0.00
      Required ratio:    0.00 (Cumulative area) 
      Cumulative area ratio:    0.00
      Required ratio:    0.00 (Cumulative side area) 

    Via: M1M2_PR
      Partial area ratio:    0.05
      Required ratio:    6.00 (Gate area) 
      Cumulative area ratio:    0.11
      Required ratio:    0.00 (Cumulative area) 

    Via: L1M1_PR
      Partial area ratio:    0.07
      Required ratio:    3.00 (Gate area) 
      Cumulative area ratio:    0.07
      Required ratio:    0.00 (Cumulative area) 

  Pin: ANTENNA__21740__B/DIODE (sky130_fd_sc_hd__diode_2)
    Layer: met2
      Partial area ratio:    1.06
      Required ratio:    0.00 (Gate area) 
      Partial area ratio:    5.52
      Required ratio: 3961.36 (Side area) 
      Cumulative area ratio:   11.04
      Required ratio:    0.00 (Cumulative area) 
      Cumulative area ratio:   57.31
      Required ratio:    0.00 (Cumulative side area) 

    Layer: met1
      Partial area ratio:    0.00
      Required ratio:    0.00 (Gate area) 
      Partial area ratio:    0.00
      Required ratio: 2773.88 (Side area) 
      Cumulative area ratio:    0.00
      Required ratio:    0.00 (Cumulative area) 
      Cumulative area ratio:    0.00
      Required ratio:    0.00 (Cumulative side area) 

    Layer: li1
      Partial area ratio:    0.00
      Required ratio:    0.00 (Gate area) 
      Partial area ratio:    0.00
      Required ratio:  270.62 (Side area) 
      Cumulative area ratio:    0.00
      Required ratio:    0.00 (Cumulative area) 
      Cumulative area ratio:    0.00
      Required ratio:    0.00 (Cumulative side area) 

    Via: M1M2_PR
      Partial area ratio:    0.05
      Required ratio:    6.00 (Gate area) 
      Cumulative area ratio:    0.12
      Required ratio:    0.00 (Cumulative area) 

    Via: L1M1_PR
      Partial area ratio:    0.07
      Required ratio:    3.00 (Gate area) 
      Cumulative area ratio:    0.07
      Required ratio:    0.00 (Cumulative area) 

  Pin: _21740_/B (sky130_fd_sc_hd__or2_1)
    Layer: met2
      Partial area ratio:    1.06
      Required ratio:    0.00 (Gate area) 
      Partial area ratio:    5.52
      Required ratio: 3961.36 (Side area) 
      Cumulative area ratio:   13.24
      Required ratio:    0.00 (Cumulative area) 
      Cumulative area ratio:   69.09
      Required ratio:    0.00 (Cumulative side area) 

    Layer: met1
      Partial area ratio:    2.20
      Required ratio:    0.00 (Gate area) 
      Partial area ratio:   11.78
      Required ratio:  400.00 (Side area) 
      Cumulative area ratio:    2.20
      Required ratio:    0.00 (Cumulative area) 
      Cumulative area ratio:   11.78
      Required ratio:    0.00 (Cumulative side area) 

    Layer: li1
      Partial area ratio:    0.00
      Required ratio:    0.00 (Gate area) 
      Partial area ratio:    0.00
      Required ratio:   75.00 (Side area) 
      Cumulative area ratio:    0.00
      Required ratio:    0.00 (Cumulative area) 
      Cumulative area ratio:    0.00
      Required ratio:    0.00 (Cumulative side area) 

    Via: M1M2_PR
      Partial area ratio:    0.18
      Required ratio:    6.00 (Gate area) 
      Cumulative area ratio:    0.41
      Required ratio:    0.00 (Cumulative area) 

    Via: L1M1_PR
      Partial area ratio:    0.23
      Required ratio:    3.00 (Gate area) 
      Cumulative area ratio:    0.23
      Required ratio:    0.00 (Cumulative area) 

  Pin: _21826_/B (sky130_fd_sc_hd__or2_2)
    Layer: met2
      Partial area ratio:    1.06
      Required ratio:    0.00 (Gate area) 
      Partial area ratio:    5.52
      Required ratio: 3961.36 (Side area) 
      Cumulative area ratio:   11.04
      Required ratio:    0.00 (Cumulative area) 
      Cumulative area ratio:   57.31
      Required ratio:    0.00 (Cumulative side area) 

    Layer: met1
      Partial area ratio:    7.46
      Required ratio:    0.00 (Gate area) 
      Partial area ratio:   38.56
      Required ratio: 2947.76 (Side area) 
      Cumulative area ratio:    7.46
      Required ratio:    0.00 (Cumulative area) 
      Cumulative area ratio:   38.56
      Required ratio:    0.00 (Cumulative side area) 

    Layer: li1
      Partial area ratio:    0.00
      Required ratio:    0.00 (Gate area) 
      Partial area ratio:    0.00
      Required ratio:   75.00 (Side area) 
      Cumulative area ratio:    0.00
      Required ratio:    0.00 (Cumulative area) 
      Cumulative area ratio:    0.00
      Required ratio:    0.00 (Cumulative side area) 

    Via: M1M2_PR
      Partial area ratio:    0.05
      Required ratio:    6.00 (Gate area) 
      Cumulative area ratio:    0.27
      Required ratio:    0.00 (Cumulative area) 

    Via: L1M1_PR
      Partial area ratio:    0.23
      Required ratio:    3.00 (Gate area) 
      Cumulative area ratio:    0.23
      Required ratio:    0.00 (Cumulative area) 

  Pin: _22026_/B (sky130_fd_sc_hd__or2_4)
    Layer: met2
      Partial area ratio:    1.06
      Required ratio:    0.00 (Gate area) 
      Partial area ratio:    5.52
      Required ratio: 3961.36 (Side area) 
      Cumulative area ratio:    3.58
      Required ratio:    0.00 (Cumulative area) 
      Cumulative area ratio:   18.75
      Required ratio:    0.00 (Cumulative side area) 

    Layer: met1
      Partial area ratio:    2.52
      Required ratio:    0.00 (Gate area) 
      Partial area ratio:   13.24
      Required ratio: 2947.76 (Side area) 
      Cumulative area ratio:    2.52
      Required ratio:    0.00 (Cumulative area) 
      Cumulative area ratio:   13.24
      Required ratio:    0.00 (Cumulative side area) 

    Layer: li1
      Partial area ratio:    0.00
      Required ratio:    0.00 (Gate area) 
      Partial area ratio:    0.00
      Required ratio:   75.00 (Side area) 
      Cumulative area ratio:    0.00
      Required ratio:    0.00 (Cumulative area) 
      Cumulative area ratio:    0.00
      Required ratio:    0.00 (Cumulative side area) 

    Via: M1M2_PR
      Partial area ratio:    0.04
      Required ratio:    6.00 (Gate area) 
      Cumulative area ratio:    0.15
      Required ratio:    0.00 (Cumulative area) 

    Via: L1M1_PR
      Partial area ratio:    0.12
      Required ratio:    3.00 (Gate area) 
      Cumulative area ratio:    0.12
      Required ratio:    0.00 (Cumulative area) 

  Pin: ANTENNA__22110__B/DIODE (sky130_fd_sc_hd__diode_2)
    Layer: met2
      Partial area ratio:    1.06
      Required ratio:    0.00 (Gate area) 
      Partial area ratio:    5.52
      Required ratio: 3961.36 (Side area) 
      Cumulative area ratio:    3.58
      Required ratio:    0.00 (Cumulative area) 
      Cumulative area ratio:   18.75
      Required ratio:    0.00 (Cumulative side area) 

    Layer: met1
      Partial area ratio:    2.52
      Required ratio:    0.00 (Gate area) 
      Partial area ratio:   13.24
      Required ratio: 2947.76 (Side area) 
      Cumulative area ratio:    2.52
      Required ratio:    0.00 (Cumulative area) 
      Cumulative area ratio:   13.24
      Required ratio:    0.00 (Cumulative side area) 

    Layer: li1
      Partial area ratio:    0.00
      Required ratio:    0.00 (Gate area) 
      Partial area ratio:    0.00
      Required ratio:  270.62 (Side area) 
      Cumulative area ratio:    0.00
      Required ratio:    0.00 (Cumulative area) 
      Cumulative area ratio:    0.00
      Required ratio:    0.00 (Cumulative side area) 

    Via: M1M2_PR
      Partial area ratio:    0.04
      Required ratio:    6.00 (Gate area) 
      Cumulative area ratio:    0.10
      Required ratio:    0.00 (Cumulative area) 

    Via: L1M1_PR
      Partial area ratio:    0.07
      Required ratio:    3.00 (Gate area) 
      Cumulative area ratio:    0.07
      Required ratio:    0.00 (Cumulative area) 

  Pin: _22196_/B (sky130_fd_sc_hd__or2_2)
    Layer: met2
      Partial area ratio:    1.06
      Required ratio:    0.00 (Gate area) 
      Partial area ratio:    5.52
      Required ratio: 3961.36 (Side area) 
      Cumulative area ratio:  190.75
      Required ratio:    0.00 (Cumulative area) 
      Cumulative area ratio:  960.18
      Required ratio:    0.00 (Cumulative side area) 

    Layer: met1
      Partial area ratio:  189.69
      Required ratio:    0.00 (Gate area) 
      Partial area ratio:  954.67
      Required ratio:  400.00 (Side area) (VIOLATED)
      Cumulative area ratio:  189.69
      Required ratio:    0.00 (Cumulative area) 
      Cumulative area ratio:  954.67
      Required ratio:    0.00 (Cumulative side area) 

    Layer: li1
      Partial area ratio:    0.00
      Required ratio:    0.00 (Gate area) 
      Partial area ratio:    0.00
      Required ratio:   75.00 (Side area) 
      Cumulative area ratio:    0.00
      Required ratio:    0.00 (Cumulative area) 
      Cumulative area ratio:    0.00
      Required ratio:    0.00 (Cumulative side area) 

    Via: M1M2_PR
      Partial area ratio:    0.36
      Required ratio:    6.00 (Gate area) 
      Cumulative area ratio:    0.59
      Required ratio:    0.00 (Cumulative area) 

    Via: L1M1_PR
      Partial area ratio:    0.23
      Required ratio:    3.00 (Gate area) 
      Cumulative area ratio:    0.23
      Required ratio:    0.00 (Cumulative area) 

  Pin: ANTENNA__22196__B/DIODE (sky130_fd_sc_hd__diode_2)
    Layer: met2
      Partial area ratio:    1.06
      Required ratio:    0.00 (Gate area) 
      Partial area ratio:    5.52
      Required ratio: 3961.36 (Side area) 
      Cumulative area ratio:  190.75
      Required ratio:    0.00 (Cumulative area) 
      Cumulative area ratio:  960.18
      Required ratio:    0.00 (Cumulative side area) 

    Layer: met1
      Partial area ratio:    0.00
      Required ratio:    0.00 (Gate area) 
      Partial area ratio:    0.00
      Required ratio: 2773.88 (Side area) 
      Cumulative area ratio:    0.00
      Required ratio:    0.00 (Cumulative area) 
      Cumulative area ratio:    0.00
      Required ratio:    0.00 (Cumulative side area) 

    Layer: li1
      Partial area ratio:    0.00
      Required ratio:    0.00 (Gate area) 
      Partial area ratio:    0.00
      Required ratio:  270.62 (Side area) 
      Cumulative area ratio:    0.00
      Required ratio:    0.00 (Cumulative area) 
      Cumulative area ratio:    0.00
      Required ratio:    0.00 (Cumulative side area) 

    Via: M1M2_PR
      Partial area ratio:    0.05
      Required ratio:    6.00 (Gate area) 
      Cumulative area ratio:    0.12
      Required ratio:    0.00 (Cumulative area) 

    Via: L1M1_PR
      Partial area ratio:    0.07
      Required ratio:    3.00 (Gate area) 
      Cumulative area ratio:    0.07
      Required ratio:    0.00 (Cumulative area) 


Net: _19512_
  Pin: _22292_/A1 (sky130_fd_sc_hd__o211a_1)
    Layer: met2
      Partial area ratio:   14.37
      Required ratio:    0.00 (Gate area) 
      Partial area ratio:   72.62
      Required ratio: 3834.44 (Side area) 
      Cumulative area ratio:   15.71
      Required ratio:    0.00 (Cumulative area) 
      Cumulative area ratio:   79.89
      Required ratio:    0.00 (Cumulative side area) 

    Layer: met1
      Partial area ratio:    1.34
      Required ratio:    0.00 (Gate area) 
      Partial area ratio:    7.26
      Required ratio: 2773.88 (Side area) 
      Cumulative area ratio:    1.34
      Required ratio:    0.00 (Cumulative area) 
      Cumulative area ratio:    7.26
      Required ratio:    0.00 (Cumulative side area) 

    Layer: li1
      Partial area ratio:    0.00
      Required ratio:    0.00 (Gate area) 
      Partial area ratio:    0.00
      Required ratio:   75.00 (Side area) 
      Cumulative area ratio:    0.00
      Required ratio:    0.00 (Cumulative area) 
      Cumulative area ratio:    0.00
      Required ratio:    0.00 (Cumulative side area) 

    Layer: met3
      Partial area ratio:    1.64
      Required ratio:    0.00 (Gate area) 
      Partial area ratio:    8.87
      Required ratio: 4356.08 (Side area) 
      Cumulative area ratio:   17.35
      Required ratio:    0.00 (Cumulative area) 
      Cumulative area ratio:   88.75
      Required ratio:    0.00 (Cumulative side area) 

    Via: M2M3_PR
      Partial area ratio:    0.02
      Required ratio:    6.00 (Gate area) 
      Cumulative area ratio:    0.20
      Required ratio:    0.00 (Cumulative area) 

    Via: M1M2_PR
      Partial area ratio:    0.07
      Required ratio:    6.00 (Gate area) 
      Cumulative area ratio:    0.18
      Required ratio:    0.00 (Cumulative area) 

    Via: L1M1_PR
      Partial area ratio:    0.12
      Required ratio:    3.00 (Gate area) 
      Cumulative area ratio:    0.12
      Required ratio:    0.00 (Cumulative area) 

  Pin: _22207_/A1 (sky130_fd_sc_hd__o211a_1)
    Layer: met2
      Partial area ratio:   14.37
      Required ratio:    0.00 (Gate area) 
      Partial area ratio:   72.62
      Required ratio: 3834.44 (Side area) 
      Cumulative area ratio:   18.96
      Required ratio:    0.00 (Cumulative area) 
      Cumulative area ratio:   96.72
      Required ratio:    0.00 (Cumulative side area) 

    Layer: met1
      Partial area ratio:    3.25
      Required ratio:    0.00 (Gate area) 
      Partial area ratio:   16.83
      Required ratio: 2773.88 (Side area) 
      Cumulative area ratio:    3.25
      Required ratio:    0.00 (Cumulative area) 
      Cumulative area ratio:   16.83
      Required ratio:    0.00 (Cumulative side area) 

    Layer: li1
      Partial area ratio:    0.00
      Required ratio:    0.00 (Gate area) 
      Partial area ratio:    0.00
      Required ratio:   75.00 (Side area) 
      Cumulative area ratio:    0.00
      Required ratio:    0.00 (Cumulative area) 
      Cumulative area ratio:    0.00
      Required ratio:    0.00 (Cumulative side area) 

    Layer: met3
      Partial area ratio:    1.64
      Required ratio:    0.00 (Gate area) 
      Partial area ratio:    8.87
      Required ratio: 4356.08 (Side area) 
      Cumulative area ratio:   20.60
      Required ratio:    0.00 (Cumulative area) 
      Cumulative area ratio:  105.58
      Required ratio:    0.00 (Cumulative side area) 

    Via: M2M3_PR
      Partial area ratio:    0.02
      Required ratio:    6.00 (Gate area) 
      Cumulative area ratio:    0.24
      Required ratio:    0.00 (Cumulative area) 

    Via: M1M2_PR
      Partial area ratio:    0.03
      Required ratio:    6.00 (Gate area) 
      Cumulative area ratio:    0.15
      Required ratio:    0.00 (Cumulative area) 

    Via: L1M1_PR
      Partial area ratio:    0.12
      Required ratio:    3.00 (Gate area) 
      Cumulative area ratio:    0.12
      Required ratio:    0.00 (Cumulative area) 

  Pin: ANTENNA__22207__A1/DIODE (sky130_fd_sc_hd__diode_2)
    Layer: met2
      Partial area ratio:   14.37
      Required ratio:    0.00 (Gate area) 
      Partial area ratio:   72.62
      Required ratio: 3834.44 (Side area) 
      Cumulative area ratio:   18.96
      Required ratio:    0.00 (Cumulative area) 
      Cumulative area ratio:   96.72
      Required ratio:    0.00 (Cumulative side area) 

    Layer: met1
      Partial area ratio:    3.25
      Required ratio:    0.00 (Gate area) 
      Partial area ratio:   16.83
      Required ratio: 2773.88 (Side area) 
      Cumulative area ratio:    3.25
      Required ratio:    0.00 (Cumulative area) 
      Cumulative area ratio:   16.83
      Required ratio:    0.00 (Cumulative side area) 

    Layer: li1
      Partial area ratio:    0.00
      Required ratio:    0.00 (Gate area) 
      Partial area ratio:    0.00
      Required ratio:  270.62 (Side area) 
      Cumulative area ratio:    0.00
      Required ratio:    0.00 (Cumulative area) 
      Cumulative area ratio:    0.00
      Required ratio:    0.00 (Cumulative side area) 

    Layer: met3
      Partial area ratio:    1.64
      Required ratio:    0.00 (Gate area) 
      Partial area ratio:    8.87
      Required ratio: 4356.08 (Side area) 
      Cumulative area ratio:   20.60
      Required ratio:    0.00 (Cumulative area) 
      Cumulative area ratio:  105.58
      Required ratio:    0.00 (Cumulative side area) 

    Via: M2M3_PR
      Partial area ratio:    0.02
      Required ratio:    6.00 (Gate area) 
      Cumulative area ratio:    0.18
      Required ratio:    0.00 (Cumulative area) 

    Via: M1M2_PR
      Partial area ratio:    0.03
      Required ratio:    6.00 (Gate area) 
      Cumulative area ratio:    0.10
      Required ratio:    0.00 (Cumulative area) 

    Via: L1M1_PR
      Partial area ratio:    0.07
      Required ratio:    3.00 (Gate area) 
      Cumulative area ratio:    0.07
      Required ratio:    0.00 (Cumulative area) 

  Pin: _22122_/A1 (sky130_fd_sc_hd__o211a_1)
    Layer: met2
      Partial area ratio:   14.37
      Required ratio:    0.00 (Gate area) 
      Partial area ratio:   72.62
      Required ratio: 3834.44 (Side area) 
      Cumulative area ratio:   16.59
      Required ratio:    0.00 (Cumulative area) 
      Cumulative area ratio:   84.59
      Required ratio:    0.00 (Cumulative side area) 

    Layer: met1
      Partial area ratio:    0.88
      Required ratio:    0.00 (Gate area) 
      Partial area ratio:    4.70
      Required ratio: 2773.88 (Side area) 
      Cumulative area ratio:    0.88
      Required ratio:    0.00 (Cumulative area) 
      Cumulative area ratio:    4.70
      Required ratio:    0.00 (Cumulative side area) 

    Layer: li1
      Partial area ratio:    0.00
      Required ratio:    0.00 (Gate area) 
      Partial area ratio:    0.00
      Required ratio:   75.00 (Side area) 
      Cumulative area ratio:    0.00
      Required ratio:    0.00 (Cumulative area) 
      Cumulative area ratio:    0.00
      Required ratio:    0.00 (Cumulative side area) 

    Layer: met3
      Partial area ratio:    1.64
      Required ratio:    0.00 (Gate area) 
      Partial area ratio:    8.87
      Required ratio: 4356.08 (Side area) 
      Cumulative area ratio:   18.23
      Required ratio:    0.00 (Cumulative area) 
      Cumulative area ratio:   93.45
      Required ratio:    0.00 (Cumulative side area) 

    Via: M2M3_PR
      Partial area ratio:    0.02
      Required ratio:    6.00 (Gate area) 
      Cumulative area ratio:    0.24
      Required ratio:    0.00 (Cumulative area) 

    Via: M1M2_PR
      Partial area ratio:    0.03
      Required ratio:    6.00 (Gate area) 
      Cumulative area ratio:    0.15
      Required ratio:    0.00 (Cumulative area) 

    Via: L1M1_PR
      Partial area ratio:    0.12
      Required ratio:    3.00 (Gate area) 
      Cumulative area ratio:    0.12
      Required ratio:    0.00 (Cumulative area) 

  Pin: ANTENNA__22122__A1/DIODE (sky130_fd_sc_hd__diode_2)
    Layer: met2
      Partial area ratio:   14.37
      Required ratio:    0.00 (Gate area) 
      Partial area ratio:   72.62
      Required ratio: 3834.44 (Side area) 
      Cumulative area ratio:   16.59
      Required ratio:    0.00 (Cumulative area) 
      Cumulative area ratio:   84.59
      Required ratio:    0.00 (Cumulative side area) 

    Layer: met1
      Partial area ratio:    0.88
      Required ratio:    0.00 (Gate area) 
      Partial area ratio:    4.70
      Required ratio: 2773.88 (Side area) 
      Cumulative area ratio:    0.88
      Required ratio:    0.00 (Cumulative area) 
      Cumulative area ratio:    4.70
      Required ratio:    0.00 (Cumulative side area) 

    Layer: li1
      Partial area ratio:    0.00
      Required ratio:    0.00 (Gate area) 
      Partial area ratio:    0.00
      Required ratio:  270.62 (Side area) 
      Cumulative area ratio:    0.00
      Required ratio:    0.00 (Cumulative area) 
      Cumulative area ratio:    0.00
      Required ratio:    0.00 (Cumulative side area) 

    Layer: met3
      Partial area ratio:    1.64
      Required ratio:    0.00 (Gate area) 
      Partial area ratio:    8.87
      Required ratio: 4356.08 (Side area) 
      Cumulative area ratio:   18.23
      Required ratio:    0.00 (Cumulative area) 
      Cumulative area ratio:   93.45
      Required ratio:    0.00 (Cumulative side area) 

    Via: M2M3_PR
      Partial area ratio:    0.02
      Required ratio:    6.00 (Gate area) 
      Cumulative area ratio:    0.18
      Required ratio:    0.00 (Cumulative area) 

    Via: M1M2_PR
      Partial area ratio:    0.03
      Required ratio:    6.00 (Gate area) 
      Cumulative area ratio:    0.10
      Required ratio:    0.00 (Cumulative area) 

    Via: L1M1_PR
      Partial area ratio:    0.07
      Required ratio:    3.00 (Gate area) 
      Cumulative area ratio:    0.07
      Required ratio:    0.00 (Cumulative area) 

  Pin: ANTENNA__22037__A1/DIODE (sky130_fd_sc_hd__diode_2)
    Layer: met3
      Partial area ratio:    1.64
      Required ratio:    0.00 (Gate area) 
      Partial area ratio:    8.87
      Required ratio: 4356.08 (Side area) 
      Cumulative area ratio:  129.48
      Required ratio:    0.00 (Cumulative area) 
      Cumulative area ratio:  653.32
      Required ratio:    0.00 (Cumulative side area) 

    Layer: met2
      Partial area ratio:    5.77
      Required ratio:    0.00 (Gate area) 
      Partial area ratio:   29.29
      Required ratio: 3121.64 (Side area) 
      Cumulative area ratio:  127.84
      Required ratio:    0.00 (Cumulative area) 
      Cumulative area ratio:  644.46
      Required ratio:    0.00 (Cumulative side area) 

    Layer: met1
      Partial area ratio:   11.35
      Required ratio:    0.00 (Gate area) 
      Partial area ratio:   57.20
      Required ratio: 2773.88 (Side area) 
      Cumulative area ratio:   11.35
      Required ratio:    0.00 (Cumulative area) 
      Cumulative area ratio:   57.20
      Required ratio:    0.00 (Cumulative side area) 

    Layer: li1
      Partial area ratio:    0.00
      Required ratio:    0.00 (Gate area) 
      Partial area ratio:    0.00
      Required ratio:  270.62 (Side area) 
      Cumulative area ratio:    0.00
      Required ratio:    0.00 (Cumulative area) 
      Cumulative area ratio:    0.00
      Required ratio:    0.00 (Cumulative side area) 

    Via: M2M3_PR
      Partial area ratio:    0.02
      Required ratio:    6.00 (Gate area) 
      Cumulative area ratio:    0.37
      Required ratio:    0.00 (Cumulative area) 

    Via: M1M2_PR
      Partial area ratio:    0.10
      Required ratio:    6.00 (Gate area) 
      Cumulative area ratio:    0.17
      Required ratio:    0.00 (Cumulative area) 

    Via: L1M1_PR
      Partial area ratio:    0.07
      Required ratio:    3.00 (Gate area) 
      Cumulative area ratio:    0.07
      Required ratio:    0.00 (Cumulative area) 

  Pin: _22037_/A1 (sky130_fd_sc_hd__o211a_1)
    Layer: met3
      Partial area ratio:    1.64
      Required ratio:    0.00 (Gate area) 
      Partial area ratio:    8.87
      Required ratio: 4356.08 (Side area) 
      Cumulative area ratio:  129.48
      Required ratio:    0.00 (Cumulative area) 
      Cumulative area ratio:  653.32
      Required ratio:    0.00 (Cumulative side area) 

    Layer: met2
      Partial area ratio:    5.77
      Required ratio:    0.00 (Gate area) 
      Partial area ratio:   29.29
      Required ratio: 3121.64 (Side area) 
      Cumulative area ratio:  127.84
      Required ratio:    0.00 (Cumulative area) 
      Cumulative area ratio:  644.46
      Required ratio:    0.00 (Cumulative side area) 

    Layer: met1
      Partial area ratio:    0.00
      Required ratio:    0.00 (Gate area) 
      Partial area ratio:    0.00
      Required ratio:  400.00 (Side area) 
      Cumulative area ratio:    0.00
      Required ratio:    0.00 (Cumulative area) 
      Cumulative area ratio:    0.00
      Required ratio:    0.00 (Cumulative side area) 

    Layer: li1
      Partial area ratio:    0.00
      Required ratio:    0.00 (Gate area) 
      Partial area ratio:    0.00
      Required ratio:   75.00 (Side area) 
      Cumulative area ratio:    0.00
      Required ratio:    0.00 (Cumulative area) 
      Cumulative area ratio:    0.00
      Required ratio:    0.00 (Cumulative side area) 

    Via: M2M3_PR
      Partial area ratio:    0.02
      Required ratio:    6.00 (Gate area) 
      Cumulative area ratio:    0.51
      Required ratio:    0.00 (Cumulative area) 

    Via: M1M2_PR
      Partial area ratio:    0.09
      Required ratio:    6.00 (Gate area) 
      Cumulative area ratio:    0.21
      Required ratio:    0.00 (Cumulative area) 

    Via: L1M1_PR
      Partial area ratio:    0.12
      Required ratio:    3.00 (Gate area) 
      Cumulative area ratio:    0.12
      Required ratio:    0.00 (Cumulative area) 

  Pin: ANTENNA__21926__A1/DIODE (sky130_fd_sc_hd__diode_2)
    Layer: met3
      Partial area ratio:    1.64
      Required ratio:    0.00 (Gate area) 
      Partial area ratio:    8.87
      Required ratio: 4356.08 (Side area) 
      Cumulative area ratio:  160.39
      Required ratio:    0.00 (Cumulative area) 
      Cumulative area ratio:  808.30
      Required ratio:    0.00 (Cumulative side area) 

    Layer: met2
      Partial area ratio:    5.77
      Required ratio:    0.00 (Gate area) 
      Partial area ratio:   29.29
      Required ratio: 3121.64 (Side area) 
      Cumulative area ratio:  158.75
      Required ratio:    0.00 (Cumulative area) 
      Cumulative area ratio:  799.43
      Required ratio:    0.00 (Cumulative side area) 

    Layer: met1
      Partial area ratio:   30.90
      Required ratio:    0.00 (Gate area) 
      Partial area ratio:  154.98
      Required ratio: 2773.88 (Side area) 
      Cumulative area ratio:   30.90
      Required ratio:    0.00 (Cumulative area) 
      Cumulative area ratio:  154.98
      Required ratio:    0.00 (Cumulative side area) 

    Layer: li1
      Partial area ratio:    0.00
      Required ratio:    0.00 (Gate area) 
      Partial area ratio:    0.00
      Required ratio:  270.62 (Side area) 
      Cumulative area ratio:    0.00
      Required ratio:    0.00 (Cumulative area) 
      Cumulative area ratio:    0.00
      Required ratio:    0.00 (Cumulative side area) 

    Via: M2M3_PR
      Partial area ratio:    0.02
      Required ratio:    6.00 (Gate area) 
      Cumulative area ratio:    0.47
      Required ratio:    0.00 (Cumulative area) 

    Via: M1M2_PR
      Partial area ratio:    0.10
      Required ratio:    6.00 (Gate area) 
      Cumulative area ratio:    0.17
      Required ratio:    0.00 (Cumulative area) 

    Via: L1M1_PR
      Partial area ratio:    0.07
      Required ratio:    3.00 (Gate area) 
      Cumulative area ratio:    0.07
      Required ratio:    0.00 (Cumulative area) 

  Pin: _21926_/A1 (sky130_fd_sc_hd__o211a_1)
    Layer: met3
      Partial area ratio:    1.64
      Required ratio:    0.00 (Gate area) 
      Partial area ratio:    8.87
      Required ratio: 4356.08 (Side area) 
      Cumulative area ratio:  160.39
      Required ratio:    0.00 (Cumulative area) 
      Cumulative area ratio:  808.30
      Required ratio:    0.00 (Cumulative side area) 

    Layer: met2
      Partial area ratio:    5.77
      Required ratio:    0.00 (Gate area) 
      Partial area ratio:   29.29
      Required ratio: 3121.64 (Side area) 
      Cumulative area ratio:  158.75
      Required ratio:    0.00 (Cumulative area) 
      Cumulative area ratio:  799.43
      Required ratio:    0.00 (Cumulative side area) 

    Layer: met1
      Partial area ratio:    0.00
      Required ratio:    0.00 (Gate area) 
      Partial area ratio:    0.00
      Required ratio:  400.00 (Side area) 
      Cumulative area ratio:    0.00
      Required ratio:    0.00 (Cumulative area) 
      Cumulative area ratio:    0.00
      Required ratio:    0.00 (Cumulative side area) 

    Layer: li1
      Partial area ratio:    0.00
      Required ratio:    0.00 (Gate area) 
      Partial area ratio:    0.00
      Required ratio:   75.00 (Side area) 
      Cumulative area ratio:    0.00
      Required ratio:    0.00 (Cumulative area) 
      Cumulative area ratio:    0.00
      Required ratio:    0.00 (Cumulative side area) 

    Via: M2M3_PR
      Partial area ratio:    0.02
      Required ratio:    6.00 (Gate area) 
      Cumulative area ratio:    0.62
      Required ratio:    0.00 (Cumulative area) 

    Via: M1M2_PR
      Partial area ratio:    0.09
      Required ratio:    6.00 (Gate area) 
      Cumulative area ratio:    0.21
      Required ratio:    0.00 (Cumulative area) 

    Via: L1M1_PR
      Partial area ratio:    0.12
      Required ratio:    3.00 (Gate area) 
      Cumulative area ratio:    0.12
      Required ratio:    0.00 (Cumulative area) 

  Pin: ANTENNA__21839__A1/DIODE (sky130_fd_sc_hd__diode_2)
    Layer: met3
      Partial area ratio:    1.64
      Required ratio:    0.00 (Gate area) 
      Partial area ratio:    8.87
      Required ratio: 4356.08 (Side area) 
      Cumulative area ratio:  119.36
      Required ratio:    0.00 (Cumulative area) 
      Cumulative area ratio:  602.50
      Required ratio:    0.00 (Cumulative side area) 

    Layer: met2
      Partial area ratio:    5.77
      Required ratio:    0.00 (Gate area) 
      Partial area ratio:   29.29
      Required ratio: 3121.64 (Side area) 
      Cumulative area ratio:  117.72
      Required ratio:    0.00 (Cumulative area) 
      Cumulative area ratio:  593.64
      Required ratio:    0.00 (Cumulative side area) 

    Layer: met1
      Partial area ratio:    1.23
      Required ratio:    0.00 (Gate area) 
      Partial area ratio:    6.38
      Required ratio: 2773.88 (Side area) 
      Cumulative area ratio:    1.23
      Required ratio:    0.00 (Cumulative area) 
      Cumulative area ratio:    6.38
      Required ratio:    0.00 (Cumulative side area) 

    Layer: li1
      Partial area ratio:    0.00
      Required ratio:    0.00 (Gate area) 
      Partial area ratio:    0.00
      Required ratio:  270.62 (Side area) 
      Cumulative area ratio:    0.00
      Required ratio:    0.00 (Cumulative area) 
      Cumulative area ratio:    0.00
      Required ratio:    0.00 (Cumulative side area) 

    Via: M2M3_PR
      Partial area ratio:    0.02
      Required ratio:    6.00 (Gate area) 
      Cumulative area ratio:    0.32
      Required ratio:    0.00 (Cumulative area) 

    Via: M1M2_PR
      Partial area ratio:    0.05
      Required ratio:    6.00 (Gate area) 
      Cumulative area ratio:    0.12
      Required ratio:    0.00 (Cumulative area) 

    Via: L1M1_PR
      Partial area ratio:    0.07
      Required ratio:    3.00 (Gate area) 
      Cumulative area ratio:    0.07
      Required ratio:    0.00 (Cumulative area) 

  Pin: _21839_/A1 (sky130_fd_sc_hd__o211a_1)
    Layer: met3
      Partial area ratio:    1.64
      Required ratio:    0.00 (Gate area) 
      Partial area ratio:    8.87
      Required ratio: 4356.08 (Side area) 
      Cumulative area ratio:  118.13
      Required ratio:    0.00 (Cumulative area) 
      Cumulative area ratio:  596.12
      Required ratio:    0.00 (Cumulative side area) 

    Layer: met2
      Partial area ratio:    5.77
      Required ratio:    0.00 (Gate area) 
      Partial area ratio:   29.29
      Required ratio: 3121.64 (Side area) 
      Cumulative area ratio:  116.49
      Required ratio:    0.00 (Cumulative area) 
      Cumulative area ratio:  587.26
      Required ratio:    0.00 (Cumulative side area) 

    Layer: met1
      Partial area ratio:  110.72
      Required ratio:    0.00 (Gate area) 
      Partial area ratio:  557.96
      Required ratio:  400.00 (Side area) (VIOLATED)
      Cumulative area ratio:  110.72
      Required ratio:    0.00 (Cumulative area) 
      Cumulative area ratio:  557.96
      Required ratio:    0.00 (Cumulative side area) 

    Layer: li1
      Partial area ratio:    0.00
      Required ratio:    0.00 (Gate area) 
      Partial area ratio:    0.00
      Required ratio:   75.00 (Side area) 
      Cumulative area ratio:    0.00
      Required ratio:    0.00 (Cumulative area) 
      Cumulative area ratio:    0.00
      Required ratio:    0.00 (Cumulative side area) 

    Via: M2M3_PR
      Partial area ratio:    0.02
      Required ratio:    6.00 (Gate area) 
      Cumulative area ratio:    0.32
      Required ratio:    0.00 (Cumulative area) 

    Via: M1M2_PR
      Partial area ratio:    0.18
      Required ratio:    6.00 (Gate area) 
      Cumulative area ratio:    0.30
      Required ratio:    0.00 (Cumulative area) 

    Via: L1M1_PR
      Partial area ratio:    0.12
      Required ratio:    3.00 (Gate area) 
      Cumulative area ratio:    0.12
      Required ratio:    0.00 (Cumulative area) 

  Pin: ANTENNA__22292__A1/DIODE (sky130_fd_sc_hd__diode_2)
    Layer: met2
      Partial area ratio:   14.37
      Required ratio:    0.00 (Gate area) 
      Partial area ratio:   72.62
      Required ratio: 3834.44 (Side area) 
      Cumulative area ratio:   15.71
      Required ratio:    0.00 (Cumulative area) 
      Cumulative area ratio:   79.89
      Required ratio:    0.00 (Cumulative side area) 

    Layer: met1
      Partial area ratio:    1.34
      Required ratio:    0.00 (Gate area) 
      Partial area ratio:    7.26
      Required ratio: 2773.88 (Side area) 
      Cumulative area ratio:    1.34
      Required ratio:    0.00 (Cumulative area) 
      Cumulative area ratio:    7.26
      Required ratio:    0.00 (Cumulative side area) 

    Layer: met3
      Partial area ratio:    1.64
      Required ratio:    0.00 (Gate area) 
      Partial area ratio:    8.87
      Required ratio: 4356.08 (Side area) 
      Cumulative area ratio:   17.35
      Required ratio:    0.00 (Cumulative area) 
      Cumulative area ratio:   88.75
      Required ratio:    0.00 (Cumulative side area) 

    Layer: li1
      Partial area ratio:    0.00
      Required ratio:    0.00 (Gate area) 
      Partial area ratio:    0.00
      Required ratio:  270.62 (Side area) 
      Cumulative area ratio:    0.00
      Required ratio:    0.00 (Cumulative area) 
      Cumulative area ratio:    0.00
      Required ratio:    0.00 (Cumulative side area) 

    Via: M2M3_PR
      Partial area ratio:    0.02
      Required ratio:    6.00 (Gate area) 
      Cumulative area ratio:    0.15
      Required ratio:    0.00 (Cumulative area) 

    Via: M1M2_PR
      Partial area ratio:    0.07
      Required ratio:    6.00 (Gate area) 
      Cumulative area ratio:    0.13
      Required ratio:    0.00 (Cumulative area) 

    Via: L1M1_PR
      Partial area ratio:    0.07
      Required ratio:    3.00 (Gate area) 
      Cumulative area ratio:    0.07
      Required ratio:    0.00 (Cumulative area) 


Net: _19593_
  Pin: ANTENNA__22150__A1/DIODE (sky130_fd_sc_hd__diode_2)
    Layer: met2
      Partial area ratio:   12.31
      Required ratio:    0.00 (Gate area) 
      Partial area ratio:   62.15
      Required ratio: 4538.60 (Side area) 
      Cumulative area ratio:  414.37
      Required ratio:    0.00 (Cumulative area) 
      Cumulative area ratio: 2077.98
      Required ratio:    0.00 (Cumulative side area) 

    Layer: met1
      Partial area ratio:    0.00
      Required ratio:    0.00 (Gate area) 
      Partial area ratio:    0.00
      Required ratio: 2773.88 (Side area) 
      Cumulative area ratio:    0.00
      Required ratio:    0.00 (Cumulative area) 
      Cumulative area ratio:    0.00
      Required ratio:    0.00 (Cumulative side area) 

    Layer: li1
      Partial area ratio:    0.00
      Required ratio:    0.00 (Gate area) 
      Partial area ratio:    0.00
      Required ratio:  270.62 (Side area) 
      Cumulative area ratio:    0.00
      Required ratio:    0.00 (Cumulative area) 
      Cumulative area ratio:    0.00
      Required ratio:    0.00 (Cumulative side area) 

    Layer: met3
      Partial area ratio:    0.37
      Required ratio:    0.00 (Gate area) 
      Partial area ratio:    2.12
      Required ratio: 4538.60 (Side area) 
      Cumulative area ratio:  414.74
      Required ratio:    0.00 (Cumulative area) 
      Cumulative area ratio: 2080.09
      Required ratio:    0.00 (Cumulative side area) 

    Layer: met4
      Partial area ratio:   19.46
      Required ratio:    0.00 (Gate area) 
      Partial area ratio:  103.90
      Required ratio: 4712.48 (Side area) 
      Cumulative area ratio:  434.20
      Required ratio:    0.00 (Cumulative area) 
      Cumulative area ratio: 2183.99
      Required ratio:    0.00 (Cumulative side area) 

    Via: M2M3_PR
      Partial area ratio:    0.01
      Required ratio:    6.00 (Gate area) 
      Cumulative area ratio:    0.40
      Required ratio:    0.00 (Cumulative area) 

    Via: M1M2_PR
      Partial area ratio:    0.05
      Required ratio:    6.00 (Gate area) 
      Cumulative area ratio:    0.12
      Required ratio:    0.00 (Cumulative area) 

    Via: L1M1_PR
      Partial area ratio:    0.07
      Required ratio:    3.00 (Gate area) 
      Cumulative area ratio:    0.07
      Required ratio:    0.00 (Cumulative area) 

    Via: M3M4_PR
      Partial area ratio:    0.01
      Required ratio:    6.00 (Gate area) 
      Cumulative area ratio:    0.41
      Required ratio:    0.00 (Cumulative area) 

  Pin: _22150_/A1 (sky130_fd_sc_hd__o211a_1)
    Layer: met2
      Partial area ratio:   12.31
      Required ratio:    0.00 (Gate area) 
      Partial area ratio:   62.15
      Required ratio: 4538.60 (Side area) 
      Cumulative area ratio:  414.37
      Required ratio:    0.00 (Cumulative area) 
      Cumulative area ratio: 2077.98
      Required ratio:    0.00 (Cumulative side area) 

    Layer: met1
      Partial area ratio:  402.06
      Required ratio:    0.00 (Gate area) 
      Partial area ratio: 2015.83
      Required ratio:  400.00 (Side area) (VIOLATED)
      Cumulative area ratio:  402.06
      Required ratio:    0.00 (Cumulative area) 
      Cumulative area ratio: 2015.83
      Required ratio:    0.00 (Cumulative side area) 

    Layer: li1
      Partial area ratio:    0.00
      Required ratio:    0.00 (Gate area) 
      Partial area ratio:    0.00
      Required ratio:   75.00 (Side area) 
      Cumulative area ratio:    0.00
      Required ratio:    0.00 (Cumulative area) 
      Cumulative area ratio:    0.00
      Required ratio:    0.00 (Cumulative side area) 

    Layer: met3
      Partial area ratio:    0.37
      Required ratio:    0.00 (Gate area) 
      Partial area ratio:    2.12
      Required ratio: 4538.60 (Side area) 
      Cumulative area ratio:  414.74
      Required ratio:    0.00 (Cumulative area) 
      Cumulative area ratio: 2080.09
      Required ratio:    0.00 (Cumulative side area) 

    Layer: met4
      Partial area ratio:   19.46
      Required ratio:    0.00 (Gate area) 
      Partial area ratio:  103.90
      Required ratio: 4712.48 (Side area) 
      Cumulative area ratio:  434.20
      Required ratio:    0.00 (Cumulative area) 
      Cumulative area ratio: 2183.99
      Required ratio:    0.00 (Cumulative side area) 

    Via: M2M3_PR
      Partial area ratio:    0.01
      Required ratio:    6.00 (Gate area) 
      Cumulative area ratio:    0.40
      Required ratio:    0.00 (Cumulative area) 

    Via: M1M2_PR
      Partial area ratio:    0.27
      Required ratio:    6.00 (Gate area) 
      Cumulative area ratio:    0.39
      Required ratio:    0.00 (Cumulative area) 

    Via: L1M1_PR
      Partial area ratio:    0.12
      Required ratio:    3.00 (Gate area) 
      Cumulative area ratio:    0.12
      Required ratio:    0.00 (Cumulative area) 

    Via: M3M4_PR
      Partial area ratio:    0.01
      Required ratio:    6.00 (Gate area) 
      Cumulative area ratio:    0.41
      Required ratio:    0.00 (Cumulative area) 

  Pin: ANTENNA__22065__A1/DIODE (sky130_fd_sc_hd__diode_2)
    Layer: met2
      Partial area ratio:   12.31
      Required ratio:    0.00 (Gate area) 
      Partial area ratio:   62.15
      Required ratio: 4538.60 (Side area) 
      Cumulative area ratio:  414.37
      Required ratio:    0.00 (Cumulative area) 
      Cumulative area ratio: 2077.98
      Required ratio:    0.00 (Cumulative side area) 

    Layer: met1
      Partial area ratio:    0.00
      Required ratio:    0.00 (Gate area) 
      Partial area ratio:    0.00
      Required ratio: 2773.88 (Side area) 
      Cumulative area ratio:    0.00
      Required ratio:    0.00 (Cumulative area) 
      Cumulative area ratio:    0.00
      Required ratio:    0.00 (Cumulative side area) 

    Layer: li1
      Partial area ratio:    0.00
      Required ratio:    0.00 (Gate area) 
      Partial area ratio:    0.00
      Required ratio:  270.62 (Side area) 
      Cumulative area ratio:    0.00
      Required ratio:    0.00 (Cumulative area) 
      Cumulative area ratio:    0.00
      Required ratio:    0.00 (Cumulative side area) 

    Layer: met3
      Partial area ratio:    0.37
      Required ratio:    0.00 (Gate area) 
      Partial area ratio:    2.12
      Required ratio: 4538.60 (Side area) 
      Cumulative area ratio:  414.74
      Required ratio:    0.00 (Cumulative area) 
      Cumulative area ratio: 2080.09
      Required ratio:    0.00 (Cumulative side area) 

    Layer: met4
      Partial area ratio:   19.46
      Required ratio:    0.00 (Gate area) 
      Partial area ratio:  103.90
      Required ratio: 4712.48 (Side area) 
      Cumulative area ratio:  434.20
      Required ratio:    0.00 (Cumulative area) 
      Cumulative area ratio: 2183.99
      Required ratio:    0.00 (Cumulative side area) 

    Via: M2M3_PR
      Partial area ratio:    0.01
      Required ratio:    6.00 (Gate area) 
      Cumulative area ratio:    0.40
      Required ratio:    0.00 (Cumulative area) 

    Via: M1M2_PR
      Partial area ratio:    0.05
      Required ratio:    6.00 (Gate area) 
      Cumulative area ratio:    0.12
      Required ratio:    0.00 (Cumulative area) 

    Via: L1M1_PR
      Partial area ratio:    0.07
      Required ratio:    3.00 (Gate area) 
      Cumulative area ratio:    0.07
      Required ratio:    0.00 (Cumulative area) 

    Via: M3M4_PR
      Partial area ratio:    0.01
      Required ratio:    6.00 (Gate area) 
      Cumulative area ratio:    0.41
      Required ratio:    0.00 (Cumulative area) 

  Pin: _22065_/A1 (sky130_fd_sc_hd__o211a_1)
    Layer: met2
      Partial area ratio:   12.31
      Required ratio:    0.00 (Gate area) 
      Partial area ratio:   62.15
      Required ratio: 4538.60 (Side area) 
      Cumulative area ratio:  415.23
      Required ratio:    0.00 (Cumulative area) 
      Cumulative area ratio: 2082.67
      Required ratio:    0.00 (Cumulative side area) 

    Layer: met1
      Partial area ratio:    0.86
      Required ratio:    0.00 (Gate area) 
      Partial area ratio:    4.69
      Required ratio:  400.00 (Side area) 
      Cumulative area ratio:    0.86
      Required ratio:    0.00 (Cumulative area) 
      Cumulative area ratio:    4.69
      Required ratio:    0.00 (Cumulative side area) 

    Layer: li1
      Partial area ratio:    0.00
      Required ratio:    0.00 (Gate area) 
      Partial area ratio:    0.00
      Required ratio:   75.00 (Side area) 
      Cumulative area ratio:    0.00
      Required ratio:    0.00 (Cumulative area) 
      Cumulative area ratio:    0.00
      Required ratio:    0.00 (Cumulative side area) 

    Layer: met3
      Partial area ratio:    0.37
      Required ratio:    0.00 (Gate area) 
      Partial area ratio:    2.12
      Required ratio: 4538.60 (Side area) 
      Cumulative area ratio:  415.60
      Required ratio:    0.00 (Cumulative area) 
      Cumulative area ratio: 2084.79
      Required ratio:    0.00 (Cumulative side area) 

    Layer: met4
      Partial area ratio:   19.46
      Required ratio:    0.00 (Gate area) 
      Partial area ratio:  103.90
      Required ratio: 4712.48 (Side area) 
      Cumulative area ratio:  435.06
      Required ratio:    0.00 (Cumulative area) 
      Cumulative area ratio: 2188.69
      Required ratio:    0.00 (Cumulative side area) 

    Via: M2M3_PR
      Partial area ratio:    0.01
      Required ratio:    6.00 (Gate area) 
      Cumulative area ratio:    0.49
      Required ratio:    0.00 (Cumulative area) 

    Via: M1M2_PR
      Partial area ratio:    0.09
      Required ratio:    6.00 (Gate area) 
      Cumulative area ratio:    0.21
      Required ratio:    0.00 (Cumulative area) 

    Via: L1M1_PR
      Partial area ratio:    0.12
      Required ratio:    3.00 (Gate area) 
      Cumulative area ratio:    0.12
      Required ratio:    0.00 (Cumulative area) 

    Via: M3M4_PR
      Partial area ratio:    0.01
      Required ratio:    6.00 (Gate area) 
      Cumulative area ratio:    0.50
      Required ratio:    0.00 (Cumulative area) 

  Pin: ANTENNA__21963__A1/DIODE (sky130_fd_sc_hd__diode_2)
    Layer: met2
      Partial area ratio:   12.31
      Required ratio:    0.00 (Gate area) 
      Partial area ratio:   62.15
      Required ratio: 4538.60 (Side area) 
      Cumulative area ratio:  417.02
      Required ratio:    0.00 (Cumulative area) 
      Cumulative area ratio: 2091.69
      Required ratio:    0.00 (Cumulative side area) 

    Layer: met1
      Partial area ratio:    2.66
      Required ratio:    0.00 (Gate area) 
      Partial area ratio:   13.71
      Required ratio: 2773.88 (Side area) 
      Cumulative area ratio:    2.66
      Required ratio:    0.00 (Cumulative area) 
      Cumulative area ratio:   13.71
      Required ratio:    0.00 (Cumulative side area) 

    Layer: li1
      Partial area ratio:    0.00
      Required ratio:    0.00 (Gate area) 
      Partial area ratio:    0.00
      Required ratio:  270.62 (Side area) 
      Cumulative area ratio:    0.00
      Required ratio:    0.00 (Cumulative area) 
      Cumulative area ratio:    0.00
      Required ratio:    0.00 (Cumulative side area) 

    Layer: met3
      Partial area ratio:    0.37
      Required ratio:    0.00 (Gate area) 
      Partial area ratio:    2.12
      Required ratio: 4538.60 (Side area) 
      Cumulative area ratio:  417.39
      Required ratio:    0.00 (Cumulative area) 
      Cumulative area ratio: 2093.80
      Required ratio:    0.00 (Cumulative side area) 

    Layer: met4
      Partial area ratio:   19.46
      Required ratio:    0.00 (Gate area) 
      Partial area ratio:  103.90
      Required ratio: 4712.48 (Side area) 
      Cumulative area ratio:  436.85
      Required ratio:    0.00 (Cumulative area) 
      Cumulative area ratio: 2197.70
      Required ratio:    0.00 (Cumulative side area) 

    Via: M2M3_PR
      Partial area ratio:    0.01
      Required ratio:    6.00 (Gate area) 
      Cumulative area ratio:    0.38
      Required ratio:    0.00 (Cumulative area) 

    Via: M1M2_PR
      Partial area ratio:    0.03
      Required ratio:    6.00 (Gate area) 
      Cumulative area ratio:    0.10
      Required ratio:    0.00 (Cumulative area) 

    Via: L1M1_PR
      Partial area ratio:    0.07
      Required ratio:    3.00 (Gate area) 
      Cumulative area ratio:    0.07
      Required ratio:    0.00 (Cumulative area) 

    Via: M3M4_PR
      Partial area ratio:    0.01
      Required ratio:    6.00 (Gate area) 
      Cumulative area ratio:    0.40
      Required ratio:    0.00 (Cumulative area) 

  Pin: _21963_/A1 (sky130_fd_sc_hd__o211a_1)
    Layer: met2
      Partial area ratio:   12.31
      Required ratio:    0.00 (Gate area) 
      Partial area ratio:   62.15
      Required ratio: 4538.60 (Side area) 
      Cumulative area ratio:  417.02
      Required ratio:    0.00 (Cumulative area) 
      Cumulative area ratio: 2091.69
      Required ratio:    0.00 (Cumulative side area) 

    Layer: met1
      Partial area ratio:    2.66
      Required ratio:    0.00 (Gate area) 
      Partial area ratio:   13.71
      Required ratio: 2773.88 (Side area) 
      Cumulative area ratio:    2.66
      Required ratio:    0.00 (Cumulative area) 
      Cumulative area ratio:   13.71
      Required ratio:    0.00 (Cumulative side area) 

    Layer: li1
      Partial area ratio:    0.00
      Required ratio:    0.00 (Gate area) 
      Partial area ratio:    0.00
      Required ratio:   75.00 (Side area) 
      Cumulative area ratio:    0.00
      Required ratio:    0.00 (Cumulative area) 
      Cumulative area ratio:    0.00
      Required ratio:    0.00 (Cumulative side area) 

    Layer: met3
      Partial area ratio:    0.37
      Required ratio:    0.00 (Gate area) 
      Partial area ratio:    2.12
      Required ratio: 4538.60 (Side area) 
      Cumulative area ratio:  417.39
      Required ratio:    0.00 (Cumulative area) 
      Cumulative area ratio: 2093.80
      Required ratio:    0.00 (Cumulative side area) 

    Layer: met4
      Partial area ratio:   19.46
      Required ratio:    0.00 (Gate area) 
      Partial area ratio:  103.90
      Required ratio: 4712.48 (Side area) 
      Cumulative area ratio:  436.85
      Required ratio:    0.00 (Cumulative area) 
      Cumulative area ratio: 2197.70
      Required ratio:    0.00 (Cumulative side area) 

    Via: M2M3_PR
      Partial area ratio:    0.01
      Required ratio:    6.00 (Gate area) 
      Cumulative area ratio:    0.43
      Required ratio:    0.00 (Cumulative area) 

    Via: M1M2_PR
      Partial area ratio:    0.03
      Required ratio:    6.00 (Gate area) 
      Cumulative area ratio:    0.15
      Required ratio:    0.00 (Cumulative area) 

    Via: L1M1_PR
      Partial area ratio:    0.12
      Required ratio:    3.00 (Gate area) 
      Cumulative area ratio:    0.12
      Required ratio:    0.00 (Cumulative area) 

    Via: M3M4_PR
      Partial area ratio:    0.01
      Required ratio:    6.00 (Gate area) 
      Cumulative area ratio:    0.45
      Required ratio:    0.00 (Cumulative area) 

  Pin: ANTENNA__22235__A1/DIODE (sky130_fd_sc_hd__diode_2)
    Layer: met2
      Partial area ratio:   12.31
      Required ratio:    0.00 (Gate area) 
      Partial area ratio:   62.15
      Required ratio: 4538.60 (Side area) 
      Cumulative area ratio:   22.99
      Required ratio:    0.00 (Cumulative area) 
      Cumulative area ratio:  115.98
      Required ratio:    0.00 (Cumulative side area) 

    Layer: met1
      Partial area ratio:   10.68
      Required ratio:    0.00 (Gate area) 
      Partial area ratio:   53.83
      Required ratio: 2773.88 (Side area) 
      Cumulative area ratio:   10.68
      Required ratio:    0.00 (Cumulative area) 
      Cumulative area ratio:   53.83
      Required ratio:    0.00 (Cumulative side area) 

    Layer: li1
      Partial area ratio:    0.00
      Required ratio:    0.00 (Gate area) 
      Partial area ratio:    0.00
      Required ratio:  270.62 (Side area) 
      Cumulative area ratio:    0.00
      Required ratio:    0.00 (Cumulative area) 
      Cumulative area ratio:    0.00
      Required ratio:    0.00 (Cumulative side area) 

    Layer: met3
      Partial area ratio:    0.37
      Required ratio:    0.00 (Gate area) 
      Partial area ratio:    2.12
      Required ratio: 4538.60 (Side area) 
      Cumulative area ratio:   23.36
      Required ratio:    0.00 (Cumulative area) 
      Cumulative area ratio:  118.09
      Required ratio:    0.00 (Cumulative side area) 

    Layer: met4
      Partial area ratio:   19.46
      Required ratio:    0.00 (Gate area) 
      Partial area ratio:  103.90
      Required ratio: 4712.48 (Side area) 
      Cumulative area ratio:   42.82
      Required ratio:    0.00 (Cumulative area) 
      Cumulative area ratio:  221.99
      Required ratio:    0.00 (Cumulative side area) 

    Via: M2M3_PR
      Partial area ratio:    0.01
      Required ratio:    6.00 (Gate area) 
      Cumulative area ratio:    0.11
      Required ratio:    0.00 (Cumulative area) 

    Via: M1M2_PR
      Partial area ratio:    0.03
      Required ratio:    6.00 (Gate area) 
      Cumulative area ratio:    0.10
      Required ratio:    0.00 (Cumulative area) 

    Via: L1M1_PR
      Partial area ratio:    0.07
      Required ratio:    3.00 (Gate area) 
      Cumulative area ratio:    0.07
      Required ratio:    0.00 (Cumulative area) 

    Via: M3M4_PR
      Partial area ratio:    0.01
      Required ratio:    6.00 (Gate area) 
      Cumulative area ratio:    0.12
      Required ratio:    0.00 (Cumulative area) 

  Pin: _22235_/A1 (sky130_fd_sc_hd__o211a_1)
    Layer: met2
      Partial area ratio:   12.31
      Required ratio:    0.00 (Gate area) 
      Partial area ratio:   62.15
      Required ratio: 4538.60 (Side area) 
      Cumulative area ratio:   22.99
      Required ratio:    0.00 (Cumulative area) 
      Cumulative area ratio:  115.98
      Required ratio:    0.00 (Cumulative side area) 

    Layer: met1
      Partial area ratio:   10.68
      Required ratio:    0.00 (Gate area) 
      Partial area ratio:   53.83
      Required ratio: 2773.88 (Side area) 
      Cumulative area ratio:   10.68
      Required ratio:    0.00 (Cumulative area) 
      Cumulative area ratio:   53.83
      Required ratio:    0.00 (Cumulative side area) 

    Layer: li1
      Partial area ratio:    0.00
      Required ratio:    0.00 (Gate area) 
      Partial area ratio:    0.00
      Required ratio:   75.00 (Side area) 
      Cumulative area ratio:    0.00
      Required ratio:    0.00 (Cumulative area) 
      Cumulative area ratio:    0.00
      Required ratio:    0.00 (Cumulative side area) 

    Layer: met3
      Partial area ratio:    0.37
      Required ratio:    0.00 (Gate area) 
      Partial area ratio:    2.12
      Required ratio: 4538.60 (Side area) 
      Cumulative area ratio:   23.36
      Required ratio:    0.00 (Cumulative area) 
      Cumulative area ratio:  118.09
      Required ratio:    0.00 (Cumulative side area) 

    Layer: met4
      Partial area ratio:   19.46
      Required ratio:    0.00 (Gate area) 
      Partial area ratio:  103.90
      Required ratio: 4712.48 (Side area) 
      Cumulative area ratio:   42.82
      Required ratio:    0.00 (Cumulative area) 
      Cumulative area ratio:  221.99
      Required ratio:    0.00 (Cumulative side area) 

    Via: M2M3_PR
      Partial area ratio:    0.01
      Required ratio:    6.00 (Gate area) 
      Cumulative area ratio:    0.16
      Required ratio:    0.00 (Cumulative area) 

    Via: M1M2_PR
      Partial area ratio:    0.03
      Required ratio:    6.00 (Gate area) 
      Cumulative area ratio:    0.15
      Required ratio:    0.00 (Cumulative area) 

    Via: L1M1_PR
      Partial area ratio:    0.12
      Required ratio:    3.00 (Gate area) 
      Cumulative area ratio:    0.12
      Required ratio:    0.00 (Cumulative area) 

    Via: M3M4_PR
      Partial area ratio:    0.01
      Required ratio:    6.00 (Gate area) 
      Cumulative area ratio:    0.17
      Required ratio:    0.00 (Cumulative area) 

  Pin: _22321_/A1 (sky130_fd_sc_hd__o211a_1)
    Layer: met2
      Partial area ratio:   12.31
      Required ratio:    0.00 (Gate area) 
      Partial area ratio:   62.15
      Required ratio: 4538.60 (Side area) 
      Cumulative area ratio:   14.03
      Required ratio:    0.00 (Cumulative area) 
      Cumulative area ratio:   71.20
      Required ratio:    0.00 (Cumulative side area) 

    Layer: met1
      Partial area ratio:    0.00
      Required ratio:    0.00 (Gate area) 
      Partial area ratio:    0.00
      Required ratio:  400.00 (Side area) 
      Cumulative area ratio:    0.00
      Required ratio:    0.00 (Cumulative area) 
      Cumulative area ratio:    0.00
      Required ratio:    0.00 (Cumulative side area) 

    Layer: li1
      Partial area ratio:    0.00
      Required ratio:    0.00 (Gate area) 
      Partial area ratio:    0.00
      Required ratio:   75.00 (Side area) 
      Cumulative area ratio:    0.00
      Required ratio:    0.00 (Cumulative area) 
      Cumulative area ratio:    0.00
      Required ratio:    0.00 (Cumulative side area) 

    Layer: met3
      Partial area ratio:    0.37
      Required ratio:    0.00 (Gate area) 
      Partial area ratio:    2.12
      Required ratio: 4538.60 (Side area) 
      Cumulative area ratio:   14.40
      Required ratio:    0.00 (Cumulative area) 
      Cumulative area ratio:   73.31
      Required ratio:    0.00 (Cumulative side area) 

    Layer: met4
      Partial area ratio:   19.46
      Required ratio:    0.00 (Gate area) 
      Partial area ratio:  103.90
      Required ratio: 4712.48 (Side area) 
      Cumulative area ratio:   33.86
      Required ratio:    0.00 (Cumulative area) 
      Cumulative area ratio:  177.21
      Required ratio:    0.00 (Cumulative side area) 

    Via: M2M3_PR
      Partial area ratio:    0.01
      Required ratio:    6.00 (Gate area) 
      Cumulative area ratio:    0.37
      Required ratio:    0.00 (Cumulative area) 

    Via: M1M2_PR
      Partial area ratio:    0.09
      Required ratio:    6.00 (Gate area) 
      Cumulative area ratio:    0.21
      Required ratio:    0.00 (Cumulative area) 

    Via: L1M1_PR
      Partial area ratio:    0.12
      Required ratio:    3.00 (Gate area) 
      Cumulative area ratio:    0.12
      Required ratio:    0.00 (Cumulative area) 

    Via: M3M4_PR
      Partial area ratio:    0.01
      Required ratio:    6.00 (Gate area) 
      Cumulative area ratio:    0.39
      Required ratio:    0.00 (Cumulative area) 

  Pin: _22409_/A1 (sky130_fd_sc_hd__o211a_1)
    Layer: met4
      Partial area ratio:   19.46
      Required ratio:    0.00 (Gate area) 
      Partial area ratio:  103.90
      Required ratio: 4712.48 (Side area) 
      Cumulative area ratio:   21.80
      Required ratio:    0.00 (Cumulative area) 
      Cumulative area ratio:  117.25
      Required ratio:    0.00 (Cumulative side area) 

    Layer: met3
      Partial area ratio:    1.04
      Required ratio:    0.00 (Gate area) 
      Partial area ratio:    6.26
      Required ratio: 2773.88 (Side area) 
      Cumulative area ratio:    2.35
      Required ratio:    0.00 (Cumulative area) 
      Cumulative area ratio:   13.35
      Required ratio:    0.00 (Cumulative side area) 

    Layer: met2
      Partial area ratio:    0.06
      Required ratio:    0.00 (Gate area) 
      Partial area ratio:    0.46
      Required ratio: 2773.88 (Side area) 
      Cumulative area ratio:    1.30
      Required ratio:    0.00 (Cumulative area) 
      Cumulative area ratio:    7.09
      Required ratio:    0.00 (Cumulative side area) 

    Layer: met1
      Partial area ratio:    1.24
      Required ratio:    0.00 (Gate area) 
      Partial area ratio:    6.63
      Required ratio: 2773.88 (Side area) 
      Cumulative area ratio:    1.24
      Required ratio:    0.00 (Cumulative area) 
      Cumulative area ratio:    6.63
      Required ratio:    0.00 (Cumulative side area) 

    Layer: li1
      Partial area ratio:    0.00
      Required ratio:    0.00 (Gate area) 
      Partial area ratio:    0.00
      Required ratio:   75.00 (Side area) 
      Cumulative area ratio:    0.00
      Required ratio:    0.00 (Cumulative area) 
      Cumulative area ratio:    0.00
      Required ratio:    0.00 (Cumulative side area) 

    Via: M3M4_PR
      Partial area ratio:    0.06
      Required ratio:    6.00 (Gate area) 
      Cumulative area ratio:    0.27
      Required ratio:    0.00 (Cumulative area) 

    Via: M2M3_PR
      Partial area ratio:    0.06
      Required ratio:    6.00 (Gate area) 
      Cumulative area ratio:    0.21
      Required ratio:    0.00 (Cumulative area) 

    Via: M1M2_PR
      Partial area ratio:    0.03
      Required ratio:    6.00 (Gate area) 
      Cumulative area ratio:    0.15
      Required ratio:    0.00 (Cumulative area) 

    Via: L1M1_PR
      Partial area ratio:    0.12
      Required ratio:    3.00 (Gate area) 
      Cumulative area ratio:    0.12
      Required ratio:    0.00 (Cumulative area) 

  Pin: ANTENNA__22409__A1/DIODE (sky130_fd_sc_hd__diode_2)
    Layer: met4
      Partial area ratio:   19.46
      Required ratio:    0.00 (Gate area) 
      Partial area ratio:  103.90
      Required ratio: 4712.48 (Side area) 
      Cumulative area ratio:   21.80
      Required ratio:    0.00 (Cumulative area) 
      Cumulative area ratio:  117.25
      Required ratio:    0.00 (Cumulative side area) 

    Layer: met3
      Partial area ratio:    1.04
      Required ratio:    0.00 (Gate area) 
      Partial area ratio:    6.26
      Required ratio: 2773.88 (Side area) 
      Cumulative area ratio:    2.35
      Required ratio:    0.00 (Cumulative area) 
      Cumulative area ratio:   13.35
      Required ratio:    0.00 (Cumulative side area) 

    Layer: met2
      Partial area ratio:    0.06
      Required ratio:    0.00 (Gate area) 
      Partial area ratio:    0.46
      Required ratio: 2773.88 (Side area) 
      Cumulative area ratio:    1.30
      Required ratio:    0.00 (Cumulative area) 
      Cumulative area ratio:    7.09
      Required ratio:    0.00 (Cumulative side area) 

    Layer: met1
      Partial area ratio:    1.24
      Required ratio:    0.00 (Gate area) 
      Partial area ratio:    6.63
      Required ratio: 2773.88 (Side area) 
      Cumulative area ratio:    1.24
      Required ratio:    0.00 (Cumulative area) 
      Cumulative area ratio:    6.63
      Required ratio:    0.00 (Cumulative side area) 

    Layer: li1
      Partial area ratio:    0.00
      Required ratio:    0.00 (Gate area) 
      Partial area ratio:    0.00
      Required ratio:  270.62 (Side area) 
      Cumulative area ratio:    0.00
      Required ratio:    0.00 (Cumulative area) 
      Cumulative area ratio:    0.00
      Required ratio:    0.00 (Cumulative side area) 

    Via: M3M4_PR
      Partial area ratio:    0.06
      Required ratio:    6.00 (Gate area) 
      Cumulative area ratio:    0.22
      Required ratio:    0.00 (Cumulative area) 

    Via: M2M3_PR
      Partial area ratio:    0.06
      Required ratio:    6.00 (Gate area) 
      Cumulative area ratio:    0.16
      Required ratio:    0.00 (Cumulative area) 

    Via: M1M2_PR
      Partial area ratio:    0.03
      Required ratio:    6.00 (Gate area) 
      Cumulative area ratio:    0.10
      Required ratio:    0.00 (Cumulative area) 

    Via: L1M1_PR
      Partial area ratio:    0.07
      Required ratio:    3.00 (Gate area) 
      Cumulative area ratio:    0.07
      Required ratio:    0.00 (Cumulative area) 

  Pin: ANTENNA__22321__A1/DIODE (sky130_fd_sc_hd__diode_2)
    Layer: met2
      Partial area ratio:   12.31
      Required ratio:    0.00 (Gate area) 
      Partial area ratio:   62.15
      Required ratio: 4538.60 (Side area) 
      Cumulative area ratio:   14.03
      Required ratio:    0.00 (Cumulative area) 
      Cumulative area ratio:   71.20
      Required ratio:    0.00 (Cumulative side area) 

    Layer: met1
      Partial area ratio:    1.72
      Required ratio:    0.00 (Gate area) 
      Partial area ratio:    9.05
      Required ratio: 2773.88 (Side area) 
      Cumulative area ratio:    1.72
      Required ratio:    0.00 (Cumulative area) 
      Cumulative area ratio:    9.05
      Required ratio:    0.00 (Cumulative side area) 

    Layer: met3
      Partial area ratio:    0.37
      Required ratio:    0.00 (Gate area) 
      Partial area ratio:    2.12
      Required ratio: 4538.60 (Side area) 
      Cumulative area ratio:   14.40
      Required ratio:    0.00 (Cumulative area) 
      Cumulative area ratio:   73.31
      Required ratio:    0.00 (Cumulative side area) 

    Layer: met4
      Partial area ratio:   19.46
      Required ratio:    0.00 (Gate area) 
      Partial area ratio:  103.90
      Required ratio: 4712.48 (Side area) 
      Cumulative area ratio:   33.86
      Required ratio:    0.00 (Cumulative area) 
      Cumulative area ratio:  177.21
      Required ratio:    0.00 (Cumulative side area) 

    Layer: li1
      Partial area ratio:    0.00
      Required ratio:    0.00 (Gate area) 
      Partial area ratio:    0.00
      Required ratio:  270.62 (Side area) 
      Cumulative area ratio:    0.00
      Required ratio:    0.00 (Cumulative area) 
      Cumulative area ratio:    0.00
      Required ratio:    0.00 (Cumulative side area) 

    Via: M2M3_PR
      Partial area ratio:    0.01
      Required ratio:    6.00 (Gate area) 
      Cumulative area ratio:    0.23
      Required ratio:    0.00 (Cumulative area) 

    Via: M1M2_PR
      Partial area ratio:    0.16
      Required ratio:    6.00 (Gate area) 
      Cumulative area ratio:    0.22
      Required ratio:    0.00 (Cumulative area) 

    Via: M3M4_PR
      Partial area ratio:    0.01
      Required ratio:    6.00 (Gate area) 
      Cumulative area ratio:    0.25
      Required ratio:    0.00 (Cumulative area) 

    Via: L1M1_PR
      Partial area ratio:    0.07
      Required ratio:    3.00 (Gate area) 
      Cumulative area ratio:    0.07
      Required ratio:    0.00 (Cumulative area) 


Net: _19637_
  Pin: ANTENNA__22452__A1/DIODE (sky130_fd_sc_hd__diode_2)
    Layer: met1
      Partial area ratio:    2.34
      Required ratio:    0.00 (Gate area) 
      Partial area ratio:   12.56
      Required ratio: 3486.68 (Side area) 
      Cumulative area ratio:    2.34
      Required ratio:    0.00 (Cumulative area) 
      Cumulative area ratio:   12.56
      Required ratio:    0.00 (Cumulative side area) 

    Layer: li1
      Partial area ratio:    0.00
      Required ratio:    0.00 (Gate area) 
      Partial area ratio:    0.00
      Required ratio:  270.62 (Side area) 
      Cumulative area ratio:    0.00
      Required ratio:    0.00 (Cumulative area) 
      Cumulative area ratio:    0.00
      Required ratio:    0.00 (Cumulative side area) 

    Layer: met2
      Partial area ratio:   19.42
      Required ratio:    0.00 (Gate area) 
      Partial area ratio:   97.49
      Required ratio: 3834.44 (Side area) 
      Cumulative area ratio:   21.76
      Required ratio:    0.00 (Cumulative area) 
      Cumulative area ratio:  110.04
      Required ratio:    0.00 (Cumulative side area) 

    Layer: met3
      Partial area ratio:   15.56
      Required ratio:    0.00 (Gate area) 
      Partial area ratio:   83.13
      Required ratio: 4356.08 (Side area) 
      Cumulative area ratio:   37.32
      Required ratio:    0.00 (Cumulative area) 
      Cumulative area ratio:  193.17
      Required ratio:    0.00 (Cumulative side area) 

    Via: M1M2_PR
      Partial area ratio:    0.03
      Required ratio:    6.00 (Gate area) 
      Cumulative area ratio:    0.10
      Required ratio:    0.00 (Cumulative area) 

    Via: L1M1_PR
      Partial area ratio:    0.07
      Required ratio:    3.00 (Gate area) 
      Cumulative area ratio:    0.07
      Required ratio:    0.00 (Cumulative area) 

    Via: M2M3_PR
      Partial area ratio:    0.02
      Required ratio:    6.00 (Gate area) 
      Cumulative area ratio:    0.12
      Required ratio:    0.00 (Cumulative area) 

  Pin: ANTENNA__22364__A1/DIODE (sky130_fd_sc_hd__diode_2)
    Layer: met2
      Partial area ratio:   19.42
      Required ratio:    0.00 (Gate area) 
      Partial area ratio:   97.49
      Required ratio: 3834.44 (Side area) 
      Cumulative area ratio:   24.66
      Required ratio:    0.00 (Cumulative area) 
      Cumulative area ratio:  124.39
      Required ratio:    0.00 (Cumulative side area) 

    Layer: met1
      Partial area ratio:    5.24
      Required ratio:    0.00 (Gate area) 
      Partial area ratio:   26.90
      Required ratio: 2773.88 (Side area) 
      Cumulative area ratio:    5.24
      Required ratio:    0.00 (Cumulative area) 
      Cumulative area ratio:   26.90
      Required ratio:    0.00 (Cumulative side area) 

    Layer: li1
      Partial area ratio:    0.00
      Required ratio:    0.00 (Gate area) 
      Partial area ratio:    0.00
      Required ratio:  270.62 (Side area) 
      Cumulative area ratio:    0.00
      Required ratio:    0.00 (Cumulative area) 
      Cumulative area ratio:    0.00
      Required ratio:    0.00 (Cumulative side area) 

    Layer: met3
      Partial area ratio:   15.56
      Required ratio:    0.00 (Gate area) 
      Partial area ratio:   83.13
      Required ratio: 4356.08 (Side area) 
      Cumulative area ratio:   40.22
      Required ratio:    0.00 (Cumulative area) 
      Cumulative area ratio:  207.52
      Required ratio:    0.00 (Cumulative side area) 

    Via: M2M3_PR
      Partial area ratio:    0.02
      Required ratio:    6.00 (Gate area) 
      Cumulative area ratio:    0.15
      Required ratio:    0.00 (Cumulative area) 

    Via: M1M2_PR
      Partial area ratio:    0.07
      Required ratio:    6.00 (Gate area) 
      Cumulative area ratio:    0.13
      Required ratio:    0.00 (Cumulative area) 

    Via: L1M1_PR
      Partial area ratio:    0.07
      Required ratio:    3.00 (Gate area) 
      Cumulative area ratio:    0.07
      Required ratio:    0.00 (Cumulative area) 

  Pin: _22364_/A1 (sky130_fd_sc_hd__o211a_1)
    Layer: met2
      Partial area ratio:   19.42
      Required ratio:    0.00 (Gate area) 
      Partial area ratio:   97.49
      Required ratio: 3834.44 (Side area) 
      Cumulative area ratio:   24.66
      Required ratio:    0.00 (Cumulative area) 
      Cumulative area ratio:  124.39
      Required ratio:    0.00 (Cumulative side area) 

    Layer: met1
      Partial area ratio:    5.24
      Required ratio:    0.00 (Gate area) 
      Partial area ratio:   26.90
      Required ratio: 2773.88 (Side area) 
      Cumulative area ratio:    5.24
      Required ratio:    0.00 (Cumulative area) 
      Cumulative area ratio:   26.90
      Required ratio:    0.00 (Cumulative side area) 

    Layer: li1
      Partial area ratio:    0.00
      Required ratio:    0.00 (Gate area) 
      Partial area ratio:    0.00
      Required ratio:   75.00 (Side area) 
      Cumulative area ratio:    0.00
      Required ratio:    0.00 (Cumulative area) 
      Cumulative area ratio:    0.00
      Required ratio:    0.00 (Cumulative side area) 

    Layer: met3
      Partial area ratio:   15.56
      Required ratio:    0.00 (Gate area) 
      Partial area ratio:   83.13
      Required ratio: 4356.08 (Side area) 
      Cumulative area ratio:   40.22
      Required ratio:    0.00 (Cumulative area) 
      Cumulative area ratio:  207.52
      Required ratio:    0.00 (Cumulative side area) 

    Via: M2M3_PR
      Partial area ratio:    0.02
      Required ratio:    6.00 (Gate area) 
      Cumulative area ratio:    0.20
      Required ratio:    0.00 (Cumulative area) 

    Via: M1M2_PR
      Partial area ratio:    0.07
      Required ratio:    6.00 (Gate area) 
      Cumulative area ratio:    0.18
      Required ratio:    0.00 (Cumulative area) 

    Via: L1M1_PR
      Partial area ratio:    0.12
      Required ratio:    3.00 (Gate area) 
      Cumulative area ratio:    0.12
      Required ratio:    0.00 (Cumulative area) 

  Pin: ANTENNA__22278__A1/DIODE (sky130_fd_sc_hd__diode_2)
    Layer: met2
      Partial area ratio:   19.42
      Required ratio:    0.00 (Gate area) 
      Partial area ratio:   97.49
      Required ratio: 3834.44 (Side area) 
      Cumulative area ratio:   25.25
      Required ratio:    0.00 (Cumulative area) 
      Cumulative area ratio:  127.51
      Required ratio:    0.00 (Cumulative side area) 

    Layer: met1
      Partial area ratio:    0.60
      Required ratio:    0.00 (Gate area) 
      Partial area ratio:    3.12
      Required ratio: 2773.88 (Side area) 
      Cumulative area ratio:    0.60
      Required ratio:    0.00 (Cumulative area) 
      Cumulative area ratio:    3.12
      Required ratio:    0.00 (Cumulative side area) 

    Layer: li1
      Partial area ratio:    0.00
      Required ratio:    0.00 (Gate area) 
      Partial area ratio:    0.00
      Required ratio:  270.62 (Side area) 
      Cumulative area ratio:    0.00
      Required ratio:    0.00 (Cumulative area) 
      Cumulative area ratio:    0.00
      Required ratio:    0.00 (Cumulative side area) 

    Layer: met3
      Partial area ratio:   15.56
      Required ratio:    0.00 (Gate area) 
      Partial area ratio:   83.13
      Required ratio: 4356.08 (Side area) 
      Cumulative area ratio:   40.82
      Required ratio:    0.00 (Cumulative area) 
      Cumulative area ratio:  210.64
      Required ratio:    0.00 (Cumulative side area) 

    Via: M2M3_PR
      Partial area ratio:    0.02
      Required ratio:    6.00 (Gate area) 
      Cumulative area ratio:    0.18
      Required ratio:    0.00 (Cumulative area) 

    Via: M1M2_PR
      Partial area ratio:    0.03
      Required ratio:    6.00 (Gate area) 
      Cumulative area ratio:    0.10
      Required ratio:    0.00 (Cumulative area) 

    Via: L1M1_PR
      Partial area ratio:    0.07
      Required ratio:    3.00 (Gate area) 
      Cumulative area ratio:    0.07
      Required ratio:    0.00 (Cumulative area) 

  Pin: _22278_/A1 (sky130_fd_sc_hd__o211a_1)
    Layer: met2
      Partial area ratio:   19.42
      Required ratio:    0.00 (Gate area) 
      Partial area ratio:   97.49
      Required ratio: 3834.44 (Side area) 
      Cumulative area ratio:   25.25
      Required ratio:    0.00 (Cumulative area) 
      Cumulative area ratio:  127.51
      Required ratio:    0.00 (Cumulative side area) 

    Layer: met1
      Partial area ratio:    0.60
      Required ratio:    0.00 (Gate area) 
      Partial area ratio:    3.12
      Required ratio: 2773.88 (Side area) 
      Cumulative area ratio:    0.60
      Required ratio:    0.00 (Cumulative area) 
      Cumulative area ratio:    3.12
      Required ratio:    0.00 (Cumulative side area) 

    Layer: li1
      Partial area ratio:    0.00
      Required ratio:    0.00 (Gate area) 
      Partial area ratio:    0.00
      Required ratio:   75.00 (Side area) 
      Cumulative area ratio:    0.00
      Required ratio:    0.00 (Cumulative area) 
      Cumulative area ratio:    0.00
      Required ratio:    0.00 (Cumulative side area) 

    Layer: met3
      Partial area ratio:   15.56
      Required ratio:    0.00 (Gate area) 
      Partial area ratio:   83.13
      Required ratio: 4356.08 (Side area) 
      Cumulative area ratio:   40.82
      Required ratio:    0.00 (Cumulative area) 
      Cumulative area ratio:  210.64
      Required ratio:    0.00 (Cumulative side area) 

    Via: M2M3_PR
      Partial area ratio:    0.02
      Required ratio:    6.00 (Gate area) 
      Cumulative area ratio:    0.24
      Required ratio:    0.00 (Cumulative area) 

    Via: M1M2_PR
      Partial area ratio:    0.03
      Required ratio:    6.00 (Gate area) 
      Cumulative area ratio:    0.15
      Required ratio:    0.00 (Cumulative area) 

    Via: L1M1_PR
      Partial area ratio:    0.12
      Required ratio:    3.00 (Gate area) 
      Cumulative area ratio:    0.12
      Required ratio:    0.00 (Cumulative area) 

  Pin: ANTENNA__22195__A1/DIODE (sky130_fd_sc_hd__diode_2)
    Layer: met3
      Partial area ratio:   15.56
      Required ratio:    0.00 (Gate area) 
      Partial area ratio:   83.13
      Required ratio: 4356.08 (Side area) 
      Cumulative area ratio:   93.19
      Required ratio:    0.00 (Cumulative area) 
      Cumulative area ratio:  476.94
      Required ratio:    0.00 (Cumulative side area) 

    Layer: met2
      Partial area ratio:    1.27
      Required ratio:    0.00 (Gate area) 
      Partial area ratio:    6.58
      Required ratio: 3121.64 (Side area) 
      Cumulative area ratio:   77.62
      Required ratio:    0.00 (Cumulative area) 
      Cumulative area ratio:  393.81
      Required ratio:    0.00 (Cumulative side area) 

    Layer: met1
      Partial area ratio:   76.35
      Required ratio:    0.00 (Gate area) 
      Partial area ratio:  387.23
      Required ratio: 2773.88 (Side area) 
      Cumulative area ratio:   76.35
      Required ratio:    0.00 (Cumulative area) 
      Cumulative area ratio:  387.23
      Required ratio:    0.00 (Cumulative side area) 

    Layer: li1
      Partial area ratio:    0.00
      Required ratio:    0.00 (Gate area) 
      Partial area ratio:    0.00
      Required ratio:  270.62 (Side area) 
      Cumulative area ratio:    0.00
      Required ratio:    0.00 (Cumulative area) 
      Cumulative area ratio:    0.00
      Required ratio:    0.00 (Cumulative side area) 

    Via: M2M3_PR
      Partial area ratio:    0.02
      Required ratio:    6.00 (Gate area) 
      Cumulative area ratio:    0.15
      Required ratio:    0.00 (Cumulative area) 

    Via: M1M2_PR
      Partial area ratio:    0.07
      Required ratio:    6.00 (Gate area) 
      Cumulative area ratio:    0.13
      Required ratio:    0.00 (Cumulative area) 

    Via: L1M1_PR
      Partial area ratio:    0.07
      Required ratio:    3.00 (Gate area) 
      Cumulative area ratio:    0.07
      Required ratio:    0.00 (Cumulative area) 

  Pin: ANTENNA__22109__A1/DIODE (sky130_fd_sc_hd__diode_2)
    Layer: met3
      Partial area ratio:   15.56
      Required ratio:    0.00 (Gate area) 
      Partial area ratio:   83.13
      Required ratio: 4356.08 (Side area) 
      Cumulative area ratio:  179.00
      Required ratio:    0.00 (Cumulative area) 
      Cumulative area ratio:  910.74
      Required ratio:    0.00 (Cumulative side area) 

    Layer: met2
      Partial area ratio:    1.27
      Required ratio:    0.00 (Gate area) 
      Partial area ratio:    6.58
      Required ratio: 3121.64 (Side area) 
      Cumulative area ratio:  163.43
      Required ratio:    0.00 (Cumulative area) 
      Cumulative area ratio:  827.61
      Required ratio:    0.00 (Cumulative side area) 

    Layer: met1
      Partial area ratio:    0.00
      Required ratio:    0.00 (Gate area) 
      Partial area ratio:    0.00
      Required ratio: 2773.88 (Side area) 
      Cumulative area ratio:    0.00
      Required ratio:    0.00 (Cumulative area) 
      Cumulative area ratio:    0.00
      Required ratio:    0.00 (Cumulative side area) 

    Layer: li1
      Partial area ratio:    0.00
      Required ratio:    0.00 (Gate area) 
      Partial area ratio:    0.00
      Required ratio:  270.62 (Side area) 
      Cumulative area ratio:    0.00
      Required ratio:    0.00 (Cumulative area) 
      Cumulative area ratio:    0.00
      Required ratio:    0.00 (Cumulative side area) 

    Via: M2M3_PR
      Partial area ratio:    0.02
      Required ratio:    6.00 (Gate area) 
      Cumulative area ratio:    0.48
      Required ratio:    0.00 (Cumulative area) 

    Via: M1M2_PR
      Partial area ratio:    0.05
      Required ratio:    6.00 (Gate area) 
      Cumulative area ratio:    0.12
      Required ratio:    0.00 (Cumulative area) 

    Via: L1M1_PR
      Partial area ratio:    0.07
      Required ratio:    3.00 (Gate area) 
      Cumulative area ratio:    0.07
      Required ratio:    0.00 (Cumulative area) 

  Pin: _22109_/A1 (sky130_fd_sc_hd__o211a_1)
    Layer: met3
      Partial area ratio:   15.56
      Required ratio:    0.00 (Gate area) 
      Partial area ratio:   83.13
      Required ratio: 4356.08 (Side area) 
      Cumulative area ratio:  179.00
      Required ratio:    0.00 (Cumulative area) 
      Cumulative area ratio:  910.74
      Required ratio:    0.00 (Cumulative side area) 

    Layer: met2
      Partial area ratio:    1.27
      Required ratio:    0.00 (Gate area) 
      Partial area ratio:    6.58
      Required ratio: 3121.64 (Side area) 
      Cumulative area ratio:  163.43
      Required ratio:    0.00 (Cumulative area) 
      Cumulative area ratio:  827.61
      Required ratio:    0.00 (Cumulative side area) 

    Layer: met1
      Partial area ratio:   85.81
      Required ratio:    0.00 (Gate area) 
      Partial area ratio:  433.80
      Required ratio:  400.00 (Side area) (VIOLATED)
      Cumulative area ratio:   85.81
      Required ratio:    0.00 (Cumulative area) 
      Cumulative area ratio:  433.80
      Required ratio:    0.00 (Cumulative side area) 

    Layer: li1
      Partial area ratio:    0.00
      Required ratio:    0.00 (Gate area) 
      Partial area ratio:    0.00
      Required ratio:   75.00 (Side area) 
      Cumulative area ratio:    0.00
      Required ratio:    0.00 (Cumulative area) 
      Cumulative area ratio:    0.00
      Required ratio:    0.00 (Cumulative side area) 

    Via: M2M3_PR
      Partial area ratio:    0.02
      Required ratio:    6.00 (Gate area) 
      Cumulative area ratio:    0.48
      Required ratio:    0.00 (Cumulative area) 

    Via: M1M2_PR
      Partial area ratio:    0.27
      Required ratio:    6.00 (Gate area) 
      Cumulative area ratio:    0.39
      Required ratio:    0.00 (Cumulative area) 

    Via: L1M1_PR
      Partial area ratio:    0.12
      Required ratio:    3.00 (Gate area) 
      Cumulative area ratio:    0.12
      Required ratio:    0.00 (Cumulative area) 

  Pin: ANTENNA__22025__A1/DIODE (sky130_fd_sc_hd__diode_2)
    Layer: met3
      Partial area ratio:   15.56
      Required ratio:    0.00 (Gate area) 
      Partial area ratio:   83.13
      Required ratio: 4356.08 (Side area) 
      Cumulative area ratio:  179.59
      Required ratio:    0.00 (Cumulative area) 
      Cumulative area ratio:  913.86
      Required ratio:    0.00 (Cumulative side area) 

    Layer: met2
      Partial area ratio:    1.27
      Required ratio:    0.00 (Gate area) 
      Partial area ratio:    6.58
      Required ratio: 3121.64 (Side area) 
      Cumulative area ratio:  164.03
      Required ratio:    0.00 (Cumulative area) 
      Cumulative area ratio:  830.73
      Required ratio:    0.00 (Cumulative side area) 

    Layer: met1
      Partial area ratio:    0.60
      Required ratio:    0.00 (Gate area) 
      Partial area ratio:    3.12
      Required ratio: 2773.88 (Side area) 
      Cumulative area ratio:    0.60
      Required ratio:    0.00 (Cumulative area) 
      Cumulative area ratio:    3.12
      Required ratio:    0.00 (Cumulative side area) 

    Layer: li1
      Partial area ratio:    0.00
      Required ratio:    0.00 (Gate area) 
      Partial area ratio:    0.00
      Required ratio:  270.62 (Side area) 
      Cumulative area ratio:    0.00
      Required ratio:    0.00 (Cumulative area) 
      Cumulative area ratio:    0.00
      Required ratio:    0.00 (Cumulative side area) 

    Via: M2M3_PR
      Partial area ratio:    0.02
      Required ratio:    6.00 (Gate area) 
      Cumulative area ratio:    0.46
      Required ratio:    0.00 (Cumulative area) 

    Via: M1M2_PR
      Partial area ratio:    0.03
      Required ratio:    6.00 (Gate area) 
      Cumulative area ratio:    0.10
      Required ratio:    0.00 (Cumulative area) 

    Via: L1M1_PR
      Partial area ratio:    0.07
      Required ratio:    3.00 (Gate area) 
      Cumulative area ratio:    0.07
      Required ratio:    0.00 (Cumulative area) 

  Pin: _22025_/A1 (sky130_fd_sc_hd__o211a_1)
    Layer: met3
      Partial area ratio:   15.56
      Required ratio:    0.00 (Gate area) 
      Partial area ratio:   83.13
      Required ratio: 4356.08 (Side area) 
      Cumulative area ratio:  179.59
      Required ratio:    0.00 (Cumulative area) 
      Cumulative area ratio:  913.86
      Required ratio:    0.00 (Cumulative side area) 

    Layer: met2
      Partial area ratio:    1.27
      Required ratio:    0.00 (Gate area) 
      Partial area ratio:    6.58
      Required ratio: 3121.64 (Side area) 
      Cumulative area ratio:  164.03
      Required ratio:    0.00 (Cumulative area) 
      Cumulative area ratio:  830.73
      Required ratio:    0.00 (Cumulative side area) 

    Layer: met1
      Partial area ratio:    0.60
      Required ratio:    0.00 (Gate area) 
      Partial area ratio:    3.12
      Required ratio: 2773.88 (Side area) 
      Cumulative area ratio:    0.60
      Required ratio:    0.00 (Cumulative area) 
      Cumulative area ratio:    3.12
      Required ratio:    0.00 (Cumulative side area) 

    Layer: li1
      Partial area ratio:    0.00
      Required ratio:    0.00 (Gate area) 
      Partial area ratio:    0.00
      Required ratio:   75.00 (Side area) 
      Cumulative area ratio:    0.00
      Required ratio:    0.00 (Cumulative area) 
      Cumulative area ratio:    0.00
      Required ratio:    0.00 (Cumulative side area) 

    Via: M2M3_PR
      Partial area ratio:    0.02
      Required ratio:    6.00 (Gate area) 
      Cumulative area ratio:    0.51
      Required ratio:    0.00 (Cumulative area) 

    Via: M1M2_PR
      Partial area ratio:    0.03
      Required ratio:    6.00 (Gate area) 
      Cumulative area ratio:    0.15
      Required ratio:    0.00 (Cumulative area) 

    Via: L1M1_PR
      Partial area ratio:    0.12
      Required ratio:    3.00 (Gate area) 
      Cumulative area ratio:    0.12
      Required ratio:    0.00 (Cumulative area) 

  Pin: _22195_/A1 (sky130_fd_sc_hd__o211a_1)
    Layer: met3
      Partial area ratio:   15.56
      Required ratio:    0.00 (Gate area) 
      Partial area ratio:   83.13
      Required ratio: 4356.08 (Side area) 
      Cumulative area ratio:   93.19
      Required ratio:    0.00 (Cumulative area) 
      Cumulative area ratio:  476.94
      Required ratio:    0.00 (Cumulative side area) 

    Layer: met2
      Partial area ratio:    1.27
      Required ratio:    0.00 (Gate area) 
      Partial area ratio:    6.58
      Required ratio: 3121.64 (Side area) 
      Cumulative area ratio:   77.62
      Required ratio:    0.00 (Cumulative area) 
      Cumulative area ratio:  393.81
      Required ratio:    0.00 (Cumulative side area) 

    Layer: met1
      Partial area ratio:   76.35
      Required ratio:    0.00 (Gate area) 
      Partial area ratio:  387.23
      Required ratio: 2773.88 (Side area) 
      Cumulative area ratio:   76.35
      Required ratio:    0.00 (Cumulative area) 
      Cumulative area ratio:  387.23
      Required ratio:    0.00 (Cumulative side area) 

    Layer: li1
      Partial area ratio:    0.00
      Required ratio:    0.00 (Gate area) 
      Partial area ratio:    0.00
      Required ratio:   75.00 (Side area) 
      Cumulative area ratio:    0.00
      Required ratio:    0.00 (Cumulative area) 
      Cumulative area ratio:    0.00
      Required ratio:    0.00 (Cumulative side area) 

    Via: M2M3_PR
      Partial area ratio:    0.02
      Required ratio:    6.00 (Gate area) 
      Cumulative area ratio:    0.20
      Required ratio:    0.00 (Cumulative area) 

    Via: M1M2_PR
      Partial area ratio:    0.07
      Required ratio:    6.00 (Gate area) 
      Cumulative area ratio:    0.18
      Required ratio:    0.00 (Cumulative area) 

    Via: L1M1_PR
      Partial area ratio:    0.12
      Required ratio:    3.00 (Gate area) 
      Cumulative area ratio:    0.12
      Required ratio:    0.00 (Cumulative area) 

  Pin: _22452_/A1 (sky130_fd_sc_hd__o211a_1)
    Layer: met1
      Partial area ratio:    2.34
      Required ratio:    0.00 (Gate area) 
      Partial area ratio:   12.56
      Required ratio: 3486.68 (Side area) 
      Cumulative area ratio:    2.34
      Required ratio:    0.00 (Cumulative area) 
      Cumulative area ratio:   12.56
      Required ratio:    0.00 (Cumulative side area) 

    Layer: met2
      Partial area ratio:   19.42
      Required ratio:    0.00 (Gate area) 
      Partial area ratio:   97.49
      Required ratio: 3834.44 (Side area) 
      Cumulative area ratio:   21.76
      Required ratio:    0.00 (Cumulative area) 
      Cumulative area ratio:  110.04
      Required ratio:    0.00 (Cumulative side area) 

    Layer: met3
      Partial area ratio:   15.56
      Required ratio:    0.00 (Gate area) 
      Partial area ratio:   83.13
      Required ratio: 4356.08 (Side area) 
      Cumulative area ratio:   37.32
      Required ratio:    0.00 (Cumulative area) 
      Cumulative area ratio:  193.17
      Required ratio:    0.00 (Cumulative side area) 

    Layer: li1
      Partial area ratio:    0.00
      Required ratio:    0.00 (Gate area) 
      Partial area ratio:    0.00
      Required ratio:   75.00 (Side area) 
      Cumulative area ratio:    0.00
      Required ratio:    0.00 (Cumulative area) 
      Cumulative area ratio:    0.00
      Required ratio:    0.00 (Cumulative side area) 

    Via: M1M2_PR
      Partial area ratio:    0.03
      Required ratio:    6.00 (Gate area) 
      Cumulative area ratio:    0.15
      Required ratio:    0.00 (Cumulative area) 

    Via: M2M3_PR
      Partial area ratio:    0.02
      Required ratio:    6.00 (Gate area) 
      Cumulative area ratio:    0.17
      Required ratio:    0.00 (Cumulative area) 

    Via: L1M1_PR
      Partial area ratio:    0.12
      Required ratio:    3.00 (Gate area) 
      Cumulative area ratio:    0.12
      Required ratio:    0.00 (Cumulative area) 


Net: core.block1_ctr_reg\[24\]
  Pin: ANTENNA__39920__A/DIODE (sky130_fd_sc_hd__diode_2)
    Layer: met2
      Partial area ratio:    1.51
      Required ratio:    0.00 (Gate area) 
      Partial area ratio:    7.82
      Required ratio: 3293.24 (Side area) 
      Cumulative area ratio:    1.71
      Required ratio:    0.00 (Cumulative area) 
      Cumulative area ratio:    9.01
      Required ratio:    0.00 (Cumulative side area) 

    Layer: met1
      Partial area ratio:    0.19
      Required ratio:    0.00 (Gate area) 
      Partial area ratio:    1.19
      Required ratio: 2773.88 (Side area) 
      Cumulative area ratio:    0.19
      Required ratio:    0.00 (Cumulative area) 
      Cumulative area ratio:    1.19
      Required ratio:    0.00 (Cumulative side area) 

    Layer: li1
      Partial area ratio:    0.00
      Required ratio:    0.00 (Gate area) 
      Partial area ratio:    0.00
      Required ratio:  270.62 (Side area) 
      Cumulative area ratio:    0.00
      Required ratio:    0.00 (Cumulative area) 
      Cumulative area ratio:    0.00
      Required ratio:    0.00 (Cumulative side area) 

    Via: M1M2_PR
      Partial area ratio:    0.05
      Required ratio:    6.00 (Gate area) 
      Cumulative area ratio:    0.12
      Required ratio:    0.00 (Cumulative area) 

    Via: L1M1_PR
      Partial area ratio:    0.07
      Required ratio:    3.00 (Gate area) 
      Cumulative area ratio:    0.07
      Required ratio:    0.00 (Cumulative area) 

  Pin: _39921_/A1 (sky130_fd_sc_hd__o21ai_1)
    Layer: met2
      Partial area ratio:    1.51
      Required ratio:    0.00 (Gate area) 
      Partial area ratio:    7.82
      Required ratio: 3293.24 (Side area) 
      Cumulative area ratio:  106.67
      Required ratio:    0.00 (Cumulative area) 
      Cumulative area ratio:  539.08
      Required ratio:    0.00 (Cumulative side area) 

    Layer: met1
      Partial area ratio:    0.87
      Required ratio:    0.00 (Gate area) 
      Partial area ratio:    5.15
      Required ratio:  400.00 (Side area) 
      Cumulative area ratio:    0.87
      Required ratio:    0.00 (Cumulative area) 
      Cumulative area ratio:    5.15
      Required ratio:    0.00 (Cumulative side area) 

    Layer: li1
      Partial area ratio:    0.00
      Required ratio:    0.00 (Gate area) 
      Partial area ratio:    0.00
      Required ratio:   75.00 (Side area) 
      Cumulative area ratio:    0.00
      Required ratio:    0.00 (Cumulative area) 
      Cumulative area ratio:    0.00
      Required ratio:    0.00 (Cumulative side area) 

    Via: M1M2_PR
      Partial area ratio:    0.09
      Required ratio:    6.00 (Gate area) 
      Cumulative area ratio:    0.21
      Required ratio:    0.00 (Cumulative area) 

    Via: L1M1_PR
      Partial area ratio:    0.12
      Required ratio:    3.00 (Gate area) 
      Cumulative area ratio:    0.12
      Required ratio:    0.00 (Cumulative area) 

  Pin: _39920_/A (sky130_fd_sc_hd__and2_1)
    Layer: met2
      Partial area ratio:    1.51
      Required ratio:    0.00 (Gate area) 
      Partial area ratio:    7.82
      Required ratio: 3293.24 (Side area) 
      Cumulative area ratio:  105.80
      Required ratio:    0.00 (Cumulative area) 
      Cumulative area ratio:  533.93
      Required ratio:    0.00 (Cumulative side area) 

    Layer: met1
      Partial area ratio:  104.29
      Required ratio:    0.00 (Gate area) 
      Partial area ratio:  526.11
      Required ratio:  400.00 (Side area) (VIOLATED)
      Cumulative area ratio:  104.29
      Required ratio:    0.00 (Cumulative area) 
      Cumulative area ratio:  526.11
      Required ratio:    0.00 (Cumulative side area) 

    Layer: li1
      Partial area ratio:    0.00
      Required ratio:    0.00 (Gate area) 
      Partial area ratio:    0.00
      Required ratio:   75.00 (Side area) 
      Cumulative area ratio:    0.00
      Required ratio:    0.00 (Cumulative area) 
      Cumulative area ratio:    0.00
      Required ratio:    0.00 (Cumulative side area) 

    Via: M1M2_PR
      Partial area ratio:    0.54
      Required ratio:    6.00 (Gate area) 
      Cumulative area ratio:    0.77
      Required ratio:    0.00 (Cumulative area) 

    Via: L1M1_PR
      Partial area ratio:    0.23
      Required ratio:    3.00 (Gate area) 
      Cumulative area ratio:    0.23
      Required ratio:    0.00 (Cumulative area) 

  Pin: ANTENNA_hold2591_A/DIODE (sky130_fd_sc_hd__diode_2)
    Layer: met2
      Partial area ratio:    1.51
      Required ratio:    0.00 (Gate area) 
      Partial area ratio:    7.82
      Required ratio: 3293.24 (Side area) 
      Cumulative area ratio:  106.43
      Required ratio:    0.00 (Cumulative area) 
      Cumulative area ratio:  537.39
      Required ratio:    0.00 (Cumulative side area) 

    Layer: met1
      Partial area ratio:    0.63
      Required ratio:    0.00 (Gate area) 
      Partial area ratio:    3.46
      Required ratio: 2773.88 (Side area) 
      Cumulative area ratio:    0.63
      Required ratio:    0.00 (Cumulative area) 
      Cumulative area ratio:    3.46
      Required ratio:    0.00 (Cumulative side area) 

    Layer: li1
      Partial area ratio:    0.00
      Required ratio:    0.00 (Gate area) 
      Partial area ratio:    0.00
      Required ratio:  270.62 (Side area) 
      Cumulative area ratio:    0.00
      Required ratio:    0.00 (Cumulative area) 
      Cumulative area ratio:    0.00
      Required ratio:    0.00 (Cumulative side area) 

    Via: M1M2_PR
      Partial area ratio:    0.03
      Required ratio:    6.00 (Gate area) 
      Cumulative area ratio:    0.10
      Required ratio:    0.00 (Cumulative area) 

    Via: L1M1_PR
      Partial area ratio:    0.07
      Required ratio:    3.00 (Gate area) 
      Cumulative area ratio:    0.07
      Required ratio:    0.00 (Cumulative area) 

  Pin: hold2591/A (sky130_fd_sc_hd__clkbuf_4)
    Layer: met2
      Partial area ratio:    1.51
      Required ratio:    0.00 (Gate area) 
      Partial area ratio:    7.82
      Required ratio: 3293.24 (Side area) 
      Cumulative area ratio:  106.43
      Required ratio:    0.00 (Cumulative area) 
      Cumulative area ratio:  537.39
      Required ratio:    0.00 (Cumulative side area) 

    Layer: met1
      Partial area ratio:    0.63
      Required ratio:    0.00 (Gate area) 
      Partial area ratio:    3.46
      Required ratio: 2773.88 (Side area) 
      Cumulative area ratio:    0.63
      Required ratio:    0.00 (Cumulative area) 
      Cumulative area ratio:    3.46
      Required ratio:    0.00 (Cumulative side area) 

    Layer: li1
      Partial area ratio:    0.00
      Required ratio:    0.00 (Gate area) 
      Partial area ratio:    0.00
      Required ratio:   75.00 (Side area) 
      Cumulative area ratio:    0.00
      Required ratio:    0.00 (Cumulative area) 
      Cumulative area ratio:    0.00
      Required ratio:    0.00 (Cumulative side area) 

    Via: M1M2_PR
      Partial area ratio:    0.03
      Required ratio:    6.00 (Gate area) 
      Cumulative area ratio:    0.17
      Required ratio:    0.00 (Cumulative area) 

    Via: L1M1_PR
      Partial area ratio:    0.14
      Required ratio:    3.00 (Gate area) 
      Cumulative area ratio:    0.14
      Required ratio:    0.00 (Cumulative area) 

  Pin: ANTENNA__39921__A1/DIODE (sky130_fd_sc_hd__diode_2)
    Layer: met2
      Partial area ratio:    1.51
      Required ratio:    0.00 (Gate area) 
      Partial area ratio:    7.82
      Required ratio: 3293.24 (Side area) 
      Cumulative area ratio:    1.71
      Required ratio:    0.00 (Cumulative area) 
      Cumulative area ratio:    9.01
      Required ratio:    0.00 (Cumulative side area) 

    Layer: met1
      Partial area ratio:    0.19
      Required ratio:    0.00 (Gate area) 
      Partial area ratio:    1.19
      Required ratio: 2773.88 (Side area) 
      Cumulative area ratio:    0.19
      Required ratio:    0.00 (Cumulative area) 
      Cumulative area ratio:    1.19
      Required ratio:    0.00 (Cumulative side area) 

    Layer: li1
      Partial area ratio:    0.00
      Required ratio:    0.00 (Gate area) 
      Partial area ratio:    0.00
      Required ratio:  270.62 (Side area) 
      Cumulative area ratio:    0.00
      Required ratio:    0.00 (Cumulative area) 
      Cumulative area ratio:    0.00
      Required ratio:    0.00 (Cumulative side area) 

    Via: M1M2_PR
      Partial area ratio:    0.05
      Required ratio:    6.00 (Gate area) 
      Cumulative area ratio:    0.12
      Required ratio:    0.00 (Cumulative area) 

    Via: L1M1_PR
      Partial area ratio:    0.07
      Required ratio:    3.00 (Gate area) 
      Cumulative area ratio:    0.07
      Required ratio:    0.00 (Cumulative area) 


Net: core.data_in_reg\[192\]
  Pin: ANTENNA__37099__A/DIODE (sky130_fd_sc_hd__diode_2)
    Layer: met2
      Partial area ratio:    2.12
      Required ratio:    0.00 (Gate area) 
      Partial area ratio:   10.82
      Required ratio: 3125.96 (Side area) 
      Cumulative area ratio:  132.03
      Required ratio:    0.00 (Cumulative area) 
      Cumulative area ratio:  664.97
      Required ratio:    0.00 (Cumulative side area) 

    Layer: met1
      Partial area ratio:    0.00
      Required ratio:    0.00 (Gate area) 
      Partial area ratio:    0.00
      Required ratio: 2773.88 (Side area) 
      Cumulative area ratio:    0.00
      Required ratio:    0.00 (Cumulative area) 
      Cumulative area ratio:    0.00
      Required ratio:    0.00 (Cumulative side area) 

    Layer: li1
      Partial area ratio:    0.00
      Required ratio:    0.00 (Gate area) 
      Partial area ratio:    0.00
      Required ratio:  270.62 (Side area) 
      Cumulative area ratio:    0.00
      Required ratio:    0.00 (Cumulative area) 
      Cumulative area ratio:    0.00
      Required ratio:    0.00 (Cumulative side area) 

    Via: M1M2_PR
      Partial area ratio:    0.05
      Required ratio:    6.00 (Gate area) 
      Cumulative area ratio:    0.12
      Required ratio:    0.00 (Cumulative area) 

    Via: L1M1_PR
      Partial area ratio:    0.07
      Required ratio:    3.00 (Gate area) 
      Cumulative area ratio:    0.07
      Required ratio:    0.00 (Cumulative area) 

  Pin: _37099_/A (sky130_fd_sc_hd__xnor2_1)
    Layer: met2
      Partial area ratio:    2.12
      Required ratio:    0.00 (Gate area) 
      Partial area ratio:   10.82
      Required ratio: 3125.96 (Side area) 
      Cumulative area ratio:  132.85
      Required ratio:    0.00 (Cumulative area) 
      Cumulative area ratio:  669.27
      Required ratio:    0.00 (Cumulative side area) 

    Layer: met1
      Partial area ratio:    0.82
      Required ratio:    0.00 (Gate area) 
      Partial area ratio:    4.30
      Required ratio:  400.00 (Side area) 
      Cumulative area ratio:    0.82
      Required ratio:    0.00 (Cumulative area) 
      Cumulative area ratio:    4.30
      Required ratio:    0.00 (Cumulative side area) 

    Layer: li1
      Partial area ratio:    0.00
      Required ratio:    0.00 (Gate area) 
      Partial area ratio:    0.00
      Required ratio:   75.00 (Side area) 
      Cumulative area ratio:    0.00
      Required ratio:    0.00 (Cumulative area) 
      Cumulative area ratio:    0.00
      Required ratio:    0.00 (Cumulative side area) 

    Via: M1M2_PR
      Partial area ratio:    0.05
      Required ratio:    6.00 (Gate area) 
      Cumulative area ratio:    0.10
      Required ratio:    0.00 (Cumulative area) 

    Via: L1M1_PR
      Partial area ratio:    0.06
      Required ratio:    3.00 (Gate area) 
      Cumulative area ratio:    0.06
      Required ratio:    0.00 (Cumulative area) 

  Pin: _34448_/A1 (sky130_fd_sc_hd__o211a_1)
    Layer: met2
      Partial area ratio:    2.12
      Required ratio:    0.00 (Gate area) 
      Partial area ratio:   10.82
      Required ratio: 3125.96 (Side area) 
      Cumulative area ratio:  132.03
      Required ratio:    0.00 (Cumulative area) 
      Cumulative area ratio:  664.97
      Required ratio:    0.00 (Cumulative side area) 

    Layer: met1
      Partial area ratio:  129.13
      Required ratio:    0.00 (Gate area) 
      Partial area ratio:  650.00
      Required ratio:  400.00 (Side area) (VIOLATED)
      Cumulative area ratio:  129.13
      Required ratio:    0.00 (Cumulative area) 
      Cumulative area ratio:  650.00
      Required ratio:    0.00 (Cumulative side area) 

    Layer: li1
      Partial area ratio:    0.00
      Required ratio:    0.00 (Gate area) 
      Partial area ratio:    0.00
      Required ratio:   75.00 (Side area) 
      Cumulative area ratio:    0.00
      Required ratio:    0.00 (Cumulative area) 
      Cumulative area ratio:    0.00
      Required ratio:    0.00 (Cumulative side area) 

    Via: M1M2_PR
      Partial area ratio:    0.18
      Required ratio:    6.00 (Gate area) 
      Cumulative area ratio:    0.30
      Required ratio:    0.00 (Cumulative area) 

    Via: L1M1_PR
      Partial area ratio:    0.12
      Required ratio:    3.00 (Gate area) 
      Cumulative area ratio:    0.12
      Required ratio:    0.00 (Cumulative area) 

  Pin: ANTENNA__34448__A1/DIODE (sky130_fd_sc_hd__diode_2)
    Layer: met2
      Partial area ratio:    2.12
      Required ratio:    0.00 (Gate area) 
      Partial area ratio:   10.82
      Required ratio: 3125.96 (Side area) 
      Cumulative area ratio:    2.90
      Required ratio:    0.00 (Cumulative area) 
      Cumulative area ratio:   14.98
      Required ratio:    0.00 (Cumulative side area) 

    Layer: met1
      Partial area ratio:    0.79
      Required ratio:    0.00 (Gate area) 
      Partial area ratio:    4.15
      Required ratio: 2773.88 (Side area) 
      Cumulative area ratio:    0.79
      Required ratio:    0.00 (Cumulative area) 
      Cumulative area ratio:    4.15
      Required ratio:    0.00 (Cumulative side area) 

    Layer: li1
      Partial area ratio:    0.00
      Required ratio:    0.00 (Gate area) 
      Partial area ratio:    0.00
      Required ratio:  270.62 (Side area) 
      Cumulative area ratio:    0.00
      Required ratio:    0.00 (Cumulative area) 
      Cumulative area ratio:    0.00
      Required ratio:    0.00 (Cumulative side area) 

    Via: M1M2_PR
      Partial area ratio:    0.10
      Required ratio:    6.00 (Gate area) 
      Cumulative area ratio:    0.17
      Required ratio:    0.00 (Cumulative area) 

    Via: L1M1_PR
      Partial area ratio:    0.07
      Required ratio:    3.00 (Gate area) 
      Cumulative area ratio:    0.07
      Required ratio:    0.00 (Cumulative area) 


Net: core.iv1_reg\[11\]
  Pin: ANTENNA__25675__A/DIODE (sky130_fd_sc_hd__diode_2)
    Layer: met2
      Partial area ratio:    4.67
      Required ratio:    0.00 (Gate area) 
      Partial area ratio:   23.74
      Required ratio: 3299.84 (Side area) 
      Cumulative area ratio:    6.09
      Required ratio:    0.00 (Cumulative area) 
      Cumulative area ratio:   31.31
      Required ratio:    0.00 (Cumulative side area) 

    Layer: met1
      Partial area ratio:    1.42
      Required ratio:    0.00 (Gate area) 
      Partial area ratio:    7.57
      Required ratio: 2773.88 (Side area) 
      Cumulative area ratio:    1.42
      Required ratio:    0.00 (Cumulative area) 
      Cumulative area ratio:    7.57
      Required ratio:    0.00 (Cumulative side area) 

    Layer: li1
      Partial area ratio:    0.00
      Required ratio:    0.00 (Gate area) 
      Partial area ratio:    0.00
      Required ratio:  270.62 (Side area) 
      Cumulative area ratio:    0.00
      Required ratio:    0.00 (Cumulative area) 
      Cumulative area ratio:    0.00
      Required ratio:    0.00 (Cumulative side area) 

    Via: M1M2_PR
      Partial area ratio:    0.10
      Required ratio:    6.00 (Gate area) 
      Cumulative area ratio:    0.17
      Required ratio:    0.00 (Cumulative area) 

    Via: L1M1_PR
      Partial area ratio:    0.07
      Required ratio:    3.00 (Gate area) 
      Cumulative area ratio:    0.07
      Required ratio:    0.00 (Cumulative area) 

  Pin: _27165_/A1 (sky130_fd_sc_hd__mux2_1)
    Layer: met2
      Partial area ratio:    4.67
      Required ratio:    0.00 (Gate area) 
      Partial area ratio:   23.74
      Required ratio: 3299.84 (Side area) 
      Cumulative area ratio:  175.08
      Required ratio:    0.00 (Cumulative area) 
      Cumulative area ratio:  885.16
      Required ratio:    0.00 (Cumulative side area) 

    Layer: met1
      Partial area ratio:    2.37
      Required ratio:    0.00 (Gate area) 
      Partial area ratio:   12.18
      Required ratio: 2773.88 (Side area) 
      Cumulative area ratio:    2.37
      Required ratio:    0.00 (Cumulative area) 
      Cumulative area ratio:   12.18
      Required ratio:    0.00 (Cumulative side area) 

    Layer: li1
      Partial area ratio:    0.00
      Required ratio:    0.00 (Gate area) 
      Partial area ratio:    0.00
      Required ratio:   75.00 (Side area) 
      Cumulative area ratio:    0.00
      Required ratio:    0.00 (Cumulative area) 
      Cumulative area ratio:    0.00
      Required ratio:    0.00 (Cumulative side area) 

    Via: M1M2_PR
      Partial area ratio:    0.04
      Required ratio:    6.00 (Gate area) 
      Cumulative area ratio:    0.27
      Required ratio:    0.00 (Cumulative area) 

    Via: L1M1_PR
      Partial area ratio:    0.23
      Required ratio:    3.00 (Gate area) 
      Cumulative area ratio:    0.23
      Required ratio:    0.00 (Cumulative area) 

  Pin: ANTENNA__27165__A1/DIODE (sky130_fd_sc_hd__diode_2)
    Layer: met2
      Partial area ratio:    4.67
      Required ratio:    0.00 (Gate area) 
      Partial area ratio:   23.74
      Required ratio: 3299.84 (Side area) 
      Cumulative area ratio:  175.08
      Required ratio:    0.00 (Cumulative area) 
      Cumulative area ratio:  885.16
      Required ratio:    0.00 (Cumulative side area) 

    Layer: met1
      Partial area ratio:    2.37
      Required ratio:    0.00 (Gate area) 
      Partial area ratio:   12.18
      Required ratio: 2773.88 (Side area) 
      Cumulative area ratio:    2.37
      Required ratio:    0.00 (Cumulative area) 
      Cumulative area ratio:   12.18
      Required ratio:    0.00 (Cumulative side area) 

    Layer: li1
      Partial area ratio:    0.00
      Required ratio:    0.00 (Gate area) 
      Partial area ratio:    0.00
      Required ratio:  270.62 (Side area) 
      Cumulative area ratio:    0.00
      Required ratio:    0.00 (Cumulative area) 
      Cumulative area ratio:    0.00
      Required ratio:    0.00 (Cumulative side area) 

    Via: M1M2_PR
      Partial area ratio:    0.04
      Required ratio:    6.00 (Gate area) 
      Cumulative area ratio:    0.11
      Required ratio:    0.00 (Cumulative area) 

    Via: L1M1_PR
      Partial area ratio:    0.07
      Required ratio:    3.00 (Gate area) 
      Cumulative area ratio:    0.07
      Required ratio:    0.00 (Cumulative area) 

  Pin: _25675_/A (sky130_fd_sc_hd__or2_1)
    Layer: met2
      Partial area ratio:    4.67
      Required ratio:    0.00 (Gate area) 
      Partial area ratio:   23.74
      Required ratio: 3299.84 (Side area) 
      Cumulative area ratio:  172.71
      Required ratio:    0.00 (Cumulative area) 
      Cumulative area ratio:  872.97
      Required ratio:    0.00 (Cumulative side area) 

    Layer: met1
      Partial area ratio:  166.62
      Required ratio:    0.00 (Gate area) 
      Partial area ratio:  841.67
      Required ratio:  400.00 (Side area) (VIOLATED)
      Cumulative area ratio:  166.62
      Required ratio:    0.00 (Cumulative area) 
      Cumulative area ratio:  841.67
      Required ratio:    0.00 (Cumulative side area) 

    Layer: li1
      Partial area ratio:    0.00
      Required ratio:    0.00 (Gate area) 
      Partial area ratio:    0.00
      Required ratio:   75.00 (Side area) 
      Cumulative area ratio:    0.00
      Required ratio:    0.00 (Cumulative area) 
      Cumulative area ratio:    0.00
      Required ratio:    0.00 (Cumulative side area) 

    Via: M1M2_PR
      Partial area ratio:    0.36
      Required ratio:    6.00 (Gate area) 
      Cumulative area ratio:    0.59
      Required ratio:    0.00 (Cumulative area) 

    Via: L1M1_PR
      Partial area ratio:    0.23
      Required ratio:    3.00 (Gate area) 
      Cumulative area ratio:    0.23
      Required ratio:    0.00 (Cumulative area) 

  Pin: ANTENNA_hold4402_A/DIODE (sky130_fd_sc_hd__diode_2)
    Layer: met2
      Partial area ratio:    4.67
      Required ratio:    0.00 (Gate area) 
      Partial area ratio:   23.74
      Required ratio: 3299.84 (Side area) 
      Cumulative area ratio:    5.88
      Required ratio:    0.00 (Cumulative area) 
      Cumulative area ratio:   30.18
      Required ratio:    0.00 (Cumulative side area) 

    Layer: met1
      Partial area ratio:    1.22
      Required ratio:    0.00 (Gate area) 
      Partial area ratio:    6.44
      Required ratio: 2773.88 (Side area) 
      Cumulative area ratio:    1.22
      Required ratio:    0.00 (Cumulative area) 
      Cumulative area ratio:    6.44
      Required ratio:    0.00 (Cumulative side area) 

    Layer: li1
      Partial area ratio:    0.00
      Required ratio:    0.00 (Gate area) 
      Partial area ratio:    0.00
      Required ratio:  270.62 (Side area) 
      Cumulative area ratio:    0.00
      Required ratio:    0.00 (Cumulative area) 
      Cumulative area ratio:    0.00
      Required ratio:    0.00 (Cumulative side area) 

    Via: M1M2_PR
      Partial area ratio:    0.04
      Required ratio:    6.00 (Gate area) 
      Cumulative area ratio:    0.11
      Required ratio:    0.00 (Cumulative area) 

    Via: L1M1_PR
      Partial area ratio:    0.07
      Required ratio:    3.00 (Gate area) 
      Cumulative area ratio:    0.07
      Required ratio:    0.00 (Cumulative area) 

  Pin: hold4402/A (sky130_fd_sc_hd__dlygate4sd3_1)
    Layer: met2
      Partial area ratio:    4.67
      Required ratio:    0.00 (Gate area) 
      Partial area ratio:   23.74
      Required ratio: 3299.84 (Side area) 
      Cumulative area ratio:    5.88
      Required ratio:    0.00 (Cumulative area) 
      Cumulative area ratio:   30.18
      Required ratio:    0.00 (Cumulative side area) 

    Layer: met1
      Partial area ratio:    1.22
      Required ratio:    0.00 (Gate area) 
      Partial area ratio:    6.44
      Required ratio: 2773.88 (Side area) 
      Cumulative area ratio:    1.22
      Required ratio:    0.00 (Cumulative area) 
      Cumulative area ratio:    6.44
      Required ratio:    0.00 (Cumulative side area) 

    Layer: li1
      Partial area ratio:    0.00
      Required ratio:    0.00 (Gate area) 
      Partial area ratio:    0.00
      Required ratio:   75.00 (Side area) 
      Cumulative area ratio:    0.00
      Required ratio:    0.00 (Cumulative area) 
      Cumulative area ratio:    0.00
      Required ratio:    0.00 (Cumulative side area) 

    Via: M1M2_PR
      Partial area ratio:    0.04
      Required ratio:    6.00 (Gate area) 
      Cumulative area ratio:    0.27
      Required ratio:    0.00 (Cumulative area) 

    Via: L1M1_PR
      Partial area ratio:    0.23
      Required ratio:    3.00 (Gate area) 
      Cumulative area ratio:    0.23
      Required ratio:    0.00 (Cumulative area) 


Net: core.iv1_reg\[15\]
  Pin: _27179_/A1 (sky130_fd_sc_hd__mux2_1)
    Layer: met2
      Partial area ratio:    3.43
      Required ratio:    0.00 (Gate area) 
      Partial area ratio:   17.65
      Required ratio: 3299.84 (Side area) 
      Cumulative area ratio:  117.70
      Required ratio:    0.00 (Cumulative area) 
      Cumulative area ratio:  593.55
      Required ratio:    0.00 (Cumulative side area) 

    Layer: met1
      Partial area ratio:  107.31
      Required ratio:    0.00 (Gate area) 
      Partial area ratio:  539.67
      Required ratio:  400.00 (Side area) (VIOLATED)
      Cumulative area ratio:  107.31
      Required ratio:    0.00 (Cumulative area) 
      Cumulative area ratio:  539.67
      Required ratio:    0.00 (Cumulative side area) 

    Layer: li1
      Partial area ratio:    0.00
      Required ratio:    0.00 (Gate area) 
      Partial area ratio:    0.00
      Required ratio:   75.00 (Side area) 
      Cumulative area ratio:    0.00
      Required ratio:    0.00 (Cumulative area) 
      Cumulative area ratio:    0.00
      Required ratio:    0.00 (Cumulative side area) 

    Via: M1M2_PR
      Partial area ratio:    0.36
      Required ratio:    6.00 (Gate area) 
      Cumulative area ratio:    0.59
      Required ratio:    0.00 (Cumulative area) 

    Via: L1M1_PR
      Partial area ratio:    0.23
      Required ratio:    3.00 (Gate area) 
      Cumulative area ratio:    0.23
      Required ratio:    0.00 (Cumulative area) 

  Pin: ANTENNA__27179__A1/DIODE (sky130_fd_sc_hd__diode_2)
    Layer: met2
      Partial area ratio:    3.43
      Required ratio:    0.00 (Gate area) 
      Partial area ratio:   17.65
      Required ratio: 3299.84 (Side area) 
      Cumulative area ratio:  117.70
      Required ratio:    0.00 (Cumulative area) 
      Cumulative area ratio:  593.55
      Required ratio:    0.00 (Cumulative side area) 

    Layer: met1
      Partial area ratio:    0.00
      Required ratio:    0.00 (Gate area) 
      Partial area ratio:    0.00
      Required ratio: 2773.88 (Side area) 
      Cumulative area ratio:    0.00
      Required ratio:    0.00 (Cumulative area) 
      Cumulative area ratio:    0.00
      Required ratio:    0.00 (Cumulative side area) 

    Layer: li1
      Partial area ratio:    0.00
      Required ratio:    0.00 (Gate area) 
      Partial area ratio:    0.00
      Required ratio:  270.62 (Side area) 
      Cumulative area ratio:    0.00
      Required ratio:    0.00 (Cumulative area) 
      Cumulative area ratio:    0.00
      Required ratio:    0.00 (Cumulative side area) 

    Via: M1M2_PR
      Partial area ratio:    0.05
      Required ratio:    6.00 (Gate area) 
      Cumulative area ratio:    0.12
      Required ratio:    0.00 (Cumulative area) 

    Via: L1M1_PR
      Partial area ratio:    0.07
      Required ratio:    3.00 (Gate area) 
      Cumulative area ratio:    0.07
      Required ratio:    0.00 (Cumulative area) 

  Pin: _25686_/A (sky130_fd_sc_hd__or2_1)
    Layer: met2
      Partial area ratio:    3.43
      Required ratio:    0.00 (Gate area) 
      Partial area ratio:   17.65
      Required ratio: 3299.84 (Side area) 
      Cumulative area ratio:   10.39
      Required ratio:    0.00 (Cumulative area) 
      Cumulative area ratio:   53.88
      Required ratio:    0.00 (Cumulative side area) 

    Layer: met1
      Partial area ratio:    6.97
      Required ratio:    0.00 (Gate area) 
      Partial area ratio:   36.23
      Required ratio: 2773.88 (Side area) 
      Cumulative area ratio:    6.97
      Required ratio:    0.00 (Cumulative area) 
      Cumulative area ratio:   36.23
      Required ratio:    0.00 (Cumulative side area) 

    Layer: li1
      Partial area ratio:    0.00
      Required ratio:    0.00 (Gate area) 
      Partial area ratio:    0.00
      Required ratio:   75.00 (Side area) 
      Cumulative area ratio:    0.00
      Required ratio:    0.00 (Cumulative area) 
      Cumulative area ratio:    0.00
      Required ratio:    0.00 (Cumulative side area) 

    Via: M1M2_PR
      Partial area ratio:    0.08
      Required ratio:    6.00 (Gate area) 
      Cumulative area ratio:    0.31
      Required ratio:    0.00 (Cumulative area) 

    Via: L1M1_PR
      Partial area ratio:    0.23
      Required ratio:    3.00 (Gate area) 
      Cumulative area ratio:    0.23
      Required ratio:    0.00 (Cumulative area) 

  Pin: ANTENNA__25686__A/DIODE (sky130_fd_sc_hd__diode_2)
    Layer: met2
      Partial area ratio:    3.43
      Required ratio:    0.00 (Gate area) 
      Partial area ratio:   17.65
      Required ratio: 3299.84 (Side area) 
      Cumulative area ratio:   10.39
      Required ratio:    0.00 (Cumulative area) 
      Cumulative area ratio:   53.88
      Required ratio:    0.00 (Cumulative side area) 

    Layer: met1
      Partial area ratio:    6.97
      Required ratio:    0.00 (Gate area) 
      Partial area ratio:   36.23
      Required ratio: 2773.88 (Side area) 
      Cumulative area ratio:    6.97
      Required ratio:    0.00 (Cumulative area) 
      Cumulative area ratio:   36.23
      Required ratio:    0.00 (Cumulative side area) 

    Layer: li1
      Partial area ratio:    0.00
      Required ratio:    0.00 (Gate area) 
      Partial area ratio:    0.00
      Required ratio:  270.62 (Side area) 
      Cumulative area ratio:    0.00
      Required ratio:    0.00 (Cumulative area) 
      Cumulative area ratio:    0.00
      Required ratio:    0.00 (Cumulative side area) 

    Via: M1M2_PR
      Partial area ratio:    0.08
      Required ratio:    6.00 (Gate area) 
      Cumulative area ratio:    0.15
      Required ratio:    0.00 (Cumulative area) 

    Via: L1M1_PR
      Partial area ratio:    0.07
      Required ratio:    3.00 (Gate area) 
      Cumulative area ratio:    0.07
      Required ratio:    0.00 (Cumulative area) 

  Pin: hold4468/A (sky130_fd_sc_hd__dlygate4sd3_1)
    Layer: met2
      Partial area ratio:    3.43
      Required ratio:    0.00 (Gate area) 
      Partial area ratio:   17.65
      Required ratio: 3299.84 (Side area) 
      Cumulative area ratio:    5.65
      Required ratio:    0.00 (Cumulative area) 
      Cumulative area ratio:   29.31
      Required ratio:    0.00 (Cumulative side area) 

    Layer: met1
      Partial area ratio:    2.23
      Required ratio:    0.00 (Gate area) 
      Partial area ratio:   11.66
      Required ratio: 2773.88 (Side area) 
      Cumulative area ratio:    2.23
      Required ratio:    0.00 (Cumulative area) 
      Cumulative area ratio:   11.66
      Required ratio:    0.00 (Cumulative side area) 

    Layer: li1
      Partial area ratio:    0.00
      Required ratio:    0.00 (Gate area) 
      Partial area ratio:    0.00
      Required ratio:   75.00 (Side area) 
      Cumulative area ratio:    0.00
      Required ratio:    0.00 (Cumulative area) 
      Cumulative area ratio:    0.00
      Required ratio:    0.00 (Cumulative side area) 

    Via: M1M2_PR
      Partial area ratio:    0.04
      Required ratio:    6.00 (Gate area) 
      Cumulative area ratio:    0.27
      Required ratio:    0.00 (Cumulative area) 

    Via: L1M1_PR
      Partial area ratio:    0.23
      Required ratio:    3.00 (Gate area) 
      Cumulative area ratio:    0.23
      Required ratio:    0.00 (Cumulative area) 

  Pin: ANTENNA_hold4468_A/DIODE (sky130_fd_sc_hd__diode_2)
    Layer: met2
      Partial area ratio:    3.43
      Required ratio:    0.00 (Gate area) 
      Partial area ratio:   17.65
      Required ratio: 3299.84 (Side area) 
      Cumulative area ratio:    5.65
      Required ratio:    0.00 (Cumulative area) 
      Cumulative area ratio:   29.31
      Required ratio:    0.00 (Cumulative side area) 

    Layer: met1
      Partial area ratio:    2.23
      Required ratio:    0.00 (Gate area) 
      Partial area ratio:   11.66
      Required ratio: 2773.88 (Side area) 
      Cumulative area ratio:    2.23
      Required ratio:    0.00 (Cumulative area) 
      Cumulative area ratio:   11.66
      Required ratio:    0.00 (Cumulative side area) 

    Layer: li1
      Partial area ratio:    0.00
      Required ratio:    0.00 (Gate area) 
      Partial area ratio:    0.00
      Required ratio:  270.62 (Side area) 
      Cumulative area ratio:    0.00
      Required ratio:    0.00 (Cumulative area) 
      Cumulative area ratio:    0.00
      Required ratio:    0.00 (Cumulative side area) 

    Via: M1M2_PR
      Partial area ratio:    0.04
      Required ratio:    6.00 (Gate area) 
      Cumulative area ratio:    0.11
      Required ratio:    0.00 (Cumulative area) 

    Via: L1M1_PR
      Partial area ratio:    0.07
      Required ratio:    3.00 (Gate area) 
      Cumulative area ratio:    0.07
      Required ratio:    0.00 (Cumulative area) 


Net: core.key1_reg\[13\]
  Pin: _25896_/A1 (sky130_fd_sc_hd__mux2_1)
    Layer: met2
      Partial area ratio:   22.75
      Required ratio:    0.00 (Gate area) 
      Partial area ratio:  114.47
      Required ratio: 3651.92 (Side area) 
      Cumulative area ratio:  202.97
      Required ratio:    0.00 (Cumulative area) 
      Cumulative area ratio: 1017.13
      Required ratio:    0.00 (Cumulative side area) 

    Layer: met1
      Partial area ratio:  180.22
      Required ratio:    0.00 (Gate area) 
      Partial area ratio:  902.67
      Required ratio:  400.00 (Side area) (VIOLATED)
      Cumulative area ratio:  180.22
      Required ratio:    0.00 (Cumulative area) 
      Cumulative area ratio:  902.67
      Required ratio:    0.00 (Cumulative side area) 

    Layer: li1
      Partial area ratio:    0.00
      Required ratio:    0.00 (Gate area) 
      Partial area ratio:    0.00
      Required ratio:   75.00 (Side area) 
      Cumulative area ratio:    0.00
      Required ratio:    0.00 (Cumulative area) 
      Cumulative area ratio:    0.00
      Required ratio:    0.00 (Cumulative side area) 

    Via: M1M2_PR
      Partial area ratio:    0.36
      Required ratio:    6.00 (Gate area) 
      Cumulative area ratio:    0.59
      Required ratio:    0.00 (Cumulative area) 

    Via: L1M1_PR
      Partial area ratio:    0.23
      Required ratio:    3.00 (Gate area) 
      Cumulative area ratio:    0.23
      Required ratio:    0.00 (Cumulative area) 

  Pin: ANTENNA__25896__A1/DIODE (sky130_fd_sc_hd__diode_2)
    Layer: met2
      Partial area ratio:   22.75
      Required ratio:    0.00 (Gate area) 
      Partial area ratio:  114.47
      Required ratio: 3651.92 (Side area) 
      Cumulative area ratio:  202.97
      Required ratio:    0.00 (Cumulative area) 
      Cumulative area ratio: 1017.13
      Required ratio:    0.00 (Cumulative side area) 

    Layer: met1
      Partial area ratio:    0.00
      Required ratio:    0.00 (Gate area) 
      Partial area ratio:    0.00
      Required ratio: 2773.88 (Side area) 
      Cumulative area ratio:    0.00
      Required ratio:    0.00 (Cumulative area) 
      Cumulative area ratio:    0.00
      Required ratio:    0.00 (Cumulative side area) 

    Layer: li1
      Partial area ratio:    0.00
      Required ratio:    0.00 (Gate area) 
      Partial area ratio:    0.00
      Required ratio:  270.62 (Side area) 
      Cumulative area ratio:    0.00
      Required ratio:    0.00 (Cumulative area) 
      Cumulative area ratio:    0.00
      Required ratio:    0.00 (Cumulative side area) 

    Via: M1M2_PR
      Partial area ratio:    0.05
      Required ratio:    6.00 (Gate area) 
      Cumulative area ratio:    0.12
      Required ratio:    0.00 (Cumulative area) 

    Via: L1M1_PR
      Partial area ratio:    0.07
      Required ratio:    3.00 (Gate area) 
      Cumulative area ratio:    0.07
      Required ratio:    0.00 (Cumulative area) 

  Pin: _25018_/A (sky130_fd_sc_hd__or2_1)
    Layer: met2
      Partial area ratio:   22.75
      Required ratio:    0.00 (Gate area) 
      Partial area ratio:  114.47
      Required ratio: 3651.92 (Side area) 
      Cumulative area ratio:   27.66
      Required ratio:    0.00 (Cumulative area) 
      Cumulative area ratio:  140.58
      Required ratio:    0.00 (Cumulative side area) 

    Layer: met1
      Partial area ratio:    4.91
      Required ratio:    0.00 (Gate area) 
      Partial area ratio:   26.11
      Required ratio:  400.00 (Side area) 
      Cumulative area ratio:    4.91
      Required ratio:    0.00 (Cumulative area) 
      Cumulative area ratio:   26.11
      Required ratio:    0.00 (Cumulative side area) 

    Layer: li1
      Partial area ratio:    0.00
      Required ratio:    0.00 (Gate area) 
      Partial area ratio:    0.00
      Required ratio:   75.00 (Side area) 
      Cumulative area ratio:    0.00
      Required ratio:    0.00 (Cumulative area) 
      Cumulative area ratio:    0.00
      Required ratio:    0.00 (Cumulative side area) 

    Via: M1M2_PR
      Partial area ratio:    0.36
      Required ratio:    6.00 (Gate area) 
      Cumulative area ratio:    0.59
      Required ratio:    0.00 (Cumulative area) 

    Via: L1M1_PR
      Partial area ratio:    0.23
      Required ratio:    3.00 (Gate area) 
      Cumulative area ratio:    0.23
      Required ratio:    0.00 (Cumulative area) 

  Pin: ANTENNA__25018__A/DIODE (sky130_fd_sc_hd__diode_2)
    Layer: met2
      Partial area ratio:   22.75
      Required ratio:    0.00 (Gate area) 
      Partial area ratio:  114.47
      Required ratio: 3651.92 (Side area) 
      Cumulative area ratio:  103.75
      Required ratio:    0.00 (Cumulative area) 
      Cumulative area ratio:  522.80
      Required ratio:    0.00 (Cumulative side area) 

    Layer: met1
      Partial area ratio:   76.08
      Required ratio:    0.00 (Gate area) 
      Partial area ratio:  382.22
      Required ratio: 2773.88 (Side area) 
      Cumulative area ratio:   76.08
      Required ratio:    0.00 (Cumulative area) 
      Cumulative area ratio:  382.22
      Required ratio:    0.00 (Cumulative side area) 

    Layer: li1
      Partial area ratio:    0.00
      Required ratio:    0.00 (Gate area) 
      Partial area ratio:    0.00
      Required ratio:  270.62 (Side area) 
      Cumulative area ratio:    0.00
      Required ratio:    0.00 (Cumulative area) 
      Cumulative area ratio:    0.00
      Required ratio:    0.00 (Cumulative side area) 

    Via: M1M2_PR
      Partial area ratio:    0.10
      Required ratio:    6.00 (Gate area) 
      Cumulative area ratio:    0.17
      Required ratio:    0.00 (Cumulative area) 

    Via: L1M1_PR
      Partial area ratio:    0.07
      Required ratio:    3.00 (Gate area) 
      Cumulative area ratio:    0.07
      Required ratio:    0.00 (Cumulative area) 

  Pin: ANTENNA__26397__A0/DIODE (sky130_fd_sc_hd__diode_2)
    Layer: met2
      Partial area ratio:   22.75
      Required ratio:    0.00 (Gate area) 
      Partial area ratio:  114.47
      Required ratio: 3651.92 (Side area) 
      Cumulative area ratio:  103.75
      Required ratio:    0.00 (Cumulative area) 
      Cumulative area ratio:  522.80
      Required ratio:    0.00 (Cumulative side area) 

    Layer: met1
      Partial area ratio:    0.00
      Required ratio:    0.00 (Gate area) 
      Partial area ratio:    0.00
      Required ratio: 2773.88 (Side area) 
      Cumulative area ratio:    0.00
      Required ratio:    0.00 (Cumulative area) 
      Cumulative area ratio:    0.00
      Required ratio:    0.00 (Cumulative side area) 

    Layer: li1
      Partial area ratio:    0.00
      Required ratio:    0.00 (Gate area) 
      Partial area ratio:    0.00
      Required ratio:  270.62 (Side area) 
      Cumulative area ratio:    0.00
      Required ratio:    0.00 (Cumulative area) 
      Cumulative area ratio:    0.00
      Required ratio:    0.00 (Cumulative side area) 

    Via: M1M2_PR
      Partial area ratio:    0.05
      Required ratio:    6.00 (Gate area) 
      Cumulative area ratio:    0.12
      Required ratio:    0.00 (Cumulative area) 

    Via: L1M1_PR
      Partial area ratio:    0.07
      Required ratio:    3.00 (Gate area) 
      Cumulative area ratio:    0.07
      Required ratio:    0.00 (Cumulative area) 

  Pin: _26397_/A0 (sky130_fd_sc_hd__mux2_1)
    Layer: met2
      Partial area ratio:   22.75
      Required ratio:    0.00 (Gate area) 
      Partial area ratio:  114.47
      Required ratio: 3651.92 (Side area) 
      Cumulative area ratio:  114.97
      Required ratio:    0.00 (Cumulative area) 
      Cumulative area ratio:  582.02
      Required ratio:    0.00 (Cumulative side area) 

    Layer: met1
      Partial area ratio:   11.22
      Required ratio:    0.00 (Gate area) 
      Partial area ratio:   59.22
      Required ratio:  400.00 (Side area) 
      Cumulative area ratio:   11.22
      Required ratio:    0.00 (Cumulative area) 
      Cumulative area ratio:   59.22
      Required ratio:    0.00 (Cumulative side area) 

    Layer: li1
      Partial area ratio:    0.00
      Required ratio:    0.00 (Gate area) 
      Partial area ratio:    0.00
      Required ratio:   75.00 (Side area) 
      Cumulative area ratio:    0.00
      Required ratio:    0.00 (Cumulative area) 
      Cumulative area ratio:    0.00
      Required ratio:    0.00 (Cumulative side area) 

    Via: M1M2_PR
      Partial area ratio:    0.36
      Required ratio:    6.00 (Gate area) 
      Cumulative area ratio:    0.59
      Required ratio:    0.00 (Cumulative area) 

    Via: L1M1_PR
      Partial area ratio:    0.23
      Required ratio:    3.00 (Gate area) 
      Cumulative area ratio:    0.23
      Required ratio:    0.00 (Cumulative area) 

  Pin: ANTENNA__32351__A2/DIODE (sky130_fd_sc_hd__diode_2)
    Layer: met2
      Partial area ratio:   22.75
      Required ratio:    0.00 (Gate area) 
      Partial area ratio:  114.47
      Required ratio: 3651.92 (Side area) 
      Cumulative area ratio:  114.97
      Required ratio:    0.00 (Cumulative area) 
      Cumulative area ratio:  582.02
      Required ratio:    0.00 (Cumulative side area) 

    Layer: met1
      Partial area ratio:    0.00
      Required ratio:    0.00 (Gate area) 
      Partial area ratio:    0.00
      Required ratio: 2773.88 (Side area) 
      Cumulative area ratio:    0.00
      Required ratio:    0.00 (Cumulative area) 
      Cumulative area ratio:    0.00
      Required ratio:    0.00 (Cumulative side area) 

    Layer: li1
      Partial area ratio:    0.00
      Required ratio:    0.00 (Gate area) 
      Partial area ratio:    0.00
      Required ratio:  270.62 (Side area) 
      Cumulative area ratio:    0.00
      Required ratio:    0.00 (Cumulative area) 
      Cumulative area ratio:    0.00
      Required ratio:    0.00 (Cumulative side area) 

    Via: M1M2_PR
      Partial area ratio:    0.05
      Required ratio:    6.00 (Gate area) 
      Cumulative area ratio:    0.12
      Required ratio:    0.00 (Cumulative area) 

    Via: L1M1_PR
      Partial area ratio:    0.07
      Required ratio:    3.00 (Gate area) 
      Cumulative area ratio:    0.07
      Required ratio:    0.00 (Cumulative area) 

  Pin: _32351_/A2 (sky130_fd_sc_hd__a22o_1)
    Layer: met2
      Partial area ratio:   22.75
      Required ratio:    0.00 (Gate area) 
      Partial area ratio:  114.47
      Required ratio: 3651.92 (Side area) 
      Cumulative area ratio:  117.23
      Required ratio:    0.00 (Cumulative area) 
      Cumulative area ratio:  594.92
      Required ratio:    0.00 (Cumulative side area) 

    Layer: met1
      Partial area ratio:    2.26
      Required ratio:    0.00 (Gate area) 
      Partial area ratio:   12.90
      Required ratio:  400.00 (Side area) 
      Cumulative area ratio:    2.26
      Required ratio:    0.00 (Cumulative area) 
      Cumulative area ratio:   12.90
      Required ratio:    0.00 (Cumulative side area) 

    Layer: li1
      Partial area ratio:    0.00
      Required ratio:    0.00 (Gate area) 
      Partial area ratio:    0.00
      Required ratio:   75.00 (Side area) 
      Cumulative area ratio:    0.00
      Required ratio:    0.00 (Cumulative area) 
      Cumulative area ratio:    0.00
      Required ratio:    0.00 (Cumulative side area) 

    Via: M1M2_PR
      Partial area ratio:    0.09
      Required ratio:    6.00 (Gate area) 
      Cumulative area ratio:    0.21
      Required ratio:    0.00 (Cumulative area) 

    Via: L1M1_PR
      Partial area ratio:    0.12
      Required ratio:    3.00 (Gate area) 
      Cumulative area ratio:    0.12
      Required ratio:    0.00 (Cumulative area) 


Net: core.key1_reg\[28\]
  Pin: _25947_/A1 (sky130_fd_sc_hd__mux2_1)
    Layer: met2
      Partial area ratio:    9.12
      Required ratio:    0.00 (Gate area) 
      Partial area ratio:   46.62
      Required ratio: 3651.92 (Side area) 
      Cumulative area ratio:  122.39
      Required ratio:    0.00 (Cumulative area) 
      Cumulative area ratio:  614.51
      Required ratio:    0.00 (Cumulative side area) 

    Layer: met1
      Partial area ratio:  113.27
      Required ratio:    0.00 (Gate area) 
      Partial area ratio:  567.89
      Required ratio:  400.00 (Side area) (VIOLATED)
      Cumulative area ratio:  113.27
      Required ratio:    0.00 (Cumulative area) 
      Cumulative area ratio:  567.89
      Required ratio:    0.00 (Cumulative side area) 

    Layer: li1
      Partial area ratio:    0.00
      Required ratio:    0.00 (Gate area) 
      Partial area ratio:    0.00
      Required ratio:   75.00 (Side area) 
      Cumulative area ratio:    0.00
      Required ratio:    0.00 (Cumulative area) 
      Cumulative area ratio:    0.00
      Required ratio:    0.00 (Cumulative side area) 

    Via: M1M2_PR
      Partial area ratio:    0.36
      Required ratio:    6.00 (Gate area) 
      Cumulative area ratio:    0.59
      Required ratio:    0.00 (Cumulative area) 

    Via: L1M1_PR
      Partial area ratio:    0.23
      Required ratio:    3.00 (Gate area) 
      Cumulative area ratio:    0.23
      Required ratio:    0.00 (Cumulative area) 

  Pin: ANTENNA__25947__A1/DIODE (sky130_fd_sc_hd__diode_2)
    Layer: met2
      Partial area ratio:    9.12
      Required ratio:    0.00 (Gate area) 
      Partial area ratio:   46.62
      Required ratio: 3651.92 (Side area) 
      Cumulative area ratio:  122.39
      Required ratio:    0.00 (Cumulative area) 
      Cumulative area ratio:  614.51
      Required ratio:    0.00 (Cumulative side area) 

    Layer: met1
      Partial area ratio:    0.00
      Required ratio:    0.00 (Gate area) 
      Partial area ratio:    0.00
      Required ratio: 2773.88 (Side area) 
      Cumulative area ratio:    0.00
      Required ratio:    0.00 (Cumulative area) 
      Cumulative area ratio:    0.00
      Required ratio:    0.00 (Cumulative side area) 

    Layer: li1
      Partial area ratio:    0.00
      Required ratio:    0.00 (Gate area) 
      Partial area ratio:    0.00
      Required ratio:  270.62 (Side area) 
      Cumulative area ratio:    0.00
      Required ratio:    0.00 (Cumulative area) 
      Cumulative area ratio:    0.00
      Required ratio:    0.00 (Cumulative side area) 

    Via: M1M2_PR
      Partial area ratio:    0.05
      Required ratio:    6.00 (Gate area) 
      Cumulative area ratio:    0.12
      Required ratio:    0.00 (Cumulative area) 

    Via: L1M1_PR
      Partial area ratio:    0.07
      Required ratio:    3.00 (Gate area) 
      Cumulative area ratio:    0.07
      Required ratio:    0.00 (Cumulative area) 

  Pin: _25056_/A (sky130_fd_sc_hd__or2_1)
    Layer: met2
      Partial area ratio:    9.12
      Required ratio:    0.00 (Gate area) 
      Partial area ratio:   46.62
      Required ratio: 3651.92 (Side area) 
      Cumulative area ratio:   10.00
      Required ratio:    0.00 (Cumulative area) 
      Cumulative area ratio:   51.34
      Required ratio:    0.00 (Cumulative side area) 

    Layer: met1
      Partial area ratio:    0.87
      Required ratio:    0.00 (Gate area) 
      Partial area ratio:    4.72
      Required ratio: 2773.88 (Side area) 
      Cumulative area ratio:    0.87
      Required ratio:    0.00 (Cumulative area) 
      Cumulative area ratio:    4.72
      Required ratio:    0.00 (Cumulative side area) 

    Layer: li1
      Partial area ratio:    0.00
      Required ratio:    0.00 (Gate area) 
      Partial area ratio:    0.00
      Required ratio:   75.00 (Side area) 
      Cumulative area ratio:    0.00
      Required ratio:    0.00 (Cumulative area) 
      Cumulative area ratio:    0.00
      Required ratio:    0.00 (Cumulative side area) 

    Via: M1M2_PR
      Partial area ratio:    0.04
      Required ratio:    6.00 (Gate area) 
      Cumulative area ratio:    0.27
      Required ratio:    0.00 (Cumulative area) 

    Via: L1M1_PR
      Partial area ratio:    0.23
      Required ratio:    3.00 (Gate area) 
      Cumulative area ratio:    0.23
      Required ratio:    0.00 (Cumulative area) 

  Pin: ANTENNA__25056__A/DIODE (sky130_fd_sc_hd__diode_2)
    Layer: met2
      Partial area ratio:    9.12
      Required ratio:    0.00 (Gate area) 
      Partial area ratio:   46.62
      Required ratio: 3651.92 (Side area) 
      Cumulative area ratio:   10.00
      Required ratio:    0.00 (Cumulative area) 
      Cumulative area ratio:   51.34
      Required ratio:    0.00 (Cumulative side area) 

    Layer: met1
      Partial area ratio:    0.87
      Required ratio:    0.00 (Gate area) 
      Partial area ratio:    4.72
      Required ratio: 2773.88 (Side area) 
      Cumulative area ratio:    0.87
      Required ratio:    0.00 (Cumulative area) 
      Cumulative area ratio:    4.72
      Required ratio:    0.00 (Cumulative side area) 

    Layer: li1
      Partial area ratio:    0.00
      Required ratio:    0.00 (Gate area) 
      Partial area ratio:    0.00
      Required ratio:  270.62 (Side area) 
      Cumulative area ratio:    0.00
      Required ratio:    0.00 (Cumulative area) 
      Cumulative area ratio:    0.00
      Required ratio:    0.00 (Cumulative side area) 

    Via: M1M2_PR
      Partial area ratio:    0.04
      Required ratio:    6.00 (Gate area) 
      Cumulative area ratio:    0.11
      Required ratio:    0.00 (Cumulative area) 

    Via: L1M1_PR
      Partial area ratio:    0.07
      Required ratio:    3.00 (Gate area) 
      Cumulative area ratio:    0.07
      Required ratio:    0.00 (Cumulative area) 

  Pin: ANTENNA__26470__A0/DIODE (sky130_fd_sc_hd__diode_2)
    Layer: met2
      Partial area ratio:    9.12
      Required ratio:    0.00 (Gate area) 
      Partial area ratio:   46.62
      Required ratio: 3651.92 (Side area) 
      Cumulative area ratio:   45.27
      Required ratio:    0.00 (Cumulative area) 
      Cumulative area ratio:  229.62
      Required ratio:    0.00 (Cumulative side area) 

    Layer: met1
      Partial area ratio:   36.15
      Required ratio:    0.00 (Gate area) 
      Partial area ratio:  183.00
      Required ratio: 2773.88 (Side area) 
      Cumulative area ratio:   36.15
      Required ratio:    0.00 (Cumulative area) 
      Cumulative area ratio:  183.00
      Required ratio:    0.00 (Cumulative side area) 

    Layer: li1
      Partial area ratio:    0.00
      Required ratio:    0.00 (Gate area) 
      Partial area ratio:    0.00
      Required ratio:  270.62 (Side area) 
      Cumulative area ratio:    0.00
      Required ratio:    0.00 (Cumulative area) 
      Cumulative area ratio:    0.00
      Required ratio:    0.00 (Cumulative side area) 

    Via: M1M2_PR
      Partial area ratio:    0.10
      Required ratio:    6.00 (Gate area) 
      Cumulative area ratio:    0.17
      Required ratio:    0.00 (Cumulative area) 

    Via: L1M1_PR
      Partial area ratio:    0.07
      Required ratio:    3.00 (Gate area) 
      Cumulative area ratio:    0.07
      Required ratio:    0.00 (Cumulative area) 

  Pin: _26470_/A0 (sky130_fd_sc_hd__mux2_1)
    Layer: met2
      Partial area ratio:    9.12
      Required ratio:    0.00 (Gate area) 
      Partial area ratio:   46.62
      Required ratio: 3651.92 (Side area) 
      Cumulative area ratio:   45.27
      Required ratio:    0.00 (Cumulative area) 
      Cumulative area ratio:  229.62
      Required ratio:    0.00 (Cumulative side area) 

    Layer: met1
      Partial area ratio:    0.00
      Required ratio:    0.00 (Gate area) 
      Partial area ratio:    0.00
      Required ratio:  400.00 (Side area) 
      Cumulative area ratio:    0.00
      Required ratio:    0.00 (Cumulative area) 
      Cumulative area ratio:    0.00
      Required ratio:    0.00 (Cumulative side area) 

    Layer: li1
      Partial area ratio:    0.00
      Required ratio:    0.00 (Gate area) 
      Partial area ratio:    0.00
      Required ratio:   75.00 (Side area) 
      Cumulative area ratio:    0.00
      Required ratio:    0.00 (Cumulative area) 
      Cumulative area ratio:    0.00
      Required ratio:    0.00 (Cumulative side area) 

    Via: M1M2_PR
      Partial area ratio:    0.18
      Required ratio:    6.00 (Gate area) 
      Cumulative area ratio:    0.41
      Required ratio:    0.00 (Cumulative area) 

    Via: L1M1_PR
      Partial area ratio:    0.23
      Required ratio:    3.00 (Gate area) 
      Cumulative area ratio:    0.23
      Required ratio:    0.00 (Cumulative area) 

  Pin: ANTENNA_hold4670_A/DIODE (sky130_fd_sc_hd__diode_2)
    Layer: met2
      Partial area ratio:    9.12
      Required ratio:    0.00 (Gate area) 
      Partial area ratio:   46.62
      Required ratio: 3651.92 (Side area) 
      Cumulative area ratio:    9.55
      Required ratio:    0.00 (Cumulative area) 
      Cumulative area ratio:   48.91
      Required ratio:    0.00 (Cumulative side area) 

    Layer: met1
      Partial area ratio:    0.43
      Required ratio:    0.00 (Gate area) 
      Partial area ratio:    2.29
      Required ratio: 2773.88 (Side area) 
      Cumulative area ratio:    0.43
      Required ratio:    0.00 (Cumulative area) 
      Cumulative area ratio:    2.29
      Required ratio:    0.00 (Cumulative side area) 

    Layer: li1
      Partial area ratio:    0.00
      Required ratio:    0.00 (Gate area) 
      Partial area ratio:    0.00
      Required ratio:  270.62 (Side area) 
      Cumulative area ratio:    0.00
      Required ratio:    0.00 (Cumulative area) 
      Cumulative area ratio:    0.00
      Required ratio:    0.00 (Cumulative side area) 

    Via: M1M2_PR
      Partial area ratio:    0.03
      Required ratio:    6.00 (Gate area) 
      Cumulative area ratio:    0.10
      Required ratio:    0.00 (Cumulative area) 

    Via: L1M1_PR
      Partial area ratio:    0.07
      Required ratio:    3.00 (Gate area) 
      Cumulative area ratio:    0.07
      Required ratio:    0.00 (Cumulative area) 

  Pin: hold4670/A (sky130_fd_sc_hd__clkbuf_2)
    Layer: met2
      Partial area ratio:    9.12
      Required ratio:    0.00 (Gate area) 
      Partial area ratio:   46.62
      Required ratio: 3651.92 (Side area) 
      Cumulative area ratio:    9.55
      Required ratio:    0.00 (Cumulative area) 
      Cumulative area ratio:   48.91
      Required ratio:    0.00 (Cumulative side area) 

    Layer: met1
      Partial area ratio:    0.43
      Required ratio:    0.00 (Gate area) 
      Partial area ratio:    2.29
      Required ratio: 2773.88 (Side area) 
      Cumulative area ratio:    0.43
      Required ratio:    0.00 (Cumulative area) 
      Cumulative area ratio:    2.29
      Required ratio:    0.00 (Cumulative side area) 

    Layer: li1
      Partial area ratio:    0.00
      Required ratio:    0.00 (Gate area) 
      Partial area ratio:    0.00
      Required ratio:   75.00 (Side area) 
      Cumulative area ratio:    0.00
      Required ratio:    0.00 (Cumulative area) 
      Cumulative area ratio:    0.00
      Required ratio:    0.00 (Cumulative side area) 

    Via: M1M2_PR
      Partial area ratio:    0.03
      Required ratio:    6.00 (Gate area) 
      Cumulative area ratio:    0.17
      Required ratio:    0.00 (Cumulative area) 

    Via: L1M1_PR
      Partial area ratio:    0.14
      Required ratio:    3.00 (Gate area) 
      Cumulative area ratio:    0.14
      Required ratio:    0.00 (Cumulative area) 


Net: core.key1_reg\[30\]
  Pin: _25954_/A1 (sky130_fd_sc_hd__mux2_1)
    Layer: met2
      Partial area ratio:   10.26
      Required ratio:    0.00 (Gate area) 
      Partial area ratio:   51.92
      Required ratio: 3478.04 (Side area) 
      Cumulative area ratio:  133.26
      Required ratio:    0.00 (Cumulative area) 
      Cumulative area ratio:  673.14
      Required ratio:    0.00 (Cumulative side area) 

    Layer: met1
      Partial area ratio:  123.00
      Required ratio:    0.00 (Gate area) 
      Partial area ratio:  621.22
      Required ratio:  400.00 (Side area) (VIOLATED)
      Cumulative area ratio:  123.00
      Required ratio:    0.00 (Cumulative area) 
      Cumulative area ratio:  621.22
      Required ratio:    0.00 (Cumulative side area) 

    Layer: li1
      Partial area ratio:    0.00
      Required ratio:    0.00 (Gate area) 
      Partial area ratio:    0.00
      Required ratio:   75.00 (Side area) 
      Cumulative area ratio:    0.00
      Required ratio:    0.00 (Cumulative area) 
      Cumulative area ratio:    0.00
      Required ratio:    0.00 (Cumulative side area) 

    Via: M1M2_PR
      Partial area ratio:    0.36
      Required ratio:    6.00 (Gate area) 
      Cumulative area ratio:    0.59
      Required ratio:    0.00 (Cumulative area) 

    Via: L1M1_PR
      Partial area ratio:    0.23
      Required ratio:    3.00 (Gate area) 
      Cumulative area ratio:    0.23
      Required ratio:    0.00 (Cumulative area) 

  Pin: ANTENNA__25954__A1/DIODE (sky130_fd_sc_hd__diode_2)
    Layer: met2
      Partial area ratio:   10.26
      Required ratio:    0.00 (Gate area) 
      Partial area ratio:   51.92
      Required ratio: 3478.04 (Side area) 
      Cumulative area ratio:  133.26
      Required ratio:    0.00 (Cumulative area) 
      Cumulative area ratio:  673.14
      Required ratio:    0.00 (Cumulative side area) 

    Layer: met1
      Partial area ratio:    0.00
      Required ratio:    0.00 (Gate area) 
      Partial area ratio:    0.00
      Required ratio: 2773.88 (Side area) 
      Cumulative area ratio:    0.00
      Required ratio:    0.00 (Cumulative area) 
      Cumulative area ratio:    0.00
      Required ratio:    0.00 (Cumulative side area) 

    Layer: li1
      Partial area ratio:    0.00
      Required ratio:    0.00 (Gate area) 
      Partial area ratio:    0.00
      Required ratio:  270.62 (Side area) 
      Cumulative area ratio:    0.00
      Required ratio:    0.00 (Cumulative area) 
      Cumulative area ratio:    0.00
      Required ratio:    0.00 (Cumulative side area) 

    Via: M1M2_PR
      Partial area ratio:    0.05
      Required ratio:    6.00 (Gate area) 
      Cumulative area ratio:    0.12
      Required ratio:    0.00 (Cumulative area) 

    Via: L1M1_PR
      Partial area ratio:    0.07
      Required ratio:    3.00 (Gate area) 
      Cumulative area ratio:    0.07
      Required ratio:    0.00 (Cumulative area) 

  Pin: ANTENNA__25061__A/DIODE (sky130_fd_sc_hd__diode_2)
    Layer: met1
      Partial area ratio:    3.69
      Required ratio:    0.00 (Gate area) 
      Partial area ratio:   18.98
      Required ratio: 2773.88 (Side area) 
      Cumulative area ratio:    3.69
      Required ratio:    0.00 (Cumulative area) 
      Cumulative area ratio:   18.98
      Required ratio:    0.00 (Cumulative side area) 

    Layer: li1
      Partial area ratio:    0.00
      Required ratio:    0.00 (Gate area) 
      Partial area ratio:    0.00
      Required ratio:  270.62 (Side area) 
      Cumulative area ratio:    0.00
      Required ratio:    0.00 (Cumulative area) 
      Cumulative area ratio:    0.00
      Required ratio:    0.00 (Cumulative side area) 

    Layer: met3
      Partial area ratio:    4.30
      Required ratio:    0.00 (Gate area) 
      Partial area ratio:   23.16
      Required ratio: 3651.92 (Side area) 
      Cumulative area ratio:    7.99
      Required ratio:    0.00 (Cumulative area) 
      Cumulative area ratio:   42.13
      Required ratio:    0.00 (Cumulative side area) 

    Via: M2M3_PR
      Partial area ratio:    0.02
      Required ratio:    6.00 (Gate area) 
      Cumulative area ratio:    0.13
      Required ratio:    0.00 (Cumulative area) 

    Via: M1M2_PR
      Partial area ratio:    0.04
      Required ratio:    6.00 (Gate area) 
      Cumulative area ratio:    0.11
      Required ratio:    0.00 (Cumulative area) 

    Via: L1M1_PR
      Partial area ratio:    0.07
      Required ratio:    3.00 (Gate area) 
      Cumulative area ratio:    0.07
      Required ratio:    0.00 (Cumulative area) 

  Pin: _25061_/A (sky130_fd_sc_hd__or2_1)
    Layer: met1
      Partial area ratio:    3.69
      Required ratio:    0.00 (Gate area) 
      Partial area ratio:   18.98
      Required ratio: 2773.88 (Side area) 
      Cumulative area ratio:    3.69
      Required ratio:    0.00 (Cumulative area) 
      Cumulative area ratio:   18.98
      Required ratio:    0.00 (Cumulative side area) 

    Layer: li1
      Partial area ratio:    0.00
      Required ratio:    0.00 (Gate area) 
      Partial area ratio:    0.00
      Required ratio:   75.00 (Side area) 
      Cumulative area ratio:    0.00
      Required ratio:    0.00 (Cumulative area) 
      Cumulative area ratio:    0.00
      Required ratio:    0.00 (Cumulative side area) 

    Layer: met3
      Partial area ratio:    4.30
      Required ratio:    0.00 (Gate area) 
      Partial area ratio:   23.16
      Required ratio: 3651.92 (Side area) 
      Cumulative area ratio:    7.99
      Required ratio:    0.00 (Cumulative area) 
      Cumulative area ratio:   42.13
      Required ratio:    0.00 (Cumulative side area) 

    Via: M2M3_PR
      Partial area ratio:    0.02
      Required ratio:    6.00 (Gate area) 
      Cumulative area ratio:    0.29
      Required ratio:    0.00 (Cumulative area) 

    Via: M1M2_PR
      Partial area ratio:    0.04
      Required ratio:    6.00 (Gate area) 
      Cumulative area ratio:    0.27
      Required ratio:    0.00 (Cumulative area) 

    Via: L1M1_PR
      Partial area ratio:    0.23
      Required ratio:    3.00 (Gate area) 
      Cumulative area ratio:    0.23
      Required ratio:    0.00 (Cumulative area) 

  Pin: ANTENNA_hold4651_A/DIODE (sky130_fd_sc_hd__diode_2)
    Layer: met1
      Partial area ratio:    1.77
      Required ratio:    0.00 (Gate area) 
      Partial area ratio:    9.76
      Required ratio: 2773.88 (Side area) 
      Cumulative area ratio:    1.77
      Required ratio:    0.00 (Cumulative area) 
      Cumulative area ratio:    9.76
      Required ratio:    0.00 (Cumulative side area) 

    Layer: li1
      Partial area ratio:    0.00
      Required ratio:    0.00 (Gate area) 
      Partial area ratio:    0.00
      Required ratio:  270.62 (Side area) 
      Cumulative area ratio:    0.00
      Required ratio:    0.00 (Cumulative area) 
      Cumulative area ratio:    0.00
      Required ratio:    0.00 (Cumulative side area) 

    Layer: met3
      Partial area ratio:    4.30
      Required ratio:    0.00 (Gate area) 
      Partial area ratio:   23.16
      Required ratio: 3651.92 (Side area) 
      Cumulative area ratio:    6.07
      Required ratio:    0.00 (Cumulative area) 
      Cumulative area ratio:   32.92
      Required ratio:    0.00 (Cumulative side area) 

    Via: M2M3_PR
      Partial area ratio:    0.02
      Required ratio:    6.00 (Gate area) 
      Cumulative area ratio:    0.19
      Required ratio:    0.00 (Cumulative area) 

    Via: M1M2_PR
      Partial area ratio:    0.10
      Required ratio:    6.00 (Gate area) 
      Cumulative area ratio:    0.17
      Required ratio:    0.00 (Cumulative area) 

    Via: L1M1_PR
      Partial area ratio:    0.07
      Required ratio:    3.00 (Gate area) 
      Cumulative area ratio:    0.07
      Required ratio:    0.00 (Cumulative area) 

  Pin: hold4651/A (sky130_fd_sc_hd__clkbuf_2)
    Layer: met1
      Partial area ratio:    2.60
      Required ratio:    0.00 (Gate area) 
      Partial area ratio:   13.93
      Required ratio:  400.00 (Side area) 
      Cumulative area ratio:    2.60
      Required ratio:    0.00 (Cumulative area) 
      Cumulative area ratio:   13.93
      Required ratio:    0.00 (Cumulative side area) 

    Layer: li1
      Partial area ratio:    0.00
      Required ratio:    0.00 (Gate area) 
      Partial area ratio:    0.00
      Required ratio:   75.00 (Side area) 
      Cumulative area ratio:    0.00
      Required ratio:    0.00 (Cumulative area) 
      Cumulative area ratio:    0.00
      Required ratio:    0.00 (Cumulative side area) 

    Layer: met3
      Partial area ratio:    4.30
      Required ratio:    0.00 (Gate area) 
      Partial area ratio:   23.16
      Required ratio: 3651.92 (Side area) 
      Cumulative area ratio:    8.68
      Required ratio:    0.00 (Cumulative area) 
      Cumulative area ratio:   46.85
      Required ratio:    0.00 (Cumulative side area) 

    Via: M2M3_PR
      Partial area ratio:    0.02
      Required ratio:    6.00 (Gate area) 
      Cumulative area ratio:    0.47
      Required ratio:    0.00 (Cumulative area) 

    Via: M1M2_PR
      Partial area ratio:    0.21
      Required ratio:    6.00 (Gate area) 
      Cumulative area ratio:    0.35
      Required ratio:    0.00 (Cumulative area) 

    Via: L1M1_PR
      Partial area ratio:    0.14
      Required ratio:    3.00 (Gate area) 
      Cumulative area ratio:    0.14
      Required ratio:    0.00 (Cumulative area) 

  Pin: ANTENNA__26480__A0/DIODE (sky130_fd_sc_hd__diode_2)
    Layer: met3
      Partial area ratio:    4.30
      Required ratio:    0.00 (Gate area) 
      Partial area ratio:   23.16
      Required ratio: 3651.92 (Side area) 
      Cumulative area ratio:    7.24
      Required ratio:    0.00 (Cumulative area) 
      Cumulative area ratio:   38.73
      Required ratio:    0.00 (Cumulative side area) 

    Layer: met2
      Partial area ratio:    0.37
      Required ratio:    0.00 (Gate area) 
      Partial area ratio:    2.18
      Required ratio: 2773.88 (Side area) 
      Cumulative area ratio:    2.94
      Required ratio:    0.00 (Cumulative area) 
      Cumulative area ratio:   15.57
      Required ratio:    0.00 (Cumulative side area) 

    Layer: met1
      Partial area ratio:    2.57
      Required ratio:    0.00 (Gate area) 
      Partial area ratio:   13.38
      Required ratio: 2773.88 (Side area) 
      Cumulative area ratio:    2.57
      Required ratio:    0.00 (Cumulative area) 
      Cumulative area ratio:   13.38
      Required ratio:    0.00 (Cumulative side area) 

    Layer: li1
      Partial area ratio:    0.00
      Required ratio:    0.00 (Gate area) 
      Partial area ratio:    0.00
      Required ratio:  270.62 (Side area) 
      Cumulative area ratio:    0.00
      Required ratio:    0.00 (Cumulative area) 
      Cumulative area ratio:    0.00
      Required ratio:    0.00 (Cumulative side area) 

    Via: M2M3_PR
      Partial area ratio:    0.07
      Required ratio:    6.00 (Gate area) 
      Cumulative area ratio:    0.18
      Required ratio:    0.00 (Cumulative area) 

    Via: M1M2_PR
      Partial area ratio:    0.04
      Required ratio:    6.00 (Gate area) 
      Cumulative area ratio:    0.11
      Required ratio:    0.00 (Cumulative area) 

    Via: L1M1_PR
      Partial area ratio:    0.07
      Required ratio:    3.00 (Gate area) 
      Cumulative area ratio:    0.07
      Required ratio:    0.00 (Cumulative area) 

  Pin: _26480_/A0 (sky130_fd_sc_hd__mux2_1)
    Layer: met3
      Partial area ratio:    4.30
      Required ratio:    0.00 (Gate area) 
      Partial area ratio:   23.16
      Required ratio: 3651.92 (Side area) 
      Cumulative area ratio:    7.24
      Required ratio:    0.00 (Cumulative area) 
      Cumulative area ratio:   38.73
      Required ratio:    0.00 (Cumulative side area) 

    Layer: met2
      Partial area ratio:    0.37
      Required ratio:    0.00 (Gate area) 
      Partial area ratio:    2.18
      Required ratio: 2773.88 (Side area) 
      Cumulative area ratio:    2.94
      Required ratio:    0.00 (Cumulative area) 
      Cumulative area ratio:   15.57
      Required ratio:    0.00 (Cumulative side area) 

    Layer: met1
      Partial area ratio:    2.57
      Required ratio:    0.00 (Gate area) 
      Partial area ratio:   13.38
      Required ratio: 2773.88 (Side area) 
      Cumulative area ratio:    2.57
      Required ratio:    0.00 (Cumulative area) 
      Cumulative area ratio:   13.38
      Required ratio:    0.00 (Cumulative side area) 

    Layer: li1
      Partial area ratio:    0.00
      Required ratio:    0.00 (Gate area) 
      Partial area ratio:    0.00
      Required ratio:   75.00 (Side area) 
      Cumulative area ratio:    0.00
      Required ratio:    0.00 (Cumulative area) 
      Cumulative area ratio:    0.00
      Required ratio:    0.00 (Cumulative side area) 

    Via: M2M3_PR
      Partial area ratio:    0.07
      Required ratio:    6.00 (Gate area) 
      Cumulative area ratio:    0.34
      Required ratio:    0.00 (Cumulative area) 

    Via: M1M2_PR
      Partial area ratio:    0.04
      Required ratio:    6.00 (Gate area) 
      Cumulative area ratio:    0.27
      Required ratio:    0.00 (Cumulative area) 

    Via: L1M1_PR
      Partial area ratio:    0.23
      Required ratio:    3.00 (Gate area) 
      Cumulative area ratio:    0.23
      Required ratio:    0.00 (Cumulative area) 


Net: core.key\[207\]
  Pin: hold3161/A (sky130_fd_sc_hd__dlygate4sd3_1)
    Layer: met2
      Partial area ratio:    1.69
      Required ratio:    0.00 (Gate area) 
      Partial area ratio:    9.02
      Required ratio: 3119.36 (Side area) 
      Cumulative area ratio:   88.78
      Required ratio:    0.00 (Cumulative area) 
      Cumulative area ratio:  450.69
      Required ratio:    0.00 (Cumulative side area) 

    Layer: met1
      Partial area ratio:   87.09
      Required ratio:    0.00 (Gate area) 
      Partial area ratio:  441.67
      Required ratio:  400.00 (Side area) (VIOLATED)
      Cumulative area ratio:   87.09
      Required ratio:    0.00 (Cumulative area) 
      Cumulative area ratio:  441.67
      Required ratio:    0.00 (Cumulative side area) 

    Layer: li1
      Partial area ratio:    0.00
      Required ratio:    0.00 (Gate area) 
      Partial area ratio:    0.00
      Required ratio:   75.00 (Side area) 
      Cumulative area ratio:    0.00
      Required ratio:    0.00 (Cumulative area) 
      Cumulative area ratio:    0.00
      Required ratio:    0.00 (Cumulative side area) 

    Via: M1M2_PR
      Partial area ratio:    0.54
      Required ratio:    6.00 (Gate area) 
      Cumulative area ratio:    0.77
      Required ratio:    0.00 (Cumulative area) 

    Via: L1M1_PR
      Partial area ratio:    0.23
      Required ratio:    3.00 (Gate area) 
      Cumulative area ratio:    0.23
      Required ratio:    0.00 (Cumulative area) 

  Pin: ANTENNA_hold3161_A/DIODE (sky130_fd_sc_hd__diode_2)
    Layer: met2
      Partial area ratio:    1.69
      Required ratio:    0.00 (Gate area) 
      Partial area ratio:    9.02
      Required ratio: 3119.36 (Side area) 
      Cumulative area ratio:   88.78
      Required ratio:    0.00 (Cumulative area) 
      Cumulative area ratio:  450.69
      Required ratio:    0.00 (Cumulative side area) 

    Layer: met1
      Partial area ratio:    0.00
      Required ratio:    0.00 (Gate area) 
      Partial area ratio:    0.00
      Required ratio: 2773.88 (Side area) 
      Cumulative area ratio:    0.00
      Required ratio:    0.00 (Cumulative area) 
      Cumulative area ratio:    0.00
      Required ratio:    0.00 (Cumulative side area) 

    Layer: li1
      Partial area ratio:    0.00
      Required ratio:    0.00 (Gate area) 
      Partial area ratio:    0.00
      Required ratio:  270.62 (Side area) 
      Cumulative area ratio:    0.00
      Required ratio:    0.00 (Cumulative area) 
      Cumulative area ratio:    0.00
      Required ratio:    0.00 (Cumulative side area) 

    Via: M1M2_PR
      Partial area ratio:    0.05
      Required ratio:    6.00 (Gate area) 
      Cumulative area ratio:    0.12
      Required ratio:    0.00 (Cumulative area) 

    Via: L1M1_PR
      Partial area ratio:    0.07
      Required ratio:    3.00 (Gate area) 
      Cumulative area ratio:    0.07
      Required ratio:    0.00 (Cumulative area) 

  Pin: _20451_/B2 (sky130_fd_sc_hd__a22o_2)
    Layer: met2
      Partial area ratio:    1.69
      Required ratio:    0.00 (Gate area) 
      Partial area ratio:    9.02
      Required ratio: 3119.36 (Side area) 
      Cumulative area ratio:   94.42
      Required ratio:    0.00 (Cumulative area) 
      Cumulative area ratio:  480.05
      Required ratio:    0.00 (Cumulative side area) 

    Layer: met1
      Partial area ratio:    5.63
      Required ratio:    0.00 (Gate area) 
      Partial area ratio:   29.36
      Required ratio:  400.00 (Side area) 
      Cumulative area ratio:    5.63
      Required ratio:    0.00 (Cumulative area) 
      Cumulative area ratio:   29.36
      Required ratio:    0.00 (Cumulative side area) 

    Layer: li1
      Partial area ratio:    0.00
      Required ratio:    0.00 (Gate area) 
      Partial area ratio:    0.00
      Required ratio:   75.00 (Side area) 
      Cumulative area ratio:    0.00
      Required ratio:    0.00 (Cumulative area) 
      Cumulative area ratio:    0.00
      Required ratio:    0.00 (Cumulative side area) 

    Via: M1M2_PR
      Partial area ratio:    0.18
      Required ratio:    6.00 (Gate area) 
      Cumulative area ratio:    0.30
      Required ratio:    0.00 (Cumulative area) 

    Via: L1M1_PR
      Partial area ratio:    0.12
      Required ratio:    3.00 (Gate area) 
      Cumulative area ratio:    0.12
      Required ratio:    0.00 (Cumulative area) 

  Pin: ANTENNA__20451__B2/DIODE (sky130_fd_sc_hd__diode_2)
    Layer: met2
      Partial area ratio:    1.69
      Required ratio:    0.00 (Gate area) 
      Partial area ratio:    9.02
      Required ratio: 3119.36 (Side area) 
      Cumulative area ratio:   95.20
      Required ratio:    0.00 (Cumulative area) 
      Cumulative area ratio:  484.20
      Required ratio:    0.00 (Cumulative side area) 

    Layer: met1
      Partial area ratio:    0.79
      Required ratio:    0.00 (Gate area) 
      Partial area ratio:    4.15
      Required ratio: 2773.88 (Side area) 
      Cumulative area ratio:    0.79
      Required ratio:    0.00 (Cumulative area) 
      Cumulative area ratio:    4.15
      Required ratio:    0.00 (Cumulative side area) 

    Layer: li1
      Partial area ratio:    0.00
      Required ratio:    0.00 (Gate area) 
      Partial area ratio:    0.00
      Required ratio:  270.62 (Side area) 
      Cumulative area ratio:    0.00
      Required ratio:    0.00 (Cumulative area) 
      Cumulative area ratio:    0.00
      Required ratio:    0.00 (Cumulative side area) 

    Via: M1M2_PR
      Partial area ratio:    0.05
      Required ratio:    6.00 (Gate area) 
      Cumulative area ratio:    0.12
      Required ratio:    0.00 (Cumulative area) 

    Via: L1M1_PR
      Partial area ratio:    0.07
      Required ratio:    3.00 (Gate area) 
      Cumulative area ratio:    0.07
      Required ratio:    0.00 (Cumulative area) 


Net: core.key\[208\]
  Pin: hold2492/A (sky130_fd_sc_hd__dlygate4sd3_1)
    Layer: met2
      Partial area ratio:    1.76
      Required ratio:    0.00 (Gate area) 
      Partial area ratio:    9.33
      Required ratio: 2771.60 (Side area) 
      Cumulative area ratio:   85.18
      Required ratio:    0.00 (Cumulative area) 
      Cumulative area ratio:  434.22
      Required ratio:    0.00 (Cumulative side area) 

    Layer: met1
      Partial area ratio:   83.42
      Required ratio:    0.00 (Gate area) 
      Partial area ratio:  424.89
      Required ratio:  400.00 (Side area) (VIOLATED)
      Cumulative area ratio:   83.42
      Required ratio:    0.00 (Cumulative area) 
      Cumulative area ratio:  424.89
      Required ratio:    0.00 (Cumulative side area) 

    Layer: li1
      Partial area ratio:    0.00
      Required ratio:    0.00 (Gate area) 
      Partial area ratio:    0.00
      Required ratio:   75.00 (Side area) 
      Cumulative area ratio:    0.00
      Required ratio:    0.00 (Cumulative area) 
      Cumulative area ratio:    0.00
      Required ratio:    0.00 (Cumulative side area) 

    Via: M1M2_PR
      Partial area ratio:    0.36
      Required ratio:    6.00 (Gate area) 
      Cumulative area ratio:    0.59
      Required ratio:    0.00 (Cumulative area) 

    Via: L1M1_PR
      Partial area ratio:    0.23
      Required ratio:    3.00 (Gate area) 
      Cumulative area ratio:    0.23
      Required ratio:    0.00 (Cumulative area) 

  Pin: _20471_/B2 (sky130_fd_sc_hd__a22o_2)
    Layer: met2
      Partial area ratio:    1.76
      Required ratio:    0.00 (Gate area) 
      Partial area ratio:    9.33
      Required ratio: 2771.60 (Side area) 
      Cumulative area ratio:   85.18
      Required ratio:    0.00 (Cumulative area) 
      Cumulative area ratio:  434.22
      Required ratio:    0.00 (Cumulative side area) 

    Layer: met1
      Partial area ratio:    0.00
      Required ratio:    0.00 (Gate area) 
      Partial area ratio:    0.00
      Required ratio:  400.00 (Side area) 
      Cumulative area ratio:    0.00
      Required ratio:    0.00 (Cumulative area) 
      Cumulative area ratio:    0.00
      Required ratio:    0.00 (Cumulative side area) 

    Layer: li1
      Partial area ratio:    0.00
      Required ratio:    0.00 (Gate area) 
      Partial area ratio:    0.00
      Required ratio:   75.00 (Side area) 
      Cumulative area ratio:    0.00
      Required ratio:    0.00 (Cumulative area) 
      Cumulative area ratio:    0.00
      Required ratio:    0.00 (Cumulative side area) 

    Via: M1M2_PR
      Partial area ratio:    0.09
      Required ratio:    6.00 (Gate area) 
      Cumulative area ratio:    0.21
      Required ratio:    0.00 (Cumulative area) 

    Via: L1M1_PR
      Partial area ratio:    0.12
      Required ratio:    3.00 (Gate area) 
      Cumulative area ratio:    0.12
      Required ratio:    0.00 (Cumulative area) 


Net: core.qr1.y0\[24\]
  Pin: ANTENNA_hold4693_A/DIODE (sky130_fd_sc_hd__diode_2)
    Layer: met2
      Partial area ratio:    1.11
      Required ratio:    0.00 (Gate area) 
      Partial area ratio:    5.93
      Required ratio: 3125.96 (Side area) 
      Cumulative area ratio:    1.11
      Required ratio:    0.00 (Cumulative area) 
      Cumulative area ratio:    5.93
      Required ratio:    0.00 (Cumulative side area) 

    Layer: met1
      Partial area ratio:    0.00
      Required ratio:    0.00 (Gate area) 
      Partial area ratio:    0.00
      Required ratio: 2773.88 (Side area) 
      Cumulative area ratio:    0.00
      Required ratio:    0.00 (Cumulative area) 
      Cumulative area ratio:    0.00
      Required ratio:    0.00 (Cumulative side area) 

    Layer: li1
      Partial area ratio:    0.00
      Required ratio:    0.00 (Gate area) 
      Partial area ratio:    0.00
      Required ratio:  270.62 (Side area) 
      Cumulative area ratio:    0.00
      Required ratio:    0.00 (Cumulative area) 
      Cumulative area ratio:    0.00
      Required ratio:    0.00 (Cumulative side area) 

    Layer: met3
      Partial area ratio:    0.92
      Required ratio:    0.00 (Gate area) 
      Partial area ratio:    5.12
      Required ratio: 3473.72 (Side area) 
      Cumulative area ratio:    2.03
      Required ratio:    0.00 (Cumulative area) 
      Cumulative area ratio:   11.05
      Required ratio:    0.00 (Cumulative side area) 

    Via: M2M3_PR
      Partial area ratio:    0.04
      Required ratio:    6.00 (Gate area) 
      Cumulative area ratio:    0.16
      Required ratio:    0.00 (Cumulative area) 

    Via: M1M2_PR
      Partial area ratio:    0.05
      Required ratio:    6.00 (Gate area) 
      Cumulative area ratio:    0.12
      Required ratio:    0.00 (Cumulative area) 

    Via: L1M1_PR
      Partial area ratio:    0.07
      Required ratio:    3.00 (Gate area) 
      Cumulative area ratio:    0.07
      Required ratio:    0.00 (Cumulative area) 

  Pin: ANTENNA__28659__A/DIODE (sky130_fd_sc_hd__diode_2)
    Layer: met3
      Partial area ratio:    0.92
      Required ratio:    0.00 (Gate area) 
      Partial area ratio:    5.12
      Required ratio: 3473.72 (Side area) 
      Cumulative area ratio:    3.64
      Required ratio:    0.00 (Cumulative area) 
      Cumulative area ratio:   19.83
      Required ratio:    0.00 (Cumulative side area) 

    Layer: met2
      Partial area ratio:    1.02
      Required ratio:    0.00 (Gate area) 
      Partial area ratio:    5.37
      Required ratio: 2947.76 (Side area) 
      Cumulative area ratio:    2.71
      Required ratio:    0.00 (Cumulative area) 
      Cumulative area ratio:   14.71
      Required ratio:    0.00 (Cumulative side area) 

    Layer: met1
      Partial area ratio:    1.69
      Required ratio:    0.00 (Gate area) 
      Partial area ratio:    9.34
      Required ratio: 2773.88 (Side area) 
      Cumulative area ratio:    1.69
      Required ratio:    0.00 (Cumulative area) 
      Cumulative area ratio:    9.34
      Required ratio:    0.00 (Cumulative side area) 

    Layer: li1
      Partial area ratio:    0.00
      Required ratio:    0.00 (Gate area) 
      Partial area ratio:    0.00
      Required ratio:  270.62 (Side area) 
      Cumulative area ratio:    0.00
      Required ratio:    0.00 (Cumulative area) 
      Cumulative area ratio:    0.00
      Required ratio:    0.00 (Cumulative side area) 

    Via: M2M3_PR
      Partial area ratio:    0.03
      Required ratio:    6.00 (Gate area) 
      Cumulative area ratio:    0.13
      Required ratio:    0.00 (Cumulative area) 

    Via: M1M2_PR
      Partial area ratio:    0.04
      Required ratio:    6.00 (Gate area) 
      Cumulative area ratio:    0.11
      Required ratio:    0.00 (Cumulative area) 

    Via: L1M1_PR
      Partial area ratio:    0.07
      Required ratio:    3.00 (Gate area) 
      Cumulative area ratio:    0.07
      Required ratio:    0.00 (Cumulative area) 

  Pin: _28659_/A (sky130_fd_sc_hd__or2_1)
    Layer: met3
      Partial area ratio:    0.92
      Required ratio:    0.00 (Gate area) 
      Partial area ratio:    5.12
      Required ratio: 3473.72 (Side area) 
      Cumulative area ratio:    3.64
      Required ratio:    0.00 (Cumulative area) 
      Cumulative area ratio:   19.83
      Required ratio:    0.00 (Cumulative side area) 

    Layer: met2
      Partial area ratio:    1.02
      Required ratio:    0.00 (Gate area) 
      Partial area ratio:    5.37
      Required ratio: 2947.76 (Side area) 
      Cumulative area ratio:    2.71
      Required ratio:    0.00 (Cumulative area) 
      Cumulative area ratio:   14.71
      Required ratio:    0.00 (Cumulative side area) 

    Layer: met1
      Partial area ratio:    1.69
      Required ratio:    0.00 (Gate area) 
      Partial area ratio:    9.34
      Required ratio: 2773.88 (Side area) 
      Cumulative area ratio:    1.69
      Required ratio:    0.00 (Cumulative area) 
      Cumulative area ratio:    9.34
      Required ratio:    0.00 (Cumulative side area) 

    Layer: li1
      Partial area ratio:    0.00
      Required ratio:    0.00 (Gate area) 
      Partial area ratio:    0.00
      Required ratio:   75.00 (Side area) 
      Cumulative area ratio:    0.00
      Required ratio:    0.00 (Cumulative area) 
      Cumulative area ratio:    0.00
      Required ratio:    0.00 (Cumulative side area) 

    Via: M2M3_PR
      Partial area ratio:    0.03
      Required ratio:    6.00 (Gate area) 
      Cumulative area ratio:    0.30
      Required ratio:    0.00 (Cumulative area) 

    Via: M1M2_PR
      Partial area ratio:    0.04
      Required ratio:    6.00 (Gate area) 
      Cumulative area ratio:    0.27
      Required ratio:    0.00 (Cumulative area) 

    Via: L1M1_PR
      Partial area ratio:    0.23
      Required ratio:    3.00 (Gate area) 
      Cumulative area ratio:    0.23
      Required ratio:    0.00 (Cumulative area) 

  Pin: _28658_/A (sky130_fd_sc_hd__nand2_1)
    Layer: met3
      Partial area ratio:    0.92
      Required ratio:    0.00 (Gate area) 
      Partial area ratio:    5.12
      Required ratio: 3473.72 (Side area) 
      Cumulative area ratio:    3.89
      Required ratio:    0.00 (Cumulative area) 
      Cumulative area ratio:   20.51
      Required ratio:    0.00 (Cumulative side area) 

    Layer: met2
      Partial area ratio:    1.02
      Required ratio:    0.00 (Gate area) 
      Partial area ratio:    5.37
      Required ratio: 2947.76 (Side area) 
      Cumulative area ratio:    2.97
      Required ratio:    0.00 (Cumulative area) 
      Cumulative area ratio:   15.39
      Required ratio:    0.00 (Cumulative side area) 

    Layer: met1
      Partial area ratio:    1.95
      Required ratio:    0.00 (Gate area) 
      Partial area ratio:   10.01
      Required ratio: 2773.88 (Side area) 
      Cumulative area ratio:    1.95
      Required ratio:    0.00 (Cumulative area) 
      Cumulative area ratio:   10.01
      Required ratio:    0.00 (Cumulative side area) 

    Layer: li1
      Partial area ratio:    0.00
      Required ratio:    0.00 (Gate area) 
      Partial area ratio:    0.00
      Required ratio:   75.00 (Side area) 
      Cumulative area ratio:    0.00
      Required ratio:    0.00 (Cumulative area) 
      Cumulative area ratio:    0.00
      Required ratio:    0.00 (Cumulative side area) 

    Via: M2M3_PR
      Partial area ratio:    0.03
      Required ratio:    6.00 (Gate area) 
      Cumulative area ratio:    0.18
      Required ratio:    0.00 (Cumulative area) 

    Via: M1M2_PR
      Partial area ratio:    0.03
      Required ratio:    6.00 (Gate area) 
      Cumulative area ratio:    0.15
      Required ratio:    0.00 (Cumulative area) 

    Via: L1M1_PR
      Partial area ratio:    0.12
      Required ratio:    3.00 (Gate area) 
      Cumulative area ratio:    0.12
      Required ratio:    0.00 (Cumulative area) 

  Pin: ANTENNA__28658__A/DIODE (sky130_fd_sc_hd__diode_2)
    Layer: met3
      Partial area ratio:    0.92
      Required ratio:    0.00 (Gate area) 
      Partial area ratio:    5.12
      Required ratio: 3473.72 (Side area) 
      Cumulative area ratio:    3.89
      Required ratio:    0.00 (Cumulative area) 
      Cumulative area ratio:   20.51
      Required ratio:    0.00 (Cumulative side area) 

    Layer: met2
      Partial area ratio:    1.02
      Required ratio:    0.00 (Gate area) 
      Partial area ratio:    5.37
      Required ratio: 2947.76 (Side area) 
      Cumulative area ratio:    2.97
      Required ratio:    0.00 (Cumulative area) 
      Cumulative area ratio:   15.39
      Required ratio:    0.00 (Cumulative side area) 

    Layer: met1
      Partial area ratio:    1.95
      Required ratio:    0.00 (Gate area) 
      Partial area ratio:   10.01
      Required ratio: 2773.88 (Side area) 
      Cumulative area ratio:    1.95
      Required ratio:    0.00 (Cumulative area) 
      Cumulative area ratio:   10.01
      Required ratio:    0.00 (Cumulative side area) 

    Layer: li1
      Partial area ratio:    0.00
      Required ratio:    0.00 (Gate area) 
      Partial area ratio:    0.00
      Required ratio:  270.62 (Side area) 
      Cumulative area ratio:    0.00
      Required ratio:    0.00 (Cumulative area) 
      Cumulative area ratio:    0.00
      Required ratio:    0.00 (Cumulative side area) 

    Via: M2M3_PR
      Partial area ratio:    0.03
      Required ratio:    6.00 (Gate area) 
      Cumulative area ratio:    0.13
      Required ratio:    0.00 (Cumulative area) 

    Via: M1M2_PR
      Partial area ratio:    0.03
      Required ratio:    6.00 (Gate area) 
      Cumulative area ratio:    0.10
      Required ratio:    0.00 (Cumulative area) 

    Via: L1M1_PR
      Partial area ratio:    0.07
      Required ratio:    3.00 (Gate area) 
      Cumulative area ratio:    0.07
      Required ratio:    0.00 (Cumulative area) 

  Pin: _28667_/B2 (sky130_fd_sc_hd__a22o_1)
    Layer: met3
      Partial area ratio:    0.92
      Required ratio:    0.00 (Gate area) 
      Partial area ratio:    5.12
      Required ratio: 3473.72 (Side area) 
      Cumulative area ratio:    1.95
      Required ratio:    0.00 (Cumulative area) 
      Cumulative area ratio:   10.50
      Required ratio:    0.00 (Cumulative side area) 

    Layer: met2
      Partial area ratio:    1.02
      Required ratio:    0.00 (Gate area) 
      Partial area ratio:    5.37
      Required ratio: 2947.76 (Side area) 
      Cumulative area ratio:    1.02
      Required ratio:    0.00 (Cumulative area) 
      Cumulative area ratio:    5.37
      Required ratio:    0.00 (Cumulative side area) 

    Layer: met1
      Partial area ratio:    0.00
      Required ratio:    0.00 (Gate area) 
      Partial area ratio:    0.00
      Required ratio:  400.00 (Side area) 
      Cumulative area ratio:    0.00
      Required ratio:    0.00 (Cumulative area) 
      Cumulative area ratio:    0.00
      Required ratio:    0.00 (Cumulative side area) 

    Layer: li1
      Partial area ratio:    0.00
      Required ratio:    0.00 (Gate area) 
      Partial area ratio:    0.00
      Required ratio:   75.00 (Side area) 
      Cumulative area ratio:    0.00
      Required ratio:    0.00 (Cumulative area) 
      Cumulative area ratio:    0.00
      Required ratio:    0.00 (Cumulative side area) 

    Via: M2M3_PR
      Partial area ratio:    0.03
      Required ratio:    6.00 (Gate area) 
      Cumulative area ratio:    0.23
      Required ratio:    0.00 (Cumulative area) 

    Via: M1M2_PR
      Partial area ratio:    0.09
      Required ratio:    6.00 (Gate area) 
      Cumulative area ratio:    0.21
      Required ratio:    0.00 (Cumulative area) 

    Via: L1M1_PR
      Partial area ratio:    0.12
      Required ratio:    3.00 (Gate area) 
      Cumulative area ratio:    0.12
      Required ratio:    0.00 (Cumulative area) 

  Pin: ANTENNA__28667__B2/DIODE (sky130_fd_sc_hd__diode_2)
    Layer: met2
      Partial area ratio:    1.11
      Required ratio:    0.00 (Gate area) 
      Partial area ratio:    5.93
      Required ratio: 3125.96 (Side area) 
      Cumulative area ratio:  177.32
      Required ratio:    0.00 (Cumulative area) 
      Cumulative area ratio:  892.68
      Required ratio:    0.00 (Cumulative side area) 

    Layer: met1
      Partial area ratio:    5.08
      Required ratio:    0.00 (Gate area) 
      Partial area ratio:   25.64
      Required ratio: 2773.88 (Side area) 
      Cumulative area ratio:    5.08
      Required ratio:    0.00 (Cumulative area) 
      Cumulative area ratio:   25.64
      Required ratio:    0.00 (Cumulative side area) 

    Layer: met3
      Partial area ratio:    0.92
      Required ratio:    0.00 (Gate area) 
      Partial area ratio:    5.12
      Required ratio: 3473.72 (Side area) 
      Cumulative area ratio:  178.25
      Required ratio:    0.00 (Cumulative area) 
      Cumulative area ratio:  897.80
      Required ratio:    0.00 (Cumulative side area) 

    Layer: li1
      Partial area ratio:    0.00
      Required ratio:    0.00 (Gate area) 
      Partial area ratio:    0.00
      Required ratio:  270.62 (Side area) 
      Cumulative area ratio:    0.00
      Required ratio:    0.00 (Cumulative area) 
      Cumulative area ratio:    0.00
      Required ratio:    0.00 (Cumulative side area) 

    Via: M2M3_PR
      Partial area ratio:    0.04
      Required ratio:    6.00 (Gate area) 
      Cumulative area ratio:    0.57
      Required ratio:    0.00 (Cumulative area) 

    Via: M1M2_PR
      Partial area ratio:    0.10
      Required ratio:    6.00 (Gate area) 
      Cumulative area ratio:    0.17
      Required ratio:    0.00 (Cumulative area) 

    Via: L1M1_PR
      Partial area ratio:    0.07
      Required ratio:    3.00 (Gate area) 
      Cumulative area ratio:    0.07
      Required ratio:    0.00 (Cumulative area) 

  Pin: hold4693/A (sky130_fd_sc_hd__dlygate4sd3_1)
    Layer: met2
      Partial area ratio:    1.11
      Required ratio:    0.00 (Gate area) 
      Partial area ratio:    5.93
      Required ratio: 3125.96 (Side area) 
      Cumulative area ratio:  172.24
      Required ratio:    0.00 (Cumulative area) 
      Cumulative area ratio:  867.04
      Required ratio:    0.00 (Cumulative side area) 

    Layer: met1
      Partial area ratio:  171.13
      Required ratio:    0.00 (Gate area) 
      Partial area ratio:  861.11
      Required ratio:  400.00 (Side area) (VIOLATED)
      Cumulative area ratio:  171.13
      Required ratio:    0.00 (Cumulative area) 
      Cumulative area ratio:  861.11
      Required ratio:    0.00 (Cumulative side area) 

    Layer: met3
      Partial area ratio:    0.92
      Required ratio:    0.00 (Gate area) 
      Partial area ratio:    5.12
      Required ratio: 3473.72 (Side area) 
      Cumulative area ratio:  173.16
      Required ratio:    0.00 (Cumulative area) 
      Cumulative area ratio:  872.16
      Required ratio:    0.00 (Cumulative side area) 

    Layer: li1
      Partial area ratio:    0.00
      Required ratio:    0.00 (Gate area) 
      Partial area ratio:    0.00
      Required ratio:   75.00 (Side area) 
      Cumulative area ratio:    0.00
      Required ratio:    0.00 (Cumulative area) 
      Cumulative area ratio:    0.00
      Required ratio:    0.00 (Cumulative side area) 

    Via: M2M3_PR
      Partial area ratio:    0.04
      Required ratio:    6.00 (Gate area) 
      Cumulative area ratio:    0.63
      Required ratio:    0.00 (Cumulative area) 

    Via: M1M2_PR
      Partial area ratio:    0.36
      Required ratio:    6.00 (Gate area) 
      Cumulative area ratio:    0.59
      Required ratio:    0.00 (Cumulative area) 

    Via: L1M1_PR
      Partial area ratio:    0.23
      Required ratio:    3.00 (Gate area) 
      Cumulative area ratio:    0.23
      Required ratio:    0.00 (Cumulative area) 


Net: core.x4_reg\[28\]
  Pin: _38578_/A (sky130_fd_sc_hd__nor2_1)
    Layer: met4
      Partial area ratio:   17.83
      Required ratio:    0.00 (Gate area) 
      Partial area ratio:   95.50
      Required ratio: 3825.80 (Side area) 
      Cumulative area ratio:   52.72
      Required ratio:    0.00 (Cumulative area) 
      Cumulative area ratio:  274.88
      Required ratio:    0.00 (Cumulative side area) 

    Layer: met3
      Partial area ratio:    3.80
      Required ratio:    0.00 (Gate area) 
      Partial area ratio:   21.68
      Required ratio: 2947.76 (Side area) 
      Cumulative area ratio:   34.89
      Required ratio:    0.00 (Cumulative area) 
      Cumulative area ratio:  179.38
      Required ratio:    0.00 (Cumulative side area) 

    Layer: met2
      Partial area ratio:   22.91
      Required ratio:    0.00 (Gate area) 
      Partial area ratio:  115.86
      Required ratio: 2947.76 (Side area) 
      Cumulative area ratio:   31.09
      Required ratio:    0.00 (Cumulative area) 
      Cumulative area ratio:  157.69
      Required ratio:    0.00 (Cumulative side area) 

    Layer: met1
      Partial area ratio:    0.60
      Required ratio:    0.00 (Gate area) 
      Partial area ratio:    3.39
      Required ratio:  400.00 (Side area) 
      Cumulative area ratio:    0.60
      Required ratio:    0.00 (Cumulative area) 
      Cumulative area ratio:    3.39
      Required ratio:    0.00 (Cumulative side area) 

    Layer: li1
      Partial area ratio:    0.00
      Required ratio:    0.00 (Gate area) 
      Partial area ratio:    0.00
      Required ratio:   75.00 (Side area) 
      Cumulative area ratio:    0.00
      Required ratio:    0.00 (Cumulative area) 
      Cumulative area ratio:    0.00
      Required ratio:    0.00 (Cumulative side area) 

    Via: M3M4_PR
      Partial area ratio:    0.03
      Required ratio:    6.00 (Gate area) 
      Cumulative area ratio:    0.34
      Required ratio:    0.00 (Cumulative area) 

    Via: M2M3_PR
      Partial area ratio:    0.03
      Required ratio:    6.00 (Gate area) 
      Cumulative area ratio:    0.31
      Required ratio:    0.00 (Cumulative area) 

    Via: M1M2_PR
      Partial area ratio:    0.09
      Required ratio:    6.00 (Gate area) 
      Cumulative area ratio:    0.21
      Required ratio:    0.00 (Cumulative area) 

    Via: L1M1_PR
      Partial area ratio:    0.12
      Required ratio:    3.00 (Gate area) 
      Cumulative area ratio:    0.12
      Required ratio:    0.00 (Cumulative area) 

  Pin: ANTENNA__38578__A/DIODE (sky130_fd_sc_hd__diode_2)
    Layer: met4
      Partial area ratio:   17.83
      Required ratio:    0.00 (Gate area) 
      Partial area ratio:   95.50
      Required ratio: 3825.80 (Side area) 
      Cumulative area ratio:   52.12
      Required ratio:    0.00 (Cumulative area) 
      Cumulative area ratio:  271.49
      Required ratio:    0.00 (Cumulative side area) 

    Layer: met3
      Partial area ratio:    3.80
      Required ratio:    0.00 (Gate area) 
      Partial area ratio:   21.68
      Required ratio: 2947.76 (Side area) 
      Cumulative area ratio:   34.29
      Required ratio:    0.00 (Cumulative area) 
      Cumulative area ratio:  175.98
      Required ratio:    0.00 (Cumulative side area) 

    Layer: met2
      Partial area ratio:   22.91
      Required ratio:    0.00 (Gate area) 
      Partial area ratio:  115.86
      Required ratio: 2947.76 (Side area) 
      Cumulative area ratio:   30.49
      Required ratio:    0.00 (Cumulative area) 
      Cumulative area ratio:  154.30
      Required ratio:    0.00 (Cumulative side area) 

    Layer: met1
      Partial area ratio:    7.57
      Required ratio:    0.00 (Gate area) 
      Partial area ratio:   38.44
      Required ratio: 2947.76 (Side area) 
      Cumulative area ratio:    7.57
      Required ratio:    0.00 (Cumulative area) 
      Cumulative area ratio:   38.44
      Required ratio:    0.00 (Cumulative side area) 

    Layer: li1
      Partial area ratio:    0.00
      Required ratio:    0.00 (Gate area) 
      Partial area ratio:    0.00
      Required ratio:  270.62 (Side area) 
      Cumulative area ratio:    0.00
      Required ratio:    0.00 (Cumulative area) 
      Cumulative area ratio:    0.00
      Required ratio:    0.00 (Cumulative side area) 

    Via: M3M4_PR
      Partial area ratio:    0.03
      Required ratio:    6.00 (Gate area) 
      Cumulative area ratio:    0.20
      Required ratio:    0.00 (Cumulative area) 

    Via: M2M3_PR
      Partial area ratio:    0.03
      Required ratio:    6.00 (Gate area) 
      Cumulative area ratio:    0.17
      Required ratio:    0.00 (Cumulative area) 

    Via: M1M2_PR
      Partial area ratio:    0.08
      Required ratio:    6.00 (Gate area) 
      Cumulative area ratio:    0.14
      Required ratio:    0.00 (Cumulative area) 

    Via: L1M1_PR
      Partial area ratio:    0.07
      Required ratio:    3.00 (Gate area) 
      Cumulative area ratio:    0.07
      Required ratio:    0.00 (Cumulative area) 

  Pin: _38579_/A (sky130_fd_sc_hd__nand2_1)
    Layer: met4
      Partial area ratio:   17.83
      Required ratio:    0.00 (Gate area) 
      Partial area ratio:   95.50
      Required ratio: 3825.80 (Side area) 
      Cumulative area ratio:   52.12
      Required ratio:    0.00 (Cumulative area) 
      Cumulative area ratio:  271.49
      Required ratio:    0.00 (Cumulative side area) 

    Layer: met3
      Partial area ratio:    3.80
      Required ratio:    0.00 (Gate area) 
      Partial area ratio:   21.68
      Required ratio: 2947.76 (Side area) 
      Cumulative area ratio:   34.29
      Required ratio:    0.00 (Cumulative area) 
      Cumulative area ratio:  175.98
      Required ratio:    0.00 (Cumulative side area) 

    Layer: met2
      Partial area ratio:   22.91
      Required ratio:    0.00 (Gate area) 
      Partial area ratio:  115.86
      Required ratio: 2947.76 (Side area) 
      Cumulative area ratio:   30.49
      Required ratio:    0.00 (Cumulative area) 
      Cumulative area ratio:  154.30
      Required ratio:    0.00 (Cumulative side area) 

    Layer: met1
      Partial area ratio:    0.00
      Required ratio:    0.00 (Gate area) 
      Partial area ratio:    0.00
      Required ratio:  400.00 (Side area) 
      Cumulative area ratio:    0.00
      Required ratio:    0.00 (Cumulative area) 
      Cumulative area ratio:    0.00
      Required ratio:    0.00 (Cumulative side area) 

    Layer: li1
      Partial area ratio:    0.00
      Required ratio:    0.00 (Gate area) 
      Partial area ratio:    0.00
      Required ratio:   75.00 (Side area) 
      Cumulative area ratio:    0.00
      Required ratio:    0.00 (Cumulative area) 
      Cumulative area ratio:    0.00
      Required ratio:    0.00 (Cumulative side area) 

    Via: M3M4_PR
      Partial area ratio:    0.03
      Required ratio:    6.00 (Gate area) 
      Cumulative area ratio:    0.34
      Required ratio:    0.00 (Cumulative area) 

    Via: M2M3_PR
      Partial area ratio:    0.03
      Required ratio:    6.00 (Gate area) 
      Cumulative area ratio:    0.31
      Required ratio:    0.00 (Cumulative area) 

    Via: M1M2_PR
      Partial area ratio:    0.09
      Required ratio:    6.00 (Gate area) 
      Cumulative area ratio:    0.21
      Required ratio:    0.00 (Cumulative area) 

    Via: L1M1_PR
      Partial area ratio:    0.12
      Required ratio:    3.00 (Gate area) 
      Cumulative area ratio:    0.12
      Required ratio:    0.00 (Cumulative area) 

  Pin: ANTENNA__38579__A/DIODE (sky130_fd_sc_hd__diode_2)
    Layer: met4
      Partial area ratio:   17.83
      Required ratio:    0.00 (Gate area) 
      Partial area ratio:   95.50
      Required ratio: 3825.80 (Side area) 
      Cumulative area ratio:   52.12
      Required ratio:    0.00 (Cumulative area) 
      Cumulative area ratio:  271.49
      Required ratio:    0.00 (Cumulative side area) 

    Layer: met3
      Partial area ratio:    3.80
      Required ratio:    0.00 (Gate area) 
      Partial area ratio:   21.68
      Required ratio: 2947.76 (Side area) 
      Cumulative area ratio:   34.29
      Required ratio:    0.00 (Cumulative area) 
      Cumulative area ratio:  175.98
      Required ratio:    0.00 (Cumulative side area) 

    Layer: met2
      Partial area ratio:   22.91
      Required ratio:    0.00 (Gate area) 
      Partial area ratio:  115.86
      Required ratio: 2947.76 (Side area) 
      Cumulative area ratio:   30.49
      Required ratio:    0.00 (Cumulative area) 
      Cumulative area ratio:  154.30
      Required ratio:    0.00 (Cumulative side area) 

    Layer: met1
      Partial area ratio:    7.57
      Required ratio:    0.00 (Gate area) 
      Partial area ratio:   38.44
      Required ratio: 2947.76 (Side area) 
      Cumulative area ratio:    7.57
      Required ratio:    0.00 (Cumulative area) 
      Cumulative area ratio:   38.44
      Required ratio:    0.00 (Cumulative side area) 

    Layer: li1
      Partial area ratio:    0.00
      Required ratio:    0.00 (Gate area) 
      Partial area ratio:    0.00
      Required ratio:  270.62 (Side area) 
      Cumulative area ratio:    0.00
      Required ratio:    0.00 (Cumulative area) 
      Cumulative area ratio:    0.00
      Required ratio:    0.00 (Cumulative side area) 

    Via: M3M4_PR
      Partial area ratio:    0.03
      Required ratio:    6.00 (Gate area) 
      Cumulative area ratio:    0.20
      Required ratio:    0.00 (Cumulative area) 

    Via: M2M3_PR
      Partial area ratio:    0.03
      Required ratio:    6.00 (Gate area) 
      Cumulative area ratio:    0.17
      Required ratio:    0.00 (Cumulative area) 

    Via: M1M2_PR
      Partial area ratio:    0.08
      Required ratio:    6.00 (Gate area) 
      Cumulative area ratio:    0.14
      Required ratio:    0.00 (Cumulative area) 

    Via: L1M1_PR
      Partial area ratio:    0.07
      Required ratio:    3.00 (Gate area) 
      Cumulative area ratio:    0.07
      Required ratio:    0.00 (Cumulative area) 

  Pin: _32251_/B2 (sky130_fd_sc_hd__a22o_1)
    Layer: met3
      Partial area ratio:   20.65
      Required ratio:    0.00 (Gate area) 
      Partial area ratio:  112.95
      Required ratio: 3130.28 (Side area) 
      Cumulative area ratio:  102.99
      Required ratio:    0.00 (Cumulative area) 
      Cumulative area ratio:  528.20
      Required ratio:    0.00 (Cumulative side area) 

    Layer: met2
      Partial area ratio:   82.00
      Required ratio:    0.00 (Gate area) 
      Partial area ratio:  413.16
      Required ratio:  400.00 (Side area) (VIOLATED)
      Cumulative area ratio:   82.34
      Required ratio:    0.00 (Cumulative area) 
      Cumulative area ratio:  415.25
      Required ratio:    0.00 (Cumulative side area) 

    Layer: met4
      Partial area ratio:   17.83
      Required ratio:    0.00 (Gate area) 
      Partial area ratio:   95.50
      Required ratio: 3825.80 (Side area) 
      Cumulative area ratio:  120.81
      Required ratio:    0.00 (Cumulative area) 
      Cumulative area ratio:  623.70
      Required ratio:    0.00 (Cumulative side area) 

    Layer: met1
      Partial area ratio:    0.34
      Required ratio:    0.00 (Gate area) 
      Partial area ratio:    2.09
      Required ratio:  400.00 (Side area) 
      Cumulative area ratio:    0.34
      Required ratio:    0.00 (Cumulative area) 
      Cumulative area ratio:    2.09
      Required ratio:    0.00 (Cumulative side area) 

    Layer: li1
      Partial area ratio:    0.00
      Required ratio:    0.00 (Gate area) 
      Partial area ratio:    0.00
      Required ratio:   75.00 (Side area) 
      Cumulative area ratio:    0.00
      Required ratio:    0.00 (Cumulative area) 
      Cumulative area ratio:    0.00
      Required ratio:    0.00 (Cumulative side area) 

    Via: M3M4_PR
      Partial area ratio:    0.06
      Required ratio:    6.00 (Gate area) 
      Cumulative area ratio:    0.59
      Required ratio:    0.00 (Cumulative area) 

    Via: M2M3_PR
      Partial area ratio:    0.32
      Required ratio:    6.00 (Gate area) 
      Cumulative area ratio:    0.53
      Required ratio:    0.00 (Cumulative area) 

    Via: M1M2_PR
      Partial area ratio:    0.09
      Required ratio:    6.00 (Gate area) 
      Cumulative area ratio:    0.21
      Required ratio:    0.00 (Cumulative area) 

    Via: L1M1_PR
      Partial area ratio:    0.12
      Required ratio:    3.00 (Gate area) 
      Cumulative area ratio:    0.12
      Required ratio:    0.00 (Cumulative area) 

  Pin: ANTENNA__32251__B2/DIODE (sky130_fd_sc_hd__diode_2)
    Layer: met2
      Partial area ratio:    1.34
      Required ratio:    0.00 (Gate area) 
      Partial area ratio:    7.38
      Required ratio: 3130.28 (Side area) 
      Cumulative area ratio:    6.42
      Required ratio:    0.00 (Cumulative area) 
      Cumulative area ratio:   33.01
      Required ratio:    0.00 (Cumulative side area) 

    Layer: met1
      Partial area ratio:    5.08
      Required ratio:    0.00 (Gate area) 
      Partial area ratio:   25.64
      Required ratio: 2773.88 (Side area) 
      Cumulative area ratio:    5.08
      Required ratio:    0.00 (Cumulative area) 
      Cumulative area ratio:   25.64
      Required ratio:    0.00 (Cumulative side area) 

    Layer: met3
      Partial area ratio:   20.65
      Required ratio:    0.00 (Gate area) 
      Partial area ratio:  112.95
      Required ratio: 3130.28 (Side area) 
      Cumulative area ratio:   27.07
      Required ratio:    0.00 (Cumulative area) 
      Cumulative area ratio:  145.96
      Required ratio:    0.00 (Cumulative side area) 

    Layer: met4
      Partial area ratio:   17.83
      Required ratio:    0.00 (Gate area) 
      Partial area ratio:   95.50
      Required ratio: 3825.80 (Side area) 
      Cumulative area ratio:   44.90
      Required ratio:    0.00 (Cumulative area) 
      Cumulative area ratio:  241.47
      Required ratio:    0.00 (Cumulative side area) 

    Layer: li1
      Partial area ratio:    0.00
      Required ratio:    0.00 (Gate area) 
      Partial area ratio:    0.00
      Required ratio:  270.62 (Side area) 
      Cumulative area ratio:    0.00
      Required ratio:    0.00 (Cumulative area) 
      Cumulative area ratio:    0.00
      Required ratio:    0.00 (Cumulative side area) 

    Via: M2M3_PR
      Partial area ratio:    0.18
      Required ratio:    6.00 (Gate area) 
      Cumulative area ratio:    0.35
      Required ratio:    0.00 (Cumulative area) 

    Via: M1M2_PR
      Partial area ratio:    0.10
      Required ratio:    6.00 (Gate area) 
      Cumulative area ratio:    0.17
      Required ratio:    0.00 (Cumulative area) 

    Via: M3M4_PR
      Partial area ratio:    0.06
      Required ratio:    6.00 (Gate area) 
      Cumulative area ratio:    0.41
      Required ratio:    0.00 (Cumulative area) 

    Via: L1M1_PR
      Partial area ratio:    0.07
      Required ratio:    3.00 (Gate area) 
      Cumulative area ratio:    0.07
      Required ratio:    0.00 (Cumulative area) 

    Via: M3M4_PR
      Partial area ratio:    0.06
      Required ratio:    6.00 (Gate area) 
      Cumulative area ratio:    0.41
      Required ratio:    0.00 (Cumulative area) 

  Pin: _31363_/A1 (sky130_fd_sc_hd__mux2_2)
    Layer: met3
      Partial area ratio:    0.12
      Required ratio:    0.00 (Gate area) 
      Partial area ratio:    1.04
      Required ratio: 2947.76 (Side area) 
      Cumulative area ratio:    5.17
      Required ratio:    0.00 (Cumulative area) 
      Cumulative area ratio:   27.35
      Required ratio:    0.00 (Cumulative side area) 

    Layer: met2
      Partial area ratio:    1.98
      Required ratio:    0.00 (Gate area) 
      Partial area ratio:   10.19
      Required ratio: 2947.76 (Side area) 
      Cumulative area ratio:    5.04
      Required ratio:    0.00 (Cumulative area) 
      Cumulative area ratio:   26.31
      Required ratio:    0.00 (Cumulative side area) 

    Layer: met1
      Partial area ratio:    2.24
      Required ratio:    0.00 (Gate area) 
      Partial area ratio:   11.51
      Required ratio: 2773.88 (Side area) 
      Cumulative area ratio:    2.24
      Required ratio:    0.00 (Cumulative area) 
      Cumulative area ratio:   11.51
      Required ratio:    0.00 (Cumulative side area) 

    Layer: li1
      Partial area ratio:    0.00
      Required ratio:    0.00 (Gate area) 
      Partial area ratio:    0.00
      Required ratio:   75.00 (Side area) 
      Cumulative area ratio:    0.00
      Required ratio:    0.00 (Cumulative area) 
      Cumulative area ratio:    0.00
      Required ratio:    0.00 (Cumulative side area) 

    Via: M3M4_PR
      Partial area ratio:    0.03
      Required ratio:    6.00 (Gate area) 
      Cumulative area ratio:    0.39
      Required ratio:    0.00 (Cumulative area) 

    Via: M2M3_PR
      Partial area ratio:    0.03
      Required ratio:    6.00 (Gate area) 
      Cumulative area ratio:    0.35
      Required ratio:    0.00 (Cumulative area) 

    Via: M1M2_PR
      Partial area ratio:    0.04
      Required ratio:    6.00 (Gate area) 
      Cumulative area ratio:    0.22
      Required ratio:    0.00 (Cumulative area) 

    Via: L1M1_PR
      Partial area ratio:    0.18
      Required ratio:    3.00 (Gate area) 
      Cumulative area ratio:    0.18
      Required ratio:    0.00 (Cumulative area) 

  Pin: ANTENNA__31363__A1/DIODE (sky130_fd_sc_hd__diode_2)
    Layer: met3
      Partial area ratio:    0.12
      Required ratio:    0.00 (Gate area) 
      Partial area ratio:    1.04
      Required ratio: 2947.76 (Side area) 
      Cumulative area ratio:    5.17
      Required ratio:    0.00 (Cumulative area) 
      Cumulative area ratio:   27.35
      Required ratio:    0.00 (Cumulative side area) 

    Layer: met2
      Partial area ratio:    1.98
      Required ratio:    0.00 (Gate area) 
      Partial area ratio:   10.19
      Required ratio: 2947.76 (Side area) 
      Cumulative area ratio:    5.04
      Required ratio:    0.00 (Cumulative area) 
      Cumulative area ratio:   26.31
      Required ratio:    0.00 (Cumulative side area) 

    Layer: met1
      Partial area ratio:    2.24
      Required ratio:    0.00 (Gate area) 
      Partial area ratio:   11.51
      Required ratio: 2773.88 (Side area) 
      Cumulative area ratio:    2.24
      Required ratio:    0.00 (Cumulative area) 
      Cumulative area ratio:   11.51
      Required ratio:    0.00 (Cumulative side area) 

    Layer: li1
      Partial area ratio:    0.00
      Required ratio:    0.00 (Gate area) 
      Partial area ratio:    0.00
      Required ratio:  270.62 (Side area) 
      Cumulative area ratio:    0.00
      Required ratio:    0.00 (Cumulative area) 
      Cumulative area ratio:    0.00
      Required ratio:    0.00 (Cumulative side area) 

    Via: M3M4_PR
      Partial area ratio:    0.03
      Required ratio:    6.00 (Gate area) 
      Cumulative area ratio:    0.27
      Required ratio:    0.00 (Cumulative area) 

    Via: M2M3_PR
      Partial area ratio:    0.03
      Required ratio:    6.00 (Gate area) 
      Cumulative area ratio:    0.24
      Required ratio:    0.00 (Cumulative area) 

    Via: M1M2_PR
      Partial area ratio:    0.04
      Required ratio:    6.00 (Gate area) 
      Cumulative area ratio:    0.10
      Required ratio:    0.00 (Cumulative area) 

    Via: L1M1_PR
      Partial area ratio:    0.07
      Required ratio:    3.00 (Gate area) 
      Cumulative area ratio:    0.07
      Required ratio:    0.00 (Cumulative area) 

  Pin: ANTENNA__27750__A0/DIODE (sky130_fd_sc_hd__diode_2)
    Layer: met3
      Partial area ratio:    0.12
      Required ratio:    0.00 (Gate area) 
      Partial area ratio:    1.04
      Required ratio: 2947.76 (Side area) 
      Cumulative area ratio:    2.93
      Required ratio:    0.00 (Cumulative area) 
      Cumulative area ratio:   15.84
      Required ratio:    0.00 (Cumulative side area) 

    Layer: met2
      Partial area ratio:    1.98
      Required ratio:    0.00 (Gate area) 
      Partial area ratio:   10.19
      Required ratio: 2947.76 (Side area) 
      Cumulative area ratio:    2.81
      Required ratio:    0.00 (Cumulative area) 
      Cumulative area ratio:   14.80
      Required ratio:    0.00 (Cumulative side area) 

    Layer: met1
      Partial area ratio:    0.83
      Required ratio:    0.00 (Gate area) 
      Partial area ratio:    4.61
      Required ratio: 2773.88 (Side area) 
      Cumulative area ratio:    0.83
      Required ratio:    0.00 (Cumulative area) 
      Cumulative area ratio:    4.61
      Required ratio:    0.00 (Cumulative side area) 

    Layer: li1
      Partial area ratio:    0.00
      Required ratio:    0.00 (Gate area) 
      Partial area ratio:    0.00
      Required ratio:  270.62 (Side area) 
      Cumulative area ratio:    0.00
      Required ratio:    0.00 (Cumulative area) 
      Cumulative area ratio:    0.00
      Required ratio:    0.00 (Cumulative side area) 

    Via: M3M4_PR
      Partial area ratio:    0.03
      Required ratio:    6.00 (Gate area) 
      Cumulative area ratio:    0.23
      Required ratio:    0.00 (Cumulative area) 

    Via: M2M3_PR
      Partial area ratio:    0.03
      Required ratio:    6.00 (Gate area) 
      Cumulative area ratio:    0.20
      Required ratio:    0.00 (Cumulative area) 

    Via: M1M2_PR
      Partial area ratio:    0.10
      Required ratio:    6.00 (Gate area) 
      Cumulative area ratio:    0.17
      Required ratio:    0.00 (Cumulative area) 

    Via: L1M1_PR
      Partial area ratio:    0.07
      Required ratio:    3.00 (Gate area) 
      Cumulative area ratio:    0.07
      Required ratio:    0.00 (Cumulative area) 

  Pin: _27750_/A0 (sky130_fd_sc_hd__mux2_4)
    Layer: met3
      Partial area ratio:    0.12
      Required ratio:    0.00 (Gate area) 
      Partial area ratio:    1.04
      Required ratio: 2947.76 (Side area) 
      Cumulative area ratio:    2.97
      Required ratio:    0.00 (Cumulative area) 
      Cumulative area ratio:   16.38
      Required ratio:    0.00 (Cumulative side area) 

    Layer: met2
      Partial area ratio:    1.98
      Required ratio:    0.00 (Gate area) 
      Partial area ratio:   10.19
      Required ratio: 2947.76 (Side area) 
      Cumulative area ratio:    2.85
      Required ratio:    0.00 (Cumulative area) 
      Cumulative area ratio:   15.34
      Required ratio:    0.00 (Cumulative side area) 

    Layer: met1
      Partial area ratio:    0.87
      Required ratio:    0.00 (Gate area) 
      Partial area ratio:    5.15
      Required ratio:  400.00 (Side area) 
      Cumulative area ratio:    0.87
      Required ratio:    0.00 (Cumulative area) 
      Cumulative area ratio:    5.15
      Required ratio:    0.00 (Cumulative side area) 

    Layer: li1
      Partial area ratio:    0.00
      Required ratio:    0.00 (Gate area) 
      Partial area ratio:    0.00
      Required ratio:   75.00 (Side area) 
      Cumulative area ratio:    0.00
      Required ratio:    0.00 (Cumulative area) 
      Cumulative area ratio:    0.00
      Required ratio:    0.00 (Cumulative side area) 

    Via: M3M4_PR
      Partial area ratio:    0.03
      Required ratio:    6.00 (Gate area) 
      Cumulative area ratio:    0.27
      Required ratio:    0.00 (Cumulative area) 

    Via: M2M3_PR
      Partial area ratio:    0.03
      Required ratio:    6.00 (Gate area) 
      Cumulative area ratio:    0.24
      Required ratio:    0.00 (Cumulative area) 

    Via: M1M2_PR
      Partial area ratio:    0.09
      Required ratio:    6.00 (Gate area) 
      Cumulative area ratio:    0.21
      Required ratio:    0.00 (Cumulative area) 

    Via: L1M1_PR
      Partial area ratio:    0.12
      Required ratio:    3.00 (Gate area) 
      Cumulative area ratio:    0.12
      Required ratio:    0.00 (Cumulative area) 


Net: core.x4_reg\[31\]
  Pin: _38606_/A (sky130_fd_sc_hd__xnor2_1)
    Layer: met4
      Partial area ratio:   32.18
      Required ratio:    0.00 (Gate area) 
      Partial area ratio:  172.13
      Required ratio: 3651.92 (Side area) 
      Cumulative area ratio:   82.96
      Required ratio:    0.00 (Cumulative area) 
      Cumulative area ratio:  439.12
      Required ratio:    0.00 (Cumulative side area) 

    Layer: met3
      Partial area ratio:   34.46
      Required ratio:    0.00 (Gate area) 
      Partial area ratio:  184.30
      Required ratio: 2773.88 (Side area) 
      Cumulative area ratio:   50.79
      Required ratio:    0.00 (Cumulative area) 
      Cumulative area ratio:  266.99
      Required ratio:    0.00 (Cumulative side area) 

    Layer: met2
      Partial area ratio:    8.14
      Required ratio:    0.00 (Gate area) 
      Partial area ratio:   41.34
      Required ratio: 2773.88 (Side area) 
      Cumulative area ratio:   16.33
      Required ratio:    0.00 (Cumulative area) 
      Cumulative area ratio:   82.69
      Required ratio:    0.00 (Cumulative side area) 

    Layer: met1
      Partial area ratio:    8.19
      Required ratio:    0.00 (Gate area) 
      Partial area ratio:   41.35
      Required ratio: 2773.88 (Side area) 
      Cumulative area ratio:    8.19
      Required ratio:    0.00 (Cumulative area) 
      Cumulative area ratio:   41.35
      Required ratio:    0.00 (Cumulative side area) 

    Layer: li1
      Partial area ratio:    0.00
      Required ratio:    0.00 (Gate area) 
      Partial area ratio:    0.00
      Required ratio:   75.00 (Side area) 
      Cumulative area ratio:    0.00
      Required ratio:    0.00 (Cumulative area) 
      Cumulative area ratio:    0.00
      Required ratio:    0.00 (Cumulative side area) 

    Via: M3M4_PR
      Partial area ratio:    0.04
      Required ratio:    6.00 (Gate area) 
      Cumulative area ratio:    0.17
      Required ratio:    0.00 (Cumulative area) 

    Via: M2M3_PR
      Partial area ratio:    0.04
      Required ratio:    6.00 (Gate area) 
      Cumulative area ratio:    0.13
      Required ratio:    0.00 (Cumulative area) 

    Via: M1M2_PR
      Partial area ratio:    0.02
      Required ratio:    6.00 (Gate area) 
      Cumulative area ratio:    0.08
      Required ratio:    0.00 (Cumulative area) 

    Via: L1M1_PR
      Partial area ratio:    0.06
      Required ratio:    3.00 (Gate area) 
      Cumulative area ratio:    0.06
      Required ratio:    0.00 (Cumulative area) 

  Pin: ANTENNA__38606__A/DIODE (sky130_fd_sc_hd__diode_2)
    Layer: met4
      Partial area ratio:   32.18
      Required ratio:    0.00 (Gate area) 
      Partial area ratio:  172.13
      Required ratio: 3651.92 (Side area) 
      Cumulative area ratio:   82.96
      Required ratio:    0.00 (Cumulative area) 
      Cumulative area ratio:  439.12
      Required ratio:    0.00 (Cumulative side area) 

    Layer: met3
      Partial area ratio:   34.46
      Required ratio:    0.00 (Gate area) 
      Partial area ratio:  184.30
      Required ratio: 2773.88 (Side area) 
      Cumulative area ratio:   50.79
      Required ratio:    0.00 (Cumulative area) 
      Cumulative area ratio:  266.99
      Required ratio:    0.00 (Cumulative side area) 

    Layer: met2
      Partial area ratio:    8.14
      Required ratio:    0.00 (Gate area) 
      Partial area ratio:   41.34
      Required ratio: 2773.88 (Side area) 
      Cumulative area ratio:   16.33
      Required ratio:    0.00 (Cumulative area) 
      Cumulative area ratio:   82.69
      Required ratio:    0.00 (Cumulative side area) 

    Layer: met1
      Partial area ratio:    8.19
      Required ratio:    0.00 (Gate area) 
      Partial area ratio:   41.35
      Required ratio: 2773.88 (Side area) 
      Cumulative area ratio:    8.19
      Required ratio:    0.00 (Cumulative area) 
      Cumulative area ratio:   41.35
      Required ratio:    0.00 (Cumulative side area) 

    Layer: li1
      Partial area ratio:    0.00
      Required ratio:    0.00 (Gate area) 
      Partial area ratio:    0.00
      Required ratio:  270.62 (Side area) 
      Cumulative area ratio:    0.00
      Required ratio:    0.00 (Cumulative area) 
      Cumulative area ratio:    0.00
      Required ratio:    0.00 (Cumulative side area) 

    Via: M3M4_PR
      Partial area ratio:    0.04
      Required ratio:    6.00 (Gate area) 
      Cumulative area ratio:    0.18
      Required ratio:    0.00 (Cumulative area) 

    Via: M2M3_PR
      Partial area ratio:    0.04
      Required ratio:    6.00 (Gate area) 
      Cumulative area ratio:    0.13
      Required ratio:    0.00 (Cumulative area) 

    Via: M1M2_PR
      Partial area ratio:    0.02
      Required ratio:    6.00 (Gate area) 
      Cumulative area ratio:    0.09
      Required ratio:    0.00 (Cumulative area) 

    Via: L1M1_PR
      Partial area ratio:    0.07
      Required ratio:    3.00 (Gate area) 
      Cumulative area ratio:    0.07
      Required ratio:    0.00 (Cumulative area) 

  Pin: _32270_/B2 (sky130_fd_sc_hd__a22o_1)
    Layer: met3
      Partial area ratio:    6.06
      Required ratio:    0.00 (Gate area) 
      Partial area ratio:   34.43
      Required ratio: 3130.28 (Side area) 
      Cumulative area ratio:   90.40
      Required ratio:    0.00 (Cumulative area) 
      Cumulative area ratio:  458.11
      Required ratio:    0.00 (Cumulative side area) 

    Layer: met2
      Partial area ratio:   82.70
      Required ratio:    0.00 (Gate area) 
      Partial area ratio:  415.08
      Required ratio:  400.00 (Side area) (VIOLATED)
      Cumulative area ratio:   84.34
      Required ratio:    0.00 (Cumulative area) 
      Cumulative area ratio:  423.68
      Required ratio:    0.00 (Cumulative side area) 

    Layer: met4
      Partial area ratio:   32.18
      Required ratio:    0.00 (Gate area) 
      Partial area ratio:  172.13
      Required ratio: 3651.92 (Side area) 
      Cumulative area ratio:  122.58
      Required ratio:    0.00 (Cumulative area) 
      Cumulative area ratio:  630.24
      Required ratio:    0.00 (Cumulative side area) 

    Layer: met1
      Partial area ratio:    1.64
      Required ratio:    0.00 (Gate area) 
      Partial area ratio:    8.60
      Required ratio:  400.00 (Side area) 
      Cumulative area ratio:    1.64
      Required ratio:    0.00 (Cumulative area) 
      Cumulative area ratio:    8.60
      Required ratio:    0.00 (Cumulative side area) 

    Layer: li1
      Partial area ratio:    0.00
      Required ratio:    0.00 (Gate area) 
      Partial area ratio:    0.00
      Required ratio:   75.00 (Side area) 
      Cumulative area ratio:    0.00
      Required ratio:    0.00 (Cumulative area) 
      Cumulative area ratio:    0.00
      Required ratio:    0.00 (Cumulative side area) 

    Via: M3M4_PR
      Partial area ratio:    0.06
      Required ratio:    6.00 (Gate area) 
      Cumulative area ratio:    0.59
      Required ratio:    0.00 (Cumulative area) 

    Via: M2M3_PR
      Partial area ratio:    0.32
      Required ratio:    6.00 (Gate area) 
      Cumulative area ratio:    0.53
      Required ratio:    0.00 (Cumulative area) 

    Via: M1M2_PR
      Partial area ratio:    0.09
      Required ratio:    6.00 (Gate area) 
      Cumulative area ratio:    0.21
      Required ratio:    0.00 (Cumulative area) 

    Via: L1M1_PR
      Partial area ratio:    0.12
      Required ratio:    3.00 (Gate area) 
      Cumulative area ratio:    0.12
      Required ratio:    0.00 (Cumulative area) 

  Pin: ANTENNA__32270__B2/DIODE (sky130_fd_sc_hd__diode_2)
    Layer: met2
      Partial area ratio:    1.45
      Required ratio:    0.00 (Gate area) 
      Partial area ratio:    7.92
      Required ratio: 3130.28 (Side area) 
      Cumulative area ratio:    4.75
      Required ratio:    0.00 (Cumulative area) 
      Cumulative area ratio:   24.67
      Required ratio:    0.00 (Cumulative side area) 

    Layer: met1
      Partial area ratio:    3.30
      Required ratio:    0.00 (Gate area) 
      Partial area ratio:   16.75
      Required ratio: 2773.88 (Side area) 
      Cumulative area ratio:    3.30
      Required ratio:    0.00 (Cumulative area) 
      Cumulative area ratio:   16.75
      Required ratio:    0.00 (Cumulative side area) 

    Layer: met3
      Partial area ratio:    6.06
      Required ratio:    0.00 (Gate area) 
      Partial area ratio:   34.43
      Required ratio: 3130.28 (Side area) 
      Cumulative area ratio:   10.81
      Required ratio:    0.00 (Cumulative area) 
      Cumulative area ratio:   59.10
      Required ratio:    0.00 (Cumulative side area) 

    Layer: met4
      Partial area ratio:   32.18
      Required ratio:    0.00 (Gate area) 
      Partial area ratio:  172.13
      Required ratio: 3651.92 (Side area) 
      Cumulative area ratio:   42.99
      Required ratio:    0.00 (Cumulative area) 
      Cumulative area ratio:  231.23
      Required ratio:    0.00 (Cumulative side area) 

    Layer: li1
      Partial area ratio:    0.00
      Required ratio:    0.00 (Gate area) 
      Partial area ratio:    0.00
      Required ratio:  270.62 (Side area) 
      Cumulative area ratio:    0.00
      Required ratio:    0.00 (Cumulative area) 
      Cumulative area ratio:    0.00
      Required ratio:    0.00 (Cumulative side area) 

    Via: M2M3_PR
      Partial area ratio:    0.18
      Required ratio:    6.00 (Gate area) 
      Cumulative area ratio:    0.35
      Required ratio:    0.00 (Cumulative area) 

    Via: M1M2_PR
      Partial area ratio:    0.10
      Required ratio:    6.00 (Gate area) 
      Cumulative area ratio:    0.17
      Required ratio:    0.00 (Cumulative area) 

    Via: M3M4_PR
      Partial area ratio:    0.06
      Required ratio:    6.00 (Gate area) 
      Cumulative area ratio:    0.41
      Required ratio:    0.00 (Cumulative area) 

    Via: L1M1_PR
      Partial area ratio:    0.07
      Required ratio:    3.00 (Gate area) 
      Cumulative area ratio:    0.07
      Required ratio:    0.00 (Cumulative area) 

    Via: M3M4_PR
      Partial area ratio:    0.06
      Required ratio:    6.00 (Gate area) 
      Cumulative area ratio:    0.41
      Required ratio:    0.00 (Cumulative area) 

  Pin: ANTENNA__27825__B/DIODE (sky130_fd_sc_hd__diode_2)
    Layer: met3
      Partial area ratio:   17.67
      Required ratio:    0.00 (Gate area) 
      Partial area ratio:   95.97
      Required ratio: 2773.88 (Side area) 
      Cumulative area ratio:   19.57
      Required ratio:    0.00 (Cumulative area) 
      Cumulative area ratio:  106.02
      Required ratio:    0.00 (Cumulative side area) 

    Layer: met2
      Partial area ratio:    0.96
      Required ratio:    0.00 (Gate area) 
      Partial area ratio:    5.16
      Required ratio: 2773.88 (Side area) 
      Cumulative area ratio:    1.90
      Required ratio:    0.00 (Cumulative area) 
      Cumulative area ratio:   10.05
      Required ratio:    0.00 (Cumulative side area) 

    Layer: met1
      Partial area ratio:    0.93
      Required ratio:    0.00 (Gate area) 
      Partial area ratio:    4.90
      Required ratio: 2773.88 (Side area) 
      Cumulative area ratio:    0.93
      Required ratio:    0.00 (Cumulative area) 
      Cumulative area ratio:    4.90
      Required ratio:    0.00 (Cumulative side area) 

    Layer: li1
      Partial area ratio:    0.00
      Required ratio:    0.00 (Gate area) 
      Partial area ratio:    0.00
      Required ratio:  270.62 (Side area) 
      Cumulative area ratio:    0.00
      Required ratio:    0.00 (Cumulative area) 
      Cumulative area ratio:    0.00
      Required ratio:    0.00 (Cumulative side area) 

    Via: M3M4_PR
      Partial area ratio:    0.14
      Required ratio:    6.00 (Gate area) 
      Cumulative area ratio:    0.33
      Required ratio:    0.00 (Cumulative area) 

    Via: M2M3_PR
      Partial area ratio:    0.07
      Required ratio:    6.00 (Gate area) 
      Cumulative area ratio:    0.19
      Required ratio:    0.00 (Cumulative area) 

    Via: M1M2_PR
      Partial area ratio:    0.05
      Required ratio:    6.00 (Gate area) 
      Cumulative area ratio:    0.12
      Required ratio:    0.00 (Cumulative area) 

    Via: L1M1_PR
      Partial area ratio:    0.07
      Required ratio:    3.00 (Gate area) 
      Cumulative area ratio:    0.07
      Required ratio:    0.00 (Cumulative area) 

  Pin: _27825_/B (sky130_fd_sc_hd__or2_1)
    Layer: met3
      Partial area ratio:   17.67
      Required ratio:    0.00 (Gate area) 
      Partial area ratio:   95.97
      Required ratio: 2773.88 (Side area) 
      Cumulative area ratio:   25.46
      Required ratio:    0.00 (Cumulative area) 
      Cumulative area ratio:  136.79
      Required ratio:    0.00 (Cumulative side area) 

    Layer: met2
      Partial area ratio:    0.96
      Required ratio:    0.00 (Gate area) 
      Partial area ratio:    5.16
      Required ratio: 2773.88 (Side area) 
      Cumulative area ratio:    7.78
      Required ratio:    0.00 (Cumulative area) 
      Cumulative area ratio:   40.82
      Required ratio:    0.00 (Cumulative side area) 

    Layer: met1
      Partial area ratio:    6.82
      Required ratio:    0.00 (Gate area) 
      Partial area ratio:   35.67
      Required ratio:  400.00 (Side area) 
      Cumulative area ratio:    6.82
      Required ratio:    0.00 (Cumulative area) 
      Cumulative area ratio:   35.67
      Required ratio:    0.00 (Cumulative side area) 

    Layer: li1
      Partial area ratio:    0.00
      Required ratio:    0.00 (Gate area) 
      Partial area ratio:    0.00
      Required ratio:   75.00 (Side area) 
      Cumulative area ratio:    0.00
      Required ratio:    0.00 (Cumulative area) 
      Cumulative area ratio:    0.00
      Required ratio:    0.00 (Cumulative side area) 

    Via: M3M4_PR
      Partial area ratio:    0.14
      Required ratio:    6.00 (Gate area) 
      Cumulative area ratio:    0.62
      Required ratio:    0.00 (Cumulative area) 

    Via: M2M3_PR
      Partial area ratio:    0.07
      Required ratio:    6.00 (Gate area) 
      Cumulative area ratio:    0.48
      Required ratio:    0.00 (Cumulative area) 

    Via: M1M2_PR
      Partial area ratio:    0.18
      Required ratio:    6.00 (Gate area) 
      Cumulative area ratio:    0.41
      Required ratio:    0.00 (Cumulative area) 

    Via: L1M1_PR
      Partial area ratio:    0.23
      Required ratio:    3.00 (Gate area) 
      Cumulative area ratio:    0.23
      Required ratio:    0.00 (Cumulative area) 

  Pin: ANTENNA__31490__A1/DIODE (sky130_fd_sc_hd__diode_2)
    Layer: met3
      Partial area ratio:   16.07
      Required ratio:    0.00 (Gate area) 
      Partial area ratio:   86.54
      Required ratio: 2773.88 (Side area) 
      Cumulative area ratio:   16.58
      Required ratio:    0.00 (Cumulative area) 
      Cumulative area ratio:   89.40
      Required ratio:    0.00 (Cumulative side area) 

    Layer: met2
      Partial area ratio:    0.51
      Required ratio:    0.00 (Gate area) 
      Partial area ratio:    2.87
      Required ratio: 2773.88 (Side area) 
      Cumulative area ratio:    0.51
      Required ratio:    0.00 (Cumulative area) 
      Cumulative area ratio:    2.87
      Required ratio:    0.00 (Cumulative side area) 

    Layer: met1
      Partial area ratio:    0.00
      Required ratio:    0.00 (Gate area) 
      Partial area ratio:    0.00
      Required ratio: 2773.88 (Side area) 
      Cumulative area ratio:    0.00
      Required ratio:    0.00 (Cumulative area) 
      Cumulative area ratio:    0.00
      Required ratio:    0.00 (Cumulative side area) 

    Layer: li1
      Partial area ratio:    0.00
      Required ratio:    0.00 (Gate area) 
      Partial area ratio:    0.00
      Required ratio:  270.62 (Side area) 
      Cumulative area ratio:    0.00
      Required ratio:    0.00 (Cumulative area) 
      Cumulative area ratio:    0.00
      Required ratio:    0.00 (Cumulative side area) 

    Via: M3M4_PR
      Partial area ratio:    0.07
      Required ratio:    6.00 (Gate area) 
      Cumulative area ratio:    0.25
      Required ratio:    0.00 (Cumulative area) 

    Via: M2M3_PR
      Partial area ratio:    0.07
      Required ratio:    6.00 (Gate area) 
      Cumulative area ratio:    0.19
      Required ratio:    0.00 (Cumulative area) 

    Via: M1M2_PR
      Partial area ratio:    0.05
      Required ratio:    6.00 (Gate area) 
      Cumulative area ratio:    0.12
      Required ratio:    0.00 (Cumulative area) 

    Via: L1M1_PR
      Partial area ratio:    0.07
      Required ratio:    3.00 (Gate area) 
      Cumulative area ratio:    0.07
      Required ratio:    0.00 (Cumulative area) 

  Pin: _31490_/A1 (sky130_fd_sc_hd__mux2_2)
    Layer: met3
      Partial area ratio:   16.07
      Required ratio:    0.00 (Gate area) 
      Partial area ratio:   86.54
      Required ratio: 2773.88 (Side area) 
      Cumulative area ratio:   19.94
      Required ratio:    0.00 (Cumulative area) 
      Cumulative area ratio:  106.83
      Required ratio:    0.00 (Cumulative side area) 

    Layer: met2
      Partial area ratio:    0.51
      Required ratio:    0.00 (Gate area) 
      Partial area ratio:    2.87
      Required ratio: 2773.88 (Side area) 
      Cumulative area ratio:    3.87
      Required ratio:    0.00 (Cumulative area) 
      Cumulative area ratio:   20.30
      Required ratio:    0.00 (Cumulative side area) 

    Layer: met1
      Partial area ratio:    3.36
      Required ratio:    0.00 (Gate area) 
      Partial area ratio:   17.43
      Required ratio:  400.00 (Side area) 
      Cumulative area ratio:    3.36
      Required ratio:    0.00 (Cumulative area) 
      Cumulative area ratio:   17.43
      Required ratio:    0.00 (Cumulative side area) 

    Layer: li1
      Partial area ratio:    0.00
      Required ratio:    0.00 (Gate area) 
      Partial area ratio:    0.00
      Required ratio:   75.00 (Side area) 
      Cumulative area ratio:    0.00
      Required ratio:    0.00 (Cumulative area) 
      Cumulative area ratio:    0.00
      Required ratio:    0.00 (Cumulative side area) 

    Via: M3M4_PR
      Partial area ratio:    0.07
      Required ratio:    6.00 (Gate area) 
      Cumulative area ratio:    0.46
      Required ratio:    0.00 (Cumulative area) 

    Via: M2M3_PR
      Partial area ratio:    0.07
      Required ratio:    6.00 (Gate area) 
      Cumulative area ratio:    0.39
      Required ratio:    0.00 (Cumulative area) 

    Via: M1M2_PR
      Partial area ratio:    0.14
      Required ratio:    6.00 (Gate area) 
      Cumulative area ratio:    0.32
      Required ratio:    0.00 (Cumulative area) 

    Via: L1M1_PR
      Partial area ratio:    0.18
      Required ratio:    3.00 (Gate area) 
      Cumulative area ratio:    0.18
      Required ratio:    0.00 (Cumulative area) 


Net: core.x6_reg\[15\]
  Pin: ANTENNA__32522__B2/DIODE (sky130_fd_sc_hd__diode_2)
    Layer: met2
      Partial area ratio:    8.87
      Required ratio:    0.00 (Gate area) 
      Partial area ratio:   44.90
      Required ratio: 3651.92 (Side area) 
      Cumulative area ratio:    8.87
      Required ratio:    0.00 (Cumulative area) 
      Cumulative area ratio:   44.90
      Required ratio:    0.00 (Cumulative side area) 

    Layer: met1
      Partial area ratio:    0.00
      Required ratio:    0.00 (Gate area) 
      Partial area ratio:    0.00
      Required ratio: 2773.88 (Side area) 
      Cumulative area ratio:    0.00
      Required ratio:    0.00 (Cumulative area) 
      Cumulative area ratio:    0.00
      Required ratio:    0.00 (Cumulative side area) 

    Layer: li1
      Partial area ratio:    0.00
      Required ratio:    0.00 (Gate area) 
      Partial area ratio:    0.00
      Required ratio:  270.62 (Side area) 
      Cumulative area ratio:    0.00
      Required ratio:    0.00 (Cumulative area) 
      Cumulative area ratio:    0.00
      Required ratio:    0.00 (Cumulative side area) 

    Via: M1M2_PR
      Partial area ratio:    0.05
      Required ratio:    6.00 (Gate area) 
      Cumulative area ratio:    0.12
      Required ratio:    0.00 (Cumulative area) 

    Via: L1M1_PR
      Partial area ratio:    0.07
      Required ratio:    3.00 (Gate area) 
      Cumulative area ratio:    0.07
      Required ratio:    0.00 (Cumulative area) 

  Pin: ANTENNA__37947__A/DIODE (sky130_fd_sc_hd__diode_2)
    Layer: met2
      Partial area ratio:    8.87
      Required ratio:    0.00 (Gate area) 
      Partial area ratio:   44.90
      Required ratio: 3651.92 (Side area) 
      Cumulative area ratio:  100.17
      Required ratio:    0.00 (Cumulative area) 
      Cumulative area ratio:  503.21
      Required ratio:    0.00 (Cumulative side area) 

    Layer: met1
      Partial area ratio:    0.64
      Required ratio:    0.00 (Gate area) 
      Partial area ratio:    3.41
      Required ratio: 2947.76 (Side area) 
      Cumulative area ratio:    0.64
      Required ratio:    0.00 (Cumulative area) 
      Cumulative area ratio:    3.41
      Required ratio:    0.00 (Cumulative side area) 

    Layer: li1
      Partial area ratio:    0.00
      Required ratio:    0.00 (Gate area) 
      Partial area ratio:    0.00
      Required ratio:  270.62 (Side area) 
      Cumulative area ratio:    0.00
      Required ratio:    0.00 (Cumulative area) 
      Cumulative area ratio:    0.00
      Required ratio:    0.00 (Cumulative side area) 

    Via: M1M2_PR
      Partial area ratio:    0.05
      Required ratio:    6.00 (Gate area) 
      Cumulative area ratio:    0.12
      Required ratio:    0.00 (Cumulative area) 

    Via: L1M1_PR
      Partial area ratio:    0.07
      Required ratio:    3.00 (Gate area) 
      Cumulative area ratio:    0.07
      Required ratio:    0.00 (Cumulative area) 

  Pin: _37947_/A (sky130_fd_sc_hd__nand2_1)
    Layer: met2
      Partial area ratio:    8.87
      Required ratio:    0.00 (Gate area) 
      Partial area ratio:   44.90
      Required ratio: 3651.92 (Side area) 
      Cumulative area ratio:  102.52
      Required ratio:    0.00 (Cumulative area) 
      Cumulative area ratio:  516.14
      Required ratio:    0.00 (Cumulative side area) 

    Layer: met1
      Partial area ratio:    2.35
      Required ratio:    0.00 (Gate area) 
      Partial area ratio:   12.93
      Required ratio:  400.00 (Side area) 
      Cumulative area ratio:    2.35
      Required ratio:    0.00 (Cumulative area) 
      Cumulative area ratio:   12.93
      Required ratio:    0.00 (Cumulative side area) 

    Layer: li1
      Partial area ratio:    0.00
      Required ratio:    0.00 (Gate area) 
      Partial area ratio:    0.00
      Required ratio:   75.00 (Side area) 
      Cumulative area ratio:    0.00
      Required ratio:    0.00 (Cumulative area) 
      Cumulative area ratio:    0.00
      Required ratio:    0.00 (Cumulative side area) 

    Via: M1M2_PR
      Partial area ratio:    0.09
      Required ratio:    6.00 (Gate area) 
      Cumulative area ratio:    0.21
      Required ratio:    0.00 (Cumulative area) 

    Via: L1M1_PR
      Partial area ratio:    0.12
      Required ratio:    3.00 (Gate area) 
      Cumulative area ratio:    0.12
      Required ratio:    0.00 (Cumulative area) 

  Pin: _37902_/A (sky130_fd_sc_hd__nor2_1)
    Layer: met2
      Partial area ratio:    8.87
      Required ratio:    0.00 (Gate area) 
      Partial area ratio:   44.90
      Required ratio: 3651.92 (Side area) 
      Cumulative area ratio:  102.52
      Required ratio:    0.00 (Cumulative area) 
      Cumulative area ratio:  516.14
      Required ratio:    0.00 (Cumulative side area) 

    Layer: met1
      Partial area ratio:    2.35
      Required ratio:    0.00 (Gate area) 
      Partial area ratio:   12.93
      Required ratio:  400.00 (Side area) 
      Cumulative area ratio:    2.35
      Required ratio:    0.00 (Cumulative area) 
      Cumulative area ratio:   12.93
      Required ratio:    0.00 (Cumulative side area) 

    Layer: li1
      Partial area ratio:    0.00
      Required ratio:    0.00 (Gate area) 
      Partial area ratio:    0.00
      Required ratio:   75.00 (Side area) 
      Cumulative area ratio:    0.00
      Required ratio:    0.00 (Cumulative area) 
      Cumulative area ratio:    0.00
      Required ratio:    0.00 (Cumulative side area) 

    Via: M1M2_PR
      Partial area ratio:    0.09
      Required ratio:    6.00 (Gate area) 
      Cumulative area ratio:    0.21
      Required ratio:    0.00 (Cumulative area) 

    Via: L1M1_PR
      Partial area ratio:    0.12
      Required ratio:    3.00 (Gate area) 
      Cumulative area ratio:    0.12
      Required ratio:    0.00 (Cumulative area) 

  Pin: ANTENNA__38132__A/DIODE (sky130_fd_sc_hd__diode_2)
    Layer: met2
      Partial area ratio:    8.87
      Required ratio:    0.00 (Gate area) 
      Partial area ratio:   44.90
      Required ratio: 3651.92 (Side area) 
      Cumulative area ratio:  102.52
      Required ratio:    0.00 (Cumulative area) 
      Cumulative area ratio:  516.14
      Required ratio:    0.00 (Cumulative side area) 

    Layer: met1
      Partial area ratio:    0.00
      Required ratio:    0.00 (Gate area) 
      Partial area ratio:    0.00
      Required ratio: 2773.88 (Side area) 
      Cumulative area ratio:    0.00
      Required ratio:    0.00 (Cumulative area) 
      Cumulative area ratio:    0.00
      Required ratio:    0.00 (Cumulative side area) 

    Layer: li1
      Partial area ratio:    0.00
      Required ratio:    0.00 (Gate area) 
      Partial area ratio:    0.00
      Required ratio:  270.62 (Side area) 
      Cumulative area ratio:    0.00
      Required ratio:    0.00 (Cumulative area) 
      Cumulative area ratio:    0.00
      Required ratio:    0.00 (Cumulative side area) 

    Via: M1M2_PR
      Partial area ratio:    0.05
      Required ratio:    6.00 (Gate area) 
      Cumulative area ratio:    0.12
      Required ratio:    0.00 (Cumulative area) 

    Via: L1M1_PR
      Partial area ratio:    0.07
      Required ratio:    3.00 (Gate area) 
      Cumulative area ratio:    0.07
      Required ratio:    0.00 (Cumulative area) 

  Pin: _38132_/A (sky130_fd_sc_hd__or2_1)
    Layer: met2
      Partial area ratio:    8.87
      Required ratio:    0.00 (Gate area) 
      Partial area ratio:   44.90
      Required ratio: 3651.92 (Side area) 
      Cumulative area ratio:  104.20
      Required ratio:    0.00 (Cumulative area) 
      Cumulative area ratio:  525.36
      Required ratio:    0.00 (Cumulative side area) 

    Layer: met1
      Partial area ratio:    1.69
      Required ratio:    0.00 (Gate area) 
      Partial area ratio:    9.22
      Required ratio:  400.00 (Side area) 
      Cumulative area ratio:    1.69
      Required ratio:    0.00 (Cumulative area) 
      Cumulative area ratio:    9.22
      Required ratio:    0.00 (Cumulative side area) 

    Layer: li1
      Partial area ratio:    0.00
      Required ratio:    0.00 (Gate area) 
      Partial area ratio:    0.00
      Required ratio:   75.00 (Side area) 
      Cumulative area ratio:    0.00
      Required ratio:    0.00 (Cumulative area) 
      Cumulative area ratio:    0.00
      Required ratio:    0.00 (Cumulative side area) 

    Via: M1M2_PR
      Partial area ratio:    0.18
      Required ratio:    6.00 (Gate area) 
      Cumulative area ratio:    0.41
      Required ratio:    0.00 (Cumulative area) 

    Via: L1M1_PR
      Partial area ratio:    0.23
      Required ratio:    3.00 (Gate area) 
      Cumulative area ratio:    0.23
      Required ratio:    0.00 (Cumulative area) 

  Pin: ANTENNA__37902__A/DIODE (sky130_fd_sc_hd__diode_2)
    Layer: met2
      Partial area ratio:    8.87
      Required ratio:    0.00 (Gate area) 
      Partial area ratio:   44.90
      Required ratio: 3651.92 (Side area) 
      Cumulative area ratio:  100.17
      Required ratio:    0.00 (Cumulative area) 
      Cumulative area ratio:  503.21
      Required ratio:    0.00 (Cumulative side area) 

    Layer: met1
      Partial area ratio:    0.64
      Required ratio:    0.00 (Gate area) 
      Partial area ratio:    3.41
      Required ratio: 2947.76 (Side area) 
      Cumulative area ratio:    0.64
      Required ratio:    0.00 (Cumulative area) 
      Cumulative area ratio:    3.41
      Required ratio:    0.00 (Cumulative side area) 

    Layer: li1
      Partial area ratio:    0.00
      Required ratio:    0.00 (Gate area) 
      Partial area ratio:    0.00
      Required ratio:  270.62 (Side area) 
      Cumulative area ratio:    0.00
      Required ratio:    0.00 (Cumulative area) 
      Cumulative area ratio:    0.00
      Required ratio:    0.00 (Cumulative side area) 

    Via: M1M2_PR
      Partial area ratio:    0.05
      Required ratio:    6.00 (Gate area) 
      Cumulative area ratio:    0.12
      Required ratio:    0.00 (Cumulative area) 

    Via: L1M1_PR
      Partial area ratio:    0.07
      Required ratio:    3.00 (Gate area) 
      Cumulative area ratio:    0.07
      Required ratio:    0.00 (Cumulative area) 

  Pin: _32522_/B2 (sky130_fd_sc_hd__a22o_1)
    Layer: met2
      Partial area ratio:    8.87
      Required ratio:    0.00 (Gate area) 
      Partial area ratio:   44.90
      Required ratio: 3651.92 (Side area) 
      Cumulative area ratio:   99.53
      Required ratio:    0.00 (Cumulative area) 
      Cumulative area ratio:  499.80
      Required ratio:    0.00 (Cumulative side area) 

    Layer: met1
      Partial area ratio:   90.66
      Required ratio:    0.00 (Gate area) 
      Partial area ratio:  454.90
      Required ratio:  400.00 (Side area) (VIOLATED)
      Cumulative area ratio:   90.66
      Required ratio:    0.00 (Cumulative area) 
      Cumulative area ratio:  454.90
      Required ratio:    0.00 (Cumulative side area) 

    Layer: li1
      Partial area ratio:    0.00
      Required ratio:    0.00 (Gate area) 
      Partial area ratio:    0.00
      Required ratio:   75.00 (Side area) 
      Cumulative area ratio:    0.00
      Required ratio:    0.00 (Cumulative area) 
      Cumulative area ratio:    0.00
      Required ratio:    0.00 (Cumulative side area) 

    Via: M1M2_PR
      Partial area ratio:    0.18
      Required ratio:    6.00 (Gate area) 
      Cumulative area ratio:    0.30
      Required ratio:    0.00 (Cumulative area) 

    Via: L1M1_PR
      Partial area ratio:    0.12
      Required ratio:    3.00 (Gate area) 
      Cumulative area ratio:    0.12
      Required ratio:    0.00 (Cumulative area) 

  Pin: ANTENNA__30007__A0/DIODE (sky130_fd_sc_hd__diode_2)
    Layer: met4
      Partial area ratio:    7.66
      Required ratio:    0.00 (Gate area) 
      Partial area ratio:   40.95
      Required ratio: 3999.68 (Side area) 
      Cumulative area ratio:    9.20
      Required ratio:    0.00 (Cumulative area) 
      Cumulative area ratio:   49.39
      Required ratio:    0.00 (Cumulative side area) 

    Layer: met3
      Partial area ratio:    0.09
      Required ratio:    0.00 (Gate area) 
      Partial area ratio:    0.72
      Required ratio: 2947.76 (Side area) 
      Cumulative area ratio:    1.54
      Required ratio:    0.00 (Cumulative area) 
      Cumulative area ratio:    8.44
      Required ratio:    0.00 (Cumulative side area) 

    Layer: met2
      Partial area ratio:    0.67
      Required ratio:    0.00 (Gate area) 
      Partial area ratio:    3.57
      Required ratio: 2947.76 (Side area) 
      Cumulative area ratio:    1.46
      Required ratio:    0.00 (Cumulative area) 
      Cumulative area ratio:    7.72
      Required ratio:    0.00 (Cumulative side area) 

    Layer: met1
      Partial area ratio:    0.79
      Required ratio:    0.00 (Gate area) 
      Partial area ratio:    4.15
      Required ratio: 2773.88 (Side area) 
      Cumulative area ratio:    0.79
      Required ratio:    0.00 (Cumulative area) 
      Cumulative area ratio:    4.15
      Required ratio:    0.00 (Cumulative side area) 

    Layer: li1
      Partial area ratio:    0.00
      Required ratio:    0.00 (Gate area) 
      Partial area ratio:    0.00
      Required ratio:  270.62 (Side area) 
      Cumulative area ratio:    0.00
      Required ratio:    0.00 (Cumulative area) 
      Cumulative area ratio:    0.00
      Required ratio:    0.00 (Cumulative side area) 

    Via: M3M4_PR
      Partial area ratio:    0.02
      Required ratio:    6.00 (Gate area) 
      Cumulative area ratio:    0.21
      Required ratio:    0.00 (Cumulative area) 

    Via: M2M3_PR
      Partial area ratio:    0.02
      Required ratio:    6.00 (Gate area) 
      Cumulative area ratio:    0.19
      Required ratio:    0.00 (Cumulative area) 

    Via: M1M2_PR
      Partial area ratio:    0.10
      Required ratio:    6.00 (Gate area) 
      Cumulative area ratio:    0.17
      Required ratio:    0.00 (Cumulative area) 

    Via: L1M1_PR
      Partial area ratio:    0.07
      Required ratio:    3.00 (Gate area) 
      Cumulative area ratio:    0.07
      Required ratio:    0.00 (Cumulative area) 

  Pin: _28827_/A1 (sky130_fd_sc_hd__mux2_8)
    Layer: met4
      Partial area ratio:    7.66
      Required ratio:    0.00 (Gate area) 
      Partial area ratio:   40.95
      Required ratio: 3999.68 (Side area) 
      Cumulative area ratio:   10.55
      Required ratio:    0.00 (Cumulative area) 
      Cumulative area ratio:   56.33
      Required ratio:    0.00 (Cumulative side area) 

    Layer: met3
      Partial area ratio:    0.09
      Required ratio:    0.00 (Gate area) 
      Partial area ratio:    0.72
      Required ratio: 2947.76 (Side area) 
      Cumulative area ratio:    2.89
      Required ratio:    0.00 (Cumulative area) 
      Cumulative area ratio:   15.38
      Required ratio:    0.00 (Cumulative side area) 

    Layer: met2
      Partial area ratio:    0.67
      Required ratio:    0.00 (Gate area) 
      Partial area ratio:    3.57
      Required ratio: 2947.76 (Side area) 
      Cumulative area ratio:    2.81
      Required ratio:    0.00 (Cumulative area) 
      Cumulative area ratio:   14.67
      Required ratio:    0.00 (Cumulative side area) 

    Layer: met1
      Partial area ratio:    1.35
      Required ratio:    0.00 (Gate area) 
      Partial area ratio:    6.94
      Required ratio:  400.00 (Side area) 
      Cumulative area ratio:    1.35
      Required ratio:    0.00 (Cumulative area) 
      Cumulative area ratio:    6.94
      Required ratio:    0.00 (Cumulative side area) 

    Via: M3M4_PR
      Partial area ratio:    0.02
      Required ratio:    6.00 (Gate area) 
      Cumulative area ratio:    0.24
      Required ratio:    0.00 (Cumulative area) 

    Via: M2M3_PR
      Partial area ratio:    0.02
      Required ratio:    6.00 (Gate area) 
      Cumulative area ratio:    0.22
      Required ratio:    0.00 (Cumulative area) 

    Via: M1M2_PR
      Partial area ratio:    0.09
      Required ratio:    6.00 (Gate area) 
      Cumulative area ratio:    0.09
      Required ratio:    0.00 (Cumulative area) 

  Pin: _30007_/A0 (sky130_fd_sc_hd__mux2_8)
    Layer: met4
      Partial area ratio:    7.66
      Required ratio:    0.00 (Gate area) 
      Partial area ratio:   40.95
      Required ratio: 3999.68 (Side area) 
      Cumulative area ratio:   11.55
      Required ratio:    0.00 (Cumulative area) 
      Cumulative area ratio:   61.94
      Required ratio:    0.00 (Cumulative side area) 

    Layer: met3
      Partial area ratio:    0.09
      Required ratio:    0.00 (Gate area) 
      Partial area ratio:    0.72
      Required ratio: 2947.76 (Side area) 
      Cumulative area ratio:    3.89
      Required ratio:    0.00 (Cumulative area) 
      Cumulative area ratio:   20.99
      Required ratio:    0.00 (Cumulative side area) 

    Layer: met2
      Partial area ratio:    0.67
      Required ratio:    0.00 (Gate area) 
      Partial area ratio:    3.57
      Required ratio: 2947.76 (Side area) 
      Cumulative area ratio:    3.81
      Required ratio:    0.00 (Cumulative area) 
      Cumulative area ratio:   20.27
      Required ratio:    0.00 (Cumulative side area) 

    Layer: met1
      Partial area ratio:    1.00
      Required ratio:    0.00 (Gate area) 
      Partial area ratio:    5.61
      Required ratio:  400.00 (Side area) 
      Cumulative area ratio:    1.00
      Required ratio:    0.00 (Cumulative area) 
      Cumulative area ratio:    5.61
      Required ratio:    0.00 (Cumulative side area) 

    Layer: li1
      Partial area ratio:    0.00
      Required ratio:    0.00 (Gate area) 
      Partial area ratio:    0.00
      Required ratio:   75.00 (Side area) 
      Cumulative area ratio:    0.00
      Required ratio:    0.00 (Cumulative area) 
      Cumulative area ratio:    0.00
      Required ratio:    0.00 (Cumulative side area) 

    Via: M3M4_PR
      Partial area ratio:    0.02
      Required ratio:    6.00 (Gate area) 
      Cumulative area ratio:    0.34
      Required ratio:    0.00 (Cumulative area) 

    Via: M2M3_PR
      Partial area ratio:    0.02
      Required ratio:    6.00 (Gate area) 
      Cumulative area ratio:    0.32
      Required ratio:    0.00 (Cumulative area) 

    Via: M1M2_PR
      Partial area ratio:    0.05
      Required ratio:    6.00 (Gate area) 
      Cumulative area ratio:    0.10
      Required ratio:    0.00 (Cumulative area) 

    Via: L1M1_PR
      Partial area ratio:    0.06
      Required ratio:    3.00 (Gate area) 
      Cumulative area ratio:    0.06
      Required ratio:    0.00 (Cumulative area) 

  Pin: ANTENNA__28827__A1/DIODE (sky130_fd_sc_hd__diode_2)
    Layer: met4
      Partial area ratio:    7.66
      Required ratio:    0.00 (Gate area) 
      Partial area ratio:   40.95
      Required ratio: 3999.68 (Side area) 
      Cumulative area ratio:    9.20
      Required ratio:    0.00 (Cumulative area) 
      Cumulative area ratio:   49.39
      Required ratio:    0.00 (Cumulative side area) 

    Layer: met3
      Partial area ratio:    0.09
      Required ratio:    0.00 (Gate area) 
      Partial area ratio:    0.72
      Required ratio: 2947.76 (Side area) 
      Cumulative area ratio:    1.54
      Required ratio:    0.00 (Cumulative area) 
      Cumulative area ratio:    8.44
      Required ratio:    0.00 (Cumulative side area) 

    Layer: met2
      Partial area ratio:    0.67
      Required ratio:    0.00 (Gate area) 
      Partial area ratio:    3.57
      Required ratio: 2947.76 (Side area) 
      Cumulative area ratio:    1.46
      Required ratio:    0.00 (Cumulative area) 
      Cumulative area ratio:    7.72
      Required ratio:    0.00 (Cumulative side area) 

    Layer: met1
      Partial area ratio:    0.00
      Required ratio:    0.00 (Gate area) 
      Partial area ratio:    0.00
      Required ratio: 2773.88 (Side area) 
      Cumulative area ratio:    0.00
      Required ratio:    0.00 (Cumulative area) 
      Cumulative area ratio:    0.00
      Required ratio:    0.00 (Cumulative side area) 

    Layer: li1
      Partial area ratio:    0.00
      Required ratio:    0.00 (Gate area) 
      Partial area ratio:    0.00
      Required ratio:  270.62 (Side area) 
      Cumulative area ratio:    0.00
      Required ratio:    0.00 (Cumulative area) 
      Cumulative area ratio:    0.00
      Required ratio:    0.00 (Cumulative side area) 

    Via: M3M4_PR
      Partial area ratio:    0.02
      Required ratio:    6.00 (Gate area) 
      Cumulative area ratio:    0.26
      Required ratio:    0.00 (Cumulative area) 

    Via: M2M3_PR
      Partial area ratio:    0.02
      Required ratio:    6.00 (Gate area) 
      Cumulative area ratio:    0.24
      Required ratio:    0.00 (Cumulative area) 

    Via: M1M2_PR
      Partial area ratio:    0.05
      Required ratio:    6.00 (Gate area) 
      Cumulative area ratio:    0.12
      Required ratio:    0.00 (Cumulative area) 

    Via: L1M1_PR
      Partial area ratio:    0.07
      Required ratio:    3.00 (Gate area) 
      Cumulative area ratio:    0.07
      Required ratio:    0.00 (Cumulative area) 


Net: core.x7_reg\[12\]
  Pin: _32667_/B2 (sky130_fd_sc_hd__a22o_1)
    Layer: met3
      Partial area ratio:    0.32
      Required ratio:    0.00 (Gate area) 
      Partial area ratio:    1.84
      Required ratio: 3999.68 (Side area) 
      Cumulative area ratio:  221.45
      Required ratio:    0.00 (Cumulative area) 
      Cumulative area ratio: 1116.35
      Required ratio:    0.00 (Cumulative side area) 

    Layer: met2
      Partial area ratio:    0.53
      Required ratio:    0.00 (Gate area) 
      Partial area ratio:    2.83
      Required ratio: 3121.64 (Side area) 
      Cumulative area ratio:  221.12
      Required ratio:    0.00 (Cumulative area) 
      Cumulative area ratio: 1114.51
      Required ratio:    0.00 (Cumulative side area) 

    Layer: met1
      Partial area ratio:  220.59
      Required ratio:    0.00 (Gate area) 
      Partial area ratio: 1111.68
      Required ratio:  400.00 (Side area) (VIOLATED)
      Cumulative area ratio:  220.59
      Required ratio:    0.00 (Cumulative area) 
      Cumulative area ratio: 1111.68
      Required ratio:    0.00 (Cumulative side area) 

    Layer: li1
      Partial area ratio:    0.00
      Required ratio:    0.00 (Gate area) 
      Partial area ratio:    0.00
      Required ratio:   75.00 (Side area) 
      Cumulative area ratio:    0.00
      Required ratio:    0.00 (Cumulative area) 
      Cumulative area ratio:    0.00
      Required ratio:    0.00 (Cumulative side area) 

    Via: M2M3_PR
      Partial area ratio:    0.02
      Required ratio:    6.00 (Gate area) 
      Cumulative area ratio:    0.32
      Required ratio:    0.00 (Cumulative area) 

    Via: M1M2_PR
      Partial area ratio:    0.18
      Required ratio:    6.00 (Gate area) 
      Cumulative area ratio:    0.30
      Required ratio:    0.00 (Cumulative area) 

    Via: L1M1_PR
      Partial area ratio:    0.12
      Required ratio:    3.00 (Gate area) 
      Cumulative area ratio:    0.12
      Required ratio:    0.00 (Cumulative area) 

  Pin: ANTENNA__37616__A/DIODE (sky130_fd_sc_hd__diode_2)
    Layer: met3
      Partial area ratio:    0.32
      Required ratio:    0.00 (Gate area) 
      Partial area ratio:    1.84
      Required ratio: 3999.68 (Side area) 
      Cumulative area ratio:  231.16
      Required ratio:    0.00 (Cumulative area) 
      Cumulative area ratio: 1166.01
      Required ratio:    0.00 (Cumulative side area) 

    Layer: met2
      Partial area ratio:    0.53
      Required ratio:    0.00 (Gate area) 
      Partial area ratio:    2.83
      Required ratio: 3121.64 (Side area) 
      Cumulative area ratio:  230.84
      Required ratio:    0.00 (Cumulative area) 
      Cumulative area ratio: 1164.17
      Required ratio:    0.00 (Cumulative side area) 

    Layer: met1
      Partial area ratio:    9.71
      Required ratio:    0.00 (Gate area) 
      Partial area ratio:   49.66
      Required ratio: 2773.88 (Side area) 
      Cumulative area ratio:    9.71
      Required ratio:    0.00 (Cumulative area) 
      Cumulative area ratio:   49.66
      Required ratio:    0.00 (Cumulative side area) 

    Layer: li1
      Partial area ratio:    0.00
      Required ratio:    0.00 (Gate area) 
      Partial area ratio:    0.00
      Required ratio:  270.62 (Side area) 
      Cumulative area ratio:    0.00
      Required ratio:    0.00 (Cumulative area) 
      Cumulative area ratio:    0.00
      Required ratio:    0.00 (Cumulative side area) 

    Via: M2M3_PR
      Partial area ratio:    0.02
      Required ratio:    6.00 (Gate area) 
      Cumulative area ratio:    0.32
      Required ratio:    0.00 (Cumulative area) 

    Via: M1M2_PR
      Partial area ratio:    0.06
      Required ratio:    6.00 (Gate area) 
      Cumulative area ratio:    0.12
      Required ratio:    0.00 (Cumulative area) 

    Via: L1M1_PR
      Partial area ratio:    0.07
      Required ratio:    3.00 (Gate area) 
      Cumulative area ratio:    0.07
      Required ratio:    0.00 (Cumulative area) 

  Pin: _37819_/A (sky130_fd_sc_hd__or2_1)
    Layer: met3
      Partial area ratio:    0.32
      Required ratio:    0.00 (Gate area) 
      Partial area ratio:    1.84
      Required ratio: 3999.68 (Side area) 
      Cumulative area ratio:  231.16
      Required ratio:    0.00 (Cumulative area) 
      Cumulative area ratio: 1166.01
      Required ratio:    0.00 (Cumulative side area) 

    Layer: met2
      Partial area ratio:    0.53
      Required ratio:    0.00 (Gate area) 
      Partial area ratio:    2.83
      Required ratio: 3121.64 (Side area) 
      Cumulative area ratio:  230.84
      Required ratio:    0.00 (Cumulative area) 
      Cumulative area ratio: 1164.17
      Required ratio:    0.00 (Cumulative side area) 

    Layer: met1
      Partial area ratio:    9.71
      Required ratio:    0.00 (Gate area) 
      Partial area ratio:   49.66
      Required ratio: 2773.88 (Side area) 
      Cumulative area ratio:    9.71
      Required ratio:    0.00 (Cumulative area) 
      Cumulative area ratio:   49.66
      Required ratio:    0.00 (Cumulative side area) 

    Layer: li1
      Partial area ratio:    0.00
      Required ratio:    0.00 (Gate area) 
      Partial area ratio:    0.00
      Required ratio:   75.00 (Side area) 
      Cumulative area ratio:    0.00
      Required ratio:    0.00 (Cumulative area) 
      Cumulative area ratio:    0.00
      Required ratio:    0.00 (Cumulative side area) 

    Via: M2M3_PR
      Partial area ratio:    0.02
      Required ratio:    6.00 (Gate area) 
      Cumulative area ratio:    0.49
      Required ratio:    0.00 (Cumulative area) 

    Via: M1M2_PR
      Partial area ratio:    0.06
      Required ratio:    6.00 (Gate area) 
      Cumulative area ratio:    0.29
      Required ratio:    0.00 (Cumulative area) 

    Via: L1M1_PR
      Partial area ratio:    0.23
      Required ratio:    3.00 (Gate area) 
      Cumulative area ratio:    0.23
      Required ratio:    0.00 (Cumulative area) 

  Pin: _37652_/A (sky130_fd_sc_hd__nand2_1)
    Layer: met3
      Partial area ratio:    0.32
      Required ratio:    0.00 (Gate area) 
      Partial area ratio:    1.84
      Required ratio: 3999.68 (Side area) 
      Cumulative area ratio:  231.83
      Required ratio:    0.00 (Cumulative area) 
      Cumulative area ratio: 1169.64
      Required ratio:    0.00 (Cumulative side area) 

    Layer: met2
      Partial area ratio:    0.53
      Required ratio:    0.00 (Gate area) 
      Partial area ratio:    2.83
      Required ratio: 3121.64 (Side area) 
      Cumulative area ratio:  231.51
      Required ratio:    0.00 (Cumulative area) 
      Cumulative area ratio: 1167.81
      Required ratio:    0.00 (Cumulative side area) 

    Layer: met1
      Partial area ratio:    0.67
      Required ratio:    0.00 (Gate area) 
      Partial area ratio:    3.63
      Required ratio: 2773.88 (Side area) 
      Cumulative area ratio:    0.67
      Required ratio:    0.00 (Cumulative area) 
      Cumulative area ratio:    3.63
      Required ratio:    0.00 (Cumulative side area) 

    Layer: li1
      Partial area ratio:    0.00
      Required ratio:    0.00 (Gate area) 
      Partial area ratio:    0.00
      Required ratio:   75.00 (Side area) 
      Cumulative area ratio:    0.00
      Required ratio:    0.00 (Cumulative area) 
      Cumulative area ratio:    0.00
      Required ratio:    0.00 (Cumulative side area) 

    Via: M2M3_PR
      Partial area ratio:    0.02
      Required ratio:    6.00 (Gate area) 
      Cumulative area ratio:    0.41
      Required ratio:    0.00 (Cumulative area) 

    Via: M1M2_PR
      Partial area ratio:    0.03
      Required ratio:    6.00 (Gate area) 
      Cumulative area ratio:    0.15
      Required ratio:    0.00 (Cumulative area) 

    Via: L1M1_PR
      Partial area ratio:    0.12
      Required ratio:    3.00 (Gate area) 
      Cumulative area ratio:    0.12
      Required ratio:    0.00 (Cumulative area) 

  Pin: ANTENNA__37652__A/DIODE (sky130_fd_sc_hd__diode_2)
    Layer: met3
      Partial area ratio:    0.32
      Required ratio:    0.00 (Gate area) 
      Partial area ratio:    1.84
      Required ratio: 3999.68 (Side area) 
      Cumulative area ratio:  231.83
      Required ratio:    0.00 (Cumulative area) 
      Cumulative area ratio: 1169.64
      Required ratio:    0.00 (Cumulative side area) 

    Layer: met2
      Partial area ratio:    0.53
      Required ratio:    0.00 (Gate area) 
      Partial area ratio:    2.83
      Required ratio: 3121.64 (Side area) 
      Cumulative area ratio:  231.51
      Required ratio:    0.00 (Cumulative area) 
      Cumulative area ratio: 1167.81
      Required ratio:    0.00 (Cumulative side area) 

    Layer: met1
      Partial area ratio:    0.67
      Required ratio:    0.00 (Gate area) 
      Partial area ratio:    3.63
      Required ratio: 2773.88 (Side area) 
      Cumulative area ratio:    0.67
      Required ratio:    0.00 (Cumulative area) 
      Cumulative area ratio:    3.63
      Required ratio:    0.00 (Cumulative side area) 

    Layer: li1
      Partial area ratio:    0.00
      Required ratio:    0.00 (Gate area) 
      Partial area ratio:    0.00
      Required ratio:  270.62 (Side area) 
      Cumulative area ratio:    0.00
      Required ratio:    0.00 (Cumulative area) 
      Cumulative area ratio:    0.00
      Required ratio:    0.00 (Cumulative side area) 

    Via: M2M3_PR
      Partial area ratio:    0.02
      Required ratio:    6.00 (Gate area) 
      Cumulative area ratio:    0.36
      Required ratio:    0.00 (Cumulative area) 

    Via: M1M2_PR
      Partial area ratio:    0.03
      Required ratio:    6.00 (Gate area) 
      Cumulative area ratio:    0.10
      Required ratio:    0.00 (Cumulative area) 

    Via: L1M1_PR
      Partial area ratio:    0.07
      Required ratio:    3.00 (Gate area) 
      Cumulative area ratio:    0.07
      Required ratio:    0.00 (Cumulative area) 

  Pin: ANTENNA__37819__A/DIODE (sky130_fd_sc_hd__diode_2)
    Layer: met3
      Partial area ratio:    0.32
      Required ratio:    0.00 (Gate area) 
      Partial area ratio:    1.84
      Required ratio: 3999.68 (Side area) 
      Cumulative area ratio:  231.50
      Required ratio:    0.00 (Cumulative area) 
      Cumulative area ratio: 1167.94
      Required ratio:    0.00 (Cumulative side area) 

    Layer: met2
      Partial area ratio:    0.53
      Required ratio:    0.00 (Gate area) 
      Partial area ratio:    2.83
      Required ratio: 3121.64 (Side area) 
      Cumulative area ratio:  231.18
      Required ratio:    0.00 (Cumulative area) 
      Cumulative area ratio: 1166.11
      Required ratio:    0.00 (Cumulative side area) 

    Layer: met1
      Partial area ratio:    0.34
      Required ratio:    0.00 (Gate area) 
      Partial area ratio:    1.93
      Required ratio: 2773.88 (Side area) 
      Cumulative area ratio:    0.34
      Required ratio:    0.00 (Cumulative area) 
      Cumulative area ratio:    1.93
      Required ratio:    0.00 (Cumulative side area) 

    Layer: li1
      Partial area ratio:    0.00
      Required ratio:    0.00 (Gate area) 
      Partial area ratio:    0.00
      Required ratio:  270.62 (Side area) 
      Cumulative area ratio:    0.00
      Required ratio:    0.00 (Cumulative area) 
      Cumulative area ratio:    0.00
      Required ratio:    0.00 (Cumulative side area) 

    Via: M2M3_PR
      Partial area ratio:    0.02
      Required ratio:    6.00 (Gate area) 
      Cumulative area ratio:    0.37
      Required ratio:    0.00 (Cumulative area) 

    Via: M1M2_PR
      Partial area ratio:    0.05
      Required ratio:    6.00 (Gate area) 
      Cumulative area ratio:    0.12
      Required ratio:    0.00 (Cumulative area) 

    Via: L1M1_PR
      Partial area ratio:    0.07
      Required ratio:    3.00 (Gate area) 
      Cumulative area ratio:    0.07
      Required ratio:    0.00 (Cumulative area) 

  Pin: _37616_/A (sky130_fd_sc_hd__nor2_1)
    Layer: met3
      Partial area ratio:    0.32
      Required ratio:    0.00 (Gate area) 
      Partial area ratio:    1.84
      Required ratio: 3999.68 (Side area) 
      Cumulative area ratio:  231.16
      Required ratio:    0.00 (Cumulative area) 
      Cumulative area ratio: 1166.01
      Required ratio:    0.00 (Cumulative side area) 

    Layer: met2
      Partial area ratio:    0.53
      Required ratio:    0.00 (Gate area) 
      Partial area ratio:    2.83
      Required ratio: 3121.64 (Side area) 
      Cumulative area ratio:  230.84
      Required ratio:    0.00 (Cumulative area) 
      Cumulative area ratio: 1164.17
      Required ratio:    0.00 (Cumulative side area) 

    Layer: met1
      Partial area ratio:    9.71
      Required ratio:    0.00 (Gate area) 
      Partial area ratio:   49.66
      Required ratio: 2773.88 (Side area) 
      Cumulative area ratio:    9.71
      Required ratio:    0.00 (Cumulative area) 
      Cumulative area ratio:   49.66
      Required ratio:    0.00 (Cumulative side area) 

    Layer: li1
      Partial area ratio:    0.00
      Required ratio:    0.00 (Gate area) 
      Partial area ratio:    0.00
      Required ratio:   75.00 (Side area) 
      Cumulative area ratio:    0.00
      Required ratio:    0.00 (Cumulative area) 
      Cumulative area ratio:    0.00
      Required ratio:    0.00 (Cumulative side area) 

    Via: M2M3_PR
      Partial area ratio:    0.02
      Required ratio:    6.00 (Gate area) 
      Cumulative area ratio:    0.37
      Required ratio:    0.00 (Cumulative area) 

    Via: M1M2_PR
      Partial area ratio:    0.06
      Required ratio:    6.00 (Gate area) 
      Cumulative area ratio:    0.17
      Required ratio:    0.00 (Cumulative area) 

    Via: L1M1_PR
      Partial area ratio:    0.12
      Required ratio:    3.00 (Gate area) 
      Cumulative area ratio:    0.12
      Required ratio:    0.00 (Cumulative area) 

  Pin: ANTENNA__32667__B2/DIODE (sky130_fd_sc_hd__diode_2)
    Layer: met1
      Partial area ratio:   29.46
      Required ratio:    0.00 (Gate area) 
      Partial area ratio:  149.98
      Required ratio: 3130.28 (Side area) 
      Cumulative area ratio:   29.46
      Required ratio:    0.00 (Cumulative area) 
      Cumulative area ratio:  149.98
      Required ratio:    0.00 (Cumulative side area) 

    Layer: met2
      Partial area ratio:    1.28
      Required ratio:    0.00 (Gate area) 
      Partial area ratio:    6.73
      Required ratio: 3478.04 (Side area) 
      Cumulative area ratio:   30.73
      Required ratio:    0.00 (Cumulative area) 
      Cumulative area ratio:  156.71
      Required ratio:    0.00 (Cumulative side area) 

    Layer: met3
      Partial area ratio:    0.32
      Required ratio:    0.00 (Gate area) 
      Partial area ratio:    1.84
      Required ratio: 3999.68 (Side area) 
      Cumulative area ratio:   31.05
      Required ratio:    0.00 (Cumulative area) 
      Cumulative area ratio:  158.55
      Required ratio:    0.00 (Cumulative side area) 

    Layer: li1
      Partial area ratio:    0.00
      Required ratio:    0.00 (Gate area) 
      Partial area ratio:    0.00
      Required ratio:  270.62 (Side area) 
      Cumulative area ratio:    0.00
      Required ratio:    0.00 (Cumulative area) 
      Cumulative area ratio:    0.00
      Required ratio:    0.00 (Cumulative side area) 

    Via: M1M2_PR
      Partial area ratio:    0.10
      Required ratio:    6.00 (Gate area) 
      Cumulative area ratio:    0.17
      Required ratio:    0.00 (Cumulative area) 

    Via: M2M3_PR
      Partial area ratio:    0.02
      Required ratio:    6.00 (Gate area) 
      Cumulative area ratio:    0.19
      Required ratio:    0.00 (Cumulative area) 

    Via: L1M1_PR
      Partial area ratio:    0.07
      Required ratio:    3.00 (Gate area) 
      Cumulative area ratio:    0.07
      Required ratio:    0.00 (Cumulative area) 

  Pin: ANTENNA__31244__A0/DIODE (sky130_fd_sc_hd__diode_2)
    Layer: met1
      Partial area ratio:    5.28
      Required ratio:    0.00 (Gate area) 
      Partial area ratio:   26.96
      Required ratio: 2947.76 (Side area) 
      Cumulative area ratio:    5.28
      Required ratio:    0.00 (Cumulative area) 
      Cumulative area ratio:   26.96
      Required ratio:    0.00 (Cumulative side area) 

    Layer: li1
      Partial area ratio:    0.00
      Required ratio:    0.00 (Gate area) 
      Partial area ratio:    0.00
      Required ratio:  270.62 (Side area) 
      Cumulative area ratio:    0.00
      Required ratio:    0.00 (Cumulative area) 
      Cumulative area ratio:    0.00
      Required ratio:    0.00 (Cumulative side area) 

    Via: M1M2_PR
      Partial area ratio:    0.08
      Required ratio:    6.00 (Gate area) 
      Cumulative area ratio:    0.14
      Required ratio:    0.00 (Cumulative area) 

    Via: L1M1_PR
      Partial area ratio:    0.07
      Required ratio:    3.00 (Gate area) 
      Cumulative area ratio:    0.07
      Required ratio:    0.00 (Cumulative area) 

  Pin: _31244_/A0 (sky130_fd_sc_hd__mux2_2)
    Layer: met1
      Partial area ratio:    0.53
      Required ratio:    0.00 (Gate area) 
      Partial area ratio:    3.26
      Required ratio:  400.00 (Side area) 
      Cumulative area ratio:    0.53
      Required ratio:    0.00 (Cumulative area) 
      Cumulative area ratio:    3.26
      Required ratio:    0.00 (Cumulative side area) 

    Layer: li1
      Partial area ratio:    0.00
      Required ratio:    0.00 (Gate area) 
      Partial area ratio:    0.00
      Required ratio:   75.00 (Side area) 
      Cumulative area ratio:    0.00
      Required ratio:    0.00 (Cumulative area) 
      Cumulative area ratio:    0.00
      Required ratio:    0.00 (Cumulative side area) 

    Via: M1M2_PR
      Partial area ratio:    0.14
      Required ratio:    6.00 (Gate area) 
      Cumulative area ratio:    0.32
      Required ratio:    0.00 (Cumulative area) 

    Via: L1M1_PR
      Partial area ratio:    0.18
      Required ratio:    3.00 (Gate area) 
      Cumulative area ratio:    0.18
      Required ratio:    0.00 (Cumulative area) 

  Pin: ANTENNA__30025__A1/DIODE (sky130_fd_sc_hd__diode_2)
    Layer: met1
      Partial area ratio:    5.28
      Required ratio:    0.00 (Gate area) 
      Partial area ratio:   26.96
      Required ratio: 2947.76 (Side area) 
      Cumulative area ratio:    5.28
      Required ratio:    0.00 (Cumulative area) 
      Cumulative area ratio:   26.96
      Required ratio:    0.00 (Cumulative side area) 

    Layer: li1
      Partial area ratio:    0.00
      Required ratio:    0.00 (Gate area) 
      Partial area ratio:    0.00
      Required ratio:  270.62 (Side area) 
      Cumulative area ratio:    0.00
      Required ratio:    0.00 (Cumulative area) 
      Cumulative area ratio:    0.00
      Required ratio:    0.00 (Cumulative side area) 

    Via: M1M2_PR
      Partial area ratio:    0.08
      Required ratio:    6.00 (Gate area) 
      Cumulative area ratio:    0.14
      Required ratio:    0.00 (Cumulative area) 

    Via: L1M1_PR
      Partial area ratio:    0.07
      Required ratio:    3.00 (Gate area) 
      Cumulative area ratio:    0.07
      Required ratio:    0.00 (Cumulative area) 

  Pin: _30025_/A1 (sky130_fd_sc_hd__mux2_8)
    Layer: met1
      Partial area ratio:    0.00
      Required ratio:    0.00 (Gate area) 
      Partial area ratio:    0.00
      Required ratio:  400.00 (Side area) 
      Cumulative area ratio:    0.00
      Required ratio:    0.00 (Cumulative area) 
      Cumulative area ratio:    0.00
      Required ratio:    0.00 (Cumulative side area) 

    Via: M1M2_PR_MR
      Partial area ratio:    0.05
      Required ratio:    6.00 (Gate area) 
      Cumulative area ratio:    0.05
      Required ratio:    0.00 (Cumulative area) 


Net: core.x7_reg\[14\]
  Pin: _37614_/A (sky130_fd_sc_hd__nor2_1)
    Layer: met3
      Partial area ratio:   12.19
      Required ratio:    0.00 (Gate area) 
      Partial area ratio:   65.52
      Required ratio: 3999.68 (Side area) 
      Cumulative area ratio:  284.76
      Required ratio:    0.00 (Cumulative area) 
      Cumulative area ratio: 1442.62
      Required ratio:    0.00 (Cumulative side area) 

    Layer: met2
      Partial area ratio:    2.05
      Required ratio:    0.00 (Gate area) 
      Partial area ratio:   10.46
      Required ratio: 3295.52 (Side area) 
      Cumulative area ratio:  272.57
      Required ratio:    0.00 (Cumulative area) 
      Cumulative area ratio: 1377.10
      Required ratio:    0.00 (Cumulative side area) 

    Layer: met1
      Partial area ratio:    1.50
      Required ratio:    0.00 (Gate area) 
      Partial area ratio:    8.22
      Required ratio: 2773.88 (Side area) 
      Cumulative area ratio:    1.50
      Required ratio:    0.00 (Cumulative area) 
      Cumulative area ratio:    8.22
      Required ratio:    0.00 (Cumulative side area) 

    Layer: li1
      Partial area ratio:    0.00
      Required ratio:    0.00 (Gate area) 
      Partial area ratio:    0.00
      Required ratio:   75.00 (Side area) 
      Cumulative area ratio:    0.00
      Required ratio:    0.00 (Cumulative area) 
      Cumulative area ratio:    0.00
      Required ratio:    0.00 (Cumulative side area) 

    Via: M2M3_PR
      Partial area ratio:    0.02
      Required ratio:    6.00 (Gate area) 
      Cumulative area ratio:    0.49
      Required ratio:    0.00 (Cumulative area) 

    Via: M1M2_PR
      Partial area ratio:    0.07
      Required ratio:    6.00 (Gate area) 
      Cumulative area ratio:    0.19
      Required ratio:    0.00 (Cumulative area) 

    Via: L1M1_PR
      Partial area ratio:    0.12
      Required ratio:    3.00 (Gate area) 
      Cumulative area ratio:    0.12
      Required ratio:    0.00 (Cumulative area) 

  Pin: ANTENNA__37614__A/DIODE (sky130_fd_sc_hd__diode_2)
    Layer: met3
      Partial area ratio:   12.19
      Required ratio:    0.00 (Gate area) 
      Partial area ratio:   65.52
      Required ratio: 3999.68 (Side area) 
      Cumulative area ratio:  285.10
      Required ratio:    0.00 (Cumulative area) 
      Cumulative area ratio: 1444.56
      Required ratio:    0.00 (Cumulative side area) 

    Layer: met2
      Partial area ratio:    2.05
      Required ratio:    0.00 (Gate area) 
      Partial area ratio:   10.46
      Required ratio: 3295.52 (Side area) 
      Cumulative area ratio:  272.91
      Required ratio:    0.00 (Cumulative area) 
      Cumulative area ratio: 1379.03
      Required ratio:    0.00 (Cumulative side area) 

    Layer: met1
      Partial area ratio:    0.34
      Required ratio:    0.00 (Gate area) 
      Partial area ratio:    1.93
      Required ratio: 2773.88 (Side area) 
      Cumulative area ratio:    0.34
      Required ratio:    0.00 (Cumulative area) 
      Cumulative area ratio:    1.93
      Required ratio:    0.00 (Cumulative side area) 

    Layer: li1
      Partial area ratio:    0.00
      Required ratio:    0.00 (Gate area) 
      Partial area ratio:    0.00
      Required ratio:  270.62 (Side area) 
      Cumulative area ratio:    0.00
      Required ratio:    0.00 (Cumulative area) 
      Cumulative area ratio:    0.00
      Required ratio:    0.00 (Cumulative side area) 

    Via: M2M3_PR
      Partial area ratio:    0.02
      Required ratio:    6.00 (Gate area) 
      Cumulative area ratio:    0.49
      Required ratio:    0.00 (Cumulative area) 

    Via: M1M2_PR
      Partial area ratio:    0.05
      Required ratio:    6.00 (Gate area) 
      Cumulative area ratio:    0.12
      Required ratio:    0.00 (Cumulative area) 

    Via: L1M1_PR
      Partial area ratio:    0.07
      Required ratio:    3.00 (Gate area) 
      Cumulative area ratio:    0.07
      Required ratio:    0.00 (Cumulative area) 

  Pin: _37656_/A (sky130_fd_sc_hd__nand2_1)
    Layer: met3
      Partial area ratio:   12.19
      Required ratio:    0.00 (Gate area) 
      Partial area ratio:   65.52
      Required ratio: 3999.68 (Side area) 
      Cumulative area ratio:  284.76
      Required ratio:    0.00 (Cumulative area) 
      Cumulative area ratio: 1442.62
      Required ratio:    0.00 (Cumulative side area) 

    Layer: met2
      Partial area ratio:    2.05
      Required ratio:    0.00 (Gate area) 
      Partial area ratio:   10.46
      Required ratio: 3295.52 (Side area) 
      Cumulative area ratio:  272.57
      Required ratio:    0.00 (Cumulative area) 
      Cumulative area ratio: 1377.10
      Required ratio:    0.00 (Cumulative side area) 

    Layer: met1
      Partial area ratio:    1.50
      Required ratio:    0.00 (Gate area) 
      Partial area ratio:    8.22
      Required ratio: 2773.88 (Side area) 
      Cumulative area ratio:    1.50
      Required ratio:    0.00 (Cumulative area) 
      Cumulative area ratio:    8.22
      Required ratio:    0.00 (Cumulative side area) 

    Layer: li1
      Partial area ratio:    0.00
      Required ratio:    0.00 (Gate area) 
      Partial area ratio:    0.00
      Required ratio:   75.00 (Side area) 
      Cumulative area ratio:    0.00
      Required ratio:    0.00 (Cumulative area) 
      Cumulative area ratio:    0.00
      Required ratio:    0.00 (Cumulative side area) 

    Via: M2M3_PR
      Partial area ratio:    0.02
      Required ratio:    6.00 (Gate area) 
      Cumulative area ratio:    0.49
      Required ratio:    0.00 (Cumulative area) 

    Via: M1M2_PR
      Partial area ratio:    0.07
      Required ratio:    6.00 (Gate area) 
      Cumulative area ratio:    0.19
      Required ratio:    0.00 (Cumulative area) 

    Via: L1M1_PR
      Partial area ratio:    0.12
      Required ratio:    3.00 (Gate area) 
      Cumulative area ratio:    0.12
      Required ratio:    0.00 (Cumulative area) 

  Pin: _37833_/A (sky130_fd_sc_hd__or2_1)
    Layer: met3
      Partial area ratio:   12.19
      Required ratio:    0.00 (Gate area) 
      Partial area ratio:   65.52
      Required ratio: 3999.68 (Side area) 
      Cumulative area ratio:  285.83
      Required ratio:    0.00 (Cumulative area) 
      Cumulative area ratio: 1448.34
      Required ratio:    0.00 (Cumulative side area) 

    Layer: met2
      Partial area ratio:    2.05
      Required ratio:    0.00 (Gate area) 
      Partial area ratio:   10.46
      Required ratio: 3295.52 (Side area) 
      Cumulative area ratio:  273.64
      Required ratio:    0.00 (Cumulative area) 
      Cumulative area ratio: 1382.82
      Required ratio:    0.00 (Cumulative side area) 

    Layer: met1
      Partial area ratio:    1.07
      Required ratio:    0.00 (Gate area) 
      Partial area ratio:    5.72
      Required ratio: 2773.88 (Side area) 
      Cumulative area ratio:    1.07
      Required ratio:    0.00 (Cumulative area) 
      Cumulative area ratio:    5.72
      Required ratio:    0.00 (Cumulative side area) 

    Layer: li1
      Partial area ratio:    0.00
      Required ratio:    0.00 (Gate area) 
      Partial area ratio:    0.00
      Required ratio:   75.00 (Side area) 
      Cumulative area ratio:    0.00
      Required ratio:    0.00 (Cumulative area) 
      Cumulative area ratio:    0.00
      Required ratio:    0.00 (Cumulative side area) 

    Via: M2M3_PR
      Partial area ratio:    0.02
      Required ratio:    6.00 (Gate area) 
      Cumulative area ratio:    0.64
      Required ratio:    0.00 (Cumulative area) 

    Via: M1M2_PR
      Partial area ratio:    0.04
      Required ratio:    6.00 (Gate area) 
      Cumulative area ratio:    0.27
      Required ratio:    0.00 (Cumulative area) 

    Via: L1M1_PR
      Partial area ratio:    0.23
      Required ratio:    3.00 (Gate area) 
      Cumulative area ratio:    0.23
      Required ratio:    0.00 (Cumulative area) 

  Pin: ANTENNA__37833__A/DIODE (sky130_fd_sc_hd__diode_2)
    Layer: met3
      Partial area ratio:   12.19
      Required ratio:    0.00 (Gate area) 
      Partial area ratio:   65.52
      Required ratio: 3999.68 (Side area) 
      Cumulative area ratio:  285.83
      Required ratio:    0.00 (Cumulative area) 
      Cumulative area ratio: 1448.34
      Required ratio:    0.00 (Cumulative side area) 

    Layer: met2
      Partial area ratio:    2.05
      Required ratio:    0.00 (Gate area) 
      Partial area ratio:   10.46
      Required ratio: 3295.52 (Side area) 
      Cumulative area ratio:  273.64
      Required ratio:    0.00 (Cumulative area) 
      Cumulative area ratio: 1382.82
      Required ratio:    0.00 (Cumulative side area) 

    Layer: met1
      Partial area ratio:    1.07
      Required ratio:    0.00 (Gate area) 
      Partial area ratio:    5.72
      Required ratio: 2773.88 (Side area) 
      Cumulative area ratio:    1.07
      Required ratio:    0.00 (Cumulative area) 
      Cumulative area ratio:    5.72
      Required ratio:    0.00 (Cumulative side area) 

    Layer: li1
      Partial area ratio:    0.00
      Required ratio:    0.00 (Gate area) 
      Partial area ratio:    0.00
      Required ratio:  270.62 (Side area) 
      Cumulative area ratio:    0.00
      Required ratio:    0.00 (Cumulative area) 
      Cumulative area ratio:    0.00
      Required ratio:    0.00 (Cumulative side area) 

    Via: M2M3_PR
      Partial area ratio:    0.02
      Required ratio:    6.00 (Gate area) 
      Cumulative area ratio:    0.48
      Required ratio:    0.00 (Cumulative area) 

    Via: M1M2_PR
      Partial area ratio:    0.04
      Required ratio:    6.00 (Gate area) 
      Cumulative area ratio:    0.11
      Required ratio:    0.00 (Cumulative area) 

    Via: L1M1_PR
      Partial area ratio:    0.07
      Required ratio:    3.00 (Gate area) 
      Cumulative area ratio:    0.07
      Required ratio:    0.00 (Cumulative area) 

  Pin: ANTENNA__37656__A/DIODE (sky130_fd_sc_hd__diode_2)
    Layer: met3
      Partial area ratio:   12.19
      Required ratio:    0.00 (Gate area) 
      Partial area ratio:   65.52
      Required ratio: 3999.68 (Side area) 
      Cumulative area ratio:  284.76
      Required ratio:    0.00 (Cumulative area) 
      Cumulative area ratio: 1442.62
      Required ratio:    0.00 (Cumulative side area) 

    Layer: met2
      Partial area ratio:    2.05
      Required ratio:    0.00 (Gate area) 
      Partial area ratio:   10.46
      Required ratio: 3295.52 (Side area) 
      Cumulative area ratio:  272.57
      Required ratio:    0.00 (Cumulative area) 
      Cumulative area ratio: 1377.10
      Required ratio:    0.00 (Cumulative side area) 

    Layer: met1
      Partial area ratio:    1.50
      Required ratio:    0.00 (Gate area) 
      Partial area ratio:    8.22
      Required ratio: 2773.88 (Side area) 
      Cumulative area ratio:    1.50
      Required ratio:    0.00 (Cumulative area) 
      Cumulative area ratio:    8.22
      Required ratio:    0.00 (Cumulative side area) 

    Layer: li1
      Partial area ratio:    0.00
      Required ratio:    0.00 (Gate area) 
      Partial area ratio:    0.00
      Required ratio:  270.62 (Side area) 
      Cumulative area ratio:    0.00
      Required ratio:    0.00 (Cumulative area) 
      Cumulative area ratio:    0.00
      Required ratio:    0.00 (Cumulative side area) 

    Via: M2M3_PR
      Partial area ratio:    0.02
      Required ratio:    6.00 (Gate area) 
      Cumulative area ratio:    0.44
      Required ratio:    0.00 (Cumulative area) 

    Via: M1M2_PR
      Partial area ratio:    0.07
      Required ratio:    6.00 (Gate area) 
      Cumulative area ratio:    0.14
      Required ratio:    0.00 (Cumulative area) 

    Via: L1M1_PR
      Partial area ratio:    0.07
      Required ratio:    3.00 (Gate area) 
      Cumulative area ratio:    0.07
      Required ratio:    0.00 (Cumulative area) 

  Pin: _32676_/B2 (sky130_fd_sc_hd__a22o_1)
    Layer: met3
      Partial area ratio:   12.19
      Required ratio:    0.00 (Gate area) 
      Partial area ratio:   65.52
      Required ratio: 3999.68 (Side area) 
      Cumulative area ratio:  283.26
      Required ratio:    0.00 (Cumulative area) 
      Cumulative area ratio: 1434.40
      Required ratio:    0.00 (Cumulative side area) 

    Layer: met2
      Partial area ratio:    2.05
      Required ratio:    0.00 (Gate area) 
      Partial area ratio:   10.46
      Required ratio: 3295.52 (Side area) 
      Cumulative area ratio:  271.07
      Required ratio:    0.00 (Cumulative area) 
      Cumulative area ratio: 1368.88
      Required ratio:    0.00 (Cumulative side area) 

    Layer: met1
      Partial area ratio:  265.21
      Required ratio:    0.00 (Gate area) 
      Partial area ratio: 1338.74
      Required ratio:  400.00 (Side area) (VIOLATED)
      Cumulative area ratio:  265.21
      Required ratio:    0.00 (Cumulative area) 
      Cumulative area ratio: 1338.74
      Required ratio:    0.00 (Cumulative side area) 

    Layer: li1
      Partial area ratio:    0.00
      Required ratio:    0.00 (Gate area) 
      Partial area ratio:    0.00
      Required ratio:   75.00 (Side area) 
      Cumulative area ratio:    0.00
      Required ratio:    0.00 (Cumulative area) 
      Cumulative area ratio:    0.00
      Required ratio:    0.00 (Cumulative side area) 

    Via: M2M3_PR
      Partial area ratio:    0.02
      Required ratio:    6.00 (Gate area) 
      Cumulative area ratio:    0.42
      Required ratio:    0.00 (Cumulative area) 

    Via: M1M2_PR
      Partial area ratio:    0.18
      Required ratio:    6.00 (Gate area) 
      Cumulative area ratio:    0.30
      Required ratio:    0.00 (Cumulative area) 

    Via: L1M1_PR
      Partial area ratio:    0.12
      Required ratio:    3.00 (Gate area) 
      Cumulative area ratio:    0.12
      Required ratio:    0.00 (Cumulative area) 

  Pin: ANTENNA__32676__B2/DIODE (sky130_fd_sc_hd__diode_2)
    Layer: met3
      Partial area ratio:   12.19
      Required ratio:    0.00 (Gate area) 
      Partial area ratio:   65.52
      Required ratio: 3999.68 (Side area) 
      Cumulative area ratio:   18.05
      Required ratio:    0.00 (Cumulative area) 
      Cumulative area ratio:   95.66
      Required ratio:    0.00 (Cumulative side area) 

    Layer: met2
      Partial area ratio:    2.05
      Required ratio:    0.00 (Gate area) 
      Partial area ratio:   10.46
      Required ratio: 3295.52 (Side area) 
      Cumulative area ratio:    5.86
      Required ratio:    0.00 (Cumulative area) 
      Cumulative area ratio:   30.14
      Required ratio:    0.00 (Cumulative side area) 

    Layer: met1
      Partial area ratio:    3.80
      Required ratio:    0.00 (Gate area) 
      Partial area ratio:   19.68
      Required ratio: 2773.88 (Side area) 
      Cumulative area ratio:    3.80
      Required ratio:    0.00 (Cumulative area) 
      Cumulative area ratio:   19.68
      Required ratio:    0.00 (Cumulative side area) 

    Layer: li1
      Partial area ratio:    0.00
      Required ratio:    0.00 (Gate area) 
      Partial area ratio:    0.00
      Required ratio:  270.62 (Side area) 
      Cumulative area ratio:    0.00
      Required ratio:    0.00 (Cumulative area) 
      Cumulative area ratio:    0.00
      Required ratio:    0.00 (Cumulative side area) 

    Via: M2M3_PR
      Partial area ratio:    0.02
      Required ratio:    6.00 (Gate area) 
      Cumulative area ratio:    0.19
      Required ratio:    0.00 (Cumulative area) 

    Via: M1M2_PR
      Partial area ratio:    0.10
      Required ratio:    6.00 (Gate area) 
      Cumulative area ratio:    0.17
      Required ratio:    0.00 (Cumulative area) 

    Via: L1M1_PR
      Partial area ratio:    0.07
      Required ratio:    3.00 (Gate area) 
      Cumulative area ratio:    0.07
      Required ratio:    0.00 (Cumulative area) 

  Pin: ANTENNA__30014__A1/DIODE (sky130_fd_sc_hd__diode_2)
    Layer: met3
      Partial area ratio:   12.19
      Required ratio:    0.00 (Gate area) 
      Partial area ratio:   65.52
      Required ratio: 3999.68 (Side area) 
      Cumulative area ratio:   14.52
      Required ratio:    0.00 (Cumulative area) 
      Cumulative area ratio:   77.76
      Required ratio:    0.00 (Cumulative side area) 

    Layer: met2
      Partial area ratio:    1.21
      Required ratio:    0.00 (Gate area) 
      Partial area ratio:    6.18
      Required ratio: 2947.76 (Side area) 
      Cumulative area ratio:    2.33
      Required ratio:    0.00 (Cumulative area) 
      Cumulative area ratio:   12.24
      Required ratio:    0.00 (Cumulative side area) 

    Layer: met1
      Partial area ratio:    1.12
      Required ratio:    0.00 (Gate area) 
      Partial area ratio:    6.05
      Required ratio: 2773.88 (Side area) 
      Cumulative area ratio:    1.12
      Required ratio:    0.00 (Cumulative area) 
      Cumulative area ratio:    6.05
      Required ratio:    0.00 (Cumulative side area) 

    Layer: li1
      Partial area ratio:    0.00
      Required ratio:    0.00 (Gate area) 
      Partial area ratio:    0.00
      Required ratio:  270.62 (Side area) 
      Cumulative area ratio:    0.00
      Required ratio:    0.00 (Cumulative area) 
      Cumulative area ratio:    0.00
      Required ratio:    0.00 (Cumulative side area) 

    Via: M2M3_PR
      Partial area ratio:    0.03
      Required ratio:    6.00 (Gate area) 
      Cumulative area ratio:    0.16
      Required ratio:    0.00 (Cumulative area) 

    Via: M1M2_PR
      Partial area ratio:    0.07
      Required ratio:    6.00 (Gate area) 
      Cumulative area ratio:    0.13
      Required ratio:    0.00 (Cumulative area) 

    Via: L1M1_PR
      Partial area ratio:    0.07
      Required ratio:    3.00 (Gate area) 
      Cumulative area ratio:    0.07
      Required ratio:    0.00 (Cumulative area) 

  Pin: ANTENNA__31236__A0/DIODE (sky130_fd_sc_hd__diode_2)
    Layer: met3
      Partial area ratio:   12.19
      Required ratio:    0.00 (Gate area) 
      Partial area ratio:   65.52
      Required ratio: 3999.68 (Side area) 
      Cumulative area ratio:   15.42
      Required ratio:    0.00 (Cumulative area) 
      Cumulative area ratio:   82.43
      Required ratio:    0.00 (Cumulative side area) 

    Layer: met2
      Partial area ratio:    1.21
      Required ratio:    0.00 (Gate area) 
      Partial area ratio:    6.18
      Required ratio: 2947.76 (Side area) 
      Cumulative area ratio:    3.23
      Required ratio:    0.00 (Cumulative area) 
      Cumulative area ratio:   16.91
      Required ratio:    0.00 (Cumulative side area) 

    Layer: met1
      Partial area ratio:    0.90
      Required ratio:    0.00 (Gate area) 
      Partial area ratio:    4.67
      Required ratio: 2773.88 (Side area) 
      Cumulative area ratio:    0.90
      Required ratio:    0.00 (Cumulative area) 
      Cumulative area ratio:    4.67
      Required ratio:    0.00 (Cumulative side area) 

    Layer: li1
      Partial area ratio:    0.00
      Required ratio:    0.00 (Gate area) 
      Partial area ratio:    0.00
      Required ratio:  270.62 (Side area) 
      Cumulative area ratio:    0.00
      Required ratio:    0.00 (Cumulative area) 
      Cumulative area ratio:    0.00
      Required ratio:    0.00 (Cumulative side area) 

    Via: M2M3_PR
      Partial area ratio:    0.03
      Required ratio:    6.00 (Gate area) 
      Cumulative area ratio:    0.20
      Required ratio:    0.00 (Cumulative area) 

    Via: M1M2_PR
      Partial area ratio:    0.04
      Required ratio:    6.00 (Gate area) 
      Cumulative area ratio:    0.10
      Required ratio:    0.00 (Cumulative area) 

    Via: L1M1_PR
      Partial area ratio:    0.07
      Required ratio:    3.00 (Gate area) 
      Cumulative area ratio:    0.07
      Required ratio:    0.00 (Cumulative area) 

  Pin: _31236_/A0 (sky130_fd_sc_hd__mux2_2)
    Layer: met3
      Partial area ratio:   12.19
      Required ratio:    0.00 (Gate area) 
      Partial area ratio:   65.52
      Required ratio: 3999.68 (Side area) 
      Cumulative area ratio:   15.42
      Required ratio:    0.00 (Cumulative area) 
      Cumulative area ratio:   82.43
      Required ratio:    0.00 (Cumulative side area) 

    Layer: met2
      Partial area ratio:    1.21
      Required ratio:    0.00 (Gate area) 
      Partial area ratio:    6.18
      Required ratio: 2947.76 (Side area) 
      Cumulative area ratio:    3.23
      Required ratio:    0.00 (Cumulative area) 
      Cumulative area ratio:   16.91
      Required ratio:    0.00 (Cumulative side area) 

    Layer: met1
      Partial area ratio:    0.90
      Required ratio:    0.00 (Gate area) 
      Partial area ratio:    4.67
      Required ratio: 2773.88 (Side area) 
      Cumulative area ratio:    0.90
      Required ratio:    0.00 (Cumulative area) 
      Cumulative area ratio:    4.67
      Required ratio:    0.00 (Cumulative side area) 

    Layer: li1
      Partial area ratio:    0.00
      Required ratio:    0.00 (Gate area) 
      Partial area ratio:    0.00
      Required ratio:   75.00 (Side area) 
      Cumulative area ratio:    0.00
      Required ratio:    0.00 (Cumulative area) 
      Cumulative area ratio:    0.00
      Required ratio:    0.00 (Cumulative side area) 

    Via: M2M3_PR
      Partial area ratio:    0.03
      Required ratio:    6.00 (Gate area) 
      Cumulative area ratio:    0.32
      Required ratio:    0.00 (Cumulative area) 

    Via: M1M2_PR
      Partial area ratio:    0.04
      Required ratio:    6.00 (Gate area) 
      Cumulative area ratio:    0.22
      Required ratio:    0.00 (Cumulative area) 

    Via: L1M1_PR
      Partial area ratio:    0.18
      Required ratio:    3.00 (Gate area) 
      Cumulative area ratio:    0.18
      Required ratio:    0.00 (Cumulative area) 

  Pin: _30014_/A1 (sky130_fd_sc_hd__mux2_4)
    Layer: met3
      Partial area ratio:   12.19
      Required ratio:    0.00 (Gate area) 
      Partial area ratio:   65.52
      Required ratio: 3999.68 (Side area) 
      Cumulative area ratio:   14.52
      Required ratio:    0.00 (Cumulative area) 
      Cumulative area ratio:   77.76
      Required ratio:    0.00 (Cumulative side area) 

    Layer: met2
      Partial area ratio:    1.21
      Required ratio:    0.00 (Gate area) 
      Partial area ratio:    6.18
      Required ratio: 2947.76 (Side area) 
      Cumulative area ratio:    2.33
      Required ratio:    0.00 (Cumulative area) 
      Cumulative area ratio:   12.24
      Required ratio:    0.00 (Cumulative side area) 

    Layer: met1
      Partial area ratio:    1.12
      Required ratio:    0.00 (Gate area) 
      Partial area ratio:    6.05
      Required ratio: 2773.88 (Side area) 
      Cumulative area ratio:    1.12
      Required ratio:    0.00 (Cumulative area) 
      Cumulative area ratio:    6.05
      Required ratio:    0.00 (Cumulative side area) 

    Layer: li1
      Partial area ratio:    0.00
      Required ratio:    0.00 (Gate area) 
      Partial area ratio:    0.00
      Required ratio:   75.00 (Side area) 
      Cumulative area ratio:    0.00
      Required ratio:    0.00 (Cumulative area) 
      Cumulative area ratio:    0.00
      Required ratio:    0.00 (Cumulative side area) 

    Via: M2M3_PR
      Partial area ratio:    0.03
      Required ratio:    6.00 (Gate area) 
      Cumulative area ratio:    0.21
      Required ratio:    0.00 (Cumulative area) 

    Via: M1M2_PR
      Partial area ratio:    0.07
      Required ratio:    6.00 (Gate area) 
      Cumulative area ratio:    0.18
      Required ratio:    0.00 (Cumulative area) 

    Via: L1M1_PR
      Partial area ratio:    0.12
      Required ratio:    3.00 (Gate area) 
      Cumulative area ratio:    0.12
      Required ratio:    0.00 (Cumulative area) 


Net: data_out15_reg\[19\]
  Pin: hold3369/A (sky130_fd_sc_hd__dlygate4sd3_1)
    Layer: met2
      Partial area ratio:   24.01
      Required ratio:    0.00 (Gate area) 
      Partial area ratio:  120.82
      Required ratio: 3125.96 (Side area) 
      Cumulative area ratio:  138.52
      Required ratio:    0.00 (Cumulative area) 
      Cumulative area ratio:  698.82
      Required ratio:    0.00 (Cumulative side area) 

    Layer: met1
      Partial area ratio:  114.51
      Required ratio:    0.00 (Gate area) 
      Partial area ratio:  578.00
      Required ratio:  400.00 (Side area) (VIOLATED)
      Cumulative area ratio:  114.51
      Required ratio:    0.00 (Cumulative area) 
      Cumulative area ratio:  578.00
      Required ratio:    0.00 (Cumulative side area) 

    Layer: li1
      Partial area ratio:    0.00
      Required ratio:    0.00 (Gate area) 
      Partial area ratio:    0.00
      Required ratio:   75.00 (Side area) 
      Cumulative area ratio:    0.00
      Required ratio:    0.00 (Cumulative area) 
      Cumulative area ratio:    0.00
      Required ratio:    0.00 (Cumulative side area) 

    Via: M1M2_PR
      Partial area ratio:    0.36
      Required ratio:    6.00 (Gate area) 
      Cumulative area ratio:    0.59
      Required ratio:    0.00 (Cumulative area) 

    Via: L1M1_PR
      Partial area ratio:    0.23
      Required ratio:    3.00 (Gate area) 
      Cumulative area ratio:    0.23
      Required ratio:    0.00 (Cumulative area) 

  Pin: ANTENNA__20542__A1/DIODE (sky130_fd_sc_hd__diode_2)
    Layer: met2
      Partial area ratio:   24.01
      Required ratio:    0.00 (Gate area) 
      Partial area ratio:  120.82
      Required ratio: 3125.96 (Side area) 
      Cumulative area ratio:  140.04
      Required ratio:    0.00 (Cumulative area) 
      Cumulative area ratio:  706.86
      Required ratio:    0.00 (Cumulative side area) 

    Layer: met1
      Partial area ratio:    1.52
      Required ratio:    0.00 (Gate area) 
      Partial area ratio:    8.04
      Required ratio: 2773.88 (Side area) 
      Cumulative area ratio:    1.52
      Required ratio:    0.00 (Cumulative area) 
      Cumulative area ratio:    8.04
      Required ratio:    0.00 (Cumulative side area) 

    Layer: li1
      Partial area ratio:    0.00
      Required ratio:    0.00 (Gate area) 
      Partial area ratio:    0.00
      Required ratio:  270.62 (Side area) 
      Cumulative area ratio:    0.00
      Required ratio:    0.00 (Cumulative area) 
      Cumulative area ratio:    0.00
      Required ratio:    0.00 (Cumulative side area) 

    Via: M1M2_PR
      Partial area ratio:    0.03
      Required ratio:    6.00 (Gate area) 
      Cumulative area ratio:    0.10
      Required ratio:    0.00 (Cumulative area) 

    Via: L1M1_PR
      Partial area ratio:    0.07
      Required ratio:    3.00 (Gate area) 
      Cumulative area ratio:    0.07
      Required ratio:    0.00 (Cumulative area) 

  Pin: _20542_/A1 (sky130_fd_sc_hd__a211o_2)
    Layer: met2
      Partial area ratio:   24.01
      Required ratio:    0.00 (Gate area) 
      Partial area ratio:  120.82
      Required ratio: 3125.96 (Side area) 
      Cumulative area ratio:  140.04
      Required ratio:    0.00 (Cumulative area) 
      Cumulative area ratio:  706.86
      Required ratio:    0.00 (Cumulative side area) 

    Layer: met1
      Partial area ratio:    1.52
      Required ratio:    0.00 (Gate area) 
      Partial area ratio:    8.04
      Required ratio: 2773.88 (Side area) 
      Cumulative area ratio:    1.52
      Required ratio:    0.00 (Cumulative area) 
      Cumulative area ratio:    8.04
      Required ratio:    0.00 (Cumulative side area) 

    Layer: li1
      Partial area ratio:    0.00
      Required ratio:    0.00 (Gate area) 
      Partial area ratio:    0.00
      Required ratio:   75.00 (Side area) 
      Cumulative area ratio:    0.00
      Required ratio:    0.00 (Cumulative area) 
      Cumulative area ratio:    0.00
      Required ratio:    0.00 (Cumulative side area) 

    Via: M1M2_PR
      Partial area ratio:    0.03
      Required ratio:    6.00 (Gate area) 
      Cumulative area ratio:    0.15
      Required ratio:    0.00 (Cumulative area) 

    Via: L1M1_PR
      Partial area ratio:    0.12
      Required ratio:    3.00 (Gate area) 
      Cumulative area ratio:    0.12
      Required ratio:    0.00 (Cumulative area) 

  Pin: ANTENNA_hold3369_A/DIODE (sky130_fd_sc_hd__diode_2)
    Layer: met2
      Partial area ratio:   24.01
      Required ratio:    0.00 (Gate area) 
      Partial area ratio:  120.82
      Required ratio: 3125.96 (Side area) 
      Cumulative area ratio:   24.01
      Required ratio:    0.00 (Cumulative area) 
      Cumulative area ratio:  120.82
      Required ratio:    0.00 (Cumulative side area) 

    Layer: met1
      Partial area ratio:    0.00
      Required ratio:    0.00 (Gate area) 
      Partial area ratio:    0.00
      Required ratio: 2773.88 (Side area) 
      Cumulative area ratio:    0.00
      Required ratio:    0.00 (Cumulative area) 
      Cumulative area ratio:    0.00
      Required ratio:    0.00 (Cumulative side area) 

    Layer: li1
      Partial area ratio:    0.00
      Required ratio:    0.00 (Gate area) 
      Partial area ratio:    0.00
      Required ratio:  270.62 (Side area) 
      Cumulative area ratio:    0.00
      Required ratio:    0.00 (Cumulative area) 
      Cumulative area ratio:    0.00
      Required ratio:    0.00 (Cumulative side area) 

    Via: M1M2_PR
      Partial area ratio:    0.05
      Required ratio:    6.00 (Gate area) 
      Cumulative area ratio:    0.12
      Required ratio:    0.00 (Cumulative area) 

    Via: L1M1_PR
      Partial area ratio:    0.07
      Required ratio:    3.00 (Gate area) 
      Cumulative area ratio:    0.07
      Required ratio:    0.00 (Cumulative area) 


Net: data_out2_reg\[6\]
  Pin: ANTENNA__20269__A1/DIODE (sky130_fd_sc_hd__diode_2)
    Layer: met2
      Partial area ratio:   15.95
      Required ratio:    0.00 (Gate area) 
      Partial area ratio:   80.34
      Required ratio: 3125.96 (Side area) 
      Cumulative area ratio:  115.62
      Required ratio:    0.00 (Cumulative area) 
      Cumulative area ratio:  586.45
      Required ratio:    0.00 (Cumulative side area) 

    Layer: met1
      Partial area ratio:    0.00
      Required ratio:    0.00 (Gate area) 
      Partial area ratio:    0.00
      Required ratio: 2773.88 (Side area) 
      Cumulative area ratio:    0.00
      Required ratio:    0.00 (Cumulative area) 
      Cumulative area ratio:    0.00
      Required ratio:    0.00 (Cumulative side area) 

    Layer: li1
      Partial area ratio:    0.00
      Required ratio:    0.00 (Gate area) 
      Partial area ratio:    0.00
      Required ratio:  270.62 (Side area) 
      Cumulative area ratio:    0.00
      Required ratio:    0.00 (Cumulative area) 
      Cumulative area ratio:    0.00
      Required ratio:    0.00 (Cumulative side area) 

    Via: M1M2_PR
      Partial area ratio:    0.05
      Required ratio:    6.00 (Gate area) 
      Cumulative area ratio:    0.12
      Required ratio:    0.00 (Cumulative area) 

    Via: L1M1_PR
      Partial area ratio:    0.07
      Required ratio:    3.00 (Gate area) 
      Cumulative area ratio:    0.07
      Required ratio:    0.00 (Cumulative area) 

  Pin: _20269_/A1 (sky130_fd_sc_hd__a221o_4)
    Layer: met2
      Partial area ratio:   15.95
      Required ratio:    0.00 (Gate area) 
      Partial area ratio:   80.34
      Required ratio: 3125.96 (Side area) 
      Cumulative area ratio:  117.23
      Required ratio:    0.00 (Cumulative area) 
      Cumulative area ratio:  595.11
      Required ratio:    0.00 (Cumulative side area) 

    Layer: met1
      Partial area ratio:    1.61
      Required ratio:    0.00 (Gate area) 
      Partial area ratio:    8.65
      Required ratio:  400.00 (Side area) 
      Cumulative area ratio:    1.61
      Required ratio:    0.00 (Cumulative area) 
      Cumulative area ratio:    8.65
      Required ratio:    0.00 (Cumulative side area) 

    Layer: li1
      Partial area ratio:    0.00
      Required ratio:    0.00 (Gate area) 
      Partial area ratio:    0.00
      Required ratio:   75.00 (Side area) 
      Cumulative area ratio:    0.00
      Required ratio:    0.00 (Cumulative area) 
      Cumulative area ratio:    0.00
      Required ratio:    0.00 (Cumulative side area) 

    Via: M1M2_PR
      Partial area ratio:    0.05
      Required ratio:    6.00 (Gate area) 
      Cumulative area ratio:    0.10
      Required ratio:    0.00 (Cumulative area) 

    Via: L1M1_PR
      Partial area ratio:    0.06
      Required ratio:    3.00 (Gate area) 
      Cumulative area ratio:    0.06
      Required ratio:    0.00 (Cumulative area) 

  Pin: ANTENNA_hold3633_A/DIODE (sky130_fd_sc_hd__diode_2)
    Layer: met2
      Partial area ratio:   15.95
      Required ratio:    0.00 (Gate area) 
      Partial area ratio:   80.34
      Required ratio: 3125.96 (Side area) 
      Cumulative area ratio:  115.62
      Required ratio:    0.00 (Cumulative area) 
      Cumulative area ratio:  586.45
      Required ratio:    0.00 (Cumulative side area) 

    Layer: met1
      Partial area ratio:    0.00
      Required ratio:    0.00 (Gate area) 
      Partial area ratio:    0.00
      Required ratio: 2773.88 (Side area) 
      Cumulative area ratio:    0.00
      Required ratio:    0.00 (Cumulative area) 
      Cumulative area ratio:    0.00
      Required ratio:    0.00 (Cumulative side area) 

    Layer: li1
      Partial area ratio:    0.00
      Required ratio:    0.00 (Gate area) 
      Partial area ratio:    0.00
      Required ratio:  270.62 (Side area) 
      Cumulative area ratio:    0.00
      Required ratio:    0.00 (Cumulative area) 
      Cumulative area ratio:    0.00
      Required ratio:    0.00 (Cumulative side area) 

    Via: M1M2_PR
      Partial area ratio:    0.05
      Required ratio:    6.00 (Gate area) 
      Cumulative area ratio:    0.12
      Required ratio:    0.00 (Cumulative area) 

    Via: L1M1_PR
      Partial area ratio:    0.07
      Required ratio:    3.00 (Gate area) 
      Cumulative area ratio:    0.07
      Required ratio:    0.00 (Cumulative area) 

  Pin: hold3633/A (sky130_fd_sc_hd__dlygate4sd3_1)
    Layer: met2
      Partial area ratio:   15.95
      Required ratio:    0.00 (Gate area) 
      Partial area ratio:   80.34
      Required ratio: 3125.96 (Side area) 
      Cumulative area ratio:  115.62
      Required ratio:    0.00 (Cumulative area) 
      Cumulative area ratio:  586.45
      Required ratio:    0.00 (Cumulative side area) 

    Layer: met1
      Partial area ratio:   99.67
      Required ratio:    0.00 (Gate area) 
      Partial area ratio:  506.11
      Required ratio:  400.00 (Side area) (VIOLATED)
      Cumulative area ratio:   99.67
      Required ratio:    0.00 (Cumulative area) 
      Cumulative area ratio:  506.11
      Required ratio:    0.00 (Cumulative side area) 

    Layer: li1
      Partial area ratio:    0.00
      Required ratio:    0.00 (Gate area) 
      Partial area ratio:    0.00
      Required ratio:   75.00 (Side area) 
      Cumulative area ratio:    0.00
      Required ratio:    0.00 (Cumulative area) 
      Cumulative area ratio:    0.00
      Required ratio:    0.00 (Cumulative side area) 

    Via: M1M2_PR
      Partial area ratio:    0.54
      Required ratio:    6.00 (Gate area) 
      Cumulative area ratio:    0.77
      Required ratio:    0.00 (Cumulative area) 

    Via: L1M1_PR
      Partial area ratio:    0.23
      Required ratio:    3.00 (Gate area) 
      Cumulative area ratio:    0.23
      Required ratio:    0.00 (Cumulative area) 


Net: data_out6_reg\[31\]
  Pin: ANTENNA_hold4427_A/DIODE (sky130_fd_sc_hd__diode_2)
    Layer: met2
      Partial area ratio:    4.91
      Required ratio:    0.00 (Gate area) 
      Partial area ratio:   24.79
      Required ratio: 3119.36 (Side area) 
      Cumulative area ratio:    4.91
      Required ratio:    0.00 (Cumulative area) 
      Cumulative area ratio:   24.79
      Required ratio:    0.00 (Cumulative side area) 

    Layer: met1
      Partial area ratio:    0.00
      Required ratio:    0.00 (Gate area) 
      Partial area ratio:    0.00
      Required ratio: 2773.88 (Side area) 
      Cumulative area ratio:    0.00
      Required ratio:    0.00 (Cumulative area) 
      Cumulative area ratio:    0.00
      Required ratio:    0.00 (Cumulative side area) 

    Layer: li1
      Partial area ratio:    0.00
      Required ratio:    0.00 (Gate area) 
      Partial area ratio:    0.00
      Required ratio:  270.62 (Side area) 
      Cumulative area ratio:    0.00
      Required ratio:    0.00 (Cumulative area) 
      Cumulative area ratio:    0.00
      Required ratio:    0.00 (Cumulative side area) 

    Via: M1M2_PR
      Partial area ratio:    0.05
      Required ratio:    6.00 (Gate area) 
      Cumulative area ratio:    0.12
      Required ratio:    0.00 (Cumulative area) 

    Via: L1M1_PR
      Partial area ratio:    0.07
      Required ratio:    3.00 (Gate area) 
      Cumulative area ratio:    0.07
      Required ratio:    0.00 (Cumulative area) 

  Pin: hold4427/A (sky130_fd_sc_hd__dlygate4sd3_1)
    Layer: met2
      Partial area ratio:    4.91
      Required ratio:    0.00 (Gate area) 
      Partial area ratio:   24.79
      Required ratio: 3119.36 (Side area) 
      Cumulative area ratio:   86.38
      Required ratio:    0.00 (Cumulative area) 
      Cumulative area ratio:  438.35
      Required ratio:    0.00 (Cumulative side area) 

    Layer: met1
      Partial area ratio:   81.47
      Required ratio:    0.00 (Gate area) 
      Partial area ratio:  413.56
      Required ratio:  400.00 (Side area) (VIOLATED)
      Cumulative area ratio:   81.47
      Required ratio:    0.00 (Cumulative area) 
      Cumulative area ratio:  413.56
      Required ratio:    0.00 (Cumulative side area) 

    Layer: li1
      Partial area ratio:    0.00
      Required ratio:    0.00 (Gate area) 
      Partial area ratio:    0.00
      Required ratio:   75.00 (Side area) 
      Cumulative area ratio:    0.00
      Required ratio:    0.00 (Cumulative area) 
      Cumulative area ratio:    0.00
      Required ratio:    0.00 (Cumulative side area) 

    Via: M1M2_PR
      Partial area ratio:    0.36
      Required ratio:    6.00 (Gate area) 
      Cumulative area ratio:    0.59
      Required ratio:    0.00 (Cumulative area) 

    Via: L1M1_PR
      Partial area ratio:    0.23
      Required ratio:    3.00 (Gate area) 
      Cumulative area ratio:    0.23
      Required ratio:    0.00 (Cumulative area) 

  Pin: ANTENNA__20751__B2/DIODE (sky130_fd_sc_hd__diode_2)
    Layer: met2
      Partial area ratio:    4.91
      Required ratio:    0.00 (Gate area) 
      Partial area ratio:   24.79
      Required ratio: 3119.36 (Side area) 
      Cumulative area ratio:   87.55
      Required ratio:    0.00 (Cumulative area) 
      Cumulative area ratio:  444.80
      Required ratio:    0.00 (Cumulative side area) 

    Layer: met1
      Partial area ratio:    1.17
      Required ratio:    0.00 (Gate area) 
      Partial area ratio:    6.45
      Required ratio: 2773.88 (Side area) 
      Cumulative area ratio:    1.17
      Required ratio:    0.00 (Cumulative area) 
      Cumulative area ratio:    6.45
      Required ratio:    0.00 (Cumulative side area) 

    Layer: li1
      Partial area ratio:    0.00
      Required ratio:    0.00 (Gate area) 
      Partial area ratio:    0.00
      Required ratio:  270.62 (Side area) 
      Cumulative area ratio:    0.00
      Required ratio:    0.00 (Cumulative area) 
      Cumulative area ratio:    0.00
      Required ratio:    0.00 (Cumulative side area) 

    Via: M1M2_PR
      Partial area ratio:    0.03
      Required ratio:    6.00 (Gate area) 
      Cumulative area ratio:    0.10
      Required ratio:    0.00 (Cumulative area) 

    Via: L1M1_PR
      Partial area ratio:    0.07
      Required ratio:    3.00 (Gate area) 
      Cumulative area ratio:    0.07
      Required ratio:    0.00 (Cumulative area) 

  Pin: _20751_/B2 (sky130_fd_sc_hd__a221o_1)
    Layer: met2
      Partial area ratio:    4.91
      Required ratio:    0.00 (Gate area) 
      Partial area ratio:   24.79
      Required ratio: 3119.36 (Side area) 
      Cumulative area ratio:   87.55
      Required ratio:    0.00 (Cumulative area) 
      Cumulative area ratio:  444.80
      Required ratio:    0.00 (Cumulative side area) 

    Layer: met1
      Partial area ratio:    1.17
      Required ratio:    0.00 (Gate area) 
      Partial area ratio:    6.45
      Required ratio: 2773.88 (Side area) 
      Cumulative area ratio:    1.17
      Required ratio:    0.00 (Cumulative area) 
      Cumulative area ratio:    6.45
      Required ratio:    0.00 (Cumulative side area) 

    Layer: li1
      Partial area ratio:    0.00
      Required ratio:    0.00 (Gate area) 
      Partial area ratio:    0.00
      Required ratio:   75.00 (Side area) 
      Cumulative area ratio:    0.00
      Required ratio:    0.00 (Cumulative area) 
      Cumulative area ratio:    0.00
      Required ratio:    0.00 (Cumulative side area) 

    Via: M1M2_PR
      Partial area ratio:    0.03
      Required ratio:    6.00 (Gate area) 
      Cumulative area ratio:    0.15
      Required ratio:    0.00 (Cumulative area) 

    Via: L1M1_PR
      Partial area ratio:    0.12
      Required ratio:    3.00 (Gate area) 
      Cumulative area ratio:    0.12
      Required ratio:    0.00 (Cumulative area) 


Net: data_out7_reg\[31\]
  Pin: hold4298/A (sky130_fd_sc_hd__dlygate4sd3_1)
    Layer: met2
      Partial area ratio:    1.17
      Required ratio:    0.00 (Gate area) 
      Partial area ratio:    6.18
      Required ratio: 3119.36 (Side area) 
      Cumulative area ratio:  105.74
      Required ratio:    0.00 (Cumulative area) 
      Cumulative area ratio:  534.46
      Required ratio:    0.00 (Cumulative side area) 

    Layer: met1
      Partial area ratio:  104.57
      Required ratio:    0.00 (Gate area) 
      Partial area ratio:  528.28
      Required ratio:  400.00 (Side area) (VIOLATED)
      Cumulative area ratio:  104.57
      Required ratio:    0.00 (Cumulative area) 
      Cumulative area ratio:  528.28
      Required ratio:    0.00 (Cumulative side area) 

    Layer: li1
      Partial area ratio:    0.00
      Required ratio:    0.00 (Gate area) 
      Partial area ratio:    0.00
      Required ratio:   75.00 (Side area) 
      Cumulative area ratio:    0.00
      Required ratio:    0.00 (Cumulative area) 
      Cumulative area ratio:    0.00
      Required ratio:    0.00 (Cumulative side area) 

    Via: M1M2_PR
      Partial area ratio:    0.54
      Required ratio:    6.00 (Gate area) 
      Cumulative area ratio:    0.77
      Required ratio:    0.00 (Cumulative area) 

    Via: L1M1_PR
      Partial area ratio:    0.23
      Required ratio:    3.00 (Gate area) 
      Cumulative area ratio:    0.23
      Required ratio:    0.00 (Cumulative area) 

  Pin: ANTENNA_hold4298_A/DIODE (sky130_fd_sc_hd__diode_2)
    Layer: met2
      Partial area ratio:    1.17
      Required ratio:    0.00 (Gate area) 
      Partial area ratio:    6.18
      Required ratio: 3119.36 (Side area) 
      Cumulative area ratio:  106.97
      Required ratio:    0.00 (Cumulative area) 
      Cumulative area ratio:  540.84
      Required ratio:    0.00 (Cumulative side area) 

    Layer: met1
      Partial area ratio:    1.23
      Required ratio:    0.00 (Gate area) 
      Partial area ratio:    6.38
      Required ratio: 2773.88 (Side area) 
      Cumulative area ratio:    1.23
      Required ratio:    0.00 (Cumulative area) 
      Cumulative area ratio:    6.38
      Required ratio:    0.00 (Cumulative side area) 

    Layer: li1
      Partial area ratio:    0.00
      Required ratio:    0.00 (Gate area) 
      Partial area ratio:    0.00
      Required ratio:  270.62 (Side area) 
      Cumulative area ratio:    0.00
      Required ratio:    0.00 (Cumulative area) 
      Cumulative area ratio:    0.00
      Required ratio:    0.00 (Cumulative side area) 

    Via: M1M2_PR
      Partial area ratio:    0.05
      Required ratio:    6.00 (Gate area) 
      Cumulative area ratio:    0.12
      Required ratio:    0.00 (Cumulative area) 

    Via: L1M1_PR
      Partial area ratio:    0.07
      Required ratio:    3.00 (Gate area) 
      Cumulative area ratio:    0.07
      Required ratio:    0.00 (Cumulative area) 

  Pin: ANTENNA__20748__A1/DIODE (sky130_fd_sc_hd__diode_2)
    Layer: met2
      Partial area ratio:    1.17
      Required ratio:    0.00 (Gate area) 
      Partial area ratio:    6.18
      Required ratio: 3119.36 (Side area) 
      Cumulative area ratio:  105.74
      Required ratio:    0.00 (Cumulative area) 
      Cumulative area ratio:  534.46
      Required ratio:    0.00 (Cumulative side area) 

    Layer: met1
      Partial area ratio:    0.00
      Required ratio:    0.00 (Gate area) 
      Partial area ratio:    0.00
      Required ratio: 2773.88 (Side area) 
      Cumulative area ratio:    0.00
      Required ratio:    0.00 (Cumulative area) 
      Cumulative area ratio:    0.00
      Required ratio:    0.00 (Cumulative side area) 

    Layer: li1
      Partial area ratio:    0.00
      Required ratio:    0.00 (Gate area) 
      Partial area ratio:    0.00
      Required ratio:  270.62 (Side area) 
      Cumulative area ratio:    0.00
      Required ratio:    0.00 (Cumulative area) 
      Cumulative area ratio:    0.00
      Required ratio:    0.00 (Cumulative side area) 

    Via: M1M2_PR
      Partial area ratio:    0.05
      Required ratio:    6.00 (Gate area) 
      Cumulative area ratio:    0.12
      Required ratio:    0.00 (Cumulative area) 

    Via: L1M1_PR
      Partial area ratio:    0.07
      Required ratio:    3.00 (Gate area) 
      Cumulative area ratio:    0.07
      Required ratio:    0.00 (Cumulative area) 

  Pin: _20748_/A1 (sky130_fd_sc_hd__a22o_1)
    Layer: met2
      Partial area ratio:    1.17
      Required ratio:    0.00 (Gate area) 
      Partial area ratio:    6.18
      Required ratio: 3119.36 (Side area) 
      Cumulative area ratio:  109.22
      Required ratio:    0.00 (Cumulative area) 
      Cumulative area ratio:  553.07
      Required ratio:    0.00 (Cumulative side area) 

    Layer: met1
      Partial area ratio:    3.48
      Required ratio:    0.00 (Gate area) 
      Partial area ratio:   18.61
      Required ratio:  400.00 (Side area) 
      Cumulative area ratio:    3.48
      Required ratio:    0.00 (Cumulative area) 
      Cumulative area ratio:   18.61
      Required ratio:    0.00 (Cumulative side area) 

    Layer: li1
      Partial area ratio:    0.00
      Required ratio:    0.00 (Gate area) 
      Partial area ratio:    0.00
      Required ratio:   75.00 (Side area) 
      Cumulative area ratio:    0.00
      Required ratio:    0.00 (Cumulative area) 
      Cumulative area ratio:    0.00
      Required ratio:    0.00 (Cumulative side area) 

    Via: M1M2_PR
      Partial area ratio:    0.09
      Required ratio:    6.00 (Gate area) 
      Cumulative area ratio:    0.21
      Required ratio:    0.00 (Cumulative area) 

    Via: L1M1_PR
      Partial area ratio:    0.12
      Required ratio:    3.00 (Gate area) 
      Cumulative area ratio:    0.12
      Required ratio:    0.00 (Cumulative area) 


Net: net77
  Pin: _33451_/A0 (sky130_fd_sc_hd__mux2_1)
    Layer: met3
      Partial area ratio:  119.32
      Required ratio:    0.00 (Gate area) 
      Partial area ratio:  638.09
      Required ratio: 3304.16 (Side area) 
      Cumulative area ratio:  223.38
      Required ratio:    0.00 (Cumulative area) 
      Cumulative area ratio: 1166.28
      Required ratio:    0.00 (Cumulative side area) 

    Layer: met2
      Partial area ratio:    0.54
      Required ratio:    0.00 (Gate area) 
      Partial area ratio:    3.03
      Required ratio: 2773.88 (Side area) 
      Cumulative area ratio:   90.89
      Required ratio:    0.00 (Cumulative area) 
      Cumulative area ratio:  459.48
      Required ratio:    0.00 (Cumulative side area) 

    Layer: met1
      Partial area ratio:   90.36
      Required ratio:    0.00 (Gate area) 
      Partial area ratio:  456.44
      Required ratio:  400.00 (Side area) (VIOLATED)
      Cumulative area ratio:   90.36
      Required ratio:    0.00 (Cumulative area) 
      Cumulative area ratio:  456.44
      Required ratio:    0.00 (Cumulative side area) 

    Layer: li1
      Partial area ratio:    0.00
      Required ratio:    0.00 (Gate area) 
      Partial area ratio:    0.00
      Required ratio:   75.00 (Side area) 
      Cumulative area ratio:    0.00
      Required ratio:    0.00 (Cumulative area) 
      Cumulative area ratio:    0.00
      Required ratio:    0.00 (Cumulative side area) 

    Via: M2M3_PR
      Partial area ratio:    0.07
      Required ratio:    6.00 (Gate area) 
      Cumulative area ratio:    0.66
      Required ratio:    0.00 (Cumulative area) 

    Via: M1M2_PR
      Partial area ratio:    0.36
      Required ratio:    6.00 (Gate area) 
      Cumulative area ratio:    0.59
      Required ratio:    0.00 (Cumulative area) 

    Via: L1M1_PR
      Partial area ratio:    0.23
      Required ratio:    3.00 (Gate area) 
      Cumulative area ratio:    0.23
      Required ratio:    0.00 (Cumulative area) 

  Pin: ANTENNA__33451__A0/DIODE (sky130_fd_sc_hd__diode_2)
    Layer: met3
      Partial area ratio:  119.32
      Required ratio:    0.00 (Gate area) 
      Partial area ratio:  638.09
      Required ratio: 3304.16 (Side area) 
      Cumulative area ratio:  225.06
      Required ratio:    0.00 (Cumulative area) 
      Cumulative area ratio: 1174.88
      Required ratio:    0.00 (Cumulative side area) 

    Layer: met2
      Partial area ratio:    0.54
      Required ratio:    0.00 (Gate area) 
      Partial area ratio:    3.03
      Required ratio: 2773.88 (Side area) 
      Cumulative area ratio:   92.57
      Required ratio:    0.00 (Cumulative area) 
      Cumulative area ratio:  468.08
      Required ratio:    0.00 (Cumulative side area) 

    Layer: met1
      Partial area ratio:    1.67
      Required ratio:    0.00 (Gate area) 
      Partial area ratio:    8.60
      Required ratio: 2773.88 (Side area) 
      Cumulative area ratio:    1.67
      Required ratio:    0.00 (Cumulative area) 
      Cumulative area ratio:    8.60
      Required ratio:    0.00 (Cumulative side area) 

    Layer: li1
      Partial area ratio:    0.00
      Required ratio:    0.00 (Gate area) 
      Partial area ratio:    0.00
      Required ratio:  270.62 (Side area) 
      Cumulative area ratio:    0.00
      Required ratio:    0.00 (Cumulative area) 
      Cumulative area ratio:    0.00
      Required ratio:    0.00 (Cumulative side area) 

    Via: M2M3_PR
      Partial area ratio:    0.07
      Required ratio:    6.00 (Gate area) 
      Cumulative area ratio:    0.55
      Required ratio:    0.00 (Cumulative area) 

    Via: M1M2_PR
      Partial area ratio:    0.05
      Required ratio:    6.00 (Gate area) 
      Cumulative area ratio:    0.12
      Required ratio:    0.00 (Cumulative area) 

    Via: L1M1_PR
      Partial area ratio:    0.07
      Required ratio:    3.00 (Gate area) 
      Cumulative area ratio:    0.07
      Required ratio:    0.00 (Cumulative area) 

  Pin: _33918_/A0 (sky130_fd_sc_hd__mux2_1)
    Layer: met3
      Partial area ratio:  119.32
      Required ratio:    0.00 (Gate area) 
      Partial area ratio:  638.09
      Required ratio: 3304.16 (Side area) 
      Cumulative area ratio:  132.49
      Required ratio:    0.00 (Cumulative area) 
      Cumulative area ratio:  706.80
      Required ratio:    0.00 (Cumulative side area) 

    Layer: met2
      Partial area ratio:    0.57
      Required ratio:    0.00 (Gate area) 
      Partial area ratio:    3.38
      Required ratio: 2773.88 (Side area) 
      Cumulative area ratio:   13.17
      Required ratio:    0.00 (Cumulative area) 
      Cumulative area ratio:   68.72
      Required ratio:    0.00 (Cumulative side area) 

    Layer: met1
      Partial area ratio:   12.60
      Required ratio:    0.00 (Gate area) 
      Partial area ratio:   65.33
      Required ratio:  400.00 (Side area) 
      Cumulative area ratio:   12.60
      Required ratio:    0.00 (Cumulative area) 
      Cumulative area ratio:   65.33
      Required ratio:    0.00 (Cumulative side area) 

    Layer: li1
      Partial area ratio:    0.00
      Required ratio:    0.00 (Gate area) 
      Partial area ratio:    0.00
      Required ratio:   75.00 (Side area) 
      Cumulative area ratio:    0.00
      Required ratio:    0.00 (Cumulative area) 
      Cumulative area ratio:    0.00
      Required ratio:    0.00 (Cumulative side area) 

    Via: M2M3_PR
      Partial area ratio:    0.14
      Required ratio:    6.00 (Gate area) 
      Cumulative area ratio:    0.73
      Required ratio:    0.00 (Cumulative area) 

    Via: M1M2_PR
      Partial area ratio:    0.36
      Required ratio:    6.00 (Gate area) 
      Cumulative area ratio:    0.59
      Required ratio:    0.00 (Cumulative area) 

    Via: L1M1_PR
      Partial area ratio:    0.23
      Required ratio:    3.00 (Gate area) 
      Cumulative area ratio:    0.23
      Required ratio:    0.00 (Cumulative area) 

  Pin: ANTENNA__33918__A0/DIODE (sky130_fd_sc_hd__diode_2)
    Layer: met3
      Partial area ratio:  119.32
      Required ratio:    0.00 (Gate area) 
      Partial area ratio:  638.09
      Required ratio: 3304.16 (Side area) 
      Cumulative area ratio:  133.28
      Required ratio:    0.00 (Cumulative area) 
      Cumulative area ratio:  710.96
      Required ratio:    0.00 (Cumulative side area) 

    Layer: met2
      Partial area ratio:    0.57
      Required ratio:    0.00 (Gate area) 
      Partial area ratio:    3.38
      Required ratio: 2773.88 (Side area) 
      Cumulative area ratio:    1.36
      Required ratio:    0.00 (Cumulative area) 
      Cumulative area ratio:    7.54
      Required ratio:    0.00 (Cumulative side area) 

    Layer: met1
      Partial area ratio:    0.79
      Required ratio:    0.00 (Gate area) 
      Partial area ratio:    4.15
      Required ratio: 2773.88 (Side area) 
      Cumulative area ratio:    0.79
      Required ratio:    0.00 (Cumulative area) 
      Cumulative area ratio:    4.15
      Required ratio:    0.00 (Cumulative side area) 

    Layer: li1
      Partial area ratio:    0.00
      Required ratio:    0.00 (Gate area) 
      Partial area ratio:    0.00
      Required ratio:  270.62 (Side area) 
      Cumulative area ratio:    0.00
      Required ratio:    0.00 (Cumulative area) 
      Cumulative area ratio:    0.00
      Required ratio:    0.00 (Cumulative side area) 

    Via: M2M3_PR
      Partial area ratio:    0.14
      Required ratio:    6.00 (Gate area) 
      Cumulative area ratio:    0.26
      Required ratio:    0.00 (Cumulative area) 

    Via: M1M2_PR
      Partial area ratio:    0.05
      Required ratio:    6.00 (Gate area) 
      Cumulative area ratio:    0.12
      Required ratio:    0.00 (Cumulative area) 

    Via: L1M1_PR
      Partial area ratio:    0.07
      Required ratio:    3.00 (Gate area) 
      Cumulative area ratio:    0.07
      Required ratio:    0.00 (Cumulative area) 


Net: net86
  Pin: ANTENNA__30577__B1/DIODE (sky130_fd_sc_hd__diode_2)
    Layer: met2
      Partial area ratio:    1.17
      Required ratio:    0.00 (Gate area) 
      Partial area ratio:    6.27
      Required ratio: 3130.28 (Side area) 
      Cumulative area ratio:    1.17
      Required ratio:    0.00 (Cumulative area) 
      Cumulative area ratio:    6.27
      Required ratio:    0.00 (Cumulative side area) 

    Layer: met1
      Partial area ratio:    0.00
      Required ratio:    0.00 (Gate area) 
      Partial area ratio:    0.00
      Required ratio: 2773.88 (Side area) 
      Cumulative area ratio:    0.00
      Required ratio:    0.00 (Cumulative area) 
      Cumulative area ratio:    0.00
      Required ratio:    0.00 (Cumulative side area) 

    Layer: li1
      Partial area ratio:    0.00
      Required ratio:    0.00 (Gate area) 
      Partial area ratio:    0.00
      Required ratio:  270.62 (Side area) 
      Cumulative area ratio:    0.00
      Required ratio:    0.00 (Cumulative area) 
      Cumulative area ratio:    0.00
      Required ratio:    0.00 (Cumulative side area) 

    Layer: met3
      Partial area ratio:    3.62
      Required ratio:    0.00 (Gate area) 
      Partial area ratio:   20.02
      Required ratio: 3304.16 (Side area) 
      Cumulative area ratio:    4.79
      Required ratio:    0.00 (Cumulative area) 
      Cumulative area ratio:   26.29
      Required ratio:    0.00 (Cumulative side area) 

    Layer: met4
      Partial area ratio:   17.09
      Required ratio:    0.00 (Gate area) 
      Partial area ratio:   91.37
      Required ratio: 3478.04 (Side area) 
      Cumulative area ratio:   21.88
      Required ratio:    0.00 (Cumulative area) 
      Cumulative area ratio:  117.66
      Required ratio:    0.00 (Cumulative side area) 

    Via: M2M3_PR
      Partial area ratio:    0.06
      Required ratio:    6.00 (Gate area) 
      Cumulative area ratio:    0.18
      Required ratio:    0.00 (Cumulative area) 

    Via: M1M2_PR
      Partial area ratio:    0.05
      Required ratio:    6.00 (Gate area) 
      Cumulative area ratio:    0.12
      Required ratio:    0.00 (Cumulative area) 

    Via: L1M1_PR
      Partial area ratio:    0.07
      Required ratio:    3.00 (Gate area) 
      Cumulative area ratio:    0.07
      Required ratio:    0.00 (Cumulative area) 

    Via: M3M4_PR
      Partial area ratio:    0.03
      Required ratio:    6.00 (Gate area) 
      Cumulative area ratio:    0.21
      Required ratio:    0.00 (Cumulative area) 

  Pin: ANTENNA__33663__B/DIODE (sky130_fd_sc_hd__diode_2)
    Layer: met4
      Partial area ratio:   17.09
      Required ratio:    0.00 (Gate area) 
      Partial area ratio:   91.37
      Required ratio: 3478.04 (Side area) 
      Cumulative area ratio:   19.11
      Required ratio:    0.00 (Cumulative area) 
      Cumulative area ratio:  102.76
      Required ratio:    0.00 (Cumulative side area) 

    Layer: met3
      Partial area ratio:    0.23
      Required ratio:    0.00 (Gate area) 
      Partial area ratio:    1.95
      Required ratio: 2773.88 (Side area) 
      Cumulative area ratio:    2.02
      Required ratio:    0.00 (Cumulative area) 
      Cumulative area ratio:   11.39
      Required ratio:    0.00 (Cumulative side area) 

    Layer: met2
      Partial area ratio:    1.00
      Required ratio:    0.00 (Gate area) 
      Partial area ratio:    5.28
      Required ratio: 2773.88 (Side area) 
      Cumulative area ratio:    1.79
      Required ratio:    0.00 (Cumulative area) 
      Cumulative area ratio:    9.44
      Required ratio:    0.00 (Cumulative side area) 

    Layer: met1
      Partial area ratio:    0.79
      Required ratio:    0.00 (Gate area) 
      Partial area ratio:    4.15
      Required ratio: 2773.88 (Side area) 
      Cumulative area ratio:    0.79
      Required ratio:    0.00 (Cumulative area) 
      Cumulative area ratio:    4.15
      Required ratio:    0.00 (Cumulative side area) 

    Layer: li1
      Partial area ratio:    0.00
      Required ratio:    0.00 (Gate area) 
      Partial area ratio:    0.00
      Required ratio:  270.62 (Side area) 
      Cumulative area ratio:    0.00
      Required ratio:    0.00 (Cumulative area) 
      Cumulative area ratio:    0.00
      Required ratio:    0.00 (Cumulative side area) 

    Via: M3M4_PR
      Partial area ratio:    0.06
      Required ratio:    6.00 (Gate area) 
      Cumulative area ratio:    0.24
      Required ratio:    0.00 (Cumulative area) 

    Via: M2M3_PR
      Partial area ratio:    0.06
      Required ratio:    6.00 (Gate area) 
      Cumulative area ratio:    0.18
      Required ratio:    0.00 (Cumulative area) 

    Via: M1M2_PR
      Partial area ratio:    0.05
      Required ratio:    6.00 (Gate area) 
      Cumulative area ratio:    0.12
      Required ratio:    0.00 (Cumulative area) 

    Via: L1M1_PR
      Partial area ratio:    0.07
      Required ratio:    3.00 (Gate area) 
      Cumulative area ratio:    0.07
      Required ratio:    0.00 (Cumulative area) 

  Pin: _33663_/B (sky130_fd_sc_hd__nand2_1)
    Layer: met4
      Partial area ratio:   17.09
      Required ratio:    0.00 (Gate area) 
      Partial area ratio:   91.37
      Required ratio: 3478.04 (Side area) 
      Cumulative area ratio:   18.32
      Required ratio:    0.00 (Cumulative area) 
      Cumulative area ratio:   98.61
      Required ratio:    0.00 (Cumulative side area) 

    Layer: met3
      Partial area ratio:    0.23
      Required ratio:    0.00 (Gate area) 
      Partial area ratio:    1.95
      Required ratio: 2773.88 (Side area) 
      Cumulative area ratio:    1.23
      Required ratio:    0.00 (Cumulative area) 
      Cumulative area ratio:    7.23
      Required ratio:    0.00 (Cumulative side area) 

    Layer: met2
      Partial area ratio:    1.00
      Required ratio:    0.00 (Gate area) 
      Partial area ratio:    5.28
      Required ratio: 2773.88 (Side area) 
      Cumulative area ratio:    1.00
      Required ratio:    0.00 (Cumulative area) 
      Cumulative area ratio:    5.28
      Required ratio:    0.00 (Cumulative side area) 

    Layer: met1
      Partial area ratio:    0.00
      Required ratio:    0.00 (Gate area) 
      Partial area ratio:    0.00
      Required ratio:  400.00 (Side area) 
      Cumulative area ratio:    0.00
      Required ratio:    0.00 (Cumulative area) 
      Cumulative area ratio:    0.00
      Required ratio:    0.00 (Cumulative side area) 

    Layer: li1
      Partial area ratio:    0.00
      Required ratio:    0.00 (Gate area) 
      Partial area ratio:    0.00
      Required ratio:   75.00 (Side area) 
      Cumulative area ratio:    0.00
      Required ratio:    0.00 (Cumulative area) 
      Cumulative area ratio:    0.00
      Required ratio:    0.00 (Cumulative side area) 

    Via: M3M4_PR
      Partial area ratio:    0.06
      Required ratio:    6.00 (Gate area) 
      Cumulative area ratio:    0.32
      Required ratio:    0.00 (Cumulative area) 

    Via: M2M3_PR
      Partial area ratio:    0.06
      Required ratio:    6.00 (Gate area) 
      Cumulative area ratio:    0.27
      Required ratio:    0.00 (Cumulative area) 

    Via: M1M2_PR
      Partial area ratio:    0.09
      Required ratio:    6.00 (Gate area) 
      Cumulative area ratio:    0.21
      Required ratio:    0.00 (Cumulative area) 

    Via: L1M1_PR
      Partial area ratio:    0.12
      Required ratio:    3.00 (Gate area) 
      Cumulative area ratio:    0.12
      Required ratio:    0.00 (Cumulative area) 

  Pin: ANTENNA__33501__A2/DIODE (sky130_fd_sc_hd__diode_2)
    Layer: met3
      Partial area ratio:    3.62
      Required ratio:    0.00 (Gate area) 
      Partial area ratio:   20.02
      Required ratio: 3304.16 (Side area) 
      Cumulative area ratio:   10.94
      Required ratio:    0.00 (Cumulative area) 
      Cumulative area ratio:   57.58
      Required ratio:    0.00 (Cumulative side area) 

    Layer: met2
      Partial area ratio:    6.98
      Required ratio:    0.00 (Gate area) 
      Partial area ratio:   35.63
      Required ratio: 2773.88 (Side area) 
      Cumulative area ratio:    7.32
      Required ratio:    0.00 (Cumulative area) 
      Cumulative area ratio:   37.56
      Required ratio:    0.00 (Cumulative side area) 

    Layer: met4
      Partial area ratio:   17.09
      Required ratio:    0.00 (Gate area) 
      Partial area ratio:   91.37
      Required ratio: 3478.04 (Side area) 
      Cumulative area ratio:   28.03
      Required ratio:    0.00 (Cumulative area) 
      Cumulative area ratio:  148.95
      Required ratio:    0.00 (Cumulative side area) 

    Layer: met1
      Partial area ratio:    0.34
      Required ratio:    0.00 (Gate area) 
      Partial area ratio:    1.93
      Required ratio: 2773.88 (Side area) 
      Cumulative area ratio:    0.34
      Required ratio:    0.00 (Cumulative area) 
      Cumulative area ratio:    1.93
      Required ratio:    0.00 (Cumulative side area) 

    Layer: li1
      Partial area ratio:    0.00
      Required ratio:    0.00 (Gate area) 
      Partial area ratio:    0.00
      Required ratio:  270.62 (Side area) 
      Cumulative area ratio:    0.00
      Required ratio:    0.00 (Cumulative area) 
      Cumulative area ratio:    0.00
      Required ratio:    0.00 (Cumulative side area) 

    Via: M3M4_PR
      Partial area ratio:    0.03
      Required ratio:    6.00 (Gate area) 
      Cumulative area ratio:    0.26
      Required ratio:    0.00 (Cumulative area) 

    Via: M2M3_PR
      Partial area ratio:    0.12
      Required ratio:    6.00 (Gate area) 
      Cumulative area ratio:    0.24
      Required ratio:    0.00 (Cumulative area) 

    Via: M1M2_PR
      Partial area ratio:    0.05
      Required ratio:    6.00 (Gate area) 
      Cumulative area ratio:    0.12
      Required ratio:    0.00 (Cumulative area) 

    Via: L1M1_PR
      Partial area ratio:    0.07
      Required ratio:    3.00 (Gate area) 
      Cumulative area ratio:    0.07
      Required ratio:    0.00 (Cumulative area) 

  Pin: _33501_/A2 (sky130_fd_sc_hd__a21o_1)
    Layer: met3
      Partial area ratio:    3.62
      Required ratio:    0.00 (Gate area) 
      Partial area ratio:   20.02
      Required ratio: 3304.16 (Side area) 
      Cumulative area ratio:   13.80
      Required ratio:    0.00 (Cumulative area) 
      Cumulative area ratio:   72.05
      Required ratio:    0.00 (Cumulative side area) 

    Layer: met2
      Partial area ratio:    6.98
      Required ratio:    0.00 (Gate area) 
      Partial area ratio:   35.63
      Required ratio: 2773.88 (Side area) 
      Cumulative area ratio:   10.18
      Required ratio:    0.00 (Cumulative area) 
      Cumulative area ratio:   52.03
      Required ratio:    0.00 (Cumulative side area) 

    Layer: met4
      Partial area ratio:   17.09
      Required ratio:    0.00 (Gate area) 
      Partial area ratio:   91.37
      Required ratio: 3478.04 (Side area) 
      Cumulative area ratio:   30.89
      Required ratio:    0.00 (Cumulative area) 
      Cumulative area ratio:  163.42
      Required ratio:    0.00 (Cumulative side area) 

    Layer: met1
      Partial area ratio:    3.20
      Required ratio:    0.00 (Gate area) 
      Partial area ratio:   16.40
      Required ratio:  400.00 (Side area) 
      Cumulative area ratio:    3.20
      Required ratio:    0.00 (Cumulative area) 
      Cumulative area ratio:   16.40
      Required ratio:    0.00 (Cumulative side area) 

    Layer: li1
      Partial area ratio:    0.00
      Required ratio:    0.00 (Gate area) 
      Partial area ratio:    0.00
      Required ratio:   75.00 (Side area) 
      Cumulative area ratio:    0.00
      Required ratio:    0.00 (Cumulative area) 
      Cumulative area ratio:    0.00
      Required ratio:    0.00 (Cumulative side area) 

    Via: M3M4_PR
      Partial area ratio:    0.03
      Required ratio:    6.00 (Gate area) 
      Cumulative area ratio:    0.35
      Required ratio:    0.00 (Cumulative area) 

    Via: M2M3_PR
      Partial area ratio:    0.12
      Required ratio:    6.00 (Gate area) 
      Cumulative area ratio:    0.32
      Required ratio:    0.00 (Cumulative area) 

    Via: M1M2_PR
      Partial area ratio:    0.09
      Required ratio:    6.00 (Gate area) 
      Cumulative area ratio:    0.21
      Required ratio:    0.00 (Cumulative area) 

    Via: L1M1_PR
      Partial area ratio:    0.12
      Required ratio:    3.00 (Gate area) 
      Cumulative area ratio:    0.12
      Required ratio:    0.00 (Cumulative area) 

  Pin: _30577_/B1 (sky130_fd_sc_hd__o22a_1)
    Layer: met2
      Partial area ratio:    1.17
      Required ratio:    0.00 (Gate area) 
      Partial area ratio:    6.27
      Required ratio: 3130.28 (Side area) 
      Cumulative area ratio:  101.89
      Required ratio:    0.00 (Cumulative area) 
      Cumulative area ratio:  512.65
      Required ratio:    0.00 (Cumulative side area) 

    Layer: met1
      Partial area ratio:  100.72
      Required ratio:    0.00 (Gate area) 
      Partial area ratio:  506.38
      Required ratio:  400.00 (Side area) (VIOLATED)
      Cumulative area ratio:  100.72
      Required ratio:    0.00 (Cumulative area) 
      Cumulative area ratio:  506.38
      Required ratio:    0.00 (Cumulative side area) 

    Layer: met3
      Partial area ratio:    3.62
      Required ratio:    0.00 (Gate area) 
      Partial area ratio:   20.02
      Required ratio: 3304.16 (Side area) 
      Cumulative area ratio:  105.51
      Required ratio:    0.00 (Cumulative area) 
      Cumulative area ratio:  532.66
      Required ratio:    0.00 (Cumulative side area) 

    Layer: met4
      Partial area ratio:   17.09
      Required ratio:    0.00 (Gate area) 
      Partial area ratio:   91.37
      Required ratio: 3478.04 (Side area) 
      Cumulative area ratio:  122.60
      Required ratio:    0.00 (Cumulative area) 
      Cumulative area ratio:  624.04
      Required ratio:    0.00 (Cumulative side area) 

    Layer: li1
      Partial area ratio:    0.00
      Required ratio:    0.00 (Gate area) 
      Partial area ratio:    0.00
      Required ratio:   75.00 (Side area) 
      Cumulative area ratio:    0.00
      Required ratio:    0.00 (Cumulative area) 
      Cumulative area ratio:    0.00
      Required ratio:    0.00 (Cumulative side area) 

    Via: M2M3_PR
      Partial area ratio:    0.06
      Required ratio:    6.00 (Gate area) 
      Cumulative area ratio:    0.36
      Required ratio:    0.00 (Cumulative area) 

    Via: M1M2_PR
      Partial area ratio:    0.18
      Required ratio:    6.00 (Gate area) 
      Cumulative area ratio:    0.30
      Required ratio:    0.00 (Cumulative area) 

    Via: M3M4_PR
      Partial area ratio:    0.03
      Required ratio:    6.00 (Gate area) 
      Cumulative area ratio:    0.39
      Required ratio:    0.00 (Cumulative area) 

    Via: L1M1_PR
      Partial area ratio:    0.12
      Required ratio:    3.00 (Gate area) 
      Cumulative area ratio:    0.12
      Required ratio:    0.00 (Cumulative area) 


Net: net123
  Pin: _33853_/A0 (sky130_fd_sc_hd__mux2_1)
    Layer: met2
      Partial area ratio:   26.79
      Required ratio:    0.00 (Gate area) 
      Partial area ratio:  134.37
      Required ratio: 3304.16 (Side area) 
      Cumulative area ratio:  199.05
      Required ratio:    0.00 (Cumulative area) 
      Cumulative area ratio: 1000.37
      Required ratio:    0.00 (Cumulative side area) 

    Layer: met1
      Partial area ratio:  172.27
      Required ratio:    0.00 (Gate area) 
      Partial area ratio:  866.00
      Required ratio:  400.00 (Side area) (VIOLATED)
      Cumulative area ratio:  172.27
      Required ratio:    0.00 (Cumulative area) 
      Cumulative area ratio:  866.00
      Required ratio:    0.00 (Cumulative side area) 

    Layer: li1
      Partial area ratio:    0.00
      Required ratio:    0.00 (Gate area) 
      Partial area ratio:    0.00
      Required ratio:   75.00 (Side area) 
      Cumulative area ratio:    0.00
      Required ratio:    0.00 (Cumulative area) 
      Cumulative area ratio:    0.00
      Required ratio:    0.00 (Cumulative side area) 

    Via: M1M2_PR
      Partial area ratio:    0.54
      Required ratio:    6.00 (Gate area) 
      Cumulative area ratio:    0.77
      Required ratio:    0.00 (Cumulative area) 

    Via: L1M1_PR
      Partial area ratio:    0.23
      Required ratio:    3.00 (Gate area) 
      Cumulative area ratio:    0.23
      Required ratio:    0.00 (Cumulative area) 

  Pin: _33382_/A0 (sky130_fd_sc_hd__mux2_1)
    Layer: met2
      Partial area ratio:   26.79
      Required ratio:    0.00 (Gate area) 
      Partial area ratio:  134.37
      Required ratio: 3304.16 (Side area) 
      Cumulative area ratio:  201.31
      Required ratio:    0.00 (Cumulative area) 
      Cumulative area ratio: 1011.98
      Required ratio:    0.00 (Cumulative side area) 

    Layer: met1
      Partial area ratio:    2.25
      Required ratio:    0.00 (Gate area) 
      Partial area ratio:   11.61
      Required ratio: 2773.88 (Side area) 
      Cumulative area ratio:    2.25
      Required ratio:    0.00 (Cumulative area) 
      Cumulative area ratio:   11.61
      Required ratio:    0.00 (Cumulative side area) 

    Layer: li1
      Partial area ratio:    0.00
      Required ratio:    0.00 (Gate area) 
      Partial area ratio:    0.00
      Required ratio:   75.00 (Side area) 
      Cumulative area ratio:    0.00
      Required ratio:    0.00 (Cumulative area) 
      Cumulative area ratio:    0.00
      Required ratio:    0.00 (Cumulative side area) 

    Via: M1M2_PR
      Partial area ratio:    0.04
      Required ratio:    6.00 (Gate area) 
      Cumulative area ratio:    0.27
      Required ratio:    0.00 (Cumulative area) 

    Via: L1M1_PR
      Partial area ratio:    0.23
      Required ratio:    3.00 (Gate area) 
      Cumulative area ratio:    0.23
      Required ratio:    0.00 (Cumulative area) 

  Pin: ANTENNA__33382__A0/DIODE (sky130_fd_sc_hd__diode_2)
    Layer: met2
      Partial area ratio:   26.79
      Required ratio:    0.00 (Gate area) 
      Partial area ratio:  134.37
      Required ratio: 3304.16 (Side area) 
      Cumulative area ratio:  201.31
      Required ratio:    0.00 (Cumulative area) 
      Cumulative area ratio: 1011.98
      Required ratio:    0.00 (Cumulative side area) 

    Layer: met1
      Partial area ratio:    2.25
      Required ratio:    0.00 (Gate area) 
      Partial area ratio:   11.61
      Required ratio: 2773.88 (Side area) 
      Cumulative area ratio:    2.25
      Required ratio:    0.00 (Cumulative area) 
      Cumulative area ratio:   11.61
      Required ratio:    0.00 (Cumulative side area) 

    Layer: li1
      Partial area ratio:    0.00
      Required ratio:    0.00 (Gate area) 
      Partial area ratio:    0.00
      Required ratio:  270.62 (Side area) 
      Cumulative area ratio:    0.00
      Required ratio:    0.00 (Cumulative area) 
      Cumulative area ratio:    0.00
      Required ratio:    0.00 (Cumulative side area) 

    Via: M1M2_PR
      Partial area ratio:    0.04
      Required ratio:    6.00 (Gate area) 
      Cumulative area ratio:    0.11
      Required ratio:    0.00 (Cumulative area) 

    Via: L1M1_PR
      Partial area ratio:    0.07
      Required ratio:    3.00 (Gate area) 
      Cumulative area ratio:    0.07
      Required ratio:    0.00 (Cumulative area) 

  Pin: ANTENNA__33853__A0/DIODE (sky130_fd_sc_hd__diode_2)
    Layer: met2
      Partial area ratio:   26.79
      Required ratio:    0.00 (Gate area) 
      Partial area ratio:  134.37
      Required ratio: 3304.16 (Side area) 
      Cumulative area ratio:  199.05
      Required ratio:    0.00 (Cumulative area) 
      Cumulative area ratio: 1000.37
      Required ratio:    0.00 (Cumulative side area) 

    Layer: met1
      Partial area ratio:    0.00
      Required ratio:    0.00 (Gate area) 
      Partial area ratio:    0.00
      Required ratio: 2773.88 (Side area) 
      Cumulative area ratio:    0.00
      Required ratio:    0.00 (Cumulative area) 
      Cumulative area ratio:    0.00
      Required ratio:    0.00 (Cumulative side area) 

    Layer: li1
      Partial area ratio:    0.00
      Required ratio:    0.00 (Gate area) 
      Partial area ratio:    0.00
      Required ratio:  270.62 (Side area) 
      Cumulative area ratio:    0.00
      Required ratio:    0.00 (Cumulative area) 
      Cumulative area ratio:    0.00
      Required ratio:    0.00 (Cumulative side area) 

    Via: M1M2_PR
      Partial area ratio:    0.05
      Required ratio:    6.00 (Gate area) 
      Cumulative area ratio:    0.12
      Required ratio:    0.00 (Cumulative area) 

    Via: L1M1_PR
      Partial area ratio:    0.07
      Required ratio:    3.00 (Gate area) 
      Cumulative area ratio:    0.07
      Required ratio:    0.00 (Cumulative area) 


Net: net721
  Pin: _26067_/A1 (sky130_fd_sc_hd__mux2_1)
    Layer: met3
      Partial area ratio:    6.17
      Required ratio:    0.00 (Gate area) 
      Partial area ratio:   33.18
      Required ratio: 3439.72 (Side area) 
      Cumulative area ratio:  328.71
      Required ratio:    0.00 (Cumulative area) 
      Cumulative area ratio: 1651.67
      Required ratio:    0.00 (Cumulative side area) 

    Layer: met2
      Partial area ratio:    1.90
      Required ratio:    0.00 (Gate area) 
      Partial area ratio:    9.83
      Required ratio: 2773.88 (Side area) 
      Cumulative area ratio:  322.54
      Required ratio:    0.00 (Cumulative area) 
      Cumulative area ratio: 1618.49
      Required ratio:    0.00 (Cumulative side area) 

    Layer: met1
      Partial area ratio:  320.64
      Required ratio:    0.00 (Gate area) 
      Partial area ratio: 1608.67
      Required ratio:  400.00 (Side area) (VIOLATED)
      Cumulative area ratio:  320.64
      Required ratio:    0.00 (Cumulative area) 
      Cumulative area ratio: 1608.67
      Required ratio:    0.00 (Cumulative side area) 

    Layer: li1
      Partial area ratio:    0.00
      Required ratio:    0.00 (Gate area) 
      Partial area ratio:    0.00
      Required ratio:   75.00 (Side area) 
      Cumulative area ratio:    0.00
      Required ratio:    0.00 (Cumulative area) 
      Cumulative area ratio:    0.00
      Required ratio:    0.00 (Cumulative side area) 

    Via: M2M3_PR
      Partial area ratio:    0.07
      Required ratio:    6.00 (Gate area) 
      Cumulative area ratio:    0.66
      Required ratio:    0.00 (Cumulative area) 

    Via: M1M2_PR
      Partial area ratio:    0.36
      Required ratio:    6.00 (Gate area) 
      Cumulative area ratio:    0.59
      Required ratio:    0.00 (Cumulative area) 

    Via: L1M1_PR
      Partial area ratio:    0.23
      Required ratio:    3.00 (Gate area) 
      Cumulative area ratio:    0.23
      Required ratio:    0.00 (Cumulative area) 

  Pin: ANTENNA__26067__A1/DIODE (sky130_fd_sc_hd__diode_2)
    Layer: met3
      Partial area ratio:    6.17
      Required ratio:    0.00 (Gate area) 
      Partial area ratio:   33.18
      Required ratio: 3439.72 (Side area) 
      Cumulative area ratio:  328.71
      Required ratio:    0.00 (Cumulative area) 
      Cumulative area ratio: 1651.67
      Required ratio:    0.00 (Cumulative side area) 

    Layer: met2
      Partial area ratio:    1.90
      Required ratio:    0.00 (Gate area) 
      Partial area ratio:    9.83
      Required ratio: 2773.88 (Side area) 
      Cumulative area ratio:  322.54
      Required ratio:    0.00 (Cumulative area) 
      Cumulative area ratio: 1618.49
      Required ratio:    0.00 (Cumulative side area) 

    Layer: met1
      Partial area ratio:    0.00
      Required ratio:    0.00 (Gate area) 
      Partial area ratio:    0.00
      Required ratio: 2773.88 (Side area) 
      Cumulative area ratio:    0.00
      Required ratio:    0.00 (Cumulative area) 
      Cumulative area ratio:    0.00
      Required ratio:    0.00 (Cumulative side area) 

    Layer: li1
      Partial area ratio:    0.00
      Required ratio:    0.00 (Gate area) 
      Partial area ratio:    0.00
      Required ratio:  270.62 (Side area) 
      Cumulative area ratio:    0.00
      Required ratio:    0.00 (Cumulative area) 
      Cumulative area ratio:    0.00
      Required ratio:    0.00 (Cumulative side area) 

    Via: M2M3_PR
      Partial area ratio:    0.07
      Required ratio:    6.00 (Gate area) 
      Cumulative area ratio:    0.55
      Required ratio:    0.00 (Cumulative area) 

    Via: M1M2_PR
      Partial area ratio:    0.05
      Required ratio:    6.00 (Gate area) 
      Cumulative area ratio:    0.12
      Required ratio:    0.00 (Cumulative area) 

    Via: L1M1_PR
      Partial area ratio:    0.07
      Required ratio:    3.00 (Gate area) 
      Cumulative area ratio:    0.07
      Required ratio:    0.00 (Cumulative area) 

  Pin: _25146_/A (sky130_fd_sc_hd__or2_1)
    Layer: met2
      Partial area ratio:    8.62
      Required ratio:    0.00 (Gate area) 
      Partial area ratio:   43.43
      Required ratio: 3265.84 (Side area) 
      Cumulative area ratio:   13.91
      Required ratio:    0.00 (Cumulative area) 
      Cumulative area ratio:   70.72
      Required ratio:    0.00 (Cumulative side area) 

    Layer: met1
      Partial area ratio:    5.28
      Required ratio:    0.00 (Gate area) 
      Partial area ratio:   27.29
      Required ratio: 2773.88 (Side area) 
      Cumulative area ratio:    5.28
      Required ratio:    0.00 (Cumulative area) 
      Cumulative area ratio:   27.29
      Required ratio:    0.00 (Cumulative side area) 

    Layer: met3
      Partial area ratio:    6.17
      Required ratio:    0.00 (Gate area) 
      Partial area ratio:   33.18
      Required ratio: 3439.72 (Side area) 
      Cumulative area ratio:   20.08
      Required ratio:    0.00 (Cumulative area) 
      Cumulative area ratio:  103.90
      Required ratio:    0.00 (Cumulative side area) 

    Layer: li1
      Partial area ratio:    0.00
      Required ratio:    0.00 (Gate area) 
      Partial area ratio:    0.00
      Required ratio:   75.00 (Side area) 
      Cumulative area ratio:    0.00
      Required ratio:    0.00 (Cumulative area) 
      Cumulative area ratio:    0.00
      Required ratio:    0.00 (Cumulative side area) 

    Via: M2M3_PR
      Partial area ratio:    0.03
      Required ratio:    6.00 (Gate area) 
      Cumulative area ratio:    0.34
      Required ratio:    0.00 (Cumulative area) 

    Via: M1M2_PR
      Partial area ratio:    0.08
      Required ratio:    6.00 (Gate area) 
      Cumulative area ratio:    0.31
      Required ratio:    0.00 (Cumulative area) 

    Via: L1M1_PR
      Partial area ratio:    0.23
      Required ratio:    3.00 (Gate area) 
      Cumulative area ratio:    0.23
      Required ratio:    0.00 (Cumulative area) 

  Pin: ANTENNA__25146__A/DIODE (sky130_fd_sc_hd__diode_2)
    Layer: met2
      Partial area ratio:    8.62
      Required ratio:    0.00 (Gate area) 
      Partial area ratio:   43.43
      Required ratio: 3265.84 (Side area) 
      Cumulative area ratio:   13.91
      Required ratio:    0.00 (Cumulative area) 
      Cumulative area ratio:   70.72
      Required ratio:    0.00 (Cumulative side area) 

    Layer: met1
      Partial area ratio:    5.28
      Required ratio:    0.00 (Gate area) 
      Partial area ratio:   27.29
      Required ratio: 2773.88 (Side area) 
      Cumulative area ratio:    5.28
      Required ratio:    0.00 (Cumulative area) 
      Cumulative area ratio:   27.29
      Required ratio:    0.00 (Cumulative side area) 

    Layer: met3
      Partial area ratio:    6.17
      Required ratio:    0.00 (Gate area) 
      Partial area ratio:   33.18
      Required ratio: 3439.72 (Side area) 
      Cumulative area ratio:   20.08
      Required ratio:    0.00 (Cumulative area) 
      Cumulative area ratio:  103.90
      Required ratio:    0.00 (Cumulative side area) 

    Layer: li1
      Partial area ratio:    0.00
      Required ratio:    0.00 (Gate area) 
      Partial area ratio:    0.00
      Required ratio:  270.62 (Side area) 
      Cumulative area ratio:    0.00
      Required ratio:    0.00 (Cumulative area) 
      Cumulative area ratio:    0.00
      Required ratio:    0.00 (Cumulative side area) 

    Via: M2M3_PR
      Partial area ratio:    0.03
      Required ratio:    6.00 (Gate area) 
      Cumulative area ratio:    0.18
      Required ratio:    0.00 (Cumulative area) 

    Via: M1M2_PR
      Partial area ratio:    0.08
      Required ratio:    6.00 (Gate area) 
      Cumulative area ratio:    0.15
      Required ratio:    0.00 (Cumulative area) 

    Via: L1M1_PR
      Partial area ratio:    0.07
      Required ratio:    3.00 (Gate area) 
      Cumulative area ratio:    0.07
      Required ratio:    0.00 (Cumulative area) 

  Pin: ANTENNA__32603__A2/DIODE (sky130_fd_sc_hd__diode_2)
    Layer: met1
      Partial area ratio:    0.64
      Required ratio:    0.00 (Gate area) 
      Partial area ratio:    3.41
      Required ratio: 2773.88 (Side area) 
      Cumulative area ratio:    0.64
      Required ratio:    0.00 (Cumulative area) 
      Cumulative area ratio:    3.41
      Required ratio:    0.00 (Cumulative side area) 

    Layer: li1
      Partial area ratio:    0.00
      Required ratio:    0.00 (Gate area) 
      Partial area ratio:    0.00
      Required ratio:  270.62 (Side area) 
      Cumulative area ratio:    0.00
      Required ratio:    0.00 (Cumulative area) 
      Cumulative area ratio:    0.00
      Required ratio:    0.00 (Cumulative side area) 

    Via: M1M2_PR
      Partial area ratio:    0.05
      Required ratio:    6.00 (Gate area) 
      Cumulative area ratio:    0.12
      Required ratio:    0.00 (Cumulative area) 

    Via: L1M1_PR
      Partial area ratio:    0.07
      Required ratio:    3.00 (Gate area) 
      Cumulative area ratio:    0.07
      Required ratio:    0.00 (Cumulative area) 

  Pin: _32603_/A2 (sky130_fd_sc_hd__a22o_1)
    Layer: met1
      Partial area ratio:    0.86
      Required ratio:    0.00 (Gate area) 
      Partial area ratio:    4.69
      Required ratio:  400.00 (Side area) 
      Cumulative area ratio:    0.86
      Required ratio:    0.00 (Cumulative area) 
      Cumulative area ratio:    4.69
      Required ratio:    0.00 (Cumulative side area) 

    Layer: li1
      Partial area ratio:    0.00
      Required ratio:    0.00 (Gate area) 
      Partial area ratio:    0.00
      Required ratio:   75.00 (Side area) 
      Cumulative area ratio:    0.00
      Required ratio:    0.00 (Cumulative area) 
      Cumulative area ratio:    0.00
      Required ratio:    0.00 (Cumulative side area) 

    Via: M1M2_PR
      Partial area ratio:    0.09
      Required ratio:    6.00 (Gate area) 
      Cumulative area ratio:    0.21
      Required ratio:    0.00 (Cumulative area) 

    Via: L1M1_PR
      Partial area ratio:    0.12
      Required ratio:    3.00 (Gate area) 
      Cumulative area ratio:    0.12
      Required ratio:    0.00 (Cumulative area) 


Net: net2205
  Pin: _23306_/A1 (sky130_fd_sc_hd__mux2_1)
    Layer: met2
      Partial area ratio:    3.04
      Required ratio:    0.00 (Gate area) 
      Partial area ratio:   15.71
      Required ratio: 2736.24 (Side area) 
      Cumulative area ratio:   87.40
      Required ratio:    0.00 (Cumulative area) 
      Cumulative area ratio:  443.76
      Required ratio:    0.00 (Cumulative side area) 

    Layer: met1
      Partial area ratio:   82.71
      Required ratio:    0.00 (Gate area) 
      Partial area ratio:  419.00
      Required ratio:  400.00 (Side area) (VIOLATED)
      Cumulative area ratio:   82.71
      Required ratio:    0.00 (Cumulative area) 
      Cumulative area ratio:  419.00
      Required ratio:    0.00 (Cumulative side area) 

    Layer: li1
      Partial area ratio:    0.00
      Required ratio:    0.00 (Gate area) 
      Partial area ratio:    0.00
      Required ratio:   75.00 (Side area) 
      Cumulative area ratio:    0.00
      Required ratio:    0.00 (Cumulative area) 
      Cumulative area ratio:    0.00
      Required ratio:    0.00 (Cumulative side area) 

    Via: M1M2_PR
      Partial area ratio:    0.18
      Required ratio:    6.00 (Gate area) 
      Cumulative area ratio:    0.41
      Required ratio:    0.00 (Cumulative area) 

    Via: L1M1_PR
      Partial area ratio:    0.23
      Required ratio:    3.00 (Gate area) 
      Cumulative area ratio:    0.23
      Required ratio:    0.00 (Cumulative area) 

  Pin: _39302_/A2 (sky130_fd_sc_hd__o221a_1)
    Layer: met2
      Partial area ratio:    3.04
      Required ratio:    0.00 (Gate area) 
      Partial area ratio:   15.71
      Required ratio: 2736.24 (Side area) 
      Cumulative area ratio:    4.69
      Required ratio:    0.00 (Cumulative area) 
      Cumulative area ratio:   24.76
      Required ratio:    0.00 (Cumulative side area) 

    Layer: met1
      Partial area ratio:    1.65
      Required ratio:    0.00 (Gate area) 
      Partial area ratio:    9.05
      Required ratio:  400.00 (Side area) 
      Cumulative area ratio:    1.65
      Required ratio:    0.00 (Cumulative area) 
      Cumulative area ratio:    9.05
      Required ratio:    0.00 (Cumulative side area) 

    Layer: li1
      Partial area ratio:    0.00
      Required ratio:    0.00 (Gate area) 
      Partial area ratio:    0.00
      Required ratio:   75.00 (Side area) 
      Cumulative area ratio:    0.00
      Required ratio:    0.00 (Cumulative area) 
      Cumulative area ratio:    0.00
      Required ratio:    0.00 (Cumulative side area) 

    Via: M1M2_PR
      Partial area ratio:    0.18
      Required ratio:    6.00 (Gate area) 
      Cumulative area ratio:    0.30
      Required ratio:    0.00 (Cumulative area) 

    Via: L1M1_PR
      Partial area ratio:    0.12
      Required ratio:    3.00 (Gate area) 
      Cumulative area ratio:    0.12
      Required ratio:    0.00 (Cumulative area) 


Net: net2674
  Pin: _23312_/A1 (sky130_fd_sc_hd__mux2_1)
    Layer: met2
      Partial area ratio:    1.08
      Required ratio:    0.00 (Gate area) 
      Partial area ratio:    5.64
      Required ratio: 3084.00 (Side area) 
      Cumulative area ratio:  110.86
      Required ratio:    0.00 (Cumulative area) 
      Cumulative area ratio:  563.09
      Required ratio:    0.00 (Cumulative side area) 

    Layer: met1
      Partial area ratio:  109.78
      Required ratio:    0.00 (Gate area) 
      Partial area ratio:  557.44
      Required ratio:  400.00 (Side area) (VIOLATED)
      Cumulative area ratio:  109.78
      Required ratio:    0.00 (Cumulative area) 
      Cumulative area ratio:  557.44
      Required ratio:    0.00 (Cumulative side area) 

    Layer: li1
      Partial area ratio:    0.00
      Required ratio:    0.00 (Gate area) 
      Partial area ratio:    0.00
      Required ratio:   75.00 (Side area) 
      Cumulative area ratio:    0.00
      Required ratio:    0.00 (Cumulative area) 
      Cumulative area ratio:    0.00
      Required ratio:    0.00 (Cumulative side area) 

    Via: M1M2_PR
      Partial area ratio:    0.36
      Required ratio:    6.00 (Gate area) 
      Cumulative area ratio:    0.59
      Required ratio:    0.00 (Cumulative area) 

    Via: L1M1_PR
      Partial area ratio:    0.23
      Required ratio:    3.00 (Gate area) 
      Cumulative area ratio:    0.23
      Required ratio:    0.00 (Cumulative area) 

  Pin: ANTENNA__23312__A1/DIODE (sky130_fd_sc_hd__diode_2)
    Layer: met2
      Partial area ratio:    1.08
      Required ratio:    0.00 (Gate area) 
      Partial area ratio:    5.64
      Required ratio: 3084.00 (Side area) 
      Cumulative area ratio:  110.86
      Required ratio:    0.00 (Cumulative area) 
      Cumulative area ratio:  563.09
      Required ratio:    0.00 (Cumulative side area) 

    Layer: met1
      Partial area ratio:    0.00
      Required ratio:    0.00 (Gate area) 
      Partial area ratio:    0.00
      Required ratio: 2773.88 (Side area) 
      Cumulative area ratio:    0.00
      Required ratio:    0.00 (Cumulative area) 
      Cumulative area ratio:    0.00
      Required ratio:    0.00 (Cumulative side area) 

    Layer: li1
      Partial area ratio:    0.00
      Required ratio:    0.00 (Gate area) 
      Partial area ratio:    0.00
      Required ratio:  270.62 (Side area) 
      Cumulative area ratio:    0.00
      Required ratio:    0.00 (Cumulative area) 
      Cumulative area ratio:    0.00
      Required ratio:    0.00 (Cumulative side area) 

    Via: M1M2_PR
      Partial area ratio:    0.05
      Required ratio:    6.00 (Gate area) 
      Cumulative area ratio:    0.12
      Required ratio:    0.00 (Cumulative area) 

    Via: L1M1_PR
      Partial area ratio:    0.07
      Required ratio:    3.00 (Gate area) 
      Cumulative area ratio:    0.07
      Required ratio:    0.00 (Cumulative area) 

  Pin: _39314_/A2 (sky130_fd_sc_hd__o221a_1)
    Layer: met2
      Partial area ratio:    1.08
      Required ratio:    0.00 (Gate area) 
      Partial area ratio:    5.64
      Required ratio: 3084.00 (Side area) 
      Cumulative area ratio:    1.08
      Required ratio:    0.00 (Cumulative area) 
      Cumulative area ratio:    5.64
      Required ratio:    0.00 (Cumulative side area) 

    Layer: met1
      Partial area ratio:    0.00
      Required ratio:    0.00 (Gate area) 
      Partial area ratio:    0.00
      Required ratio:  400.00 (Side area) 
      Cumulative area ratio:    0.00
      Required ratio:    0.00 (Cumulative area) 
      Cumulative area ratio:    0.00
      Required ratio:    0.00 (Cumulative side area) 

    Layer: li1
      Partial area ratio:    0.00
      Required ratio:    0.00 (Gate area) 
      Partial area ratio:    0.00
      Required ratio:   75.00 (Side area) 
      Cumulative area ratio:    0.00
      Required ratio:    0.00 (Cumulative area) 
      Cumulative area ratio:    0.00
      Required ratio:    0.00 (Cumulative side area) 

    Via: M1M2_PR
      Partial area ratio:    0.09
      Required ratio:    6.00 (Gate area) 
      Cumulative area ratio:    0.21
      Required ratio:    0.00 (Cumulative area) 

    Via: L1M1_PR
      Partial area ratio:    0.12
      Required ratio:    3.00 (Gate area) 
      Cumulative area ratio:    0.12
      Required ratio:    0.00 (Cumulative area) 

  Pin: ANTENNA__39314__A2/DIODE (sky130_fd_sc_hd__diode_2)
    Layer: met1
      Partial area ratio:    1.72
      Required ratio:    0.00 (Gate area) 
      Partial area ratio:    9.05
      Required ratio: 2910.12 (Side area) 
      Cumulative area ratio:    1.72
      Required ratio:    0.00 (Cumulative area) 
      Cumulative area ratio:    9.05
      Required ratio:    0.00 (Cumulative side area) 

    Layer: met2
      Partial area ratio:    1.08
      Required ratio:    0.00 (Gate area) 
      Partial area ratio:    5.64
      Required ratio: 3084.00 (Side area) 
      Cumulative area ratio:    2.80
      Required ratio:    0.00 (Cumulative area) 
      Cumulative area ratio:   14.69
      Required ratio:    0.00 (Cumulative side area) 

    Layer: li1
      Partial area ratio:    0.00
      Required ratio:    0.00 (Gate area) 
      Partial area ratio:    0.00
      Required ratio:  270.62 (Side area) 
      Cumulative area ratio:    0.00
      Required ratio:    0.00 (Cumulative area) 
      Cumulative area ratio:    0.00
      Required ratio:    0.00 (Cumulative side area) 

    Via: M1M2_PR
      Partial area ratio:    0.05
      Required ratio:    6.00 (Gate area) 
      Cumulative area ratio:    0.12
      Required ratio:    0.00 (Cumulative area) 

    Via: L1M1_PR
      Partial area ratio:    0.07
      Required ratio:    3.00 (Gate area) 
      Cumulative area ratio:    0.07
      Required ratio:    0.00 (Cumulative area) 


Net: net2855
  Pin: ANTENNA__39261__A2/DIODE (sky130_fd_sc_hd__diode_2)
    Layer: met2
      Partial area ratio:    1.24
      Required ratio:    0.00 (Gate area) 
      Partial area ratio:    6.48
      Required ratio: 3119.36 (Side area) 
      Cumulative area ratio:    2.03
      Required ratio:    0.00 (Cumulative area) 
      Cumulative area ratio:   10.64
      Required ratio:    0.00 (Cumulative side area) 

    Layer: met1
      Partial area ratio:    0.79
      Required ratio:    0.00 (Gate area) 
      Partial area ratio:    4.15
      Required ratio: 2773.88 (Side area) 
      Cumulative area ratio:    0.79
      Required ratio:    0.00 (Cumulative area) 
      Cumulative area ratio:    4.15
      Required ratio:    0.00 (Cumulative side area) 

    Layer: li1
      Partial area ratio:    0.00
      Required ratio:    0.00 (Gate area) 
      Partial area ratio:    0.00
      Required ratio:  270.62 (Side area) 
      Cumulative area ratio:    0.00
      Required ratio:    0.00 (Cumulative area) 
      Cumulative area ratio:    0.00
      Required ratio:    0.00 (Cumulative side area) 

    Via: M1M2_PR
      Partial area ratio:    0.05
      Required ratio:    6.00 (Gate area) 
      Cumulative area ratio:    0.12
      Required ratio:    0.00 (Cumulative area) 

    Via: L1M1_PR
      Partial area ratio:    0.07
      Required ratio:    3.00 (Gate area) 
      Cumulative area ratio:    0.07
      Required ratio:    0.00 (Cumulative area) 

  Pin: _23283_/A1 (sky130_fd_sc_hd__mux2_1)
    Layer: met2
      Partial area ratio:    1.24
      Required ratio:    0.00 (Gate area) 
      Partial area ratio:    6.48
      Required ratio: 3119.36 (Side area) 
      Cumulative area ratio:  113.60
      Required ratio:    0.00 (Cumulative area) 
      Cumulative area ratio:  571.41
      Required ratio:    0.00 (Cumulative side area) 

    Layer: met1
      Partial area ratio:   97.93
      Required ratio:    0.00 (Gate area) 
      Partial area ratio:  491.22
      Required ratio:  400.00 (Side area) (VIOLATED)
      Cumulative area ratio:   97.93
      Required ratio:    0.00 (Cumulative area) 
      Cumulative area ratio:  491.22
      Required ratio:    0.00 (Cumulative side area) 

    Layer: li1
      Partial area ratio:    0.00
      Required ratio:    0.00 (Gate area) 
      Partial area ratio:    0.00
      Required ratio:   75.00 (Side area) 
      Cumulative area ratio:    0.00
      Required ratio:    0.00 (Cumulative area) 
      Cumulative area ratio:    0.00
      Required ratio:    0.00 (Cumulative side area) 

    Via: M1M2_PR
      Partial area ratio:    0.36
      Required ratio:    6.00 (Gate area) 
      Cumulative area ratio:    0.59
      Required ratio:    0.00 (Cumulative area) 

    Via: L1M1_PR
      Partial area ratio:    0.23
      Required ratio:    3.00 (Gate area) 
      Cumulative area ratio:    0.23
      Required ratio:    0.00 (Cumulative area) 

  Pin: ANTENNA__23283__A1/DIODE (sky130_fd_sc_hd__diode_2)
    Layer: met2
      Partial area ratio:    1.24
      Required ratio:    0.00 (Gate area) 
      Partial area ratio:    6.48
      Required ratio: 3119.36 (Side area) 
      Cumulative area ratio:  113.60
      Required ratio:    0.00 (Cumulative area) 
      Cumulative area ratio:  571.41
      Required ratio:    0.00 (Cumulative side area) 

    Layer: met1
      Partial area ratio:    0.00
      Required ratio:    0.00 (Gate area) 
      Partial area ratio:    0.00
      Required ratio: 2773.88 (Side area) 
      Cumulative area ratio:    0.00
      Required ratio:    0.00 (Cumulative area) 
      Cumulative area ratio:    0.00
      Required ratio:    0.00 (Cumulative side area) 

    Layer: li1
      Partial area ratio:    0.00
      Required ratio:    0.00 (Gate area) 
      Partial area ratio:    0.00
      Required ratio:  270.62 (Side area) 
      Cumulative area ratio:    0.00
      Required ratio:    0.00 (Cumulative area) 
      Cumulative area ratio:    0.00
      Required ratio:    0.00 (Cumulative side area) 

    Via: M1M2_PR
      Partial area ratio:    0.05
      Required ratio:    6.00 (Gate area) 
      Cumulative area ratio:    0.12
      Required ratio:    0.00 (Cumulative area) 

    Via: L1M1_PR
      Partial area ratio:    0.07
      Required ratio:    3.00 (Gate area) 
      Cumulative area ratio:    0.07
      Required ratio:    0.00 (Cumulative area) 

  Pin: _39261_/A2 (sky130_fd_sc_hd__o221a_1)
    Layer: met2
      Partial area ratio:    1.24
      Required ratio:    0.00 (Gate area) 
      Partial area ratio:    6.48
      Required ratio: 3119.36 (Side area) 
      Cumulative area ratio:   15.66
      Required ratio:    0.00 (Cumulative area) 
      Cumulative area ratio:   80.19
      Required ratio:    0.00 (Cumulative side area) 

    Layer: met1
      Partial area ratio:   14.42
      Required ratio:    0.00 (Gate area) 
      Partial area ratio:   73.71
      Required ratio:  400.00 (Side area) 
      Cumulative area ratio:   14.42
      Required ratio:    0.00 (Cumulative area) 
      Cumulative area ratio:   73.71
      Required ratio:    0.00 (Cumulative side area) 

    Layer: li1
      Partial area ratio:    0.00
      Required ratio:    0.00 (Gate area) 
      Partial area ratio:    0.00
      Required ratio:   75.00 (Side area) 
      Cumulative area ratio:    0.00
      Required ratio:    0.00 (Cumulative area) 
      Cumulative area ratio:    0.00
      Required ratio:    0.00 (Cumulative side area) 

    Via: M1M2_PR
      Partial area ratio:    0.18
      Required ratio:    6.00 (Gate area) 
      Cumulative area ratio:    0.30
      Required ratio:    0.00 (Cumulative area) 

    Via: L1M1_PR
      Partial area ratio:    0.12
      Required ratio:    3.00 (Gate area) 
      Cumulative area ratio:    0.12
      Required ratio:    0.00 (Cumulative area) 


Net: net2974
  Pin: ANTENNA__27088__A1/DIODE (sky130_fd_sc_hd__diode_2)
    Layer: met2
      Partial area ratio:    3.86
      Required ratio:    0.00 (Gate area) 
      Partial area ratio:   19.91
      Required ratio: 3101.12 (Side area) 
      Cumulative area ratio:  117.23
      Required ratio:    0.00 (Cumulative area) 
      Cumulative area ratio:  594.77
      Required ratio:    0.00 (Cumulative side area) 

    Layer: met1
      Partial area ratio:    1.97
      Required ratio:    0.00 (Gate area) 
      Partial area ratio:   10.08
      Required ratio: 2773.88 (Side area) 
      Cumulative area ratio:    1.97
      Required ratio:    0.00 (Cumulative area) 
      Cumulative area ratio:   10.08
      Required ratio:    0.00 (Cumulative side area) 

    Layer: li1
      Partial area ratio:    0.00
      Required ratio:    0.00 (Gate area) 
      Partial area ratio:    0.00
      Required ratio:  270.62 (Side area) 
      Cumulative area ratio:    0.00
      Required ratio:    0.00 (Cumulative area) 
      Cumulative area ratio:    0.00
      Required ratio:    0.00 (Cumulative side area) 

    Via: M1M2_PR
      Partial area ratio:    0.05
      Required ratio:    6.00 (Gate area) 
      Cumulative area ratio:    0.12
      Required ratio:    0.00 (Cumulative area) 

    Via: L1M1_PR
      Partial area ratio:    0.07
      Required ratio:    3.00 (Gate area) 
      Cumulative area ratio:    0.07
      Required ratio:    0.00 (Cumulative area) 

  Pin: _27088_/A1 (sky130_fd_sc_hd__mux2_1)
    Layer: met2
      Partial area ratio:    3.86
      Required ratio:    0.00 (Gate area) 
      Partial area ratio:   19.91
      Required ratio: 3101.12 (Side area) 
      Cumulative area ratio:  115.26
      Required ratio:    0.00 (Cumulative area) 
      Cumulative area ratio:  584.69
      Required ratio:    0.00 (Cumulative side area) 

    Layer: met1
      Partial area ratio:  111.40
      Required ratio:    0.00 (Gate area) 
      Partial area ratio:  564.78
      Required ratio:  400.00 (Side area) (VIOLATED)
      Cumulative area ratio:  111.40
      Required ratio:    0.00 (Cumulative area) 
      Cumulative area ratio:  564.78
      Required ratio:    0.00 (Cumulative side area) 

    Layer: li1
      Partial area ratio:    0.00
      Required ratio:    0.00 (Gate area) 
      Partial area ratio:    0.00
      Required ratio:   75.00 (Side area) 
      Cumulative area ratio:    0.00
      Required ratio:    0.00 (Cumulative area) 
      Cumulative area ratio:    0.00
      Required ratio:    0.00 (Cumulative side area) 

    Via: M1M2_PR
      Partial area ratio:    0.36
      Required ratio:    6.00 (Gate area) 
      Cumulative area ratio:    0.59
      Required ratio:    0.00 (Cumulative area) 

    Via: L1M1_PR
      Partial area ratio:    0.23
      Required ratio:    3.00 (Gate area) 
      Cumulative area ratio:    0.23
      Required ratio:    0.00 (Cumulative area) 

  Pin: ANTENNA__33732__A2/DIODE (sky130_fd_sc_hd__diode_2)
    Layer: met1
      Partial area ratio:    2.12
      Required ratio:    0.00 (Gate area) 
      Partial area ratio:   11.16
      Required ratio: 2773.88 (Side area) 
      Cumulative area ratio:    2.12
      Required ratio:    0.00 (Cumulative area) 
      Cumulative area ratio:   11.16
      Required ratio:    0.00 (Cumulative side area) 

    Layer: li1
      Partial area ratio:    0.00
      Required ratio:    0.00 (Gate area) 
      Partial area ratio:    0.00
      Required ratio:  270.62 (Side area) 
      Cumulative area ratio:    0.00
      Required ratio:    0.00 (Cumulative area) 
      Cumulative area ratio:    0.00
      Required ratio:    0.00 (Cumulative side area) 

    Via: M1M2_PR
      Partial area ratio:    0.03
      Required ratio:    6.00 (Gate area) 
      Cumulative area ratio:    0.10
      Required ratio:    0.00 (Cumulative area) 

    Via: L1M1_PR
      Partial area ratio:    0.07
      Required ratio:    3.00 (Gate area) 
      Cumulative area ratio:    0.07
      Required ratio:    0.00 (Cumulative area) 

  Pin: _33732_/A2 (sky130_fd_sc_hd__a22o_1)
    Layer: met1
      Partial area ratio:    2.12
      Required ratio:    0.00 (Gate area) 
      Partial area ratio:   11.16
      Required ratio: 2773.88 (Side area) 
      Cumulative area ratio:    2.12
      Required ratio:    0.00 (Cumulative area) 
      Cumulative area ratio:   11.16
      Required ratio:    0.00 (Cumulative side area) 

    Layer: li1
      Partial area ratio:    0.00
      Required ratio:    0.00 (Gate area) 
      Partial area ratio:    0.00
      Required ratio:   75.00 (Side area) 
      Cumulative area ratio:    0.00
      Required ratio:    0.00 (Cumulative area) 
      Cumulative area ratio:    0.00
      Required ratio:    0.00 (Cumulative side area) 

    Via: M1M2_PR
      Partial area ratio:    0.03
      Required ratio:    6.00 (Gate area) 
      Cumulative area ratio:    0.15
      Required ratio:    0.00 (Cumulative area) 

    Via: L1M1_PR
      Partial area ratio:    0.12
      Required ratio:    3.00 (Gate area) 
      Cumulative area ratio:    0.12
      Required ratio:    0.00 (Cumulative area) 


Net: net3591
  Pin: _27152_/A1 (sky130_fd_sc_hd__mux2_1)
    Layer: met2
      Partial area ratio:    1.75
      Required ratio:    0.00 (Gate area) 
      Partial area ratio:    9.06
      Required ratio: 3101.12 (Side area) 
      Cumulative area ratio:  190.04
      Required ratio:    0.00 (Cumulative area) 
      Cumulative area ratio:  956.72
      Required ratio:    0.00 (Cumulative side area) 

    Layer: met1
      Partial area ratio:  188.29
      Required ratio:    0.00 (Gate area) 
      Partial area ratio:  947.67
      Required ratio:  400.00 (Side area) (VIOLATED)
      Cumulative area ratio:  188.29
      Required ratio:    0.00 (Cumulative area) 
      Cumulative area ratio:  947.67
      Required ratio:    0.00 (Cumulative side area) 

    Layer: li1
      Partial area ratio:    0.00
      Required ratio:    0.00 (Gate area) 
      Partial area ratio:    0.00
      Required ratio:   75.00 (Side area) 
      Cumulative area ratio:    0.00
      Required ratio:    0.00 (Cumulative area) 
      Cumulative area ratio:    0.00
      Required ratio:    0.00 (Cumulative side area) 

    Via: M1M2_PR
      Partial area ratio:    0.36
      Required ratio:    6.00 (Gate area) 
      Cumulative area ratio:    0.59
      Required ratio:    0.00 (Cumulative area) 

    Via: L1M1_PR
      Partial area ratio:    0.23
      Required ratio:    3.00 (Gate area) 
      Cumulative area ratio:    0.23
      Required ratio:    0.00 (Cumulative area) 

  Pin: ANTENNA__27152__A1/DIODE (sky130_fd_sc_hd__diode_2)
    Layer: met2
      Partial area ratio:    1.75
      Required ratio:    0.00 (Gate area) 
      Partial area ratio:    9.06
      Required ratio: 3101.12 (Side area) 
      Cumulative area ratio:  191.42
      Required ratio:    0.00 (Cumulative area) 
      Cumulative area ratio:  963.84
      Required ratio:    0.00 (Cumulative side area) 

    Layer: met1
      Partial area ratio:    1.38
      Required ratio:    0.00 (Gate area) 
      Partial area ratio:    7.12
      Required ratio: 2773.88 (Side area) 
      Cumulative area ratio:    1.38
      Required ratio:    0.00 (Cumulative area) 
      Cumulative area ratio:    7.12
      Required ratio:    0.00 (Cumulative side area) 

    Layer: li1
      Partial area ratio:    0.00
      Required ratio:    0.00 (Gate area) 
      Partial area ratio:    0.00
      Required ratio:  270.62 (Side area) 
      Cumulative area ratio:    0.00
      Required ratio:    0.00 (Cumulative area) 
      Cumulative area ratio:    0.00
      Required ratio:    0.00 (Cumulative side area) 

    Via: M1M2_PR
      Partial area ratio:    0.05
      Required ratio:    6.00 (Gate area) 
      Cumulative area ratio:    0.12
      Required ratio:    0.00 (Cumulative area) 

    Via: L1M1_PR
      Partial area ratio:    0.07
      Required ratio:    3.00 (Gate area) 
      Cumulative area ratio:    0.07
      Required ratio:    0.00 (Cumulative area) 

  Pin: _33822_/A2 (sky130_fd_sc_hd__a22o_1)
    Layer: met1
      Partial area ratio:    0.00
      Required ratio:    0.00 (Gate area) 
      Partial area ratio:    0.00
      Required ratio:  400.00 (Side area) 
      Cumulative area ratio:    0.00
      Required ratio:    0.00 (Cumulative area) 
      Cumulative area ratio:    0.00
      Required ratio:    0.00 (Cumulative side area) 

    Layer: li1
      Partial area ratio:    0.00
      Required ratio:    0.00 (Gate area) 
      Partial area ratio:    0.00
      Required ratio:   75.00 (Side area) 
      Cumulative area ratio:    0.00
      Required ratio:    0.00 (Cumulative area) 
      Cumulative area ratio:    0.00
      Required ratio:    0.00 (Cumulative side area) 

    Via: M1M2_PR
      Partial area ratio:    0.09
      Required ratio:    6.00 (Gate area) 
      Cumulative area ratio:    0.21
      Required ratio:    0.00 (Cumulative area) 

    Via: L1M1_PR
      Partial area ratio:    0.12
      Required ratio:    3.00 (Gate area) 
      Cumulative area ratio:    0.12
      Required ratio:    0.00 (Cumulative area) 

  Pin: ANTENNA__33822__A2/DIODE (sky130_fd_sc_hd__diode_2)
    Layer: met1
      Partial area ratio:    0.19
      Required ratio:    0.00 (Gate area) 
      Partial area ratio:    1.19
      Required ratio: 2773.88 (Side area) 
      Cumulative area ratio:    0.19
      Required ratio:    0.00 (Cumulative area) 
      Cumulative area ratio:    1.19
      Required ratio:    0.00 (Cumulative side area) 

    Layer: li1
      Partial area ratio:    0.00
      Required ratio:    0.00 (Gate area) 
      Partial area ratio:    0.00
      Required ratio:  270.62 (Side area) 
      Cumulative area ratio:    0.00
      Required ratio:    0.00 (Cumulative area) 
      Cumulative area ratio:    0.00
      Required ratio:    0.00 (Cumulative side area) 

    Via: M1M2_PR
      Partial area ratio:    0.05
      Required ratio:    6.00 (Gate area) 
      Cumulative area ratio:    0.12
      Required ratio:    0.00 (Cumulative area) 

    Via: L1M1_PR
      Partial area ratio:    0.07
      Required ratio:    3.00 (Gate area) 
      Cumulative area ratio:    0.07
      Required ratio:    0.00 (Cumulative area) 


Net: net4141
  Pin: _27172_/A1 (sky130_fd_sc_hd__mux2_1)
    Layer: met2
      Partial area ratio:    2.78
      Required ratio:    0.00 (Gate area) 
      Partial area ratio:   14.23
      Required ratio: 3125.96 (Side area) 
      Cumulative area ratio:  276.29
      Required ratio:    0.00 (Cumulative area) 
      Cumulative area ratio: 1391.89
      Required ratio:    0.00 (Cumulative side area) 

    Layer: met1
      Partial area ratio:  273.51
      Required ratio:    0.00 (Gate area) 
      Partial area ratio: 1377.67
      Required ratio:  400.00 (Side area) (VIOLATED)
      Cumulative area ratio:  273.51
      Required ratio:    0.00 (Cumulative area) 
      Cumulative area ratio: 1377.67
      Required ratio:    0.00 (Cumulative side area) 

    Layer: li1
      Partial area ratio:    0.00
      Required ratio:    0.00 (Gate area) 
      Partial area ratio:    0.00
      Required ratio:   75.00 (Side area) 
      Cumulative area ratio:    0.00
      Required ratio:    0.00 (Cumulative area) 
      Cumulative area ratio:    0.00
      Required ratio:    0.00 (Cumulative side area) 

    Via: M1M2_PR
      Partial area ratio:    0.54
      Required ratio:    6.00 (Gate area) 
      Cumulative area ratio:    0.77
      Required ratio:    0.00 (Cumulative area) 

    Via: L1M1_PR
      Partial area ratio:    0.23
      Required ratio:    3.00 (Gate area) 
      Cumulative area ratio:    0.23
      Required ratio:    0.00 (Cumulative area) 

  Pin: ANTENNA__27172__A1/DIODE (sky130_fd_sc_hd__diode_2)
    Layer: met2
      Partial area ratio:    2.78
      Required ratio:    0.00 (Gate area) 
      Partial area ratio:   14.23
      Required ratio: 3125.96 (Side area) 
      Cumulative area ratio:  276.29
      Required ratio:    0.00 (Cumulative area) 
      Cumulative area ratio: 1391.89
      Required ratio:    0.00 (Cumulative side area) 

    Layer: met1
      Partial area ratio:    0.00
      Required ratio:    0.00 (Gate area) 
      Partial area ratio:    0.00
      Required ratio: 2773.88 (Side area) 
      Cumulative area ratio:    0.00
      Required ratio:    0.00 (Cumulative area) 
      Cumulative area ratio:    0.00
      Required ratio:    0.00 (Cumulative side area) 

    Layer: li1
      Partial area ratio:    0.00
      Required ratio:    0.00 (Gate area) 
      Partial area ratio:    0.00
      Required ratio:  270.62 (Side area) 
      Cumulative area ratio:    0.00
      Required ratio:    0.00 (Cumulative area) 
      Cumulative area ratio:    0.00
      Required ratio:    0.00 (Cumulative side area) 

    Via: M1M2_PR
      Partial area ratio:    0.05
      Required ratio:    6.00 (Gate area) 
      Cumulative area ratio:    0.12
      Required ratio:    0.00 (Cumulative area) 

    Via: L1M1_PR
      Partial area ratio:    0.07
      Required ratio:    3.00 (Gate area) 
      Cumulative area ratio:    0.07
      Required ratio:    0.00 (Cumulative area) 

  Pin: _33851_/A2 (sky130_fd_sc_hd__a22o_1)
    Layer: met2
      Partial area ratio:    2.78
      Required ratio:    0.00 (Gate area) 
      Partial area ratio:   14.23
      Required ratio: 3125.96 (Side area) 
      Cumulative area ratio:  280.31
      Required ratio:    0.00 (Cumulative area) 
      Cumulative area ratio: 1412.99
      Required ratio:    0.00 (Cumulative side area) 

    Layer: met1
      Partial area ratio:    4.02
      Required ratio:    0.00 (Gate area) 
      Partial area ratio:   21.10
      Required ratio: 2773.88 (Side area) 
      Cumulative area ratio:    4.02
      Required ratio:    0.00 (Cumulative area) 
      Cumulative area ratio:   21.10
      Required ratio:    0.00 (Cumulative side area) 

    Layer: li1
      Partial area ratio:    0.00
      Required ratio:    0.00 (Gate area) 
      Partial area ratio:    0.00
      Required ratio:   75.00 (Side area) 
      Cumulative area ratio:    0.00
      Required ratio:    0.00 (Cumulative area) 
      Cumulative area ratio:    0.00
      Required ratio:    0.00 (Cumulative side area) 

    Via: M1M2_PR
      Partial area ratio:    0.03
      Required ratio:    6.00 (Gate area) 
      Cumulative area ratio:    0.15
      Required ratio:    0.00 (Cumulative area) 

    Via: L1M1_PR
      Partial area ratio:    0.12
      Required ratio:    3.00 (Gate area) 
      Cumulative area ratio:    0.12
      Required ratio:    0.00 (Cumulative area) 

  Pin: ANTENNA__33851__A2/DIODE (sky130_fd_sc_hd__diode_2)
    Layer: met2
      Partial area ratio:    2.78
      Required ratio:    0.00 (Gate area) 
      Partial area ratio:   14.23
      Required ratio: 3125.96 (Side area) 
      Cumulative area ratio:  280.31
      Required ratio:    0.00 (Cumulative area) 
      Cumulative area ratio: 1412.99
      Required ratio:    0.00 (Cumulative side area) 

    Layer: met1
      Partial area ratio:    4.02
      Required ratio:    0.00 (Gate area) 
      Partial area ratio:   21.10
      Required ratio: 2773.88 (Side area) 
      Cumulative area ratio:    4.02
      Required ratio:    0.00 (Cumulative area) 
      Cumulative area ratio:   21.10
      Required ratio:    0.00 (Cumulative side area) 

    Layer: li1
      Partial area ratio:    0.00
      Required ratio:    0.00 (Gate area) 
      Partial area ratio:    0.00
      Required ratio:  270.62 (Side area) 
      Cumulative area ratio:    0.00
      Required ratio:    0.00 (Cumulative area) 
      Cumulative area ratio:    0.00
      Required ratio:    0.00 (Cumulative side area) 

    Via: M1M2_PR
      Partial area ratio:    0.03
      Required ratio:    6.00 (Gate area) 
      Cumulative area ratio:    0.10
      Required ratio:    0.00 (Cumulative area) 

    Via: L1M1_PR
      Partial area ratio:    0.07
      Required ratio:    3.00 (Gate area) 
      Cumulative area ratio:    0.07
      Required ratio:    0.00 (Cumulative area) 


Net: net4229
  Pin: _25986_/A1 (sky130_fd_sc_hd__mux2_1)
    Layer: met2
      Partial area ratio:    3.08
      Required ratio:    0.00 (Gate area) 
      Partial area ratio:   15.91
      Required ratio: 3130.28 (Side area) 
      Cumulative area ratio:  232.59
      Required ratio:    0.00 (Cumulative area) 
      Cumulative area ratio: 1176.68
      Required ratio:    0.00 (Cumulative side area) 

    Layer: met1
      Partial area ratio:  229.51
      Required ratio:    0.00 (Gate area) 
      Partial area ratio: 1160.78
      Required ratio:  400.00 (Side area) (VIOLATED)
      Cumulative area ratio:  229.51
      Required ratio:    0.00 (Cumulative area) 
      Cumulative area ratio: 1160.78
      Required ratio:    0.00 (Cumulative side area) 

    Layer: li1
      Partial area ratio:    0.00
      Required ratio:    0.00 (Gate area) 
      Partial area ratio:    0.00
      Required ratio:   75.00 (Side area) 
      Cumulative area ratio:    0.00
      Required ratio:    0.00 (Cumulative area) 
      Cumulative area ratio:    0.00
      Required ratio:    0.00 (Cumulative side area) 

    Layer: met3
      Partial area ratio:  150.92
      Required ratio:    0.00 (Gate area) 
      Partial area ratio:  809.19
      Required ratio: 3130.28 (Side area) 
      Cumulative area ratio:  383.51
      Required ratio:    0.00 (Cumulative area) 
      Cumulative area ratio: 1985.87
      Required ratio:    0.00 (Cumulative side area) 

    Layer: met4
      Partial area ratio:   42.16
      Required ratio:    0.00 (Gate area) 
      Partial area ratio:  225.64
      Required ratio: 3304.16 (Side area) 
      Cumulative area ratio:  425.67
      Required ratio:    0.00 (Cumulative area) 
      Cumulative area ratio: 2211.51
      Required ratio:    0.00 (Cumulative side area) 

    Via: M2M3_PR
      Partial area ratio:    0.07
      Required ratio:    6.00 (Gate area) 
      Cumulative area ratio:    0.66
      Required ratio:    0.00 (Cumulative area) 

    Via: M1M2_PR
      Partial area ratio:    0.36
      Required ratio:    6.00 (Gate area) 
      Cumulative area ratio:    0.59
      Required ratio:    0.00 (Cumulative area) 

    Via: L1M1_PR
      Partial area ratio:    0.23
      Required ratio:    3.00 (Gate area) 
      Cumulative area ratio:    0.23
      Required ratio:    0.00 (Cumulative area) 

    Via: M3M4_PR
      Partial area ratio:    0.07
      Required ratio:    6.00 (Gate area) 
      Cumulative area ratio:    0.73
      Required ratio:    0.00 (Cumulative area) 

  Pin: ANTENNA__25986__A1/DIODE (sky130_fd_sc_hd__diode_2)
    Layer: met2
      Partial area ratio:    3.08
      Required ratio:    0.00 (Gate area) 
      Partial area ratio:   15.91
      Required ratio: 3130.28 (Side area) 
      Cumulative area ratio:  232.59
      Required ratio:    0.00 (Cumulative area) 
      Cumulative area ratio: 1176.68
      Required ratio:    0.00 (Cumulative side area) 

    Layer: met1
      Partial area ratio:    0.00
      Required ratio:    0.00 (Gate area) 
      Partial area ratio:    0.00
      Required ratio: 2773.88 (Side area) 
      Cumulative area ratio:    0.00
      Required ratio:    0.00 (Cumulative area) 
      Cumulative area ratio:    0.00
      Required ratio:    0.00 (Cumulative side area) 

    Layer: li1
      Partial area ratio:    0.00
      Required ratio:    0.00 (Gate area) 
      Partial area ratio:    0.00
      Required ratio:  270.62 (Side area) 
      Cumulative area ratio:    0.00
      Required ratio:    0.00 (Cumulative area) 
      Cumulative area ratio:    0.00
      Required ratio:    0.00 (Cumulative side area) 

    Layer: met3
      Partial area ratio:  150.92
      Required ratio:    0.00 (Gate area) 
      Partial area ratio:  809.19
      Required ratio: 3130.28 (Side area) 
      Cumulative area ratio:  383.51
      Required ratio:    0.00 (Cumulative area) 
      Cumulative area ratio: 1985.87
      Required ratio:    0.00 (Cumulative side area) 

    Layer: met4
      Partial area ratio:   42.16
      Required ratio:    0.00 (Gate area) 
      Partial area ratio:  225.64
      Required ratio: 3304.16 (Side area) 
      Cumulative area ratio:  425.67
      Required ratio:    0.00 (Cumulative area) 
      Cumulative area ratio: 2211.51
      Required ratio:    0.00 (Cumulative side area) 

    Via: M2M3_PR
      Partial area ratio:    0.07
      Required ratio:    6.00 (Gate area) 
      Cumulative area ratio:    0.55
      Required ratio:    0.00 (Cumulative area) 

    Via: M1M2_PR
      Partial area ratio:    0.05
      Required ratio:    6.00 (Gate area) 
      Cumulative area ratio:    0.12
      Required ratio:    0.00 (Cumulative area) 

    Via: L1M1_PR
      Partial area ratio:    0.07
      Required ratio:    3.00 (Gate area) 
      Cumulative area ratio:    0.07
      Required ratio:    0.00 (Cumulative area) 

    Via: M3M4_PR
      Partial area ratio:    0.07
      Required ratio:    6.00 (Gate area) 
      Cumulative area ratio:    0.62
      Required ratio:    0.00 (Cumulative area) 

  Pin: ANTENNA__32482__A2/DIODE (sky130_fd_sc_hd__diode_2)
    Layer: met4
      Partial area ratio:   42.16
      Required ratio:    0.00 (Gate area) 
      Partial area ratio:  225.64
      Required ratio: 3304.16 (Side area) 
      Cumulative area ratio:   45.11
      Required ratio:    0.00 (Cumulative area) 
      Cumulative area ratio:  242.22
      Required ratio:    0.00 (Cumulative side area) 

    Layer: met3
      Partial area ratio:    1.04
      Required ratio:    0.00 (Gate area) 
      Partial area ratio:    6.26
      Required ratio: 2773.88 (Side area) 
      Cumulative area ratio:    2.94
      Required ratio:    0.00 (Cumulative area) 
      Cumulative area ratio:   16.58
      Required ratio:    0.00 (Cumulative side area) 

    Layer: met2
      Partial area ratio:    1.71
      Required ratio:    0.00 (Gate area) 
      Partial area ratio:    9.12
      Required ratio: 2773.88 (Side area) 
      Cumulative area ratio:    1.90
      Required ratio:    0.00 (Cumulative area) 
      Cumulative area ratio:   10.31
      Required ratio:    0.00 (Cumulative side area) 

    Layer: met1
      Partial area ratio:    0.19
      Required ratio:    0.00 (Gate area) 
      Partial area ratio:    1.19
      Required ratio: 2773.88 (Side area) 
      Cumulative area ratio:    0.19
      Required ratio:    0.00 (Cumulative area) 
      Cumulative area ratio:    1.19
      Required ratio:    0.00 (Cumulative side area) 

    Layer: li1
      Partial area ratio:    0.00
      Required ratio:    0.00 (Gate area) 
      Partial area ratio:    0.00
      Required ratio:  270.62 (Side area) 
      Cumulative area ratio:    0.00
      Required ratio:    0.00 (Cumulative area) 
      Cumulative area ratio:    0.00
      Required ratio:    0.00 (Cumulative side area) 

    Via: M3M4_PR
      Partial area ratio:    0.06
      Required ratio:    6.00 (Gate area) 
      Cumulative area ratio:    0.24
      Required ratio:    0.00 (Cumulative area) 

    Via: M2M3_PR
      Partial area ratio:    0.06
      Required ratio:    6.00 (Gate area) 
      Cumulative area ratio:    0.18
      Required ratio:    0.00 (Cumulative area) 

    Via: M1M2_PR
      Partial area ratio:    0.05
      Required ratio:    6.00 (Gate area) 
      Cumulative area ratio:    0.12
      Required ratio:    0.00 (Cumulative area) 

    Via: L1M1_PR
      Partial area ratio:    0.07
      Required ratio:    3.00 (Gate area) 
      Cumulative area ratio:    0.07
      Required ratio:    0.00 (Cumulative area) 

  Pin: _32482_/A2 (sky130_fd_sc_hd__a22o_1)
    Layer: met4
      Partial area ratio:   42.16
      Required ratio:    0.00 (Gate area) 
      Partial area ratio:  225.64
      Required ratio: 3304.16 (Side area) 
      Cumulative area ratio:   44.91
      Required ratio:    0.00 (Cumulative area) 
      Cumulative area ratio:  241.02
      Required ratio:    0.00 (Cumulative side area) 

    Layer: met3
      Partial area ratio:    1.04
      Required ratio:    0.00 (Gate area) 
      Partial area ratio:    6.26
      Required ratio: 2773.88 (Side area) 
      Cumulative area ratio:    2.75
      Required ratio:    0.00 (Cumulative area) 
      Cumulative area ratio:   15.38
      Required ratio:    0.00 (Cumulative side area) 

    Layer: met2
      Partial area ratio:    1.71
      Required ratio:    0.00 (Gate area) 
      Partial area ratio:    9.12
      Required ratio: 2773.88 (Side area) 
      Cumulative area ratio:    1.71
      Required ratio:    0.00 (Cumulative area) 
      Cumulative area ratio:    9.12
      Required ratio:    0.00 (Cumulative side area) 

    Layer: met1
      Partial area ratio:    0.00
      Required ratio:    0.00 (Gate area) 
      Partial area ratio:    0.00
      Required ratio:  400.00 (Side area) 
      Cumulative area ratio:    0.00
      Required ratio:    0.00 (Cumulative area) 
      Cumulative area ratio:    0.00
      Required ratio:    0.00 (Cumulative side area) 

    Layer: li1
      Partial area ratio:    0.00
      Required ratio:    0.00 (Gate area) 
      Partial area ratio:    0.00
      Required ratio:   75.00 (Side area) 
      Cumulative area ratio:    0.00
      Required ratio:    0.00 (Cumulative area) 
      Cumulative area ratio:    0.00
      Required ratio:    0.00 (Cumulative side area) 

    Via: M3M4_PR
      Partial area ratio:    0.06
      Required ratio:    6.00 (Gate area) 
      Cumulative area ratio:    0.32
      Required ratio:    0.00 (Cumulative area) 

    Via: M2M3_PR
      Partial area ratio:    0.06
      Required ratio:    6.00 (Gate area) 
      Cumulative area ratio:    0.27
      Required ratio:    0.00 (Cumulative area) 

    Via: M1M2_PR
      Partial area ratio:    0.09
      Required ratio:    6.00 (Gate area) 
      Cumulative area ratio:    0.21
      Required ratio:    0.00 (Cumulative area) 

    Via: L1M1_PR
      Partial area ratio:    0.12
      Required ratio:    3.00 (Gate area) 
      Cumulative area ratio:    0.12
      Required ratio:    0.00 (Cumulative area) 


Net: net4245
  Pin: _26935_/A1 (sky130_fd_sc_hd__mux2_1)
    Layer: met3
      Partial area ratio:   14.89
      Required ratio:    0.00 (Gate area) 
      Partial area ratio:   79.70
      Required ratio: 3299.84 (Side area) 
      Cumulative area ratio:  146.87
      Required ratio:    0.00 (Cumulative area) 
      Cumulative area ratio:  754.90
      Required ratio:    0.00 (Cumulative side area) 

    Layer: met2
      Partial area ratio:    0.94
      Required ratio:    0.00 (Gate area) 
      Partial area ratio:    5.20
      Required ratio: 2947.76 (Side area) 
      Cumulative area ratio:  131.98
      Required ratio:    0.00 (Cumulative area) 
      Cumulative area ratio:  675.20
      Required ratio:    0.00 (Cumulative side area) 

    Layer: met1
      Partial area ratio:  131.04
      Required ratio:    0.00 (Gate area) 
      Partial area ratio:  670.00
      Required ratio:  400.00 (Side area) (VIOLATED)
      Cumulative area ratio:  131.04
      Required ratio:    0.00 (Cumulative area) 
      Cumulative area ratio:  670.00
      Required ratio:    0.00 (Cumulative side area) 

    Layer: li1
      Partial area ratio:    0.00
      Required ratio:    0.00 (Gate area) 
      Partial area ratio:    0.00
      Required ratio:   75.00 (Side area) 
      Cumulative area ratio:    0.00
      Required ratio:    0.00 (Cumulative area) 
      Cumulative area ratio:    0.00
      Required ratio:    0.00 (Cumulative side area) 

    Via: M2M3_PR
      Partial area ratio:    0.04
      Required ratio:    6.00 (Gate area) 
      Cumulative area ratio:    0.62
      Required ratio:    0.00 (Cumulative area) 

    Via: M1M2_PR
      Partial area ratio:    0.36
      Required ratio:    6.00 (Gate area) 
      Cumulative area ratio:    0.59
      Required ratio:    0.00 (Cumulative area) 

    Via: L1M1_PR
      Partial area ratio:    0.23
      Required ratio:    3.00 (Gate area) 
      Cumulative area ratio:    0.23
      Required ratio:    0.00 (Cumulative area) 

  Pin: ANTENNA__26935__A1/DIODE (sky130_fd_sc_hd__diode_2)
    Layer: met3
      Partial area ratio:   14.89
      Required ratio:    0.00 (Gate area) 
      Partial area ratio:   79.70
      Required ratio: 3299.84 (Side area) 
      Cumulative area ratio:  146.87
      Required ratio:    0.00 (Cumulative area) 
      Cumulative area ratio:  754.90
      Required ratio:    0.00 (Cumulative side area) 

    Layer: met2
      Partial area ratio:    0.94
      Required ratio:    0.00 (Gate area) 
      Partial area ratio:    5.20
      Required ratio: 2947.76 (Side area) 
      Cumulative area ratio:  131.98
      Required ratio:    0.00 (Cumulative area) 
      Cumulative area ratio:  675.20
      Required ratio:    0.00 (Cumulative side area) 

    Layer: met1
      Partial area ratio:    0.00
      Required ratio:    0.00 (Gate area) 
      Partial area ratio:    0.00
      Required ratio: 2773.88 (Side area) 
      Cumulative area ratio:    0.00
      Required ratio:    0.00 (Cumulative area) 
      Cumulative area ratio:    0.00
      Required ratio:    0.00 (Cumulative side area) 

    Layer: li1
      Partial area ratio:    0.00
      Required ratio:    0.00 (Gate area) 
      Partial area ratio:    0.00
      Required ratio:  270.62 (Side area) 
      Cumulative area ratio:    0.00
      Required ratio:    0.00 (Cumulative area) 
      Cumulative area ratio:    0.00
      Required ratio:    0.00 (Cumulative side area) 

    Via: M2M3_PR
      Partial area ratio:    0.04
      Required ratio:    6.00 (Gate area) 
      Cumulative area ratio:    0.51
      Required ratio:    0.00 (Cumulative area) 

    Via: M1M2_PR
      Partial area ratio:    0.05
      Required ratio:    6.00 (Gate area) 
      Cumulative area ratio:    0.12
      Required ratio:    0.00 (Cumulative area) 

    Via: L1M1_PR
      Partial area ratio:    0.07
      Required ratio:    3.00 (Gate area) 
      Cumulative area ratio:    0.07
      Required ratio:    0.00 (Cumulative area) 

  Pin: _39838_/B1 (sky130_fd_sc_hd__a2bb2o_1)
    Layer: met3
      Partial area ratio:   14.89
      Required ratio:    0.00 (Gate area) 
      Partial area ratio:   79.70
      Required ratio: 3299.84 (Side area) 
      Cumulative area ratio:   15.83
      Required ratio:    0.00 (Cumulative area) 
      Cumulative area ratio:   84.90
      Required ratio:    0.00 (Cumulative side area) 

    Layer: met2
      Partial area ratio:    0.94
      Required ratio:    0.00 (Gate area) 
      Partial area ratio:    5.20
      Required ratio: 2947.76 (Side area) 
      Cumulative area ratio:    0.94
      Required ratio:    0.00 (Cumulative area) 
      Cumulative area ratio:    5.20
      Required ratio:    0.00 (Cumulative side area) 

    Layer: met1
      Partial area ratio:    0.00
      Required ratio:    0.00 (Gate area) 
      Partial area ratio:    0.00
      Required ratio:  400.00 (Side area) 
      Cumulative area ratio:    0.00
      Required ratio:    0.00 (Cumulative area) 
      Cumulative area ratio:    0.00
      Required ratio:    0.00 (Cumulative side area) 

    Layer: li1
      Partial area ratio:    0.00
      Required ratio:    0.00 (Gate area) 
      Partial area ratio:    0.00
      Required ratio:   75.00 (Side area) 
      Cumulative area ratio:    0.00
      Required ratio:    0.00 (Cumulative area) 
      Cumulative area ratio:    0.00
      Required ratio:    0.00 (Cumulative side area) 

    Via: M2M3_PR
      Partial area ratio:    0.04
      Required ratio:    6.00 (Gate area) 
      Cumulative area ratio:    0.44
      Required ratio:    0.00 (Cumulative area) 

    Via: M1M2_PR
      Partial area ratio:    0.18
      Required ratio:    6.00 (Gate area) 
      Cumulative area ratio:    0.41
      Required ratio:    0.00 (Cumulative area) 

    Via: L1M1_PR
      Partial area ratio:    0.23
      Required ratio:    3.00 (Gate area) 
      Cumulative area ratio:    0.23
      Required ratio:    0.00 (Cumulative area) 

  Pin: ANTENNA__39838__B1/DIODE (sky130_fd_sc_hd__diode_2)
    Layer: met3
      Partial area ratio:   14.89
      Required ratio:    0.00 (Gate area) 
      Partial area ratio:   79.70
      Required ratio: 3299.84 (Side area) 
      Cumulative area ratio:   16.32
      Required ratio:    0.00 (Cumulative area) 
      Cumulative area ratio:   87.57
      Required ratio:    0.00 (Cumulative side area) 

    Layer: met2
      Partial area ratio:    0.94
      Required ratio:    0.00 (Gate area) 
      Partial area ratio:    5.20
      Required ratio: 2947.76 (Side area) 
      Cumulative area ratio:    1.42
      Required ratio:    0.00 (Cumulative area) 
      Cumulative area ratio:    7.87
      Required ratio:    0.00 (Cumulative side area) 

    Layer: met1
      Partial area ratio:    0.49
      Required ratio:    0.00 (Gate area) 
      Partial area ratio:    2.67
      Required ratio: 2773.88 (Side area) 
      Cumulative area ratio:    0.49
      Required ratio:    0.00 (Cumulative area) 
      Cumulative area ratio:    2.67
      Required ratio:    0.00 (Cumulative side area) 

    Layer: li1
      Partial area ratio:    0.00
      Required ratio:    0.00 (Gate area) 
      Partial area ratio:    0.00
      Required ratio:  270.62 (Side area) 
      Cumulative area ratio:    0.00
      Required ratio:    0.00 (Cumulative area) 
      Cumulative area ratio:    0.00
      Required ratio:    0.00 (Cumulative side area) 

    Via: M2M3_PR
      Partial area ratio:    0.04
      Required ratio:    6.00 (Gate area) 
      Cumulative area ratio:    0.15
      Required ratio:    0.00 (Cumulative area) 

    Via: M1M2_PR
      Partial area ratio:    0.05
      Required ratio:    6.00 (Gate area) 
      Cumulative area ratio:    0.12
      Required ratio:    0.00 (Cumulative area) 

    Via: L1M1_PR
      Partial area ratio:    0.07
      Required ratio:    3.00 (Gate area) 
      Cumulative area ratio:    0.07
      Required ratio:    0.00 (Cumulative area) 

  Pin: ANTENNA__33520__A2/DIODE (sky130_fd_sc_hd__diode_2)
    Layer: met1
      Partial area ratio:   11.66
      Required ratio:    0.00 (Gate area) 
      Partial area ratio:   59.16
      Required ratio: 2773.88 (Side area) 
      Cumulative area ratio:   11.66
      Required ratio:    0.00 (Cumulative area) 
      Cumulative area ratio:   59.16
      Required ratio:    0.00 (Cumulative side area) 

    Layer: li1
      Partial area ratio:    0.00
      Required ratio:    0.00 (Gate area) 
      Partial area ratio:    0.00
      Required ratio:  270.62 (Side area) 
      Cumulative area ratio:    0.00
      Required ratio:    0.00 (Cumulative area) 
      Cumulative area ratio:    0.00
      Required ratio:    0.00 (Cumulative side area) 

    Via: M1M2_PR
      Partial area ratio:    0.03
      Required ratio:    6.00 (Gate area) 
      Cumulative area ratio:    0.10
      Required ratio:    0.00 (Cumulative area) 

    Via: L1M1_PR
      Partial area ratio:    0.07
      Required ratio:    3.00 (Gate area) 
      Cumulative area ratio:    0.07
      Required ratio:    0.00 (Cumulative area) 

  Pin: _33520_/A2 (sky130_fd_sc_hd__a22o_1)
    Layer: met1
      Partial area ratio:   11.66
      Required ratio:    0.00 (Gate area) 
      Partial area ratio:   59.16
      Required ratio: 2773.88 (Side area) 
      Cumulative area ratio:   11.66
      Required ratio:    0.00 (Cumulative area) 
      Cumulative area ratio:   59.16
      Required ratio:    0.00 (Cumulative side area) 

    Layer: li1
      Partial area ratio:    0.00
      Required ratio:    0.00 (Gate area) 
      Partial area ratio:    0.00
      Required ratio:   75.00 (Side area) 
      Cumulative area ratio:    0.00
      Required ratio:    0.00 (Cumulative area) 
      Cumulative area ratio:    0.00
      Required ratio:    0.00 (Cumulative side area) 

    Via: M1M2_PR
      Partial area ratio:    0.03
      Required ratio:    6.00 (Gate area) 
      Cumulative area ratio:    0.15
      Required ratio:    0.00 (Cumulative area) 

    Via: L1M1_PR
      Partial area ratio:    0.12
      Required ratio:    3.00 (Gate area) 
      Cumulative area ratio:    0.12
      Required ratio:    0.00 (Cumulative area) 


[INFO ANT-0002] Found 48 net violations.
[INFO ANT-0001] Found 48 pin violations.
