
===========================================================================
report_checks -unconstrained
===========================================================================
======================= Typical Corner ===================================

===========================================================================

Startpoint: address[2] (input port clocked by clk)
Endpoint: read_data[18] (output port clocked by clk)
Path Group: clk
Path Type: max

Fanout     Cap    Slew   Delay    Time   Description
-----------------------------------------------------------------------------
                          0.00    0.00   clock clk (rise edge)
                          0.00    0.00   clock network delay (propagated)
                          7.60    7.60 v input external delay
                  0.02    0.01    7.61 v address[2] (in)
     2    0.01                           address[2] (net)
                  0.02    0.00    7.61 v input3/A (sky130_fd_sc_hd__buf_8)
                  0.02    0.11    7.72 v input3/X (sky130_fd_sc_hd__buf_8)
     4    0.01                           net3 (net)
                  0.02    0.00    7.72 v _20035_/A (sky130_fd_sc_hd__buf_1)
                  0.06    0.11    7.83 v _20035_/X (sky130_fd_sc_hd__buf_1)
     6    0.01                           _18109_ (net)
                  0.06    0.00    7.83 v _20107_/B (sky130_fd_sc_hd__and3b_2)
                  0.08    0.26    8.09 v _20107_/X (sky130_fd_sc_hd__and3b_2)
     4    0.02                           _18181_ (net)
                  0.08    0.00    8.09 v _20108_/C (sky130_fd_sc_hd__and3_2)
                  0.05    0.24    8.33 v _20108_/X (sky130_fd_sc_hd__and3_2)
     4    0.01                           _18182_ (net)
                  0.05    0.00    8.33 v _20109_/A (sky130_fd_sc_hd__buf_2)
                  0.06    0.16    8.49 v _20109_/X (sky130_fd_sc_hd__buf_2)
    12    0.02                           _18183_ (net)
                  0.06    0.00    8.49 v _20518_/A (sky130_fd_sc_hd__clkbuf_2)
                  0.06    0.14    8.63 v _20518_/X (sky130_fd_sc_hd__clkbuf_2)
     6    0.01                           _18574_ (net)
                  0.06    0.00    8.63 v _20519_/B1 (sky130_fd_sc_hd__a22o_1)
                  0.04    0.18    8.82 v _20519_/X (sky130_fd_sc_hd__a22o_1)
     1    0.00                           _18575_ (net)
                  0.04    0.00    8.82 v _20520_/C1 (sky130_fd_sc_hd__a221o_1)
                  0.05    0.26    9.07 v _20520_/X (sky130_fd_sc_hd__a221o_1)
     1    0.00                           _18576_ (net)
                  0.05    0.00    9.07 v _20526_/B1 (sky130_fd_sc_hd__a211o_2)
                  0.05    0.31    9.39 v _20526_/X (sky130_fd_sc_hd__a211o_2)
     2    0.00                           _18582_ (net)
                  0.05    0.00    9.39 v _20527_/C1 (sky130_fd_sc_hd__a221o_1)
                  0.05    0.26    9.65 v _20527_/X (sky130_fd_sc_hd__a221o_1)
     1    0.00                           _18583_ (net)
                  0.05    0.00    9.65 v _20528_/D1 (sky130_fd_sc_hd__a2111o_2)
                  0.07    0.36   10.01 v _20528_/X (sky130_fd_sc_hd__a2111o_2)
     2    0.00                           _18584_ (net)
                  0.07    0.00   10.01 v _20530_/A3 (sky130_fd_sc_hd__o31a_4)
                  0.05    0.28   10.30 v _20530_/X (sky130_fd_sc_hd__o31a_4)
     2    0.00                           net54 (net)
                  0.05    0.00   10.30 v output54/A (sky130_fd_sc_hd__clkbuf_4)
                  0.08    0.19   10.49 v output54/X (sky130_fd_sc_hd__clkbuf_4)
     1    0.03                           read_data[18] (net)
                  0.08    0.00   10.49 v read_data[18] (out)
                                 10.49   data arrival time

                         38.00   38.00   clock clk (rise edge)
                          0.00   38.00   clock network delay (propagated)
                         -0.25   37.75   clock uncertainty
                          0.00   37.75   clock reconvergence pessimism
                         -7.60   30.15   output external delay
                                 30.15   data required time
-----------------------------------------------------------------------------
                                 30.15   data required time
                                -10.49   data arrival time
-----------------------------------------------------------------------------
                                 19.66   slack (MET)




===========================================================================
report_checks --slack_max -0.01
============================================================================
======================= Typical Corner ===================================

No paths found.


===========================================================================
 report_check_types -max_slew -max_cap -max_fanout -violators
============================================================================
======================= Typical Corner ===================================

max fanout

Pin                                   Limit Fanout  Slack
---------------------------------------------------------
clkbuf_6_2_0_clk/X                        6     36    -30 (VIOLATED)
clkbuf_6_31_0_clk/X                       6     36    -30 (VIOLATED)
clkbuf_6_1_0_clk/X                        6     34    -28 (VIOLATED)
clkbuf_6_26_0_clk/X                       6     34    -28 (VIOLATED)
clkbuf_6_47_0_clk/X                       6     34    -28 (VIOLATED)
clkbuf_6_15_0_clk/X                       6     32    -26 (VIOLATED)
clkbuf_6_28_0_clk/X                       6     32    -26 (VIOLATED)
clkbuf_6_5_0_clk/X                        6     32    -26 (VIOLATED)
clkbuf_6_0_0_clk/X                        6     30    -24 (VIOLATED)
clkbuf_6_16_0_clk/X                       6     30    -24 (VIOLATED)
clkbuf_6_17_0_clk/X                       6     30    -24 (VIOLATED)
clkbuf_6_20_0_clk/X                       6     30    -24 (VIOLATED)
clkbuf_6_25_0_clk/X                       6     30    -24 (VIOLATED)
clkbuf_6_34_0_clk/X                       6     30    -24 (VIOLATED)
clkbuf_6_35_0_clk/X                       6     30    -24 (VIOLATED)
clkbuf_6_45_0_clk/X                       6     30    -24 (VIOLATED)
clkbuf_6_46_0_clk/X                       6     30    -24 (VIOLATED)
clkbuf_6_58_0_clk/X                       6     30    -24 (VIOLATED)
clkbuf_6_7_0_clk/X                        6     30    -24 (VIOLATED)
clkbuf_6_11_0_clk/X                       6     28    -22 (VIOLATED)
clkbuf_6_23_0_clk/X                       6     28    -22 (VIOLATED)
clkbuf_6_32_0_clk/X                       6     28    -22 (VIOLATED)
clkbuf_6_33_0_clk/X                       6     28    -22 (VIOLATED)
clkbuf_6_40_0_clk/X                       6     28    -22 (VIOLATED)
clkbuf_6_10_0_clk/X                       6     26    -20 (VIOLATED)
clkbuf_6_12_0_clk/X                       6     26    -20 (VIOLATED)
clkbuf_6_18_0_clk/X                       6     26    -20 (VIOLATED)
clkbuf_6_19_0_clk/X                       6     26    -20 (VIOLATED)
clkbuf_6_30_0_clk/X                       6     26    -20 (VIOLATED)
clkbuf_6_36_0_clk/X                       6     26    -20 (VIOLATED)
clkbuf_6_37_0_clk/X                       6     26    -20 (VIOLATED)
clkbuf_6_38_0_clk/X                       6     26    -20 (VIOLATED)
clkbuf_6_39_0_clk/X                       6     26    -20 (VIOLATED)
clkbuf_6_3_0_clk/X                        6     26    -20 (VIOLATED)
clkbuf_6_59_0_clk/X                       6     26    -20 (VIOLATED)
clkbuf_6_9_0_clk/X                        6     26    -20 (VIOLATED)
_42201_/Q                                 6     24    -18 (VIOLATED)
clkbuf_6_13_0_clk/X                       6     24    -18 (VIOLATED)
clkbuf_6_21_0_clk/X                       6     24    -18 (VIOLATED)
clkbuf_6_22_0_clk/X                       6     24    -18 (VIOLATED)
clkbuf_6_24_0_clk/X                       6     24    -18 (VIOLATED)
clkbuf_6_27_0_clk/X                       6     24    -18 (VIOLATED)
clkbuf_6_29_0_clk/X                       6     24    -18 (VIOLATED)
clkbuf_6_43_0_clk/X                       6     24    -18 (VIOLATED)
clkbuf_6_48_0_clk/X                       6     24    -18 (VIOLATED)
clkbuf_6_4_0_clk/X                        6     24    -18 (VIOLATED)
clkbuf_6_56_0_clk/X                       6     24    -18 (VIOLATED)
clkbuf_6_63_0_clk/X                       6     24    -18 (VIOLATED)
clkbuf_6_14_0_clk/X                       6     22    -16 (VIOLATED)
clkbuf_6_44_0_clk/X                       6     22    -16 (VIOLATED)
clkbuf_6_41_0_clk/X                       6     20    -14 (VIOLATED)
clkbuf_6_42_0_clk/X                       6     20    -14 (VIOLATED)
clkbuf_6_61_0_clk/X                       6     20    -14 (VIOLATED)
clkbuf_6_6_0_clk/X                        6     20    -14 (VIOLATED)
clkbuf_6_8_0_clk/X                        6     20    -14 (VIOLATED)
clkbuf_6_49_0_clk/X                       6     18    -12 (VIOLATED)
clkbuf_6_57_0_clk/X                       6     18    -12 (VIOLATED)
clkbuf_3_0_0_clk/X                        6     16    -10 (VIOLATED)
clkbuf_3_1_0_clk/X                        6     16    -10 (VIOLATED)
clkbuf_3_2_0_clk/X                        6     16    -10 (VIOLATED)
clkbuf_3_3_0_clk/X                        6     16    -10 (VIOLATED)
clkbuf_3_4_0_clk/X                        6     16    -10 (VIOLATED)
clkbuf_3_5_0_clk/X                        6     16    -10 (VIOLATED)
clkbuf_3_6_0_clk/X                        6     16    -10 (VIOLATED)
clkbuf_3_7_0_clk/X                        6     16    -10 (VIOLATED)
clkbuf_6_50_0_clk/X                       6     16    -10 (VIOLATED)
clkbuf_6_60_0_clk/X                       6     16    -10 (VIOLATED)
clkbuf_6_62_0_clk/X                       6     16    -10 (VIOLATED)
_21731_/X                                 6     15     -9 (VIOLATED)
_22451_/X                                 6     15     -9 (VIOLATED)
clkbuf_6_51_0_clk/X                       6     14     -8 (VIOLATED)
clkbuf_6_55_0_clk/X                       6     14     -8 (VIOLATED)
_19961_/X                                 6     13     -7 (VIOLATED)
_26951_/X                                 6     13     -7 (VIOLATED)
_28906_/X                                 6     13     -7 (VIOLATED)
_32779_/X                                 6     13     -7 (VIOLATED)
_33622_/X                                 6     13     -7 (VIOLATED)
_35537_/X                                 6     13     -7 (VIOLATED)
_42032_/Q                                 6     13     -7 (VIOLATED)
_42374_/Q                                 6     13     -7 (VIOLATED)
_19962_/X                                 6     12     -6 (VIOLATED)
_19963_/X                                 6     12     -6 (VIOLATED)
_19966_/X                                 6     12     -6 (VIOLATED)
_19968_/X                                 6     12     -6 (VIOLATED)
_19969_/X                                 6     12     -6 (VIOLATED)
_19970_/X                                 6     12     -6 (VIOLATED)
_19986_/X                                 6     12     -6 (VIOLATED)
_19989_/X                                 6     12     -6 (VIOLATED)
_19990_/X                                 6     12     -6 (VIOLATED)
_19993_/X                                 6     12     -6 (VIOLATED)
_19994_/X                                 6     12     -6 (VIOLATED)
_19995_/X                                 6     12     -6 (VIOLATED)
_19997_/X                                 6     12     -6 (VIOLATED)
_19998_/Y                                 6     12     -6 (VIOLATED)
_20004_/X                                 6     12     -6 (VIOLATED)
_20007_/X                                 6     12     -6 (VIOLATED)
_20008_/X                                 6     12     -6 (VIOLATED)
_20013_/X                                 6     12     -6 (VIOLATED)
_20014_/X                                 6     12     -6 (VIOLATED)
_20015_/X                                 6     12     -6 (VIOLATED)
_20016_/X                                 6     12     -6 (VIOLATED)
_20020_/X                                 6     12     -6 (VIOLATED)
_20024_/X                                 6     12     -6 (VIOLATED)
_20025_/X                                 6     12     -6 (VIOLATED)
_20026_/X                                 6     12     -6 (VIOLATED)
_20028_/X                                 6     12     -6 (VIOLATED)
_20029_/X                                 6     12     -6 (VIOLATED)
_20039_/X                                 6     12     -6 (VIOLATED)
_20047_/X                                 6     12     -6 (VIOLATED)
_20050_/X                                 6     12     -6 (VIOLATED)
_20071_/X                                 6     12     -6 (VIOLATED)
_20073_/X                                 6     12     -6 (VIOLATED)
_20101_/X                                 6     12     -6 (VIOLATED)
_20105_/X                                 6     12     -6 (VIOLATED)
_20109_/X                                 6     12     -6 (VIOLATED)
_20115_/X                                 6     12     -6 (VIOLATED)
_20118_/X                                 6     12     -6 (VIOLATED)
_20121_/X                                 6     12     -6 (VIOLATED)
_20126_/X                                 6     12     -6 (VIOLATED)
_20129_/X                                 6     12     -6 (VIOLATED)
_20133_/X                                 6     12     -6 (VIOLATED)
_20142_/X                                 6     12     -6 (VIOLATED)
_20144_/X                                 6     12     -6 (VIOLATED)
_20151_/X                                 6     12     -6 (VIOLATED)
_20152_/X                                 6     12     -6 (VIOLATED)
_20154_/X                                 6     12     -6 (VIOLATED)
_20158_/X                                 6     12     -6 (VIOLATED)
_20159_/X                                 6     12     -6 (VIOLATED)
_20160_/X                                 6     12     -6 (VIOLATED)
_20162_/X                                 6     12     -6 (VIOLATED)
_20163_/X                                 6     12     -6 (VIOLATED)
_20167_/X                                 6     12     -6 (VIOLATED)
_20170_/X                                 6     12     -6 (VIOLATED)
_20173_/X                                 6     12     -6 (VIOLATED)
_20174_/X                                 6     12     -6 (VIOLATED)
_20177_/X                                 6     12     -6 (VIOLATED)
_20183_/X                                 6     12     -6 (VIOLATED)
_20189_/X                                 6     12     -6 (VIOLATED)
_20190_/X                                 6     12     -6 (VIOLATED)
_20193_/X                                 6     12     -6 (VIOLATED)
_20198_/X                                 6     12     -6 (VIOLATED)
_20201_/X                                 6     12     -6 (VIOLATED)
_20202_/X                                 6     12     -6 (VIOLATED)
_20245_/X                                 6     12     -6 (VIOLATED)
_20250_/X                                 6     12     -6 (VIOLATED)
_20279_/X                                 6     12     -6 (VIOLATED)
_20285_/X                                 6     12     -6 (VIOLATED)
_20287_/X                                 6     12     -6 (VIOLATED)
_20646_/X                                 6     12     -6 (VIOLATED)
_20773_/X                                 6     12     -6 (VIOLATED)
_20775_/X                                 6     12     -6 (VIOLATED)
_20776_/X                                 6     12     -6 (VIOLATED)
_20778_/X                                 6     12     -6 (VIOLATED)
_20779_/X                                 6     12     -6 (VIOLATED)
_20780_/X                                 6     12     -6 (VIOLATED)
_20782_/X                                 6     12     -6 (VIOLATED)
_20784_/X                                 6     12     -6 (VIOLATED)
_20789_/X                                 6     12     -6 (VIOLATED)
_20790_/X                                 6     12     -6 (VIOLATED)
_20791_/X                                 6     12     -6 (VIOLATED)
_20792_/X                                 6     12     -6 (VIOLATED)
_20795_/X                                 6     12     -6 (VIOLATED)
_20796_/X                                 6     12     -6 (VIOLATED)
_20799_/X                                 6     12     -6 (VIOLATED)
_20800_/X                                 6     12     -6 (VIOLATED)
_20803_/X                                 6     12     -6 (VIOLATED)
_20804_/X                                 6     12     -6 (VIOLATED)
_20807_/X                                 6     12     -6 (VIOLATED)
_20808_/X                                 6     12     -6 (VIOLATED)
_20811_/X                                 6     12     -6 (VIOLATED)
_20814_/X                                 6     12     -6 (VIOLATED)
_20820_/X                                 6     12     -6 (VIOLATED)
_20823_/X                                 6     12     -6 (VIOLATED)
_20826_/X                                 6     12     -6 (VIOLATED)
_20829_/X                                 6     12     -6 (VIOLATED)
_20832_/X                                 6     12     -6 (VIOLATED)
_20835_/X                                 6     12     -6 (VIOLATED)
_20841_/X                                 6     12     -6 (VIOLATED)
_20844_/X                                 6     12     -6 (VIOLATED)
_20847_/X                                 6     12     -6 (VIOLATED)
_20850_/X                                 6     12     -6 (VIOLATED)
_20853_/X                                 6     12     -6 (VIOLATED)
_20856_/X                                 6     12     -6 (VIOLATED)
_20860_/X                                 6     12     -6 (VIOLATED)
_20863_/X                                 6     12     -6 (VIOLATED)
_20866_/X                                 6     12     -6 (VIOLATED)
_20869_/X                                 6     12     -6 (VIOLATED)
_20872_/X                                 6     12     -6 (VIOLATED)
_20875_/X                                 6     12     -6 (VIOLATED)
_20878_/X                                 6     12     -6 (VIOLATED)
_20884_/X                                 6     12     -6 (VIOLATED)
_20887_/X                                 6     12     -6 (VIOLATED)
_20890_/X                                 6     12     -6 (VIOLATED)
_20893_/X                                 6     12     -6 (VIOLATED)
_20896_/X                                 6     12     -6 (VIOLATED)
_20899_/X                                 6     12     -6 (VIOLATED)
_20901_/X                                 6     12     -6 (VIOLATED)
_20903_/X                                 6     12     -6 (VIOLATED)
_20907_/X                                 6     12     -6 (VIOLATED)
_20966_/X                                 6     12     -6 (VIOLATED)
_20967_/X                                 6     12     -6 (VIOLATED)
_20983_/X                                 6     12     -6 (VIOLATED)
_20992_/X                                 6     12     -6 (VIOLATED)
_20995_/X                                 6     12     -6 (VIOLATED)
_21047_/X                                 6     12     -6 (VIOLATED)
_21062_/X                                 6     12     -6 (VIOLATED)
_21063_/X                                 6     12     -6 (VIOLATED)
_21076_/X                                 6     12     -6 (VIOLATED)
_21079_/X                                 6     12     -6 (VIOLATED)
_21156_/X                                 6     12     -6 (VIOLATED)
_21161_/X                                 6     12     -6 (VIOLATED)
_21164_/X                                 6     12     -6 (VIOLATED)
_21235_/X                                 6     12     -6 (VIOLATED)
_21244_/X                                 6     12     -6 (VIOLATED)
_21247_/X                                 6     12     -6 (VIOLATED)
_21254_/X                                 6     12     -6 (VIOLATED)
_21255_/X                                 6     12     -6 (VIOLATED)
_21327_/X                                 6     12     -6 (VIOLATED)
_21329_/X                                 6     12     -6 (VIOLATED)
_21332_/X                                 6     12     -6 (VIOLATED)
_21337_/X                                 6     12     -6 (VIOLATED)
_21340_/X                                 6     12     -6 (VIOLATED)
_21343_/X                                 6     12     -6 (VIOLATED)
_21346_/X                                 6     12     -6 (VIOLATED)
_21349_/X                                 6     12     -6 (VIOLATED)
_21352_/X                                 6     12     -6 (VIOLATED)
_21356_/X                                 6     12     -6 (VIOLATED)
_21359_/X                                 6     12     -6 (VIOLATED)
_21362_/X                                 6     12     -6 (VIOLATED)
_21365_/X                                 6     12     -6 (VIOLATED)
_21368_/X                                 6     12     -6 (VIOLATED)
_21371_/X                                 6     12     -6 (VIOLATED)
_21374_/X                                 6     12     -6 (VIOLATED)
_21380_/X                                 6     12     -6 (VIOLATED)
_21383_/X                                 6     12     -6 (VIOLATED)
_21386_/X                                 6     12     -6 (VIOLATED)
_21389_/X                                 6     12     -6 (VIOLATED)
_21392_/X                                 6     12     -6 (VIOLATED)
_21395_/X                                 6     12     -6 (VIOLATED)
_21401_/X                                 6     12     -6 (VIOLATED)
_21404_/X                                 6     12     -6 (VIOLATED)
_21407_/X                                 6     12     -6 (VIOLATED)
_21410_/X                                 6     12     -6 (VIOLATED)
_21413_/X                                 6     12     -6 (VIOLATED)
_21416_/X                                 6     12     -6 (VIOLATED)
_21422_/X                                 6     12     -6 (VIOLATED)
_21425_/X                                 6     12     -6 (VIOLATED)
_21428_/X                                 6     12     -6 (VIOLATED)
_21431_/X                                 6     12     -6 (VIOLATED)
_21434_/X                                 6     12     -6 (VIOLATED)
_21437_/X                                 6     12     -6 (VIOLATED)
_21439_/X                                 6     12     -6 (VIOLATED)
_21441_/X                                 6     12     -6 (VIOLATED)
_21474_/X                                 6     12     -6 (VIOLATED)
_21520_/X                                 6     12     -6 (VIOLATED)
_21532_/X                                 6     12     -6 (VIOLATED)
_21533_/X                                 6     12     -6 (VIOLATED)
_21536_/X                                 6     12     -6 (VIOLATED)
_21539_/X                                 6     12     -6 (VIOLATED)
_21576_/X                                 6     12     -6 (VIOLATED)
_21577_/X                                 6     12     -6 (VIOLATED)
_21578_/X                                 6     12     -6 (VIOLATED)
_21579_/X                                 6     12     -6 (VIOLATED)
_21622_/X                                 6     12     -6 (VIOLATED)
_21625_/X                                 6     12     -6 (VIOLATED)
_21673_/X                                 6     12     -6 (VIOLATED)
_21702_/X                                 6     12     -6 (VIOLATED)
_21717_/X                                 6     12     -6 (VIOLATED)
_21719_/X                                 6     12     -6 (VIOLATED)
_21721_/X                                 6     12     -6 (VIOLATED)
_21722_/X                                 6     12     -6 (VIOLATED)
_21732_/X                                 6     12     -6 (VIOLATED)
_21733_/X                                 6     12     -6 (VIOLATED)
_21734_/X                                 6     12     -6 (VIOLATED)
_21737_/X                                 6     12     -6 (VIOLATED)
_21739_/X                                 6     12     -6 (VIOLATED)
_21741_/X                                 6     12     -6 (VIOLATED)
_21743_/X                                 6     12     -6 (VIOLATED)
_21745_/X                                 6     12     -6 (VIOLATED)
_21749_/X                                 6     12     -6 (VIOLATED)
_21785_/X                                 6     12     -6 (VIOLATED)
_21816_/X                                 6     12     -6 (VIOLATED)
_21827_/X                                 6     12     -6 (VIOLATED)
_21830_/X                                 6     12     -6 (VIOLATED)
_21835_/X                                 6     12     -6 (VIOLATED)
_21837_/X                                 6     12     -6 (VIOLATED)
_21840_/X                                 6     12     -6 (VIOLATED)
_21843_/X                                 6     12     -6 (VIOLATED)
_21883_/X                                 6     12     -6 (VIOLATED)
_21912_/X                                 6     12     -6 (VIOLATED)
_21917_/X                                 6     12     -6 (VIOLATED)
_21931_/X                                 6     12     -6 (VIOLATED)
_21935_/X                                 6     12     -6 (VIOLATED)
_21940_/X                                 6     12     -6 (VIOLATED)
_21943_/X                                 6     12     -6 (VIOLATED)
_21946_/X                                 6     12     -6 (VIOLATED)
_21949_/X                                 6     12     -6 (VIOLATED)
_21952_/X                                 6     12     -6 (VIOLATED)
_21956_/X                                 6     12     -6 (VIOLATED)
_21961_/X                                 6     12     -6 (VIOLATED)
_21964_/X                                 6     12     -6 (VIOLATED)
_21967_/X                                 6     12     -6 (VIOLATED)
_21970_/X                                 6     12     -6 (VIOLATED)
_21973_/X                                 6     12     -6 (VIOLATED)
_21977_/X                                 6     12     -6 (VIOLATED)
_21982_/X                                 6     12     -6 (VIOLATED)
_21985_/X                                 6     12     -6 (VIOLATED)
_21988_/X                                 6     12     -6 (VIOLATED)
_21991_/X                                 6     12     -6 (VIOLATED)
_21994_/X                                 6     12     -6 (VIOLATED)
_21996_/X                                 6     12     -6 (VIOLATED)
_21999_/X                                 6     12     -6 (VIOLATED)
_22004_/X                                 6     12     -6 (VIOLATED)
_22007_/X                                 6     12     -6 (VIOLATED)
_22010_/X                                 6     12     -6 (VIOLATED)
_22013_/X                                 6     12     -6 (VIOLATED)
_22016_/X                                 6     12     -6 (VIOLATED)
_22018_/X                                 6     12     -6 (VIOLATED)
_22020_/X                                 6     12     -6 (VIOLATED)
_22023_/X                                 6     12     -6 (VIOLATED)
_22027_/X                                 6     12     -6 (VIOLATED)
_22030_/X                                 6     12     -6 (VIOLATED)
_22099_/X                                 6     12     -6 (VIOLATED)
_22100_/X                                 6     12     -6 (VIOLATED)
_22111_/X                                 6     12     -6 (VIOLATED)
_22114_/X                                 6     12     -6 (VIOLATED)
_22192_/X                                 6     12     -6 (VIOLATED)
_22193_/X                                 6     12     -6 (VIOLATED)
_22194_/X                                 6     12     -6 (VIOLATED)
_22197_/X                                 6     12     -6 (VIOLATED)
_22200_/X                                 6     12     -6 (VIOLATED)
_22273_/X                                 6     12     -6 (VIOLATED)
_22279_/X                                 6     12     -6 (VIOLATED)
_22284_/X                                 6     12     -6 (VIOLATED)
_22288_/X                                 6     12     -6 (VIOLATED)
_22355_/X                                 6     12     -6 (VIOLATED)
_22366_/X                                 6     12     -6 (VIOLATED)
_22369_/X                                 6     12     -6 (VIOLATED)
_22374_/X                                 6     12     -6 (VIOLATED)
_22376_/X                                 6     12     -6 (VIOLATED)
_22379_/X                                 6     12     -6 (VIOLATED)
_22382_/X                                 6     12     -6 (VIOLATED)
_22392_/X                                 6     12     -6 (VIOLATED)
_22423_/X                                 6     12     -6 (VIOLATED)
_22454_/X                                 6     12     -6 (VIOLATED)
_22457_/X                                 6     12     -6 (VIOLATED)
_22469_/X                                 6     12     -6 (VIOLATED)
_22473_/X                                 6     12     -6 (VIOLATED)
_22478_/X                                 6     12     -6 (VIOLATED)
_22481_/X                                 6     12     -6 (VIOLATED)
_22484_/X                                 6     12     -6 (VIOLATED)
_22487_/X                                 6     12     -6 (VIOLATED)
_22490_/X                                 6     12     -6 (VIOLATED)
_22492_/X                                 6     12     -6 (VIOLATED)
_22495_/X                                 6     12     -6 (VIOLATED)
_22500_/X                                 6     12     -6 (VIOLATED)
_22503_/X                                 6     12     -6 (VIOLATED)
_22506_/X                                 6     12     -6 (VIOLATED)
_22509_/X                                 6     12     -6 (VIOLATED)
_22512_/X                                 6     12     -6 (VIOLATED)
_22516_/X                                 6     12     -6 (VIOLATED)
_22521_/X                                 6     12     -6 (VIOLATED)
_22524_/X                                 6     12     -6 (VIOLATED)
_22527_/X                                 6     12     -6 (VIOLATED)
_22530_/X                                 6     12     -6 (VIOLATED)
_22533_/X                                 6     12     -6 (VIOLATED)
_22535_/X                                 6     12     -6 (VIOLATED)
_22537_/X                                 6     12     -6 (VIOLATED)
_22542_/X                                 6     12     -6 (VIOLATED)
_22545_/X                                 6     12     -6 (VIOLATED)
_22548_/X                                 6     12     -6 (VIOLATED)
_22551_/X                                 6     12     -6 (VIOLATED)
_22554_/X                                 6     12     -6 (VIOLATED)
_22556_/X                                 6     12     -6 (VIOLATED)
_22558_/X                                 6     12     -6 (VIOLATED)
_22561_/X                                 6     12     -6 (VIOLATED)
_22565_/X                                 6     12     -6 (VIOLATED)
_22568_/X                                 6     12     -6 (VIOLATED)
_22607_/X                                 6     12     -6 (VIOLATED)
_22638_/X                                 6     12     -6 (VIOLATED)
_22652_/X                                 6     12     -6 (VIOLATED)
_22655_/X                                 6     12     -6 (VIOLATED)
_22660_/X                                 6     12     -6 (VIOLATED)
_22705_/X                                 6     12     -6 (VIOLATED)
_22706_/X                                 6     12     -6 (VIOLATED)
_22734_/X                                 6     12     -6 (VIOLATED)
_22737_/X                                 6     12     -6 (VIOLATED)
_22740_/X                                 6     12     -6 (VIOLATED)
_22798_/X                                 6     12     -6 (VIOLATED)
_22799_/X                                 6     12     -6 (VIOLATED)
_22800_/X                                 6     12     -6 (VIOLATED)
_22815_/X                                 6     12     -6 (VIOLATED)
_22822_/X                                 6     12     -6 (VIOLATED)
_22825_/X                                 6     12     -6 (VIOLATED)
_22879_/X                                 6     12     -6 (VIOLATED)
_22894_/X                                 6     12     -6 (VIOLATED)
_22895_/X                                 6     12     -6 (VIOLATED)
_22906_/X                                 6     12     -6 (VIOLATED)
_22909_/X                                 6     12     -6 (VIOLATED)
_22929_/X                                 6     12     -6 (VIOLATED)
_22959_/X                                 6     12     -6 (VIOLATED)
_22987_/X                                 6     12     -6 (VIOLATED)
_22988_/X                                 6     12     -6 (VIOLATED)
_22991_/X                                 6     12     -6 (VIOLATED)
_22994_/X                                 6     12     -6 (VIOLATED)
_23067_/X                                 6     12     -6 (VIOLATED)
_23074_/X                                 6     12     -6 (VIOLATED)
_23077_/X                                 6     12     -6 (VIOLATED)
_23086_/X                                 6     12     -6 (VIOLATED)
_23147_/X                                 6     12     -6 (VIOLATED)
_23157_/X                                 6     12     -6 (VIOLATED)
_23191_/X                                 6     12     -6 (VIOLATED)
_23192_/X                                 6     12     -6 (VIOLATED)
_23193_/X                                 6     12     -6 (VIOLATED)
_23200_/X                                 6     12     -6 (VIOLATED)
_23201_/X                                 6     12     -6 (VIOLATED)
_23255_/X                                 6     12     -6 (VIOLATED)
_23262_/X                                 6     12     -6 (VIOLATED)
_23315_/X                                 6     12     -6 (VIOLATED)
_23323_/X                                 6     12     -6 (VIOLATED)
_23377_/X                                 6     12     -6 (VIOLATED)
_23397_/X                                 6     12     -6 (VIOLATED)
_23437_/X                                 6     12     -6 (VIOLATED)
_23445_/X                                 6     12     -6 (VIOLATED)
_23446_/X                                 6     12     -6 (VIOLATED)
_23479_/X                                 6     12     -6 (VIOLATED)
_23499_/X                                 6     12     -6 (VIOLATED)
_23559_/X                                 6     12     -6 (VIOLATED)
_23560_/X                                 6     12     -6 (VIOLATED)
_23567_/X                                 6     12     -6 (VIOLATED)
_23581_/X                                 6     12     -6 (VIOLATED)
_23588_/X                                 6     12     -6 (VIOLATED)
_23608_/X                                 6     12     -6 (VIOLATED)
_23681_/X                                 6     12     -6 (VIOLATED)
_23689_/X                                 6     12     -6 (VIOLATED)
_23690_/X                                 6     12     -6 (VIOLATED)
_23710_/X                                 6     12     -6 (VIOLATED)
_23803_/X                                 6     12     -6 (VIOLATED)
_23804_/X                                 6     12     -6 (VIOLATED)
_23811_/X                                 6     12     -6 (VIOLATED)
_23812_/X                                 6     12     -6 (VIOLATED)
_23826_/X                                 6     12     -6 (VIOLATED)
_23833_/X                                 6     12     -6 (VIOLATED)
_23846_/X                                 6     12     -6 (VIOLATED)
_23886_/X                                 6     12     -6 (VIOLATED)
_23926_/X                                 6     12     -6 (VIOLATED)
_23927_/X                                 6     12     -6 (VIOLATED)
_23928_/X                                 6     12     -6 (VIOLATED)
_23935_/X                                 6     12     -6 (VIOLATED)
_23989_/X                                 6     12     -6 (VIOLATED)
_23996_/X                                 6     12     -6 (VIOLATED)
_24016_/X                                 6     12     -6 (VIOLATED)
_24029_/X                                 6     12     -6 (VIOLATED)
_24036_/X                                 6     12     -6 (VIOLATED)
_24049_/X                                 6     12     -6 (VIOLATED)
_24050_/X                                 6     12     -6 (VIOLATED)
_24057_/X                                 6     12     -6 (VIOLATED)
_24058_/X                                 6     12     -6 (VIOLATED)
_24098_/X                                 6     12     -6 (VIOLATED)
_24131_/X                                 6     12     -6 (VIOLATED)
_24151_/X                                 6     12     -6 (VIOLATED)
_24171_/X                                 6     12     -6 (VIOLATED)
_24179_/X                                 6     12     -6 (VIOLATED)
_24213_/X                                 6     12     -6 (VIOLATED)
_24233_/X                                 6     12     -6 (VIOLATED)
_24240_/X                                 6     12     -6 (VIOLATED)
_24253_/X                                 6     12     -6 (VIOLATED)
_24260_/X                                 6     12     -6 (VIOLATED)
_24293_/X                                 6     12     -6 (VIOLATED)
_24301_/X                                 6     12     -6 (VIOLATED)
_24322_/X                                 6     12     -6 (VIOLATED)
_24342_/X                                 6     12     -6 (VIOLATED)
_24415_/X                                 6     12     -6 (VIOLATED)
_24423_/X                                 6     12     -6 (VIOLATED)
_24457_/X                                 6     12     -6 (VIOLATED)
_24524_/X                                 6     12     -6 (VIOLATED)
_24537_/X                                 6     12     -6 (VIOLATED)
_24545_/X                                 6     12     -6 (VIOLATED)
_24546_/X                                 6     12     -6 (VIOLATED)
_24547_/X                                 6     12     -6 (VIOLATED)
_24560_/X                                 6     12     -6 (VIOLATED)
_24567_/X                                 6     12     -6 (VIOLATED)
_24580_/X                                 6     12     -6 (VIOLATED)
_24587_/X                                 6     12     -6 (VIOLATED)
_24660_/X                                 6     12     -6 (VIOLATED)
_24661_/X                                 6     12     -6 (VIOLATED)
_24668_/X                                 6     12     -6 (VIOLATED)
_24669_/X                                 6     12     -6 (VIOLATED)
_24749_/X                                 6     12     -6 (VIOLATED)
_24769_/X                                 6     12     -6 (VIOLATED)
_24782_/X                                 6     12     -6 (VIOLATED)
_24789_/X                                 6     12     -6 (VIOLATED)
_24830_/X                                 6     12     -6 (VIOLATED)
_24850_/X                                 6     12     -6 (VIOLATED)
_24863_/X                                 6     12     -6 (VIOLATED)
_24889_/X                                 6     12     -6 (VIOLATED)
_24897_/X                                 6     12     -6 (VIOLATED)
_24898_/X                                 6     12     -6 (VIOLATED)
_24904_/X                                 6     12     -6 (VIOLATED)
_24919_/X                                 6     12     -6 (VIOLATED)
_24965_/X                                 6     12     -6 (VIOLATED)
_24976_/X                                 6     12     -6 (VIOLATED)
_24977_/X                                 6     12     -6 (VIOLATED)
_24992_/X                                 6     12     -6 (VIOLATED)
_25013_/X                                 6     12     -6 (VIOLATED)
_25059_/X                                 6     12     -6 (VIOLATED)
_25070_/X                                 6     12     -6 (VIOLATED)
_25085_/X                                 6     12     -6 (VIOLATED)
_25086_/X                                 6     12     -6 (VIOLATED)
_25091_/X                                 6     12     -6 (VIOLATED)
_25106_/X                                 6     12     -6 (VIOLATED)
_25107_/X                                 6     12     -6 (VIOLATED)
_25164_/X                                 6     12     -6 (VIOLATED)
_25179_/X                                 6     12     -6 (VIOLATED)
_25200_/X                                 6     12     -6 (VIOLATED)
_25257_/X                                 6     12     -6 (VIOLATED)
_25272_/X                                 6     12     -6 (VIOLATED)
_25278_/X                                 6     12     -6 (VIOLATED)
_25293_/X                                 6     12     -6 (VIOLATED)
_25334_/X                                 6     12     -6 (VIOLATED)
_25335_/X                                 6     12     -6 (VIOLATED)
_25339_/X                                 6     12     -6 (VIOLATED)
_25350_/X                                 6     12     -6 (VIOLATED)
_25365_/X                                 6     12     -6 (VIOLATED)
_25386_/X                                 6     12     -6 (VIOLATED)
_25443_/X                                 6     12     -6 (VIOLATED)
_25458_/X                                 6     12     -6 (VIOLATED)
_25474_/X                                 6     12     -6 (VIOLATED)
_25475_/X                                 6     12     -6 (VIOLATED)
_25479_/X                                 6     12     -6 (VIOLATED)
_25480_/X                                 6     12     -6 (VIOLATED)
_25536_/X                                 6     12     -6 (VIOLATED)
_25551_/X                                 6     12     -6 (VIOLATED)
_25557_/X                                 6     12     -6 (VIOLATED)
_25572_/X                                 6     12     -6 (VIOLATED)
_25644_/X                                 6     12     -6 (VIOLATED)
_25665_/X                                 6     12     -6 (VIOLATED)
_25666_/X                                 6     12     -6 (VIOLATED)
_25722_/X                                 6     12     -6 (VIOLATED)
_25723_/X                                 6     12     -6 (VIOLATED)
_25727_/X                                 6     12     -6 (VIOLATED)
_25729_/X                                 6     12     -6 (VIOLATED)
_25730_/X                                 6     12     -6 (VIOLATED)
_25731_/X                                 6     12     -6 (VIOLATED)
_25733_/X                                 6     12     -6 (VIOLATED)
_25734_/X                                 6     12     -6 (VIOLATED)
_25738_/X                                 6     12     -6 (VIOLATED)
_25752_/X                                 6     12     -6 (VIOLATED)
_25753_/X                                 6     12     -6 (VIOLATED)
_25761_/X                                 6     12     -6 (VIOLATED)
_25762_/X                                 6     12     -6 (VIOLATED)
_25765_/X                                 6     12     -6 (VIOLATED)
_25779_/X                                 6     12     -6 (VIOLATED)
_25785_/X                                 6     12     -6 (VIOLATED)
_25826_/X                                 6     12     -6 (VIOLATED)
_25873_/X                                 6     12     -6 (VIOLATED)
_25882_/X                                 6     12     -6 (VIOLATED)
_25884_/X                                 6     12     -6 (VIOLATED)
_25885_/X                                 6     12     -6 (VIOLATED)
_25886_/X                                 6     12     -6 (VIOLATED)
_25926_/X                                 6     12     -6 (VIOLATED)
_25929_/X                                 6     12     -6 (VIOLATED)
_25937_/X                                 6     12     -6 (VIOLATED)
_25950_/X                                 6     12     -6 (VIOLATED)
_25957_/X                                 6     12     -6 (VIOLATED)
_25967_/X                                 6     12     -6 (VIOLATED)
_25979_/X                                 6     12     -6 (VIOLATED)
_25980_/X                                 6     12     -6 (VIOLATED)
_25982_/X                                 6     12     -6 (VIOLATED)
_25989_/X                                 6     12     -6 (VIOLATED)
_26005_/X                                 6     12     -6 (VIOLATED)
_26026_/X                                 6     12     -6 (VIOLATED)
_26032_/X                                 6     12     -6 (VIOLATED)
_26039_/X                                 6     12     -6 (VIOLATED)
_26073_/X                                 6     12     -6 (VIOLATED)
_26074_/X                                 6     12     -6 (VIOLATED)
_26085_/X                                 6     12     -6 (VIOLATED)
_26103_/X                                 6     12     -6 (VIOLATED)
_26108_/X                                 6     12     -6 (VIOLATED)
_26118_/X                                 6     12     -6 (VIOLATED)
_26136_/X                                 6     12     -6 (VIOLATED)
_26146_/X                                 6     12     -6 (VIOLATED)
_26166_/X                                 6     12     -6 (VIOLATED)
_26198_/X                                 6     12     -6 (VIOLATED)
_26199_/X                                 6     12     -6 (VIOLATED)
_26200_/X                                 6     12     -6 (VIOLATED)
_26203_/X                                 6     12     -6 (VIOLATED)
_26204_/X                                 6     12     -6 (VIOLATED)
_26211_/X                                 6     12     -6 (VIOLATED)
_26219_/X                                 6     12     -6 (VIOLATED)
_26231_/X                                 6     12     -6 (VIOLATED)
_26276_/X                                 6     12     -6 (VIOLATED)
_26288_/X                                 6     12     -6 (VIOLATED)
_26295_/X                                 6     12     -6 (VIOLATED)
_26305_/X                                 6     12     -6 (VIOLATED)
_26318_/X                                 6     12     -6 (VIOLATED)
_26334_/X                                 6     12     -6 (VIOLATED)
_26374_/X                                 6     12     -6 (VIOLATED)
_26383_/X                                 6     12     -6 (VIOLATED)
_26411_/X                                 6     12     -6 (VIOLATED)
_26432_/X                                 6     12     -6 (VIOLATED)
_26467_/X                                 6     12     -6 (VIOLATED)
_26477_/X                                 6     12     -6 (VIOLATED)
_26478_/X                                 6     12     -6 (VIOLATED)
_26490_/X                                 6     12     -6 (VIOLATED)
_26506_/X                                 6     12     -6 (VIOLATED)
_26518_/X                                 6     12     -6 (VIOLATED)
_26534_/X                                 6     12     -6 (VIOLATED)
_26546_/X                                 6     12     -6 (VIOLATED)
_26583_/X                                 6     12     -6 (VIOLATED)
_26620_/X                                 6     12     -6 (VIOLATED)
_26632_/X                                 6     12     -6 (VIOLATED)
_26648_/X                                 6     12     -6 (VIOLATED)
_26661_/X                                 6     12     -6 (VIOLATED)
_26677_/X                                 6     12     -6 (VIOLATED)
_26689_/X                                 6     12     -6 (VIOLATED)
_26705_/X                                 6     12     -6 (VIOLATED)
_26717_/X                                 6     12     -6 (VIOLATED)
_26773_/X                                 6     12     -6 (VIOLATED)
_26787_/X                                 6     12     -6 (VIOLATED)
_26800_/X                                 6     12     -6 (VIOLATED)
_26801_/X                                 6     12     -6 (VIOLATED)
_26821_/X                                 6     12     -6 (VIOLATED)
_26834_/X                                 6     12     -6 (VIOLATED)
_26853_/X                                 6     12     -6 (VIOLATED)
_26865_/X                                 6     12     -6 (VIOLATED)
_26888_/X                                 6     12     -6 (VIOLATED)
_26889_/X                                 6     12     -6 (VIOLATED)
_26896_/X                                 6     12     -6 (VIOLATED)
_26902_/X                                 6     12     -6 (VIOLATED)
_26903_/X                                 6     12     -6 (VIOLATED)
_26905_/X                                 6     12     -6 (VIOLATED)
_26909_/X                                 6     12     -6 (VIOLATED)
_26917_/X                                 6     12     -6 (VIOLATED)
_26928_/X                                 6     12     -6 (VIOLATED)
_26939_/X                                 6     12     -6 (VIOLATED)
_26946_/X                                 6     12     -6 (VIOLATED)
_26947_/X                                 6     12     -6 (VIOLATED)
_26962_/X                                 6     12     -6 (VIOLATED)
_26973_/X                                 6     12     -6 (VIOLATED)
_26983_/X                                 6     12     -6 (VIOLATED)
_26984_/X                                 6     12     -6 (VIOLATED)
_26985_/X                                 6     12     -6 (VIOLATED)
_26996_/X                                 6     12     -6 (VIOLATED)
_27006_/X                                 6     12     -6 (VIOLATED)
_27013_/X                                 6     12     -6 (VIOLATED)
_27053_/X                                 6     12     -6 (VIOLATED)
_27073_/X                                 6     12     -6 (VIOLATED)
_27074_/X                                 6     12     -6 (VIOLATED)
_27107_/X                                 6     12     -6 (VIOLATED)
_27108_/X                                 6     12     -6 (VIOLATED)
_27135_/X                                 6     12     -6 (VIOLATED)
_27148_/X                                 6     12     -6 (VIOLATED)
_27155_/X                                 6     12     -6 (VIOLATED)
_27168_/X                                 6     12     -6 (VIOLATED)
_27195_/X                                 6     12     -6 (VIOLATED)
_27228_/X                                 6     12     -6 (VIOLATED)
_27229_/X                                 6     12     -6 (VIOLATED)
_27236_/X                                 6     12     -6 (VIOLATED)
_27237_/X                                 6     12     -6 (VIOLATED)
_27238_/X                                 6     12     -6 (VIOLATED)
_27239_/X                                 6     12     -6 (VIOLATED)
_27241_/X                                 6     12     -6 (VIOLATED)
_27251_/X                                 6     12     -6 (VIOLATED)
_27254_/X                                 6     12     -6 (VIOLATED)
_27259_/X                                 6     12     -6 (VIOLATED)
_27266_/X                                 6     12     -6 (VIOLATED)
_27282_/X                                 6     12     -6 (VIOLATED)
_27294_/X                                 6     12     -6 (VIOLATED)
_27295_/X                                 6     12     -6 (VIOLATED)
_27310_/X                                 6     12     -6 (VIOLATED)
_27312_/X                                 6     12     -6 (VIOLATED)
_27323_/X                                 6     12     -6 (VIOLATED)
_27400_/X                                 6     12     -6 (VIOLATED)
_27402_/Y                                 6     12     -6 (VIOLATED)
_27410_/X                                 6     12     -6 (VIOLATED)
_27423_/X                                 6     12     -6 (VIOLATED)
_27424_/X                                 6     12     -6 (VIOLATED)
_27440_/X                                 6     12     -6 (VIOLATED)
_27444_/X                                 6     12     -6 (VIOLATED)
_27460_/X                                 6     12     -6 (VIOLATED)
_27479_/X                                 6     12     -6 (VIOLATED)
_27497_/Y                                 6     12     -6 (VIOLATED)
_27498_/X                                 6     12     -6 (VIOLATED)
_27520_/X                                 6     12     -6 (VIOLATED)
_27523_/X                                 6     12     -6 (VIOLATED)
_27543_/X                                 6     12     -6 (VIOLATED)
_27562_/X                                 6     12     -6 (VIOLATED)
_27563_/X                                 6     12     -6 (VIOLATED)
_27593_/Y                                 6     12     -6 (VIOLATED)
_27597_/X                                 6     12     -6 (VIOLATED)
_27605_/X                                 6     12     -6 (VIOLATED)
_27613_/X                                 6     12     -6 (VIOLATED)
_27618_/X                                 6     12     -6 (VIOLATED)
_27622_/X                                 6     12     -6 (VIOLATED)
_27628_/X                                 6     12     -6 (VIOLATED)
_27638_/X                                 6     12     -6 (VIOLATED)
_27641_/X                                 6     12     -6 (VIOLATED)
_27643_/X                                 6     12     -6 (VIOLATED)
_27649_/X                                 6     12     -6 (VIOLATED)
_27651_/X                                 6     12     -6 (VIOLATED)
_27657_/X                                 6     12     -6 (VIOLATED)
_27660_/X                                 6     12     -6 (VIOLATED)
_27665_/X                                 6     12     -6 (VIOLATED)
_27668_/X                                 6     12     -6 (VIOLATED)
_27681_/X                                 6     12     -6 (VIOLATED)
_27682_/X                                 6     12     -6 (VIOLATED)
_27684_/Y                                 6     12     -6 (VIOLATED)
_27686_/X                                 6     12     -6 (VIOLATED)
_27692_/X                                 6     12     -6 (VIOLATED)
_27696_/X                                 6     12     -6 (VIOLATED)
_27701_/X                                 6     12     -6 (VIOLATED)
_27705_/X                                 6     12     -6 (VIOLATED)
_27707_/X                                 6     12     -6 (VIOLATED)
_27712_/X                                 6     12     -6 (VIOLATED)
_27719_/X                                 6     12     -6 (VIOLATED)
_27735_/X                                 6     12     -6 (VIOLATED)
_27739_/X                                 6     12     -6 (VIOLATED)
_27747_/X                                 6     12     -6 (VIOLATED)
_27756_/X                                 6     12     -6 (VIOLATED)
_27757_/X                                 6     12     -6 (VIOLATED)
_27760_/X                                 6     12     -6 (VIOLATED)
_27764_/X                                 6     12     -6 (VIOLATED)
_27766_/Y                                 6     12     -6 (VIOLATED)
_27771_/X                                 6     12     -6 (VIOLATED)
_27772_/X                                 6     12     -6 (VIOLATED)
_27773_/X                                 6     12     -6 (VIOLATED)
_27775_/X                                 6     12     -6 (VIOLATED)
_27781_/X                                 6     12     -6 (VIOLATED)
_27792_/X                                 6     12     -6 (VIOLATED)
_27803_/Y                                 6     12     -6 (VIOLATED)
_27852_/X                                 6     12     -6 (VIOLATED)
_27860_/X                                 6     12     -6 (VIOLATED)
_27870_/Y                                 6     12     -6 (VIOLATED)
_27878_/X                                 6     12     -6 (VIOLATED)
_27886_/X                                 6     12     -6 (VIOLATED)
_27888_/X                                 6     12     -6 (VIOLATED)
_27907_/X                                 6     12     -6 (VIOLATED)
_27925_/X                                 6     12     -6 (VIOLATED)
_27929_/Y                                 6     12     -6 (VIOLATED)
_27952_/X                                 6     12     -6 (VIOLATED)
_27953_/X                                 6     12     -6 (VIOLATED)
_27955_/X                                 6     12     -6 (VIOLATED)
_27961_/X                                 6     12     -6 (VIOLATED)
_27963_/X                                 6     12     -6 (VIOLATED)
_27975_/X                                 6     12     -6 (VIOLATED)
_27976_/X                                 6     12     -6 (VIOLATED)
_27978_/X                                 6     12     -6 (VIOLATED)
_27985_/X                                 6     12     -6 (VIOLATED)
_27991_/X                                 6     12     -6 (VIOLATED)
_27992_/X                                 6     12     -6 (VIOLATED)
_27994_/Y                                 6     12     -6 (VIOLATED)
_28050_/Y                                 6     12     -6 (VIOLATED)
_28056_/X                                 6     12     -6 (VIOLATED)
_28058_/Y                                 6     12     -6 (VIOLATED)
_28085_/X                                 6     12     -6 (VIOLATED)
_28091_/X                                 6     12     -6 (VIOLATED)
_28107_/X                                 6     12     -6 (VIOLATED)
_28110_/X                                 6     12     -6 (VIOLATED)
_28124_/Y                                 6     12     -6 (VIOLATED)
_28159_/X                                 6     12     -6 (VIOLATED)
_28178_/X                                 6     12     -6 (VIOLATED)
_28184_/X                                 6     12     -6 (VIOLATED)
_28185_/X                                 6     12     -6 (VIOLATED)
_28193_/X                                 6     12     -6 (VIOLATED)
_28194_/X                                 6     12     -6 (VIOLATED)
_28195_/Y                                 6     12     -6 (VIOLATED)
_28199_/X                                 6     12     -6 (VIOLATED)
_28216_/X                                 6     12     -6 (VIOLATED)
_28217_/X                                 6     12     -6 (VIOLATED)
_28218_/X                                 6     12     -6 (VIOLATED)
_28243_/X                                 6     12     -6 (VIOLATED)
_28244_/X                                 6     12     -6 (VIOLATED)
_28258_/X                                 6     12     -6 (VIOLATED)
_28259_/X                                 6     12     -6 (VIOLATED)
_28274_/X                                 6     12     -6 (VIOLATED)
_28293_/X                                 6     12     -6 (VIOLATED)
_28294_/X                                 6     12     -6 (VIOLATED)
_28297_/X                                 6     12     -6 (VIOLATED)
_28298_/X                                 6     12     -6 (VIOLATED)
_28318_/X                                 6     12     -6 (VIOLATED)
_28354_/X                                 6     12     -6 (VIOLATED)
_28366_/X                                 6     12     -6 (VIOLATED)
_28367_/X                                 6     12     -6 (VIOLATED)
_28370_/X                                 6     12     -6 (VIOLATED)
_28379_/X                                 6     12     -6 (VIOLATED)
_28398_/X                                 6     12     -6 (VIOLATED)
_28411_/X                                 6     12     -6 (VIOLATED)
_28415_/X                                 6     12     -6 (VIOLATED)
_28417_/X                                 6     12     -6 (VIOLATED)
_28429_/X                                 6     12     -6 (VIOLATED)
_28430_/X                                 6     12     -6 (VIOLATED)
_28443_/X                                 6     12     -6 (VIOLATED)
_28453_/X                                 6     12     -6 (VIOLATED)
_28481_/X                                 6     12     -6 (VIOLATED)
_28511_/X                                 6     12     -6 (VIOLATED)
_28524_/X                                 6     12     -6 (VIOLATED)
_28529_/X                                 6     12     -6 (VIOLATED)
_28593_/X                                 6     12     -6 (VIOLATED)
_28601_/X                                 6     12     -6 (VIOLATED)
_28620_/X                                 6     12     -6 (VIOLATED)
_28674_/X                                 6     12     -6 (VIOLATED)
_28686_/X                                 6     12     -6 (VIOLATED)
_28708_/X                                 6     12     -6 (VIOLATED)
_28712_/X                                 6     12     -6 (VIOLATED)
_28726_/X                                 6     12     -6 (VIOLATED)
_28739_/X                                 6     12     -6 (VIOLATED)
_28742_/X                                 6     12     -6 (VIOLATED)
_28753_/X                                 6     12     -6 (VIOLATED)
_28792_/X                                 6     12     -6 (VIOLATED)
_28797_/X                                 6     12     -6 (VIOLATED)
_28817_/X                                 6     12     -6 (VIOLATED)
_28820_/X                                 6     12     -6 (VIOLATED)
_28824_/X                                 6     12     -6 (VIOLATED)
_28840_/X                                 6     12     -6 (VIOLATED)
_28850_/X                                 6     12     -6 (VIOLATED)
_28872_/X                                 6     12     -6 (VIOLATED)
_28876_/X                                 6     12     -6 (VIOLATED)
_28878_/X                                 6     12     -6 (VIOLATED)
_28891_/X                                 6     12     -6 (VIOLATED)
_28892_/X                                 6     12     -6 (VIOLATED)
_28896_/X                                 6     12     -6 (VIOLATED)
_28902_/X                                 6     12     -6 (VIOLATED)
_28912_/X                                 6     12     -6 (VIOLATED)
_28915_/X                                 6     12     -6 (VIOLATED)
_28918_/X                                 6     12     -6 (VIOLATED)
_28922_/X                                 6     12     -6 (VIOLATED)
_28929_/Y                                 6     12     -6 (VIOLATED)
_28963_/X                                 6     12     -6 (VIOLATED)
_28971_/Y                                 6     12     -6 (VIOLATED)
_28989_/X                                 6     12     -6 (VIOLATED)
_29002_/X                                 6     12     -6 (VIOLATED)
_29004_/X                                 6     12     -6 (VIOLATED)
_29019_/X                                 6     12     -6 (VIOLATED)
_29021_/X                                 6     12     -6 (VIOLATED)
_29040_/X                                 6     12     -6 (VIOLATED)
_29058_/X                                 6     12     -6 (VIOLATED)
_29163_/X                                 6     12     -6 (VIOLATED)
_29164_/X                                 6     12     -6 (VIOLATED)
_29178_/X                                 6     12     -6 (VIOLATED)
_29183_/X                                 6     12     -6 (VIOLATED)
_29193_/X                                 6     12     -6 (VIOLATED)
_29212_/X                                 6     12     -6 (VIOLATED)
_29215_/X                                 6     12     -6 (VIOLATED)
_29222_/X                                 6     12     -6 (VIOLATED)
_29230_/X                                 6     12     -6 (VIOLATED)
_29287_/X                                 6     12     -6 (VIOLATED)
_29429_/X                                 6     12     -6 (VIOLATED)
_29458_/X                                 6     12     -6 (VIOLATED)
_29515_/X                                 6     12     -6 (VIOLATED)
_29518_/X                                 6     12     -6 (VIOLATED)
_29544_/X                                 6     12     -6 (VIOLATED)
_29545_/X                                 6     12     -6 (VIOLATED)
_29563_/X                                 6     12     -6 (VIOLATED)
_29619_/X                                 6     12     -6 (VIOLATED)
_29641_/X                                 6     12     -6 (VIOLATED)
_29661_/X                                 6     12     -6 (VIOLATED)
_29685_/X                                 6     12     -6 (VIOLATED)
_29688_/X                                 6     12     -6 (VIOLATED)
_29689_/X                                 6     12     -6 (VIOLATED)
_29694_/X                                 6     12     -6 (VIOLATED)
_29695_/X                                 6     12     -6 (VIOLATED)
_29707_/X                                 6     12     -6 (VIOLATED)
_29711_/X                                 6     12     -6 (VIOLATED)
_29720_/X                                 6     12     -6 (VIOLATED)
_29732_/X                                 6     12     -6 (VIOLATED)
_29741_/X                                 6     12     -6 (VIOLATED)
_29744_/X                                 6     12     -6 (VIOLATED)
_29762_/X                                 6     12     -6 (VIOLATED)
_29765_/X                                 6     12     -6 (VIOLATED)
_29786_/X                                 6     12     -6 (VIOLATED)
_29789_/X                                 6     12     -6 (VIOLATED)
_29839_/Y                                 6     12     -6 (VIOLATED)
_29870_/X                                 6     12     -6 (VIOLATED)
_29905_/X                                 6     12     -6 (VIOLATED)
_29908_/X                                 6     12     -6 (VIOLATED)
_29922_/X                                 6     12     -6 (VIOLATED)
_29929_/X                                 6     12     -6 (VIOLATED)
_29947_/X                                 6     12     -6 (VIOLATED)
_29955_/X                                 6     12     -6 (VIOLATED)
_29975_/X                                 6     12     -6 (VIOLATED)
_29988_/X                                 6     12     -6 (VIOLATED)
_30003_/X                                 6     12     -6 (VIOLATED)
_30010_/X                                 6     12     -6 (VIOLATED)
_30022_/X                                 6     12     -6 (VIOLATED)
_30035_/X                                 6     12     -6 (VIOLATED)
_30057_/X                                 6     12     -6 (VIOLATED)
_30061_/X                                 6     12     -6 (VIOLATED)
_30071_/X                                 6     12     -6 (VIOLATED)
_30077_/X                                 6     12     -6 (VIOLATED)
_30100_/X                                 6     12     -6 (VIOLATED)
_30106_/X                                 6     12     -6 (VIOLATED)
_30110_/X                                 6     12     -6 (VIOLATED)
_30113_/X                                 6     12     -6 (VIOLATED)
_30177_/X                                 6     12     -6 (VIOLATED)
_30185_/X                                 6     12     -6 (VIOLATED)
_30197_/X                                 6     12     -6 (VIOLATED)
_30226_/X                                 6     12     -6 (VIOLATED)
_30233_/X                                 6     12     -6 (VIOLATED)
_30234_/X                                 6     12     -6 (VIOLATED)
_30257_/X                                 6     12     -6 (VIOLATED)
_30271_/Y                                 6     12     -6 (VIOLATED)
_30273_/X                                 6     12     -6 (VIOLATED)
_30285_/X                                 6     12     -6 (VIOLATED)
_30308_/Y                                 6     12     -6 (VIOLATED)
_30323_/X                                 6     12     -6 (VIOLATED)
_30350_/X                                 6     12     -6 (VIOLATED)
_30357_/X                                 6     12     -6 (VIOLATED)
_30400_/X                                 6     12     -6 (VIOLATED)
_30415_/X                                 6     12     -6 (VIOLATED)
_30417_/X                                 6     12     -6 (VIOLATED)
_30448_/X                                 6     12     -6 (VIOLATED)
_30488_/X                                 6     12     -6 (VIOLATED)
_30548_/X                                 6     12     -6 (VIOLATED)
_30557_/X                                 6     12     -6 (VIOLATED)
_30608_/X                                 6     12     -6 (VIOLATED)
_30627_/Y                                 6     12     -6 (VIOLATED)
_30628_/X                                 6     12     -6 (VIOLATED)
_30633_/X                                 6     12     -6 (VIOLATED)
_30644_/X                                 6     12     -6 (VIOLATED)
_30744_/X                                 6     12     -6 (VIOLATED)
_30758_/X                                 6     12     -6 (VIOLATED)
_30826_/X                                 6     12     -6 (VIOLATED)
_30849_/X                                 6     12     -6 (VIOLATED)
_30888_/X                                 6     12     -6 (VIOLATED)
_30891_/X                                 6     12     -6 (VIOLATED)
_30896_/X                                 6     12     -6 (VIOLATED)
_30903_/X                                 6     12     -6 (VIOLATED)
_30921_/X                                 6     12     -6 (VIOLATED)
_30922_/X                                 6     12     -6 (VIOLATED)
_30950_/X                                 6     12     -6 (VIOLATED)
_31042_/X                                 6     12     -6 (VIOLATED)
_31067_/X                                 6     12     -6 (VIOLATED)
_31078_/X                                 6     12     -6 (VIOLATED)
_31089_/X                                 6     12     -6 (VIOLATED)
_31095_/X                                 6     12     -6 (VIOLATED)
_31096_/X                                 6     12     -6 (VIOLATED)
_31139_/X                                 6     12     -6 (VIOLATED)
_31147_/Y                                 6     12     -6 (VIOLATED)
_31151_/X                                 6     12     -6 (VIOLATED)
_31155_/Y                                 6     12     -6 (VIOLATED)
_31165_/X                                 6     12     -6 (VIOLATED)
_31169_/X                                 6     12     -6 (VIOLATED)
_31174_/Y                                 6     12     -6 (VIOLATED)
_31176_/X                                 6     12     -6 (VIOLATED)
_31179_/X                                 6     12     -6 (VIOLATED)
_31189_/X                                 6     12     -6 (VIOLATED)
_31210_/X                                 6     12     -6 (VIOLATED)
_31214_/X                                 6     12     -6 (VIOLATED)
_31240_/X                                 6     12     -6 (VIOLATED)
_31245_/Y                                 6     12     -6 (VIOLATED)
_31268_/X                                 6     12     -6 (VIOLATED)
_31277_/X                                 6     12     -6 (VIOLATED)
_31286_/X                                 6     12     -6 (VIOLATED)
_31290_/X                                 6     12     -6 (VIOLATED)
_31291_/X                                 6     12     -6 (VIOLATED)
_31293_/X                                 6     12     -6 (VIOLATED)
_31294_/X                                 6     12     -6 (VIOLATED)
_31300_/X                                 6     12     -6 (VIOLATED)
_31315_/Y                                 6     12     -6 (VIOLATED)
_31323_/X                                 6     12     -6 (VIOLATED)
_31330_/X                                 6     12     -6 (VIOLATED)
_31340_/Y                                 6     12     -6 (VIOLATED)
_31358_/Y                                 6     12     -6 (VIOLATED)
_31371_/Y                                 6     12     -6 (VIOLATED)
_31387_/X                                 6     12     -6 (VIOLATED)
_31402_/Y                                 6     12     -6 (VIOLATED)
_31420_/Y                                 6     12     -6 (VIOLATED)
_31433_/X                                 6     12     -6 (VIOLATED)
_31439_/X                                 6     12     -6 (VIOLATED)
_31447_/X                                 6     12     -6 (VIOLATED)
_31451_/X                                 6     12     -6 (VIOLATED)
_31466_/X                                 6     12     -6 (VIOLATED)
_31472_/X                                 6     12     -6 (VIOLATED)
_31473_/X                                 6     12     -6 (VIOLATED)
_31480_/X                                 6     12     -6 (VIOLATED)
_31496_/X                                 6     12     -6 (VIOLATED)
_31501_/Y                                 6     12     -6 (VIOLATED)
_31528_/X                                 6     12     -6 (VIOLATED)
_31534_/Y                                 6     12     -6 (VIOLATED)
_31553_/X                                 6     12     -6 (VIOLATED)
_31567_/X                                 6     12     -6 (VIOLATED)
_31570_/X                                 6     12     -6 (VIOLATED)
_31605_/Y                                 6     12     -6 (VIOLATED)
_31634_/Y                                 6     12     -6 (VIOLATED)
_31646_/Y                                 6     12     -6 (VIOLATED)
_31654_/X                                 6     12     -6 (VIOLATED)
_31783_/X                                 6     12     -6 (VIOLATED)
_31969_/X                                 6     12     -6 (VIOLATED)
_31970_/X                                 6     12     -6 (VIOLATED)
_31971_/X                                 6     12     -6 (VIOLATED)
_32005_/X                                 6     12     -6 (VIOLATED)
_32088_/X                                 6     12     -6 (VIOLATED)
_32089_/X                                 6     12     -6 (VIOLATED)
_32090_/X                                 6     12     -6 (VIOLATED)
_32091_/X                                 6     12     -6 (VIOLATED)
_32092_/X                                 6     12     -6 (VIOLATED)
_32093_/X                                 6     12     -6 (VIOLATED)
_32095_/X                                 6     12     -6 (VIOLATED)
_32096_/X                                 6     12     -6 (VIOLATED)
_32099_/X                                 6     12     -6 (VIOLATED)
_32116_/X                                 6     12     -6 (VIOLATED)
_32117_/X                                 6     12     -6 (VIOLATED)
_32118_/X                                 6     12     -6 (VIOLATED)
_32119_/X                                 6     12     -6 (VIOLATED)
_32120_/X                                 6     12     -6 (VIOLATED)
_32128_/X                                 6     12     -6 (VIOLATED)
_32130_/X                                 6     12     -6 (VIOLATED)
_32131_/X                                 6     12     -6 (VIOLATED)
_32138_/X                                 6     12     -6 (VIOLATED)
_32143_/X                                 6     12     -6 (VIOLATED)
_32144_/X                                 6     12     -6 (VIOLATED)
_32200_/X                                 6     12     -6 (VIOLATED)
_32224_/X                                 6     12     -6 (VIOLATED)
_32267_/X                                 6     12     -6 (VIOLATED)
_32276_/X                                 6     12     -6 (VIOLATED)
_32277_/X                                 6     12     -6 (VIOLATED)
_32279_/X                                 6     12     -6 (VIOLATED)
_32281_/X                                 6     12     -6 (VIOLATED)
_32282_/X                                 6     12     -6 (VIOLATED)
_32286_/X                                 6     12     -6 (VIOLATED)
_32292_/X                                 6     12     -6 (VIOLATED)
_32311_/X                                 6     12     -6 (VIOLATED)
_32313_/X                                 6     12     -6 (VIOLATED)
_32317_/X                                 6     12     -6 (VIOLATED)
_32318_/X                                 6     12     -6 (VIOLATED)
_32334_/X                                 6     12     -6 (VIOLATED)
_32435_/X                                 6     12     -6 (VIOLATED)
_32436_/X                                 6     12     -6 (VIOLATED)
_32442_/X                                 6     12     -6 (VIOLATED)
_32449_/X                                 6     12     -6 (VIOLATED)
_32464_/X                                 6     12     -6 (VIOLATED)
_32490_/X                                 6     12     -6 (VIOLATED)
_32510_/X                                 6     12     -6 (VIOLATED)
_32552_/X                                 6     12     -6 (VIOLATED)
_32563_/X                                 6     12     -6 (VIOLATED)
_32605_/X                                 6     12     -6 (VIOLATED)
_32606_/X                                 6     12     -6 (VIOLATED)
_32653_/X                                 6     12     -6 (VIOLATED)
_32654_/X                                 6     12     -6 (VIOLATED)
_32669_/X                                 6     12     -6 (VIOLATED)
_32694_/X                                 6     12     -6 (VIOLATED)
_32701_/X                                 6     12     -6 (VIOLATED)
_32720_/X                                 6     12     -6 (VIOLATED)
_32735_/X                                 6     12     -6 (VIOLATED)
_32747_/X                                 6     12     -6 (VIOLATED)
_32757_/X                                 6     12     -6 (VIOLATED)
_32762_/X                                 6     12     -6 (VIOLATED)
_32763_/X                                 6     12     -6 (VIOLATED)
_32764_/X                                 6     12     -6 (VIOLATED)
_32766_/X                                 6     12     -6 (VIOLATED)
_32769_/X                                 6     12     -6 (VIOLATED)
_32770_/X                                 6     12     -6 (VIOLATED)
_32771_/X                                 6     12     -6 (VIOLATED)
_32774_/X                                 6     12     -6 (VIOLATED)
_32775_/X                                 6     12     -6 (VIOLATED)
_32778_/X                                 6     12     -6 (VIOLATED)
_32781_/X                                 6     12     -6 (VIOLATED)
_32784_/X                                 6     12     -6 (VIOLATED)
_32791_/X                                 6     12     -6 (VIOLATED)
_32792_/X                                 6     12     -6 (VIOLATED)
_32795_/X                                 6     12     -6 (VIOLATED)
_32799_/X                                 6     12     -6 (VIOLATED)
_32800_/X                                 6     12     -6 (VIOLATED)
_32801_/X                                 6     12     -6 (VIOLATED)
_32806_/X                                 6     12     -6 (VIOLATED)
_32810_/X                                 6     12     -6 (VIOLATED)
_32811_/X                                 6     12     -6 (VIOLATED)
_32822_/X                                 6     12     -6 (VIOLATED)
_32849_/X                                 6     12     -6 (VIOLATED)
_32853_/X                                 6     12     -6 (VIOLATED)
_32857_/X                                 6     12     -6 (VIOLATED)
_32864_/X                                 6     12     -6 (VIOLATED)
_32866_/X                                 6     12     -6 (VIOLATED)
_32870_/X                                 6     12     -6 (VIOLATED)
_32872_/X                                 6     12     -6 (VIOLATED)
_32876_/X                                 6     12     -6 (VIOLATED)
_32880_/X                                 6     12     -6 (VIOLATED)
_32902_/X                                 6     12     -6 (VIOLATED)
_32910_/X                                 6     12     -6 (VIOLATED)
_32943_/X                                 6     12     -6 (VIOLATED)
_32953_/X                                 6     12     -6 (VIOLATED)
_32979_/X                                 6     12     -6 (VIOLATED)
_32983_/X                                 6     12     -6 (VIOLATED)
_33004_/X                                 6     12     -6 (VIOLATED)
_33014_/X                                 6     12     -6 (VIOLATED)
_33022_/X                                 6     12     -6 (VIOLATED)
_33023_/X                                 6     12     -6 (VIOLATED)
_33028_/X                                 6     12     -6 (VIOLATED)
_33029_/X                                 6     12     -6 (VIOLATED)
_33036_/X                                 6     12     -6 (VIOLATED)
_33043_/X                                 6     12     -6 (VIOLATED)
_33048_/X                                 6     12     -6 (VIOLATED)
_33049_/X                                 6     12     -6 (VIOLATED)
_33054_/X                                 6     12     -6 (VIOLATED)
_33061_/X                                 6     12     -6 (VIOLATED)
_33066_/X                                 6     12     -6 (VIOLATED)
_33070_/X                                 6     12     -6 (VIOLATED)
_33074_/X                                 6     12     -6 (VIOLATED)
_33087_/X                                 6     12     -6 (VIOLATED)
_33088_/X                                 6     12     -6 (VIOLATED)
_33094_/X                                 6     12     -6 (VIOLATED)
_33137_/X                                 6     12     -6 (VIOLATED)
_33142_/X                                 6     12     -6 (VIOLATED)
_33165_/X                                 6     12     -6 (VIOLATED)
_33168_/X                                 6     12     -6 (VIOLATED)
_33178_/X                                 6     12     -6 (VIOLATED)
_33183_/X                                 6     12     -6 (VIOLATED)
_33186_/X                                 6     12     -6 (VIOLATED)
_33205_/X                                 6     12     -6 (VIOLATED)
_33231_/X                                 6     12     -6 (VIOLATED)
_33241_/X                                 6     12     -6 (VIOLATED)
_33242_/X                                 6     12     -6 (VIOLATED)
_33331_/X                                 6     12     -6 (VIOLATED)
_33347_/X                                 6     12     -6 (VIOLATED)
_33372_/X                                 6     12     -6 (VIOLATED)
_33380_/X                                 6     12     -6 (VIOLATED)
_33426_/X                                 6     12     -6 (VIOLATED)
_33429_/X                                 6     12     -6 (VIOLATED)
_33430_/X                                 6     12     -6 (VIOLATED)
_33443_/X                                 6     12     -6 (VIOLATED)
_33444_/X                                 6     12     -6 (VIOLATED)
_33481_/X                                 6     12     -6 (VIOLATED)
_33495_/X                                 6     12     -6 (VIOLATED)
_33503_/X                                 6     12     -6 (VIOLATED)
_33536_/X                                 6     12     -6 (VIOLATED)
_33562_/X                                 6     12     -6 (VIOLATED)
_33587_/X                                 6     12     -6 (VIOLATED)
_33628_/X                                 6     12     -6 (VIOLATED)
_33631_/X                                 6     12     -6 (VIOLATED)
_33635_/X                                 6     12     -6 (VIOLATED)
_33636_/X                                 6     12     -6 (VIOLATED)
_33668_/X                                 6     12     -6 (VIOLATED)
_33687_/X                                 6     12     -6 (VIOLATED)
_33877_/X                                 6     12     -6 (VIOLATED)
_33916_/X                                 6     12     -6 (VIOLATED)
_33942_/X                                 6     12     -6 (VIOLATED)
_33943_/X                                 6     12     -6 (VIOLATED)
_33945_/X                                 6     12     -6 (VIOLATED)
_33946_/X                                 6     12     -6 (VIOLATED)
_33950_/X                                 6     12     -6 (VIOLATED)
_33956_/X                                 6     12     -6 (VIOLATED)
_33966_/X                                 6     12     -6 (VIOLATED)
_34003_/X                                 6     12     -6 (VIOLATED)
_34004_/X                                 6     12     -6 (VIOLATED)
_34040_/X                                 6     12     -6 (VIOLATED)
_34041_/X                                 6     12     -6 (VIOLATED)
_34060_/X                                 6     12     -6 (VIOLATED)
_34097_/X                                 6     12     -6 (VIOLATED)
_34122_/X                                 6     12     -6 (VIOLATED)
_34133_/X                                 6     12     -6 (VIOLATED)
_34138_/X                                 6     12     -6 (VIOLATED)
_34153_/X                                 6     12     -6 (VIOLATED)
_34165_/X                                 6     12     -6 (VIOLATED)
_34169_/X                                 6     12     -6 (VIOLATED)
_34190_/X                                 6     12     -6 (VIOLATED)
_34226_/X                                 6     12     -6 (VIOLATED)
_34246_/X                                 6     12     -6 (VIOLATED)
_34247_/X                                 6     12     -6 (VIOLATED)
_34253_/X                                 6     12     -6 (VIOLATED)
_34268_/X                                 6     12     -6 (VIOLATED)
_34273_/X                                 6     12     -6 (VIOLATED)
_34277_/X                                 6     12     -6 (VIOLATED)
_34283_/X                                 6     12     -6 (VIOLATED)
_34314_/X                                 6     12     -6 (VIOLATED)
_34319_/X                                 6     12     -6 (VIOLATED)
_34320_/X                                 6     12     -6 (VIOLATED)
_34331_/X                                 6     12     -6 (VIOLATED)
_34340_/X                                 6     12     -6 (VIOLATED)
_34352_/X                                 6     12     -6 (VIOLATED)
_34356_/X                                 6     12     -6 (VIOLATED)
_34362_/X                                 6     12     -6 (VIOLATED)
_34367_/X                                 6     12     -6 (VIOLATED)
_34371_/X                                 6     12     -6 (VIOLATED)
_34377_/X                                 6     12     -6 (VIOLATED)
_34414_/X                                 6     12     -6 (VIOLATED)
_34418_/X                                 6     12     -6 (VIOLATED)
_34433_/X                                 6     12     -6 (VIOLATED)
_34434_/X                                 6     12     -6 (VIOLATED)
_34465_/X                                 6     12     -6 (VIOLATED)
_34471_/X                                 6     12     -6 (VIOLATED)
_34507_/X                                 6     12     -6 (VIOLATED)
_34523_/X                                 6     12     -6 (VIOLATED)
_34527_/X                                 6     12     -6 (VIOLATED)
_34564_/X                                 6     12     -6 (VIOLATED)
_34565_/X                                 6     12     -6 (VIOLATED)
_34581_/X                                 6     12     -6 (VIOLATED)
_34586_/X                                 6     12     -6 (VIOLATED)
_34590_/X                                 6     12     -6 (VIOLATED)
_34601_/X                                 6     12     -6 (VIOLATED)
_34602_/X                                 6     12     -6 (VIOLATED)
_34606_/X                                 6     12     -6 (VIOLATED)
_34617_/X                                 6     12     -6 (VIOLATED)
_34621_/X                                 6     12     -6 (VIOLATED)
_34658_/X                                 6     12     -6 (VIOLATED)
_34664_/X                                 6     12     -6 (VIOLATED)
_34668_/X                                 6     12     -6 (VIOLATED)
_34679_/X                                 6     12     -6 (VIOLATED)
_34689_/X                                 6     12     -6 (VIOLATED)
_34694_/X                                 6     12     -6 (VIOLATED)
_34714_/X                                 6     12     -6 (VIOLATED)
_34751_/X                                 6     12     -6 (VIOLATED)
_34787_/X                                 6     12     -6 (VIOLATED)
_34807_/X                                 6     12     -6 (VIOLATED)
_34838_/X                                 6     12     -6 (VIOLATED)
_34844_/X                                 6     12     -6 (VIOLATED)
_34850_/X                                 6     12     -6 (VIOLATED)
_34880_/X                                 6     12     -6 (VIOLATED)
_34881_/X                                 6     12     -6 (VIOLATED)
_34897_/X                                 6     12     -6 (VIOLATED)
_34901_/X                                 6     12     -6 (VIOLATED)
_34902_/X                                 6     12     -6 (VIOLATED)
_34932_/X                                 6     12     -6 (VIOLATED)
_34938_/X                                 6     12     -6 (VIOLATED)
_34939_/X                                 6     12     -6 (VIOLATED)
_34974_/X                                 6     12     -6 (VIOLATED)
_34994_/X                                 6     12     -6 (VIOLATED)
_34995_/X                                 6     12     -6 (VIOLATED)
_35032_/X                                 6     12     -6 (VIOLATED)
_35068_/X                                 6     12     -6 (VIOLATED)
_35088_/X                                 6     12     -6 (VIOLATED)
_35100_/X                                 6     12     -6 (VIOLATED)
_35104_/X                                 6     12     -6 (VIOLATED)
_35125_/X                                 6     12     -6 (VIOLATED)
_35161_/X                                 6     12     -6 (VIOLATED)
_35181_/X                                 6     12     -6 (VIOLATED)
_35253_/X                                 6     12     -6 (VIOLATED)
_35263_/X                                 6     12     -6 (VIOLATED)
_35271_/X                                 6     12     -6 (VIOLATED)
_35272_/X                                 6     12     -6 (VIOLATED)
_35274_/X                                 6     12     -6 (VIOLATED)
_35275_/X                                 6     12     -6 (VIOLATED)
_35352_/X                                 6     12     -6 (VIOLATED)
_35353_/X                                 6     12     -6 (VIOLATED)
_35354_/X                                 6     12     -6 (VIOLATED)
_35356_/X                                 6     12     -6 (VIOLATED)
_35389_/X                                 6     12     -6 (VIOLATED)
_35390_/X                                 6     12     -6 (VIOLATED)
_35400_/X                                 6     12     -6 (VIOLATED)
_35417_/X                                 6     12     -6 (VIOLATED)
_35418_/X                                 6     12     -6 (VIOLATED)
_35424_/X                                 6     12     -6 (VIOLATED)
_35425_/X                                 6     12     -6 (VIOLATED)
_35444_/X                                 6     12     -6 (VIOLATED)
_35445_/X                                 6     12     -6 (VIOLATED)
_35459_/X                                 6     12     -6 (VIOLATED)
_35461_/X                                 6     12     -6 (VIOLATED)
_35484_/X                                 6     12     -6 (VIOLATED)
_35485_/X                                 6     12     -6 (VIOLATED)
_35499_/X                                 6     12     -6 (VIOLATED)
_35501_/X                                 6     12     -6 (VIOLATED)
_35524_/X                                 6     12     -6 (VIOLATED)
_35530_/X                                 6     12     -6 (VIOLATED)
_35678_/X                                 6     12     -6 (VIOLATED)
_35697_/X                                 6     12     -6 (VIOLATED)
_35698_/X                                 6     12     -6 (VIOLATED)
_35759_/X                                 6     12     -6 (VIOLATED)
_35797_/X                                 6     12     -6 (VIOLATED)
_35799_/X                                 6     12     -6 (VIOLATED)
_35821_/X                                 6     12     -6 (VIOLATED)
_35842_/X                                 6     12     -6 (VIOLATED)
_35858_/X                                 6     12     -6 (VIOLATED)
_35859_/X                                 6     12     -6 (VIOLATED)
_35865_/X                                 6     12     -6 (VIOLATED)
_35960_/X                                 6     12     -6 (VIOLATED)
_35963_/X                                 6     12     -6 (VIOLATED)
_35987_/X                                 6     12     -6 (VIOLATED)
_36014_/X                                 6     12     -6 (VIOLATED)
_36079_/X                                 6     12     -6 (VIOLATED)
_36080_/X                                 6     12     -6 (VIOLATED)
_36094_/X                                 6     12     -6 (VIOLATED)
_36096_/X                                 6     12     -6 (VIOLATED)
_36123_/X                                 6     12     -6 (VIOLATED)
_36131_/X                                 6     12     -6 (VIOLATED)
_36240_/X                                 6     12     -6 (VIOLATED)
_36277_/X                                 6     12     -6 (VIOLATED)
_36290_/X                                 6     12     -6 (VIOLATED)
_36313_/X                                 6     12     -6 (VIOLATED)
_36336_/X                                 6     12     -6 (VIOLATED)
_36352_/X                                 6     12     -6 (VIOLATED)
_36353_/X                                 6     12     -6 (VIOLATED)
_36376_/X                                 6     12     -6 (VIOLATED)
_36390_/X                                 6     12     -6 (VIOLATED)
_36392_/X                                 6     12     -6 (VIOLATED)
_36421_/X                                 6     12     -6 (VIOLATED)
_36422_/X                                 6     12     -6 (VIOLATED)
_36438_/X                                 6     12     -6 (VIOLATED)
_36541_/X                                 6     12     -6 (VIOLATED)
_36565_/X                                 6     12     -6 (VIOLATED)
_36566_/X                                 6     12     -6 (VIOLATED)
_36574_/X                                 6     12     -6 (VIOLATED)
_36593_/X                                 6     12     -6 (VIOLATED)
_36607_/X                                 6     12     -6 (VIOLATED)
_36672_/X                                 6     12     -6 (VIOLATED)
_36673_/X                                 6     12     -6 (VIOLATED)
_36687_/X                                 6     12     -6 (VIOLATED)
_36694_/X                                 6     12     -6 (VIOLATED)
_36710_/X                                 6     12     -6 (VIOLATED)
_36726_/X                                 6     12     -6 (VIOLATED)
_36729_/X                                 6     12     -6 (VIOLATED)
_36830_/X                                 6     12     -6 (VIOLATED)
_36854_/X                                 6     12     -6 (VIOLATED)
_36857_/X                                 6     12     -6 (VIOLATED)
_36943_/X                                 6     12     -6 (VIOLATED)
_36967_/X                                 6     12     -6 (VIOLATED)
_36980_/X                                 6     12     -6 (VIOLATED)
_36998_/X                                 6     12     -6 (VIOLATED)
_37007_/X                                 6     12     -6 (VIOLATED)
_37008_/X                                 6     12     -6 (VIOLATED)
_37023_/X                                 6     12     -6 (VIOLATED)
_37119_/X                                 6     12     -6 (VIOLATED)
_37120_/X                                 6     12     -6 (VIOLATED)
_37135_/X                                 6     12     -6 (VIOLATED)
_37145_/X                                 6     12     -6 (VIOLATED)
_37198_/X                                 6     12     -6 (VIOLATED)
_37240_/X                                 6     12     -6 (VIOLATED)
_37263_/X                                 6     12     -6 (VIOLATED)
_37264_/X                                 6     12     -6 (VIOLATED)
_37275_/X                                 6     12     -6 (VIOLATED)
_37289_/X                                 6     12     -6 (VIOLATED)
_37290_/X                                 6     12     -6 (VIOLATED)
_37295_/X                                 6     12     -6 (VIOLATED)
_37417_/X                                 6     12     -6 (VIOLATED)
_37497_/X                                 6     12     -6 (VIOLATED)
_37534_/X                                 6     12     -6 (VIOLATED)
_37536_/X                                 6     12     -6 (VIOLATED)
_37537_/X                                 6     12     -6 (VIOLATED)
_37559_/X                                 6     12     -6 (VIOLATED)
_37577_/X                                 6     12     -6 (VIOLATED)
_37580_/X                                 6     12     -6 (VIOLATED)
_37596_/X                                 6     12     -6 (VIOLATED)
_37602_/X                                 6     12     -6 (VIOLATED)
_37700_/X                                 6     12     -6 (VIOLATED)
_37724_/X                                 6     12     -6 (VIOLATED)
_37790_/X                                 6     12     -6 (VIOLATED)
_37791_/X                                 6     12     -6 (VIOLATED)
_37830_/X                                 6     12     -6 (VIOLATED)
_37832_/X                                 6     12     -6 (VIOLATED)
_37850_/X                                 6     12     -6 (VIOLATED)
_37851_/X                                 6     12     -6 (VIOLATED)
_37860_/X                                 6     12     -6 (VIOLATED)
_37861_/X                                 6     12     -6 (VIOLATED)
_37869_/X                                 6     12     -6 (VIOLATED)
_37988_/X                                 6     12     -6 (VIOLATED)
_38035_/X                                 6     12     -6 (VIOLATED)
_38052_/X                                 6     12     -6 (VIOLATED)
_38114_/X                                 6     12     -6 (VIOLATED)
_38128_/X                                 6     12     -6 (VIOLATED)
_38130_/X                                 6     12     -6 (VIOLATED)
_38131_/X                                 6     12     -6 (VIOLATED)
_38160_/X                                 6     12     -6 (VIOLATED)
_38176_/X                                 6     12     -6 (VIOLATED)
_38303_/X                                 6     12     -6 (VIOLATED)
_38344_/X                                 6     12     -6 (VIOLATED)
_38383_/X                                 6     12     -6 (VIOLATED)
_38409_/X                                 6     12     -6 (VIOLATED)
_38430_/X                                 6     12     -6 (VIOLATED)
_38446_/X                                 6     12     -6 (VIOLATED)
_38462_/X                                 6     12     -6 (VIOLATED)
_38472_/X                                 6     12     -6 (VIOLATED)
_38591_/X                                 6     12     -6 (VIOLATED)
_38592_/X                                 6     12     -6 (VIOLATED)
_38595_/X                                 6     12     -6 (VIOLATED)
_38704_/X                                 6     12     -6 (VIOLATED)
_38717_/X                                 6     12     -6 (VIOLATED)
_38736_/X                                 6     12     -6 (VIOLATED)
_38745_/X                                 6     12     -6 (VIOLATED)
_38753_/X                                 6     12     -6 (VIOLATED)
_38760_/X                                 6     12     -6 (VIOLATED)
_38762_/X                                 6     12     -6 (VIOLATED)
_38763_/X                                 6     12     -6 (VIOLATED)
_38764_/X                                 6     12     -6 (VIOLATED)
_38765_/X                                 6     12     -6 (VIOLATED)
_38766_/X                                 6     12     -6 (VIOLATED)
_38767_/X                                 6     12     -6 (VIOLATED)
_38768_/X                                 6     12     -6 (VIOLATED)
_38769_/X                                 6     12     -6 (VIOLATED)
_38770_/X                                 6     12     -6 (VIOLATED)
_38771_/X                                 6     12     -6 (VIOLATED)
_38772_/X                                 6     12     -6 (VIOLATED)
_38773_/X                                 6     12     -6 (VIOLATED)
_38774_/X                                 6     12     -6 (VIOLATED)
_38775_/X                                 6     12     -6 (VIOLATED)
_38812_/X                                 6     12     -6 (VIOLATED)
_38813_/X                                 6     12     -6 (VIOLATED)
_38815_/X                                 6     12     -6 (VIOLATED)
_38828_/X                                 6     12     -6 (VIOLATED)
_38832_/X                                 6     12     -6 (VIOLATED)
_38836_/X                                 6     12     -6 (VIOLATED)
_38840_/X                                 6     12     -6 (VIOLATED)
_38850_/X                                 6     12     -6 (VIOLATED)
_38851_/X                                 6     12     -6 (VIOLATED)
_38867_/X                                 6     12     -6 (VIOLATED)
_38877_/X                                 6     12     -6 (VIOLATED)
_38880_/X                                 6     12     -6 (VIOLATED)
_38921_/X                                 6     12     -6 (VIOLATED)
_38938_/X                                 6     12     -6 (VIOLATED)
_38956_/X                                 6     12     -6 (VIOLATED)
_38962_/X                                 6     12     -6 (VIOLATED)
_38963_/X                                 6     12     -6 (VIOLATED)
_38978_/X                                 6     12     -6 (VIOLATED)
_39092_/X                                 6     12     -6 (VIOLATED)
_39196_/X                                 6     12     -6 (VIOLATED)
_39197_/X                                 6     12     -6 (VIOLATED)
_39205_/X                                 6     12     -6 (VIOLATED)
_39262_/X                                 6     12     -6 (VIOLATED)
_39280_/X                                 6     12     -6 (VIOLATED)
_39281_/X                                 6     12     -6 (VIOLATED)
_39285_/X                                 6     12     -6 (VIOLATED)
_39311_/X                                 6     12     -6 (VIOLATED)
_39372_/X                                 6     12     -6 (VIOLATED)
_39432_/X                                 6     12     -6 (VIOLATED)
_39621_/X                                 6     12     -6 (VIOLATED)
_39625_/X                                 6     12     -6 (VIOLATED)
_39626_/X                                 6     12     -6 (VIOLATED)
_39633_/X                                 6     12     -6 (VIOLATED)
_39644_/X                                 6     12     -6 (VIOLATED)
_39663_/X                                 6     12     -6 (VIOLATED)
_39685_/X                                 6     12     -6 (VIOLATED)
_39687_/X                                 6     12     -6 (VIOLATED)
_39713_/X                                 6     12     -6 (VIOLATED)
_39759_/X                                 6     12     -6 (VIOLATED)
_39778_/X                                 6     12     -6 (VIOLATED)
_39780_/X                                 6     12     -6 (VIOLATED)
_39785_/X                                 6     12     -6 (VIOLATED)
_39786_/X                                 6     12     -6 (VIOLATED)
_39789_/X                                 6     12     -6 (VIOLATED)
_39805_/X                                 6     12     -6 (VIOLATED)
_39819_/X                                 6     12     -6 (VIOLATED)
_39837_/X                                 6     12     -6 (VIOLATED)
_42040_/Q                                 6     12     -6 (VIOLATED)
_42053_/Q                                 6     12     -6 (VIOLATED)
_42058_/Q                                 6     12     -6 (VIOLATED)
_42059_/Q                                 6     12     -6 (VIOLATED)
_42062_/Q                                 6     12     -6 (VIOLATED)
_42063_/Q                                 6     12     -6 (VIOLATED)
_42068_/Q                                 6     12     -6 (VIOLATED)
_42071_/Q                                 6     12     -6 (VIOLATED)
_42073_/Q                                 6     12     -6 (VIOLATED)
_42092_/Q                                 6     12     -6 (VIOLATED)
_42097_/Q                                 6     12     -6 (VIOLATED)
_42107_/Q                                 6     12     -6 (VIOLATED)
_42118_/Q                                 6     12     -6 (VIOLATED)
_42120_/Q                                 6     12     -6 (VIOLATED)
_42127_/Q                                 6     12     -6 (VIOLATED)
_42133_/Q                                 6     12     -6 (VIOLATED)
_42150_/Q                                 6     12     -6 (VIOLATED)
_42151_/Q                                 6     12     -6 (VIOLATED)
_42154_/Q                                 6     12     -6 (VIOLATED)
_42155_/Q                                 6     12     -6 (VIOLATED)
_42156_/Q                                 6     12     -6 (VIOLATED)
_42157_/Q                                 6     12     -6 (VIOLATED)
_42158_/Q                                 6     12     -6 (VIOLATED)
_42159_/Q                                 6     12     -6 (VIOLATED)
_42160_/Q                                 6     12     -6 (VIOLATED)
_42161_/Q                                 6     12     -6 (VIOLATED)
_42162_/Q                                 6     12     -6 (VIOLATED)
_42163_/Q                                 6     12     -6 (VIOLATED)
_42164_/Q                                 6     12     -6 (VIOLATED)
_42165_/Q                                 6     12     -6 (VIOLATED)
_42166_/Q                                 6     12     -6 (VIOLATED)
_42167_/Q                                 6     12     -6 (VIOLATED)
_42168_/Q                                 6     12     -6 (VIOLATED)
_42169_/Q                                 6     12     -6 (VIOLATED)
_42170_/Q                                 6     12     -6 (VIOLATED)
_42171_/Q                                 6     12     -6 (VIOLATED)
_42182_/Q                                 6     12     -6 (VIOLATED)
_42183_/Q                                 6     12     -6 (VIOLATED)
_42186_/Q                                 6     12     -6 (VIOLATED)
_42187_/Q                                 6     12     -6 (VIOLATED)
_42188_/Q                                 6     12     -6 (VIOLATED)
_42189_/Q                                 6     12     -6 (VIOLATED)
_42190_/Q                                 6     12     -6 (VIOLATED)
_42191_/Q                                 6     12     -6 (VIOLATED)
_42192_/Q                                 6     12     -6 (VIOLATED)
_42193_/Q                                 6     12     -6 (VIOLATED)
_42194_/Q                                 6     12     -6 (VIOLATED)
_42195_/Q                                 6     12     -6 (VIOLATED)
_42196_/Q                                 6     12     -6 (VIOLATED)
_42197_/Q                                 6     12     -6 (VIOLATED)
_42198_/Q                                 6     12     -6 (VIOLATED)
_42199_/Q                                 6     12     -6 (VIOLATED)
_42200_/Q                                 6     12     -6 (VIOLATED)
_42202_/Q                                 6     12     -6 (VIOLATED)
_42203_/Q                                 6     12     -6 (VIOLATED)
_42214_/Q                                 6     12     -6 (VIOLATED)
_42215_/Q                                 6     12     -6 (VIOLATED)
_42218_/Q                                 6     12     -6 (VIOLATED)
_42219_/Q                                 6     12     -6 (VIOLATED)
_42220_/Q                                 6     12     -6 (VIOLATED)
_42221_/Q                                 6     12     -6 (VIOLATED)
_42222_/Q                                 6     12     -6 (VIOLATED)
_42223_/Q                                 6     12     -6 (VIOLATED)
_42224_/Q                                 6     12     -6 (VIOLATED)
_42225_/Q                                 6     12     -6 (VIOLATED)
_42226_/Q                                 6     12     -6 (VIOLATED)
_42227_/Q                                 6     12     -6 (VIOLATED)
_42228_/Q                                 6     12     -6 (VIOLATED)
_42229_/Q                                 6     12     -6 (VIOLATED)
_42230_/Q                                 6     12     -6 (VIOLATED)
_42231_/Q                                 6     12     -6 (VIOLATED)
_42232_/Q                                 6     12     -6 (VIOLATED)
_42233_/Q                                 6     12     -6 (VIOLATED)
_42234_/Q                                 6     12     -6 (VIOLATED)
_42235_/Q                                 6     12     -6 (VIOLATED)
_42246_/Q                                 6     12     -6 (VIOLATED)
_42247_/Q                                 6     12     -6 (VIOLATED)
_42250_/Q                                 6     12     -6 (VIOLATED)
_42251_/Q                                 6     12     -6 (VIOLATED)
_42252_/Q                                 6     12     -6 (VIOLATED)
_42253_/Q                                 6     12     -6 (VIOLATED)
_42254_/Q                                 6     12     -6 (VIOLATED)
_42255_/Q                                 6     12     -6 (VIOLATED)
_42256_/Q                                 6     12     -6 (VIOLATED)
_42257_/Q                                 6     12     -6 (VIOLATED)
_42258_/Q                                 6     12     -6 (VIOLATED)
_42259_/Q                                 6     12     -6 (VIOLATED)
_42260_/Q                                 6     12     -6 (VIOLATED)
_42261_/Q                                 6     12     -6 (VIOLATED)
_42262_/Q                                 6     12     -6 (VIOLATED)
_42263_/Q                                 6     12     -6 (VIOLATED)
_42264_/Q                                 6     12     -6 (VIOLATED)
_42265_/Q                                 6     12     -6 (VIOLATED)
_42266_/Q                                 6     12     -6 (VIOLATED)
_42267_/Q                                 6     12     -6 (VIOLATED)
_42278_/Q                                 6     12     -6 (VIOLATED)
_42282_/Q                                 6     12     -6 (VIOLATED)
_42284_/Q                                 6     12     -6 (VIOLATED)
_42285_/Q                                 6     12     -6 (VIOLATED)
_42286_/Q                                 6     12     -6 (VIOLATED)
_42287_/Q                                 6     12     -6 (VIOLATED)
_42288_/Q                                 6     12     -6 (VIOLATED)
_42289_/Q                                 6     12     -6 (VIOLATED)
_42291_/Q                                 6     12     -6 (VIOLATED)
_42292_/Q                                 6     12     -6 (VIOLATED)
_42293_/Q                                 6     12     -6 (VIOLATED)
_42294_/Q                                 6     12     -6 (VIOLATED)
_42296_/Q                                 6     12     -6 (VIOLATED)
_42299_/Q                                 6     12     -6 (VIOLATED)
_42310_/Q                                 6     12     -6 (VIOLATED)
_42311_/Q                                 6     12     -6 (VIOLATED)
_42314_/Q                                 6     12     -6 (VIOLATED)
_42315_/Q                                 6     12     -6 (VIOLATED)
_42316_/Q                                 6     12     -6 (VIOLATED)
_42317_/Q                                 6     12     -6 (VIOLATED)
_42318_/Q                                 6     12     -6 (VIOLATED)
_42319_/Q                                 6     12     -6 (VIOLATED)
_42320_/Q                                 6     12     -6 (VIOLATED)
_42321_/Q                                 6     12     -6 (VIOLATED)
_42322_/Q                                 6     12     -6 (VIOLATED)
_42324_/Q                                 6     12     -6 (VIOLATED)
_42325_/Q                                 6     12     -6 (VIOLATED)
_42326_/Q                                 6     12     -6 (VIOLATED)
_42327_/Q                                 6     12     -6 (VIOLATED)
_42328_/Q                                 6     12     -6 (VIOLATED)
_42329_/Q                                 6     12     -6 (VIOLATED)
_42330_/Q                                 6     12     -6 (VIOLATED)
_42331_/Q                                 6     12     -6 (VIOLATED)
_42342_/Q                                 6     12     -6 (VIOLATED)
_42343_/Q                                 6     12     -6 (VIOLATED)
_42346_/Q                                 6     12     -6 (VIOLATED)
_42348_/Q                                 6     12     -6 (VIOLATED)
_42349_/Q                                 6     12     -6 (VIOLATED)
_42350_/Q                                 6     12     -6 (VIOLATED)
_42351_/Q                                 6     12     -6 (VIOLATED)
_42352_/Q                                 6     12     -6 (VIOLATED)
_42353_/Q                                 6     12     -6 (VIOLATED)
_42354_/Q                                 6     12     -6 (VIOLATED)
_42355_/Q                                 6     12     -6 (VIOLATED)
_42356_/Q                                 6     12     -6 (VIOLATED)
_42357_/Q                                 6     12     -6 (VIOLATED)
_42358_/Q                                 6     12     -6 (VIOLATED)
_42359_/Q                                 6     12     -6 (VIOLATED)
_42360_/Q                                 6     12     -6 (VIOLATED)
_42361_/Q                                 6     12     -6 (VIOLATED)
_42362_/Q                                 6     12     -6 (VIOLATED)
_42363_/Q                                 6     12     -6 (VIOLATED)
_42375_/Q                                 6     12     -6 (VIOLATED)
_42378_/Q                                 6     12     -6 (VIOLATED)
_42379_/Q                                 6     12     -6 (VIOLATED)
_42380_/Q                                 6     12     -6 (VIOLATED)
_42381_/Q                                 6     12     -6 (VIOLATED)
_42382_/Q                                 6     12     -6 (VIOLATED)
_42383_/Q                                 6     12     -6 (VIOLATED)
_42384_/Q                                 6     12     -6 (VIOLATED)
_42385_/Q                                 6     12     -6 (VIOLATED)
_42386_/Q                                 6     12     -6 (VIOLATED)
_42387_/Q                                 6     12     -6 (VIOLATED)
_42388_/Q                                 6     12     -6 (VIOLATED)
_42389_/Q                                 6     12     -6 (VIOLATED)
_42390_/Q                                 6     12     -6 (VIOLATED)
_42391_/Q                                 6     12     -6 (VIOLATED)
_42392_/Q                                 6     12     -6 (VIOLATED)
_42393_/Q                                 6     12     -6 (VIOLATED)
_42394_/Q                                 6     12     -6 (VIOLATED)
_42395_/Q                                 6     12     -6 (VIOLATED)
_42406_/Q                                 6     12     -6 (VIOLATED)
_42407_/Q                                 6     12     -6 (VIOLATED)
_42410_/Q                                 6     12     -6 (VIOLATED)
_42411_/Q                                 6     12     -6 (VIOLATED)
_42412_/Q                                 6     12     -6 (VIOLATED)
_42413_/Q                                 6     12     -6 (VIOLATED)
_42414_/Q                                 6     12     -6 (VIOLATED)
_42415_/Q                                 6     12     -6 (VIOLATED)
_42416_/Q                                 6     12     -6 (VIOLATED)
_42417_/Q                                 6     12     -6 (VIOLATED)
_42418_/Q                                 6     12     -6 (VIOLATED)
_42419_/Q                                 6     12     -6 (VIOLATED)
_42420_/Q                                 6     12     -6 (VIOLATED)
_42421_/Q                                 6     12     -6 (VIOLATED)
_42422_/Q                                 6     12     -6 (VIOLATED)
_42423_/Q                                 6     12     -6 (VIOLATED)
_42424_/Q                                 6     12     -6 (VIOLATED)
_42425_/Q                                 6     12     -6 (VIOLATED)
_42426_/Q                                 6     12     -6 (VIOLATED)
_42427_/Q                                 6     12     -6 (VIOLATED)
_42438_/Q                                 6     12     -6 (VIOLATED)
_42439_/Q                                 6     12     -6 (VIOLATED)
_42442_/Q                                 6     12     -6 (VIOLATED)
_42443_/Q                                 6     12     -6 (VIOLATED)
_42444_/Q                                 6     12     -6 (VIOLATED)
_42445_/Q                                 6     12     -6 (VIOLATED)
_42446_/Q                                 6     12     -6 (VIOLATED)
_42447_/Q                                 6     12     -6 (VIOLATED)
_42448_/Q                                 6     12     -6 (VIOLATED)
_42449_/Q                                 6     12     -6 (VIOLATED)
_42450_/Q                                 6     12     -6 (VIOLATED)
_42451_/Q                                 6     12     -6 (VIOLATED)
_42452_/Q                                 6     12     -6 (VIOLATED)
_42453_/Q                                 6     12     -6 (VIOLATED)
_42454_/Q                                 6     12     -6 (VIOLATED)
_42455_/Q                                 6     12     -6 (VIOLATED)
_42457_/Q                                 6     12     -6 (VIOLATED)
_42458_/Q                                 6     12     -6 (VIOLATED)
_42459_/Q                                 6     12     -6 (VIOLATED)
_42470_/Q                                 6     12     -6 (VIOLATED)
_42471_/Q                                 6     12     -6 (VIOLATED)
_42474_/Q                                 6     12     -6 (VIOLATED)
_42475_/Q                                 6     12     -6 (VIOLATED)
_42476_/Q                                 6     12     -6 (VIOLATED)
_42477_/Q                                 6     12     -6 (VIOLATED)
_42478_/Q                                 6     12     -6 (VIOLATED)
_42479_/Q                                 6     12     -6 (VIOLATED)
_42480_/Q                                 6     12     -6 (VIOLATED)
_42481_/Q                                 6     12     -6 (VIOLATED)
_42482_/Q                                 6     12     -6 (VIOLATED)
_42483_/Q                                 6     12     -6 (VIOLATED)
_42484_/Q                                 6     12     -6 (VIOLATED)
_42485_/Q                                 6     12     -6 (VIOLATED)
_42486_/Q                                 6     12     -6 (VIOLATED)
_42487_/Q                                 6     12     -6 (VIOLATED)
_42488_/Q                                 6     12     -6 (VIOLATED)
_42489_/Q                                 6     12     -6 (VIOLATED)
_42490_/Q                                 6     12     -6 (VIOLATED)
_42491_/Q                                 6     12     -6 (VIOLATED)
_42502_/Q                                 6     12     -6 (VIOLATED)
_42503_/Q                                 6     12     -6 (VIOLATED)
_42506_/Q                                 6     12     -6 (VIOLATED)
_42507_/Q                                 6     12     -6 (VIOLATED)
_42508_/Q                                 6     12     -6 (VIOLATED)
_42509_/Q                                 6     12     -6 (VIOLATED)
_42510_/Q                                 6     12     -6 (VIOLATED)
_42511_/Q                                 6     12     -6 (VIOLATED)
_42512_/Q                                 6     12     -6 (VIOLATED)
_42513_/Q                                 6     12     -6 (VIOLATED)
_42514_/Q                                 6     12     -6 (VIOLATED)
_42515_/Q                                 6     12     -6 (VIOLATED)
_42516_/Q                                 6     12     -6 (VIOLATED)
_42517_/Q                                 6     12     -6 (VIOLATED)
_42518_/Q                                 6     12     -6 (VIOLATED)
_42519_/Q                                 6     12     -6 (VIOLATED)
_42520_/Q                                 6     12     -6 (VIOLATED)
_42521_/Q                                 6     12     -6 (VIOLATED)
_42522_/Q                                 6     12     -6 (VIOLATED)
_42523_/Q                                 6     12     -6 (VIOLATED)
_43610_/Q                                 6     12     -6 (VIOLATED)
_43613_/Q                                 6     12     -6 (VIOLATED)
_43616_/Q                                 6     12     -6 (VIOLATED)
clkbuf_6_53_0_clk/X                       6     12     -6 (VIOLATED)
clkbuf_6_54_0_clk/X                       6     12     -6 (VIOLATED)
input13/X                                 6     12     -6 (VIOLATED)
input14/X                                 6     12     -6 (VIOLATED)
input15/X                                 6     12     -6 (VIOLATED)
input16/X                                 6     12     -6 (VIOLATED)
input17/X                                 6     12     -6 (VIOLATED)
input18/X                                 6     12     -6 (VIOLATED)
input19/X                                 6     12     -6 (VIOLATED)
input20/X                                 6     12     -6 (VIOLATED)
input21/X                                 6     12     -6 (VIOLATED)
input22/X                                 6     12     -6 (VIOLATED)
input24/X                                 6     12     -6 (VIOLATED)
input25/X                                 6     12     -6 (VIOLATED)
input26/X                                 6     12     -6 (VIOLATED)
input27/X                                 6     12     -6 (VIOLATED)
input28/X                                 6     12     -6 (VIOLATED)
input29/X                                 6     12     -6 (VIOLATED)
input30/X                                 6     12     -6 (VIOLATED)
input31/X                                 6     12     -6 (VIOLATED)
input32/X                                 6     12     -6 (VIOLATED)
input33/X                                 6     12     -6 (VIOLATED)
input35/X                                 6     12     -6 (VIOLATED)
input36/X                                 6     12     -6 (VIOLATED)
input39/X                                 6     12     -6 (VIOLATED)
input40/X                                 6     12     -6 (VIOLATED)
input41/X                                 6     12     -6 (VIOLATED)
input42/X                                 6     12     -6 (VIOLATED)
input43/X                                 6     12     -6 (VIOLATED)
input6/X                                  6     12     -6 (VIOLATED)
_29598_/Y                                 6     11     -5 (VIOLATED)
_42465_/Q                                 6     11     -5 (VIOLATED)
_20023_/Y                                 6     10     -4 (VIOLATED)
_20040_/Y                                 6     10     -4 (VIOLATED)
_20059_/Y                                 6     10     -4 (VIOLATED)
_20070_/X                                 6     10     -4 (VIOLATED)
_20114_/Y                                 6     10     -4 (VIOLATED)
_20124_/Y                                 6     10     -4 (VIOLATED)
_21738_/X                                 6     10     -4 (VIOLATED)
_27286_/X                                 6     10     -4 (VIOLATED)
_27394_/X                                 6     10     -4 (VIOLATED)
_27418_/Y                                 6     10     -4 (VIOLATED)
_27470_/X                                 6     10     -4 (VIOLATED)
_27541_/X                                 6     10     -4 (VIOLATED)
_27548_/X                                 6     10     -4 (VIOLATED)
_27671_/Y                                 6     10     -4 (VIOLATED)
_28041_/X                                 6     10     -4 (VIOLATED)
_28042_/Y                                 6     10     -4 (VIOLATED)
_28067_/Y                                 6     10     -4 (VIOLATED)
_28242_/X                                 6     10     -4 (VIOLATED)
_28569_/X                                 6     10     -4 (VIOLATED)
_28609_/Y                                 6     10     -4 (VIOLATED)
_28690_/Y                                 6     10     -4 (VIOLATED)
_28806_/Y                                 6     10     -4 (VIOLATED)
_28834_/Y                                 6     10     -4 (VIOLATED)
_28904_/Y                                 6     10     -4 (VIOLATED)
_28945_/Y                                 6     10     -4 (VIOLATED)
_28955_/Y                                 6     10     -4 (VIOLATED)
_28981_/Y                                 6     10     -4 (VIOLATED)
_29054_/Y                                 6     10     -4 (VIOLATED)
_29107_/Y                                 6     10     -4 (VIOLATED)
_29120_/X                                 6     10     -4 (VIOLATED)
_29126_/X                                 6     10     -4 (VIOLATED)
_29166_/Y                                 6     10     -4 (VIOLATED)
_29323_/X                                 6     10     -4 (VIOLATED)
_29333_/X                                 6     10     -4 (VIOLATED)
_29345_/Y                                 6     10     -4 (VIOLATED)
_29370_/Y                                 6     10     -4 (VIOLATED)
_29373_/Y                                 6     10     -4 (VIOLATED)
_29384_/X                                 6     10     -4 (VIOLATED)
_29421_/Y                                 6     10     -4 (VIOLATED)
_29506_/Y                                 6     10     -4 (VIOLATED)
_29521_/X                                 6     10     -4 (VIOLATED)
_29531_/Y                                 6     10     -4 (VIOLATED)
_29603_/Y                                 6     10     -4 (VIOLATED)
_29835_/X                                 6     10     -4 (VIOLATED)
_29938_/X                                 6     10     -4 (VIOLATED)
_29979_/Y                                 6     10     -4 (VIOLATED)
_29981_/Y                                 6     10     -4 (VIOLATED)
_30040_/Y                                 6     10     -4 (VIOLATED)
_30049_/Y                                 6     10     -4 (VIOLATED)
_30095_/X                                 6     10     -4 (VIOLATED)
_30104_/Y                                 6     10     -4 (VIOLATED)
_30129_/Y                                 6     10     -4 (VIOLATED)
_30160_/Y                                 6     10     -4 (VIOLATED)
_30222_/X                                 6     10     -4 (VIOLATED)
_30264_/Y                                 6     10     -4 (VIOLATED)
_30294_/X                                 6     10     -4 (VIOLATED)
_30326_/Y                                 6     10     -4 (VIOLATED)
_30337_/X                                 6     10     -4 (VIOLATED)
_30408_/Y                                 6     10     -4 (VIOLATED)
_31100_/Y                                 6     10     -4 (VIOLATED)
_31219_/Y                                 6     10     -4 (VIOLATED)
_31228_/X                                 6     10     -4 (VIOLATED)
_31252_/Y                                 6     10     -4 (VIOLATED)
_31264_/Y                                 6     10     -4 (VIOLATED)
_31275_/Y                                 6     10     -4 (VIOLATED)
_31283_/Y                                 6     10     -4 (VIOLATED)
_31518_/Y                                 6     10     -4 (VIOLATED)
_31564_/Y                                 6     10     -4 (VIOLATED)
_31584_/Y                                 6     10     -4 (VIOLATED)
_31669_/Y                                 6     10     -4 (VIOLATED)
_31688_/Y                                 6     10     -4 (VIOLATED)
_31705_/Y                                 6     10     -4 (VIOLATED)
_31720_/Y                                 6     10     -4 (VIOLATED)
_31731_/Y                                 6     10     -4 (VIOLATED)
_31778_/Y                                 6     10     -4 (VIOLATED)
_31834_/Y                                 6     10     -4 (VIOLATED)
_33944_/Y                                 6     10     -4 (VIOLATED)
_39224_/X                                 6     10     -4 (VIOLATED)
_39410_/X                                 6     10     -4 (VIOLATED)
_39930_/Y                                 6     10     -4 (VIOLATED)
_40282_/Q                                 6     10     -4 (VIOLATED)
_40284_/Q                                 6     10     -4 (VIOLATED)
_41312_/Q                                 6     10     -4 (VIOLATED)
_42021_/Q                                 6     10     -4 (VIOLATED)
_42024_/Q                                 6     10     -4 (VIOLATED)
_42037_/Q                                 6     10     -4 (VIOLATED)
_42038_/Q                                 6     10     -4 (VIOLATED)
_42039_/Q                                 6     10     -4 (VIOLATED)
_42043_/Q                                 6     10     -4 (VIOLATED)
_42050_/Q                                 6     10     -4 (VIOLATED)
_42069_/Q                                 6     10     -4 (VIOLATED)
_42075_/Q                                 6     10     -4 (VIOLATED)
_42077_/Q                                 6     10     -4 (VIOLATED)
_42086_/Q                                 6     10     -4 (VIOLATED)
_42088_/Q                                 6     10     -4 (VIOLATED)
_42098_/Q                                 6     10     -4 (VIOLATED)
_42112_/Q                                 6     10     -4 (VIOLATED)
_42114_/Q                                 6     10     -4 (VIOLATED)
_42131_/Q                                 6     10     -4 (VIOLATED)
_42135_/Q                                 6     10     -4 (VIOLATED)
_42141_/Q                                 6     10     -4 (VIOLATED)
_42143_/Q                                 6     10     -4 (VIOLATED)
_42147_/Q                                 6     10     -4 (VIOLATED)
_42148_/Q                                 6     10     -4 (VIOLATED)
_42149_/Q                                 6     10     -4 (VIOLATED)
_42152_/Q                                 6     10     -4 (VIOLATED)
_42153_/Q                                 6     10     -4 (VIOLATED)
_42172_/Q                                 6     10     -4 (VIOLATED)
_42173_/Q                                 6     10     -4 (VIOLATED)
_42174_/Q                                 6     10     -4 (VIOLATED)
_42175_/Q                                 6     10     -4 (VIOLATED)
_42176_/Q                                 6     10     -4 (VIOLATED)
_42177_/Q                                 6     10     -4 (VIOLATED)
_42178_/Q                                 6     10     -4 (VIOLATED)
_42180_/Q                                 6     10     -4 (VIOLATED)
_42181_/Q                                 6     10     -4 (VIOLATED)
_42184_/Q                                 6     10     -4 (VIOLATED)
_42185_/Q                                 6     10     -4 (VIOLATED)
_42204_/Q                                 6     10     -4 (VIOLATED)
_42205_/Q                                 6     10     -4 (VIOLATED)
_42206_/Q                                 6     10     -4 (VIOLATED)
_42207_/Q                                 6     10     -4 (VIOLATED)
_42208_/Q                                 6     10     -4 (VIOLATED)
_42209_/Q                                 6     10     -4 (VIOLATED)
_42210_/Q                                 6     10     -4 (VIOLATED)
_42212_/Q                                 6     10     -4 (VIOLATED)
_42213_/Q                                 6     10     -4 (VIOLATED)
_42216_/Q                                 6     10     -4 (VIOLATED)
_42217_/Q                                 6     10     -4 (VIOLATED)
_42236_/Q                                 6     10     -4 (VIOLATED)
_42237_/Q                                 6     10     -4 (VIOLATED)
_42238_/Q                                 6     10     -4 (VIOLATED)
_42239_/Q                                 6     10     -4 (VIOLATED)
_42240_/Q                                 6     10     -4 (VIOLATED)
_42241_/Q                                 6     10     -4 (VIOLATED)
_42242_/Q                                 6     10     -4 (VIOLATED)
_42244_/Q                                 6     10     -4 (VIOLATED)
_42245_/Q                                 6     10     -4 (VIOLATED)
_42248_/Q                                 6     10     -4 (VIOLATED)
_42249_/Q                                 6     10     -4 (VIOLATED)
_42268_/Q                                 6     10     -4 (VIOLATED)
_42269_/Q                                 6     10     -4 (VIOLATED)
_42270_/Q                                 6     10     -4 (VIOLATED)
_42271_/Q                                 6     10     -4 (VIOLATED)
_42272_/Q                                 6     10     -4 (VIOLATED)
_42273_/Q                                 6     10     -4 (VIOLATED)
_42274_/Q                                 6     10     -4 (VIOLATED)
_42276_/Q                                 6     10     -4 (VIOLATED)
_42277_/Q                                 6     10     -4 (VIOLATED)
_42295_/Q                                 6     10     -4 (VIOLATED)
_42300_/Q                                 6     10     -4 (VIOLATED)
_42301_/Q                                 6     10     -4 (VIOLATED)
_42302_/Q                                 6     10     -4 (VIOLATED)
_42303_/Q                                 6     10     -4 (VIOLATED)
_42304_/Q                                 6     10     -4 (VIOLATED)
_42305_/Q                                 6     10     -4 (VIOLATED)
_42306_/Q                                 6     10     -4 (VIOLATED)
_42308_/Q                                 6     10     -4 (VIOLATED)
_42309_/Q                                 6     10     -4 (VIOLATED)
_42312_/Q                                 6     10     -4 (VIOLATED)
_42313_/Q                                 6     10     -4 (VIOLATED)
_42323_/Q                                 6     10     -4 (VIOLATED)
_42332_/Q                                 6     10     -4 (VIOLATED)
_42333_/Q                                 6     10     -4 (VIOLATED)
_42334_/Q                                 6     10     -4 (VIOLATED)
_42335_/Q                                 6     10     -4 (VIOLATED)
_42336_/Q                                 6     10     -4 (VIOLATED)
_42337_/Q                                 6     10     -4 (VIOLATED)
_42338_/Q                                 6     10     -4 (VIOLATED)
_42340_/Q                                 6     10     -4 (VIOLATED)
_42341_/Q                                 6     10     -4 (VIOLATED)
_42344_/Q                                 6     10     -4 (VIOLATED)
_42345_/Q                                 6     10     -4 (VIOLATED)
_42347_/Q                                 6     10     -4 (VIOLATED)
_42364_/Q                                 6     10     -4 (VIOLATED)
_42365_/Q                                 6     10     -4 (VIOLATED)
_42366_/Q                                 6     10     -4 (VIOLATED)
_42367_/Q                                 6     10     -4 (VIOLATED)
_42368_/Q                                 6     10     -4 (VIOLATED)
_42369_/Q                                 6     10     -4 (VIOLATED)
_42370_/Q                                 6     10     -4 (VIOLATED)
_42373_/Q                                 6     10     -4 (VIOLATED)
_42376_/Q                                 6     10     -4 (VIOLATED)
_42377_/Q                                 6     10     -4 (VIOLATED)
_42396_/Q                                 6     10     -4 (VIOLATED)
_42397_/Q                                 6     10     -4 (VIOLATED)
_42398_/Q                                 6     10     -4 (VIOLATED)
_42399_/Q                                 6     10     -4 (VIOLATED)
_42400_/Q                                 6     10     -4 (VIOLATED)
_42401_/Q                                 6     10     -4 (VIOLATED)
_42402_/Q                                 6     10     -4 (VIOLATED)
_42404_/Q                                 6     10     -4 (VIOLATED)
_42405_/Q                                 6     10     -4 (VIOLATED)
_42408_/Q                                 6     10     -4 (VIOLATED)
_42409_/Q                                 6     10     -4 (VIOLATED)
_42428_/Q                                 6     10     -4 (VIOLATED)
_42429_/Q                                 6     10     -4 (VIOLATED)
_42430_/Q                                 6     10     -4 (VIOLATED)
_42431_/Q                                 6     10     -4 (VIOLATED)
_42432_/Q                                 6     10     -4 (VIOLATED)
_42433_/Q                                 6     10     -4 (VIOLATED)
_42434_/Q                                 6     10     -4 (VIOLATED)
_42436_/Q                                 6     10     -4 (VIOLATED)
_42437_/Q                                 6     10     -4 (VIOLATED)
_42440_/Q                                 6     10     -4 (VIOLATED)
_42441_/Q                                 6     10     -4 (VIOLATED)
_42460_/Q                                 6     10     -4 (VIOLATED)
_42461_/Q                                 6     10     -4 (VIOLATED)
_42462_/Q                                 6     10     -4 (VIOLATED)
_42463_/Q                                 6     10     -4 (VIOLATED)
_42464_/Q                                 6     10     -4 (VIOLATED)
_42466_/Q                                 6     10     -4 (VIOLATED)
_42468_/Q                                 6     10     -4 (VIOLATED)
_42469_/Q                                 6     10     -4 (VIOLATED)
_42472_/Q                                 6     10     -4 (VIOLATED)
_42473_/Q                                 6     10     -4 (VIOLATED)
_42492_/Q                                 6     10     -4 (VIOLATED)
_42493_/Q                                 6     10     -4 (VIOLATED)
_42494_/Q                                 6     10     -4 (VIOLATED)
_42495_/Q                                 6     10     -4 (VIOLATED)
_42496_/Q                                 6     10     -4 (VIOLATED)
_42497_/Q                                 6     10     -4 (VIOLATED)
_42498_/Q                                 6     10     -4 (VIOLATED)
_42500_/Q                                 6     10     -4 (VIOLATED)
_42501_/Q                                 6     10     -4 (VIOLATED)
_42504_/Q                                 6     10     -4 (VIOLATED)
_42505_/Q                                 6     10     -4 (VIOLATED)
_42524_/Q                                 6     10     -4 (VIOLATED)
_42525_/Q                                 6     10     -4 (VIOLATED)
_42526_/Q                                 6     10     -4 (VIOLATED)
_42527_/Q                                 6     10     -4 (VIOLATED)
_42528_/Q                                 6     10     -4 (VIOLATED)
_42529_/Q                                 6     10     -4 (VIOLATED)
_42530_/Q                                 6     10     -4 (VIOLATED)
_43576_/Q                                 6     10     -4 (VIOLATED)
_43579_/Q                                 6     10     -4 (VIOLATED)
_43592_/Q                                 6     10     -4 (VIOLATED)
_43603_/Q                                 6     10     -4 (VIOLATED)
_43619_/Q                                 6     10     -4 (VIOLATED)
_43621_/Q                                 6     10     -4 (VIOLATED)
_43624_/Q                                 6     10     -4 (VIOLATED)
hold2745/X                                6     10     -4 (VIOLATED)
hold3490/X                                6     10     -4 (VIOLATED)
input11/X                                 6     10     -4 (VIOLATED)
input5/X                                  6     10     -4 (VIOLATED)
max_cap2/X                                6     10     -4 (VIOLATED)
wire132/X                                 6     10     -4 (VIOLATED)
wire135/X                                 6     10     -4 (VIOLATED)
wire137/X                                 6     10     -4 (VIOLATED)
_41370_/Q                                 6      9     -3 (VIOLATED)
clkbuf_leaf_170_clk/X                     6      9     -3 (VIOLATED)
clkbuf_leaf_350_clk/X                     6      9     -3 (VIOLATED)
clkbuf_leaf_438_clk/X                     6      9     -3 (VIOLATED)
clkbuf_leaf_444_clk/X                     6      9     -3 (VIOLATED)
clkbuf_leaf_493_clk/X                     6      9     -3 (VIOLATED)
clkbuf_leaf_575_clk/X                     6      9     -3 (VIOLATED)
clkbuf_leaf_767_clk/X                     6      9     -3 (VIOLATED)
_20005_/Y                                 6      8     -2 (VIOLATED)
_20057_/X                                 6      8     -2 (VIOLATED)
_20063_/Y                                 6      8     -2 (VIOLATED)
_20085_/Y                                 6      8     -2 (VIOLATED)
_20099_/Y                                 6      8     -2 (VIOLATED)
_20102_/X                                 6      8     -2 (VIOLATED)
_20113_/Y                                 6      8     -2 (VIOLATED)
_20116_/X                                 6      8     -2 (VIOLATED)
_20127_/X                                 6      8     -2 (VIOLATED)
_24896_/Y                                 6      8     -2 (VIOLATED)
_25735_/Y                                 6      8     -2 (VIOLATED)
_27284_/X                                 6      8     -2 (VIOLATED)
_27291_/X                                 6      8     -2 (VIOLATED)
_27296_/X                                 6      8     -2 (VIOLATED)
_27299_/X                                 6      8     -2 (VIOLATED)
_27317_/X                                 6      8     -2 (VIOLATED)
_27321_/X                                 6      8     -2 (VIOLATED)
_27326_/X                                 6      8     -2 (VIOLATED)
_27327_/Y                                 6      8     -2 (VIOLATED)
_27338_/X                                 6      8     -2 (VIOLATED)
_27448_/Y                                 6      8     -2 (VIOLATED)
_27455_/X                                 6      8     -2 (VIOLATED)
_27480_/X                                 6      8     -2 (VIOLATED)
_27488_/X                                 6      8     -2 (VIOLATED)
_27554_/Y                                 6      8     -2 (VIOLATED)
_27582_/Y                                 6      8     -2 (VIOLATED)
_27588_/Y                                 6      8     -2 (VIOLATED)
_27648_/Y                                 6      8     -2 (VIOLATED)
_27664_/X                                 6      8     -2 (VIOLATED)
_27783_/Y                                 6      8     -2 (VIOLATED)
_27798_/X                                 6      8     -2 (VIOLATED)
_27805_/Y                                 6      8     -2 (VIOLATED)
_27810_/X                                 6      8     -2 (VIOLATED)
_27829_/Y                                 6      8     -2 (VIOLATED)
_27848_/Y                                 6      8     -2 (VIOLATED)
_27866_/X                                 6      8     -2 (VIOLATED)
_27895_/X                                 6      8     -2 (VIOLATED)
_27948_/X                                 6      8     -2 (VIOLATED)
_28001_/Y                                 6      8     -2 (VIOLATED)
_28027_/X                                 6      8     -2 (VIOLATED)
_28071_/X                                 6      8     -2 (VIOLATED)
_28087_/Y                                 6      8     -2 (VIOLATED)
_28105_/X                                 6      8     -2 (VIOLATED)
_28161_/Y                                 6      8     -2 (VIOLATED)
_28170_/X                                 6      8     -2 (VIOLATED)
_28189_/Y                                 6      8     -2 (VIOLATED)
_28201_/X                                 6      8     -2 (VIOLATED)
_28314_/Y                                 6      8     -2 (VIOLATED)
_28373_/Y                                 6      8     -2 (VIOLATED)
_28567_/X                                 6      8     -2 (VIOLATED)
_28580_/X                                 6      8     -2 (VIOLATED)
_28582_/X                                 6      8     -2 (VIOLATED)
_28599_/X                                 6      8     -2 (VIOLATED)
_28608_/X                                 6      8     -2 (VIOLATED)
_28610_/X                                 6      8     -2 (VIOLATED)
_28615_/Y                                 6      8     -2 (VIOLATED)
_28621_/X                                 6      8     -2 (VIOLATED)
_28630_/X                                 6      8     -2 (VIOLATED)
_28654_/X                                 6      8     -2 (VIOLATED)
_28657_/X                                 6      8     -2 (VIOLATED)
_28670_/X                                 6      8     -2 (VIOLATED)
_28671_/Y                                 6      8     -2 (VIOLATED)
_28672_/X                                 6      8     -2 (VIOLATED)
_28733_/X                                 6      8     -2 (VIOLATED)
_28747_/X                                 6      8     -2 (VIOLATED)
_28823_/X                                 6      8     -2 (VIOLATED)
_28845_/Y                                 6      8     -2 (VIOLATED)
_28901_/Y                                 6      8     -2 (VIOLATED)
_28911_/Y                                 6      8     -2 (VIOLATED)
_28948_/Y                                 6      8     -2 (VIOLATED)
_29027_/Y                                 6      8     -2 (VIOLATED)
_29072_/Y                                 6      8     -2 (VIOLATED)
_29085_/Y                                 6      8     -2 (VIOLATED)
_29122_/X                                 6      8     -2 (VIOLATED)
_29133_/Y                                 6      8     -2 (VIOLATED)
_29151_/Y                                 6      8     -2 (VIOLATED)
_29268_/Y                                 6      8     -2 (VIOLATED)
_29289_/Y                                 6      8     -2 (VIOLATED)
_29294_/X                                 6      8     -2 (VIOLATED)
_29295_/Y                                 6      8     -2 (VIOLATED)
_29298_/Y                                 6      8     -2 (VIOLATED)
_29307_/X                                 6      8     -2 (VIOLATED)
_29366_/Y                                 6      8     -2 (VIOLATED)
_29375_/Y                                 6      8     -2 (VIOLATED)
_29406_/Y                                 6      8     -2 (VIOLATED)
_29417_/X                                 6      8     -2 (VIOLATED)
_29435_/Y                                 6      8     -2 (VIOLATED)
_29447_/Y                                 6      8     -2 (VIOLATED)
_29461_/Y                                 6      8     -2 (VIOLATED)
_29473_/Y                                 6      8     -2 (VIOLATED)
_29493_/Y                                 6      8     -2 (VIOLATED)
_29554_/Y                                 6      8     -2 (VIOLATED)
_29566_/Y                                 6      8     -2 (VIOLATED)
_29580_/Y                                 6      8     -2 (VIOLATED)
_29595_/Y                                 6      8     -2 (VIOLATED)
_29609_/Y                                 6      8     -2 (VIOLATED)
_29623_/Y                                 6      8     -2 (VIOLATED)
_29753_/X                                 6      8     -2 (VIOLATED)
_29763_/X                                 6      8     -2 (VIOLATED)
_29787_/X                                 6      8     -2 (VIOLATED)
_29807_/X                                 6      8     -2 (VIOLATED)
_29824_/X                                 6      8     -2 (VIOLATED)
_29833_/X                                 6      8     -2 (VIOLATED)
_29840_/X                                 6      8     -2 (VIOLATED)
_29868_/X                                 6      8     -2 (VIOLATED)
_29871_/X                                 6      8     -2 (VIOLATED)
_29882_/X                                 6      8     -2 (VIOLATED)
_29951_/X                                 6      8     -2 (VIOLATED)
_29970_/Y                                 6      8     -2 (VIOLATED)
_29971_/X                                 6      8     -2 (VIOLATED)
_30002_/X                                 6      8     -2 (VIOLATED)
_30217_/Y                                 6      8     -2 (VIOLATED)
_30241_/X                                 6      8     -2 (VIOLATED)
_30258_/Y                                 6      8     -2 (VIOLATED)
_30267_/Y                                 6      8     -2 (VIOLATED)
_30274_/X                                 6      8     -2 (VIOLATED)
_30352_/Y                                 6      8     -2 (VIOLATED)
_30426_/Y                                 6      8     -2 (VIOLATED)
_30436_/Y                                 6      8     -2 (VIOLATED)
_30486_/Y                                 6      8     -2 (VIOLATED)
_30500_/Y                                 6      8     -2 (VIOLATED)
_30512_/Y                                 6      8     -2 (VIOLATED)
_30526_/Y                                 6      8     -2 (VIOLATED)
_30530_/Y                                 6      8     -2 (VIOLATED)
_30531_/X                                 6      8     -2 (VIOLATED)
_30555_/Y                                 6      8     -2 (VIOLATED)
_30569_/Y                                 6      8     -2 (VIOLATED)
_30599_/Y                                 6      8     -2 (VIOLATED)
_30650_/Y                                 6      8     -2 (VIOLATED)
_30661_/X                                 6      8     -2 (VIOLATED)
_30763_/Y                                 6      8     -2 (VIOLATED)
_30817_/Y                                 6      8     -2 (VIOLATED)
_30927_/X                                 6      8     -2 (VIOLATED)
_30929_/X                                 6      8     -2 (VIOLATED)
_30931_/X                                 6      8     -2 (VIOLATED)
_30938_/X                                 6      8     -2 (VIOLATED)
_30960_/X                                 6      8     -2 (VIOLATED)
_30974_/X                                 6      8     -2 (VIOLATED)
_30978_/X                                 6      8     -2 (VIOLATED)
_30986_/X                                 6      8     -2 (VIOLATED)
_30988_/X                                 6      8     -2 (VIOLATED)
_31003_/X                                 6      8     -2 (VIOLATED)
_31041_/X                                 6      8     -2 (VIOLATED)
_31048_/X                                 6      8     -2 (VIOLATED)
_31049_/X                                 6      8     -2 (VIOLATED)
_31051_/X                                 6      8     -2 (VIOLATED)
_31060_/X                                 6      8     -2 (VIOLATED)
_31102_/Y                                 6      8     -2 (VIOLATED)
_31163_/Y                                 6      8     -2 (VIOLATED)
_31299_/Y                                 6      8     -2 (VIOLATED)
_31321_/Y                                 6      8     -2 (VIOLATED)
_31333_/Y                                 6      8     -2 (VIOLATED)
_31352_/Y                                 6      8     -2 (VIOLATED)
_31396_/Y                                 6      8     -2 (VIOLATED)
_31412_/Y                                 6      8     -2 (VIOLATED)
_31491_/Y                                 6      8     -2 (VIOLATED)
_31507_/X                                 6      8     -2 (VIOLATED)
_31515_/X                                 6      8     -2 (VIOLATED)
_31530_/Y                                 6      8     -2 (VIOLATED)
_31594_/Y                                 6      8     -2 (VIOLATED)
_31625_/Y                                 6      8     -2 (VIOLATED)
_31666_/Y                                 6      8     -2 (VIOLATED)
_31673_/Y                                 6      8     -2 (VIOLATED)
_31682_/Y                                 6      8     -2 (VIOLATED)
_31695_/X                                 6      8     -2 (VIOLATED)
_31700_/Y                                 6      8     -2 (VIOLATED)
_31709_/Y                                 6      8     -2 (VIOLATED)
_31713_/Y                                 6      8     -2 (VIOLATED)
_31798_/Y                                 6      8     -2 (VIOLATED)
_31810_/X                                 6      8     -2 (VIOLATED)
_31820_/Y                                 6      8     -2 (VIOLATED)
_31844_/Y                                 6      8     -2 (VIOLATED)
_31859_/X                                 6      8     -2 (VIOLATED)
_31861_/Y                                 6      8     -2 (VIOLATED)
_31871_/Y                                 6      8     -2 (VIOLATED)
_31883_/Y                                 6      8     -2 (VIOLATED)
_31895_/Y                                 6      8     -2 (VIOLATED)
_31918_/Y                                 6      8     -2 (VIOLATED)
_31928_/Y                                 6      8     -2 (VIOLATED)
_31943_/Y                                 6      8     -2 (VIOLATED)
_31960_/Y                                 6      8     -2 (VIOLATED)
_31976_/Y                                 6      8     -2 (VIOLATED)
_31989_/Y                                 6      8     -2 (VIOLATED)
_32280_/Y                                 6      8     -2 (VIOLATED)
_37338_/Y                                 6      8     -2 (VIOLATED)
_38206_/Y                                 6      8     -2 (VIOLATED)
_39009_/X                                 6      8     -2 (VIOLATED)
_39416_/X                                 6      8     -2 (VIOLATED)
_39420_/X                                 6      8     -2 (VIOLATED)
_39624_/X                                 6      8     -2 (VIOLATED)
_39931_/X                                 6      8     -2 (VIOLATED)
_41314_/Q                                 6      8     -2 (VIOLATED)
_41315_/Q                                 6      8     -2 (VIOLATED)
_41316_/Q                                 6      8     -2 (VIOLATED)
_41317_/Q                                 6      8     -2 (VIOLATED)
_41318_/Q                                 6      8     -2 (VIOLATED)
_41319_/Q                                 6      8     -2 (VIOLATED)
_41320_/Q                                 6      8     -2 (VIOLATED)
_41322_/Q                                 6      8     -2 (VIOLATED)
_41323_/Q                                 6      8     -2 (VIOLATED)
_41325_/Q                                 6      8     -2 (VIOLATED)
_41327_/Q                                 6      8     -2 (VIOLATED)
_41328_/Q                                 6      8     -2 (VIOLATED)
_41329_/Q                                 6      8     -2 (VIOLATED)
_41330_/Q                                 6      8     -2 (VIOLATED)
_41334_/Q                                 6      8     -2 (VIOLATED)
_41338_/Q                                 6      8     -2 (VIOLATED)
_41340_/Q                                 6      8     -2 (VIOLATED)
_41342_/Q                                 6      8     -2 (VIOLATED)
_41343_/Q                                 6      8     -2 (VIOLATED)
_41346_/Q                                 6      8     -2 (VIOLATED)
_41348_/Q                                 6      8     -2 (VIOLATED)
_41350_/Q                                 6      8     -2 (VIOLATED)
_41351_/Q                                 6      8     -2 (VIOLATED)
_41354_/Q                                 6      8     -2 (VIOLATED)
_41355_/Q                                 6      8     -2 (VIOLATED)
_41357_/Q                                 6      8     -2 (VIOLATED)
_41359_/Q                                 6      8     -2 (VIOLATED)
_41360_/Q                                 6      8     -2 (VIOLATED)
_41361_/Q                                 6      8     -2 (VIOLATED)
_41364_/Q                                 6      8     -2 (VIOLATED)
_41372_/Q                                 6      8     -2 (VIOLATED)
_41373_/Q                                 6      8     -2 (VIOLATED)
_41374_/Q                                 6      8     -2 (VIOLATED)
_41375_/Q                                 6      8     -2 (VIOLATED)
_41376_/Q                                 6      8     -2 (VIOLATED)
_41377_/Q                                 6      8     -2 (VIOLATED)
_41379_/Q                                 6      8     -2 (VIOLATED)
_41380_/Q                                 6      8     -2 (VIOLATED)
_41383_/Q                                 6      8     -2 (VIOLATED)
_41385_/Q                                 6      8     -2 (VIOLATED)
_41394_/Q                                 6      8     -2 (VIOLATED)
_41395_/Q                                 6      8     -2 (VIOLATED)
_41396_/Q                                 6      8     -2 (VIOLATED)
_41397_/Q                                 6      8     -2 (VIOLATED)
_41399_/Q                                 6      8     -2 (VIOLATED)
_41400_/Q                                 6      8     -2 (VIOLATED)
_41401_/Q                                 6      8     -2 (VIOLATED)
_41402_/Q                                 6      8     -2 (VIOLATED)
_41403_/Q                                 6      8     -2 (VIOLATED)
_41404_/Q                                 6      8     -2 (VIOLATED)
_41405_/Q                                 6      8     -2 (VIOLATED)
_41419_/Q                                 6      8     -2 (VIOLATED)
_41645_/Q                                 6      8     -2 (VIOLATED)
_41647_/Q                                 6      8     -2 (VIOLATED)
_41676_/Q                                 6      8     -2 (VIOLATED)
_41677_/Q                                 6      8     -2 (VIOLATED)
_41678_/Q                                 6      8     -2 (VIOLATED)
_41679_/Q                                 6      8     -2 (VIOLATED)
_41687_/Q                                 6      8     -2 (VIOLATED)
_41690_/Q                                 6      8     -2 (VIOLATED)
_41709_/Q                                 6      8     -2 (VIOLATED)
_41714_/Q                                 6      8     -2 (VIOLATED)
_41719_/Q                                 6      8     -2 (VIOLATED)
_41741_/Q                                 6      8     -2 (VIOLATED)
_41742_/Q                                 6      8     -2 (VIOLATED)
_41745_/Q                                 6      8     -2 (VIOLATED)
_41751_/Q                                 6      8     -2 (VIOLATED)
_41754_/Q                                 6      8     -2 (VIOLATED)
_41908_/Q                                 6      8     -2 (VIOLATED)
_41909_/Q                                 6      8     -2 (VIOLATED)
_41910_/Q                                 6      8     -2 (VIOLATED)
_41926_/Q                                 6      8     -2 (VIOLATED)
_41927_/Q                                 6      8     -2 (VIOLATED)
_42025_/Q                                 6      8     -2 (VIOLATED)
_42027_/Q                                 6      8     -2 (VIOLATED)
_42029_/Q                                 6      8     -2 (VIOLATED)
_42033_/Q                                 6      8     -2 (VIOLATED)
_42035_/Q                                 6      8     -2 (VIOLATED)
_42046_/Q                                 6      8     -2 (VIOLATED)
_42047_/Q                                 6      8     -2 (VIOLATED)
_42051_/Q                                 6      8     -2 (VIOLATED)
_42057_/Q                                 6      8     -2 (VIOLATED)
_42064_/Q                                 6      8     -2 (VIOLATED)
_42065_/Q                                 6      8     -2 (VIOLATED)
_42076_/Q                                 6      8     -2 (VIOLATED)
_42078_/Q                                 6      8     -2 (VIOLATED)
_42085_/Q                                 6      8     -2 (VIOLATED)
_42089_/Q                                 6      8     -2 (VIOLATED)
_42091_/Q                                 6      8     -2 (VIOLATED)
_42096_/Q                                 6      8     -2 (VIOLATED)
_42101_/Q                                 6      8     -2 (VIOLATED)
_42110_/Q                                 6      8     -2 (VIOLATED)
_42115_/Q                                 6      8     -2 (VIOLATED)
_42117_/Q                                 6      8     -2 (VIOLATED)
_42123_/Q                                 6      8     -2 (VIOLATED)
_42125_/Q                                 6      8     -2 (VIOLATED)
_42128_/Q                                 6      8     -2 (VIOLATED)
_42130_/Q                                 6      8     -2 (VIOLATED)
_42138_/Q                                 6      8     -2 (VIOLATED)
_42144_/Q                                 6      8     -2 (VIOLATED)
_42179_/Q                                 6      8     -2 (VIOLATED)
_42211_/Q                                 6      8     -2 (VIOLATED)
_42243_/Q                                 6      8     -2 (VIOLATED)
_42275_/Q                                 6      8     -2 (VIOLATED)
_42290_/Q                                 6      8     -2 (VIOLATED)
_42297_/Q                                 6      8     -2 (VIOLATED)
_42298_/Q                                 6      8     -2 (VIOLATED)
_42307_/Q                                 6      8     -2 (VIOLATED)
_42339_/Q                                 6      8     -2 (VIOLATED)
_42371_/Q                                 6      8     -2 (VIOLATED)
_42403_/Q                                 6      8     -2 (VIOLATED)
_42435_/Q                                 6      8     -2 (VIOLATED)
_42456_/Q                                 6      8     -2 (VIOLATED)
_42467_/Q                                 6      8     -2 (VIOLATED)
_42499_/Q                                 6      8     -2 (VIOLATED)
_42531_/Q                                 6      8     -2 (VIOLATED)
_43560_/Q                                 6      8     -2 (VIOLATED)
_43607_/Q                                 6      8     -2 (VIOLATED)
_43612_/Q                                 6      8     -2 (VIOLATED)
_43618_/Q                                 6      8     -2 (VIOLATED)
_43628_/Q                                 6      8     -2 (VIOLATED)
clkbuf_0_clk/X                            6      8     -2 (VIOLATED)
clkbuf_6_52_0_clk/X                       6      8     -2 (VIOLATED)
clkbuf_leaf_101_clk/X                     6      8     -2 (VIOLATED)
clkbuf_leaf_103_clk/X                     6      8     -2 (VIOLATED)
clkbuf_leaf_12_clk/X                      6      8     -2 (VIOLATED)
clkbuf_leaf_14_clk/X                      6      8     -2 (VIOLATED)
clkbuf_leaf_173_clk/X                     6      8     -2 (VIOLATED)
clkbuf_leaf_187_clk/X                     6      8     -2 (VIOLATED)
clkbuf_leaf_226_clk/X                     6      8     -2 (VIOLATED)
clkbuf_leaf_229_clk/X                     6      8     -2 (VIOLATED)
clkbuf_leaf_279_clk/X                     6      8     -2 (VIOLATED)
clkbuf_leaf_308_clk/X                     6      8     -2 (VIOLATED)
clkbuf_leaf_330_clk/X                     6      8     -2 (VIOLATED)
clkbuf_leaf_331_clk/X                     6      8     -2 (VIOLATED)
clkbuf_leaf_333_clk/X                     6      8     -2 (VIOLATED)
clkbuf_leaf_352_clk/X                     6      8     -2 (VIOLATED)
clkbuf_leaf_356_clk/X                     6      8     -2 (VIOLATED)
clkbuf_leaf_375_clk/X                     6      8     -2 (VIOLATED)
clkbuf_leaf_424_clk/X                     6      8     -2 (VIOLATED)
clkbuf_leaf_446_clk/X                     6      8     -2 (VIOLATED)
clkbuf_leaf_454_clk/X                     6      8     -2 (VIOLATED)
clkbuf_leaf_455_clk/X                     6      8     -2 (VIOLATED)
clkbuf_leaf_464_clk/X                     6      8     -2 (VIOLATED)
clkbuf_leaf_472_clk/X                     6      8     -2 (VIOLATED)
clkbuf_leaf_481_clk/X                     6      8     -2 (VIOLATED)
clkbuf_leaf_520_clk/X                     6      8     -2 (VIOLATED)
clkbuf_leaf_521_clk/X                     6      8     -2 (VIOLATED)
clkbuf_leaf_571_clk/X                     6      8     -2 (VIOLATED)
clkbuf_leaf_607_clk/X                     6      8     -2 (VIOLATED)
clkbuf_leaf_617_clk/X                     6      8     -2 (VIOLATED)
clkbuf_leaf_62_clk/X                      6      8     -2 (VIOLATED)
clkbuf_leaf_631_clk/X                     6      8     -2 (VIOLATED)
clkbuf_leaf_656_clk/X                     6      8     -2 (VIOLATED)
clkbuf_leaf_662_clk/X                     6      8     -2 (VIOLATED)
clkbuf_leaf_693_clk/X                     6      8     -2 (VIOLATED)
clkbuf_leaf_6_clk/X                       6      8     -2 (VIOLATED)
clkbuf_leaf_709_clk/X                     6      8     -2 (VIOLATED)
clkbuf_leaf_714_clk/X                     6      8     -2 (VIOLATED)
clkbuf_leaf_726_clk/X                     6      8     -2 (VIOLATED)
clkbuf_leaf_748_clk/X                     6      8     -2 (VIOLATED)
hold1320/X                                6      8     -2 (VIOLATED)
hold2580/X                                6      8     -2 (VIOLATED)
hold2591/X                                6      8     -2 (VIOLATED)
hold2844/X                                6      8     -2 (VIOLATED)
hold2972/X                                6      8     -2 (VIOLATED)
hold3150/X                                6      8     -2 (VIOLATED)
hold330/X                                 6      8     -2 (VIOLATED)
hold3387/X                                6      8     -2 (VIOLATED)
hold340/X                                 6      8     -2 (VIOLATED)
hold3462/X                                6      8     -2 (VIOLATED)
hold356/X                                 6      8     -2 (VIOLATED)
hold3636/X                                6      8     -2 (VIOLATED)
hold366/X                                 6      8     -2 (VIOLATED)
hold376/X                                 6      8     -2 (VIOLATED)
hold3859/X                                6      8     -2 (VIOLATED)
hold3953/X                                6      8     -2 (VIOLATED)
hold405/X                                 6      8     -2 (VIOLATED)
hold4113/X                                6      8     -2 (VIOLATED)
hold553/X                                 6      8     -2 (VIOLATED)
hold573/X                                 6      8     -2 (VIOLATED)
hold652/X                                 6      8     -2 (VIOLATED)
hold889/X                                 6      8     -2 (VIOLATED)
hold940/X                                 6      8     -2 (VIOLATED)
input12/X                                 6      8     -2 (VIOLATED)
input2/X                                  6      8     -2 (VIOLATED)
input9/X                                  6      8     -2 (VIOLATED)
max_cap112/X                              6      8     -2 (VIOLATED)
max_cap113/X                              6      8     -2 (VIOLATED)
max_cap114/X                              6      8     -2 (VIOLATED)
max_cap115/X                              6      8     -2 (VIOLATED)
max_cap116/X                              6      8     -2 (VIOLATED)
max_cap119/X                              6      8     -2 (VIOLATED)
max_cap120/X                              6      8     -2 (VIOLATED)
max_cap125/X                              6      8     -2 (VIOLATED)
max_cap126/X                              6      8     -2 (VIOLATED)
max_cap128/X                              6      8     -2 (VIOLATED)
max_cap130/X                              6      8     -2 (VIOLATED)
max_cap131/X                              6      8     -2 (VIOLATED)
max_cap134/X                              6      8     -2 (VIOLATED)
max_cap136/X                              6      8     -2 (VIOLATED)
max_cap138/X                              6      8     -2 (VIOLATED)
max_cap140/X                              6      8     -2 (VIOLATED)
max_cap141/X                              6      8     -2 (VIOLATED)
max_cap150/X                              6      8     -2 (VIOLATED)
max_cap153/X                              6      8     -2 (VIOLATED)
max_cap156/X                              6      8     -2 (VIOLATED)
max_cap161/X                              6      8     -2 (VIOLATED)
max_cap162/X                              6      8     -2 (VIOLATED)
max_cap163/X                              6      8     -2 (VIOLATED)
max_cap168/X                              6      8     -2 (VIOLATED)
max_cap171/X                              6      8     -2 (VIOLATED)
max_cap172/X                              6      8     -2 (VIOLATED)
max_cap173/X                              6      8     -2 (VIOLATED)
max_cap177/X                              6      8     -2 (VIOLATED)
max_cap179/X                              6      8     -2 (VIOLATED)
max_cap180/X                              6      8     -2 (VIOLATED)
max_cap181/X                              6      8     -2 (VIOLATED)
max_cap183/X                              6      8     -2 (VIOLATED)
max_cap186/X                              6      8     -2 (VIOLATED)
max_cap188/X                              6      8     -2 (VIOLATED)
max_cap189/X                              6      8     -2 (VIOLATED)
max_cap190/X                              6      8     -2 (VIOLATED)
max_cap194/X                              6      8     -2 (VIOLATED)
max_cap196/X                              6      8     -2 (VIOLATED)
max_cap87/X                               6      8     -2 (VIOLATED)
wire129/X                                 6      8     -2 (VIOLATED)
wire148/X                                 6      8     -2 (VIOLATED)
wire193/X                                 6      8     -2 (VIOLATED)
_30192_/Y                                 6      7        (VIOLATED)
clkbuf_leaf_0_clk/X                       6      7        (VIOLATED)
clkbuf_leaf_100_clk/X                     6      7        (VIOLATED)
clkbuf_leaf_107_clk/X                     6      7        (VIOLATED)
clkbuf_leaf_111_clk/X                     6      7        (VIOLATED)
clkbuf_leaf_112_clk/X                     6      7        (VIOLATED)
clkbuf_leaf_117_clk/X                     6      7        (VIOLATED)
clkbuf_leaf_122_clk/X                     6      7        (VIOLATED)
clkbuf_leaf_143_clk/X                     6      7        (VIOLATED)
clkbuf_leaf_145_clk/X                     6      7        (VIOLATED)
clkbuf_leaf_148_clk/X                     6      7        (VIOLATED)
clkbuf_leaf_152_clk/X                     6      7        (VIOLATED)
clkbuf_leaf_156_clk/X                     6      7        (VIOLATED)
clkbuf_leaf_167_clk/X                     6      7        (VIOLATED)
clkbuf_leaf_175_clk/X                     6      7        (VIOLATED)
clkbuf_leaf_201_clk/X                     6      7        (VIOLATED)
clkbuf_leaf_212_clk/X                     6      7        (VIOLATED)
clkbuf_leaf_237_clk/X                     6      7        (VIOLATED)
clkbuf_leaf_258_clk/X                     6      7        (VIOLATED)
clkbuf_leaf_259_clk/X                     6      7        (VIOLATED)
clkbuf_leaf_264_clk/X                     6      7        (VIOLATED)
clkbuf_leaf_267_clk/X                     6      7        (VIOLATED)
clkbuf_leaf_269_clk/X                     6      7        (VIOLATED)
clkbuf_leaf_270_clk/X                     6      7        (VIOLATED)
clkbuf_leaf_274_clk/X                     6      7        (VIOLATED)
clkbuf_leaf_283_clk/X                     6      7        (VIOLATED)
clkbuf_leaf_285_clk/X                     6      7        (VIOLATED)
clkbuf_leaf_292_clk/X                     6      7        (VIOLATED)
clkbuf_leaf_312_clk/X                     6      7        (VIOLATED)
clkbuf_leaf_328_clk/X                     6      7        (VIOLATED)
clkbuf_leaf_339_clk/X                     6      7        (VIOLATED)
clkbuf_leaf_344_clk/X                     6      7        (VIOLATED)
clkbuf_leaf_348_clk/X                     6      7        (VIOLATED)
clkbuf_leaf_354_clk/X                     6      7        (VIOLATED)
clkbuf_leaf_358_clk/X                     6      7        (VIOLATED)
clkbuf_leaf_395_clk/X                     6      7        (VIOLATED)
clkbuf_leaf_423_clk/X                     6      7        (VIOLATED)
clkbuf_leaf_445_clk/X                     6      7        (VIOLATED)
clkbuf_leaf_447_clk/X                     6      7        (VIOLATED)
clkbuf_leaf_453_clk/X                     6      7        (VIOLATED)
clkbuf_leaf_504_clk/X                     6      7        (VIOLATED)
clkbuf_leaf_517_clk/X                     6      7        (VIOLATED)
clkbuf_leaf_523_clk/X                     6      7        (VIOLATED)
clkbuf_leaf_52_clk/X                      6      7        (VIOLATED)
clkbuf_leaf_536_clk/X                     6      7        (VIOLATED)
clkbuf_leaf_539_clk/X                     6      7        (VIOLATED)
clkbuf_leaf_546_clk/X                     6      7        (VIOLATED)
clkbuf_leaf_549_clk/X                     6      7        (VIOLATED)
clkbuf_leaf_557_clk/X                     6      7        (VIOLATED)
clkbuf_leaf_559_clk/X                     6      7        (VIOLATED)
clkbuf_leaf_562_clk/X                     6      7        (VIOLATED)
clkbuf_leaf_569_clk/X                     6      7        (VIOLATED)
clkbuf_leaf_577_clk/X                     6      7        (VIOLATED)
clkbuf_leaf_611_clk/X                     6      7        (VIOLATED)
clkbuf_leaf_61_clk/X                      6      7        (VIOLATED)
clkbuf_leaf_624_clk/X                     6      7        (VIOLATED)
clkbuf_leaf_628_clk/X                     6      7        (VIOLATED)
clkbuf_leaf_635_clk/X                     6      7        (VIOLATED)
clkbuf_leaf_646_clk/X                     6      7        (VIOLATED)
clkbuf_leaf_660_clk/X                     6      7        (VIOLATED)
clkbuf_leaf_663_clk/X                     6      7        (VIOLATED)
clkbuf_leaf_664_clk/X                     6      7        (VIOLATED)
clkbuf_leaf_672_clk/X                     6      7        (VIOLATED)
clkbuf_leaf_678_clk/X                     6      7        (VIOLATED)
clkbuf_leaf_707_clk/X                     6      7        (VIOLATED)
clkbuf_leaf_70_clk/X                      6      7        (VIOLATED)
clkbuf_leaf_719_clk/X                     6      7        (VIOLATED)
clkbuf_leaf_721_clk/X                     6      7        (VIOLATED)
clkbuf_leaf_723_clk/X                     6      7        (VIOLATED)
clkbuf_leaf_724_clk/X                     6      7        (VIOLATED)
clkbuf_leaf_727_clk/X                     6      7        (VIOLATED)
clkbuf_leaf_738_clk/X                     6      7        (VIOLATED)
clkbuf_leaf_742_clk/X                     6      7        (VIOLATED)
clkbuf_leaf_745_clk/X                     6      7        (VIOLATED)
clkbuf_leaf_754_clk/X                     6      7        (VIOLATED)
clkbuf_leaf_761_clk/X                     6      7        (VIOLATED)
clkbuf_leaf_77_clk/X                      6      7        (VIOLATED)
clkbuf_leaf_796_clk/X                     6      7        (VIOLATED)
clkbuf_leaf_80_clk/X                      6      7        (VIOLATED)
clkbuf_leaf_92_clk/X                      6      7        (VIOLATED)
clkbuf_leaf_96_clk/X                      6      7        (VIOLATED)



===========================================================================
report_parasitic_annotation -report_unannotated
============================================================================
Found 29450 unannotated drivers.
 address[0]
 address[1]
 address[2]
 address[3]
 address[4]
 address[5]
 address[6]
 address[7]
 clk
 cs
 reset_n
 we
 write_data[0]
 write_data[10]
 write_data[11]
 write_data[12]
 write_data[13]
 write_data[14]
 write_data[15]
 write_data[16]
 write_data[17]
 write_data[18]
 write_data[19]
 write_data[1]
 write_data[20]
 write_data[21]
 write_data[22]
 write_data[23]
 write_data[24]
 write_data[25]
 write_data[26]
 write_data[27]
 write_data[28]
 write_data[29]
 write_data[2]
 write_data[30]
 write_data[31]
 write_data[3]
 write_data[4]
 write_data[5]
 write_data[6]
 write_data[7]
 write_data[8]
 write_data[9]
 _19961_/X
 _19962_/X
 _19963_/X
 _19964_/X
 _19965_/X
 _19966_/X
 _19967_/X
 _19968_/X
 _19969_/X
 _19970_/X
 _19971_/X
 _19972_/X
 _19973_/Y
 _19974_/X
 _19975_/Y
 _19976_/Y
 _19977_/X
 _19978_/X
 _19979_/Y
 _19980_/X
 _19981_/X
 _19982_/Y
 _19983_/Y
 _19984_/X
 _19985_/X
 _19986_/X
 _19987_/X
 _19988_/X
 _19989_/X
 _19990_/X
 _19991_/X
 _19992_/X
 _19993_/X
 _19994_/X
 _19995_/X
 _19996_/X
 _19997_/X
 _19998_/Y
 _19999_/Y
 _20000_/Y
 _20001_/Y
 _20002_/X
 _20003_/Y
 _20004_/X
 _20005_/Y
 _20006_/X
 _20007_/X
 _20008_/X
 _20009_/X
 _20010_/X
 _20011_/X
 _20012_/X
 _20013_/X
 _20014_/X
 _20015_/X
 _20016_/X
 _20017_/X
 _20018_/X
 _20019_/X
 _20020_/X
 _20021_/Y
 _20022_/Y
 _20023_/Y
 _20024_/X
 _20025_/X
 _20026_/X
 _20027_/X
 _20028_/X
 _20029_/X
 _20030_/Y
 _20031_/X
 _20032_/X
 _20033_/X
 _20034_/X
 _20035_/X
 _20036_/X
 _20037_/X
 _20038_/X
 _20039_/X
 _20040_/Y
 _20041_/X
 _20042_/X
 _20043_/X
 _20044_/X
 _20045_/Y
 _20046_/X
 _20047_/X
 _20048_/Y
 _20049_/X
 _20050_/X
 _20051_/Y
 _20052_/X
 _20053_/X
 _20054_/X
 _20055_/X
 _20056_/X
 _20057_/X
 _20058_/Y
 _20059_/Y
 _20060_/X
 _20061_/X
 _20062_/X
 _20063_/Y
 _20064_/Y
 _20065_/X
 _20066_/X
 _20067_/X
 _20068_/X
 _20069_/X
 _20070_/X
 _20071_/X
 _20072_/Y
 _20073_/X
 _20074_/Y
 _20075_/X
 _20076_/Y
 _20077_/Y
 _20078_/X
 _20079_/X
 _20080_/X
 _20081_/X
 _20082_/X
 _20083_/Y
 _20084_/X
 _20085_/Y
 _20086_/Y
 _20087_/X
 _20088_/X
 _20089_/X
 _20090_/X
 _20091_/Y
 _20092_/Y
 _20093_/Y
 _20094_/X
 _20095_/X
 _20096_/X
 _20097_/X
 _20098_/X
 _20099_/Y
 _20100_/Y
 _20101_/X
 _20102_/X
 _20103_/Y
 _20104_/Y
 _20105_/X
 _20106_/X
 _20107_/X
 _20108_/X
 _20109_/X
 _20110_/X
 _20111_/X
 _20112_/X
 _20113_/Y
 _20114_/Y
 _20115_/X
 _20116_/X
 _20117_/Y
 _20118_/X
 _20119_/Y
 _20120_/Y
 _20121_/X
 _20122_/X
 _20123_/X
 _20124_/Y
 _20125_/X
 _20126_/X
 _20127_/X
 _20128_/Y
 _20129_/X
 _20130_/X
 _20131_/Y
 _20132_/X
 _20133_/X
 _20134_/Y
 _20135_/X
 _20136_/X
 _20137_/X
 _20138_/X
 _20139_/X
 _20140_/Y
 _20141_/X
 _20142_/X
 _20143_/X
 _20144_/X
 _20145_/Y
 _20146_/X
 _20147_/X
 _20148_/X
 _20149_/X
 _20150_/X
 _20151_/X
 _20152_/X
 _20153_/X
 _20154_/X
 _20155_/X
 _20156_/X
 _20157_/X
 _20158_/X
 _20159_/X
 _20160_/X
 _20161_/X
 _20162_/X
 _20163_/X
 _20164_/X
 _20165_/X
 _20166_/X
 _20167_/X
 _20168_/X
 _20169_/X
 _20170_/X
 _20171_/X
 _20172_/X
 _20173_/X
 _20174_/X
 _20175_/X
 _20176_/X
 _20177_/X
 _20178_/X
 _20179_/X
 _20180_/X
 _20181_/X
 _20182_/X
 _20183_/X
 _20184_/X
 _20185_/X
 _20186_/X
 _20187_/X
 _20188_/X
 _20189_/X
 _20190_/X
 _20191_/X
 _20192_/X
 _20193_/X
 _20194_/X
 _20195_/X
 _20196_/X
 _20197_/X
 _20198_/X
 _20199_/X
 _20200_/X
 _20201_/X
 _20202_/X
 _20203_/X
 _20204_/X
 _20205_/X
 _20206_/X
 _20207_/X
 _20208_/X
 _20209_/X
 _20210_/X
 _20211_/X
 _20212_/X
 _20213_/X
 _20214_/X
 _20215_/X
 _20216_/X
 _20217_/X
 _20218_/X
 _20219_/X
 _20220_/X
 _20221_/X
 _20222_/X
 _20223_/X
 _20224_/X
 _20225_/X
 _20226_/X
 _20227_/X
 _20228_/X
 _20229_/X
 _20230_/X
 _20231_/X
 _20232_/X
 _20233_/X
 _20234_/X
 _20235_/X
 _20236_/X
 _20237_/X
 _20238_/X
 _20239_/X
 _20240_/X
 _20241_/X
 _20242_/X
 _20243_/X
 _20244_/X
 _20245_/X
 _20246_/X
 _20247_/X
 _20248_/X
 _20249_/X
 _20250_/X
 _20251_/X
 _20252_/X
 _20253_/X
 _20254_/X
 _20255_/X
 _20256_/X
 _20257_/X
 _20258_/X
 _20259_/X
 _20260_/X
 _20261_/X
 _20262_/X
 _20263_/X
 _20264_/X
 _20265_/X
 _20266_/X
 _20267_/X
 _20268_/X
 _20269_/X
 _20270_/X
 _20271_/X
 _20272_/X
 _20273_/X
 _20274_/X
 _20275_/X
 _20276_/X
 _20277_/X
 _20278_/X
 _20279_/X
 _20280_/X
 _20281_/X
 _20282_/X
 _20283_/X
 _20284_/X
 _20285_/X
 _20286_/X
 _20287_/X
 _20288_/X
 _20289_/X
 _20290_/X
 _20291_/X
 _20292_/X
 _20293_/X
 _20294_/X
 _20295_/X
 _20296_/X
 _20297_/X
 _20298_/X
 _20299_/X
 _20300_/X
 _20301_/X
 _20302_/X
 _20303_/X
 _20304_/X
 _20305_/X
 _20306_/X
 _20307_/X
 _20308_/X
 _20309_/X
 _20310_/X
 _20311_/X
 _20312_/X
 _20313_/X
 _20314_/X
 _20315_/X
 _20316_/X
 _20317_/X
 _20318_/X
 _20319_/X
 _20320_/X
 _20321_/X
 _20322_/X
 _20323_/X
 _20324_/X
 _20325_/X
 _20326_/X
 _20327_/X
 _20328_/X
 _20329_/X
 _20330_/X
 _20331_/X
 _20332_/X
 _20333_/X
 _20334_/X
 _20335_/X
 _20336_/X
 _20337_/X
 _20338_/X
 _20339_/X
 _20340_/X
 _20341_/X
 _20342_/X
 _20343_/X
 _20344_/X
 _20345_/X
 _20346_/X
 _20347_/X
 _20348_/X
 _20349_/X
 _20350_/X
 _20351_/X
 _20352_/X
 _20353_/X
 _20354_/X
 _20355_/X
 _20356_/X
 _20357_/X
 _20358_/X
 _20359_/X
 _20360_/X
 _20361_/X
 _20362_/X
 _20363_/X
 _20364_/X
 _20365_/X
 _20366_/X
 _20367_/X
 _20368_/X
 _20369_/X
 _20370_/X
 _20371_/X
 _20372_/X
 _20373_/X
 _20374_/X
 _20375_/X
 _20376_/X
 _20377_/X
 _20378_/X
 _20379_/X
 _20380_/X
 _20381_/X
 _20382_/X
 _20383_/X
 _20384_/X
 _20385_/X
 _20386_/X
 _20387_/X
 _20388_/X
 _20389_/X
 _20390_/X
 _20391_/X
 _20392_/X
 _20393_/X
 _20394_/X
 _20395_/X
 _20396_/X
 _20397_/X
 _20398_/X
 _20399_/X
 _20400_/X
 _20401_/X
 _20402_/X
 _20403_/X
 _20404_/X
 _20405_/X
 _20406_/X
 _20407_/X
 _20408_/X
 _20409_/X
 _20410_/X
 _20411_/X
 _20412_/X
 _20413_/X
 _20414_/X
 _20415_/X
 _20416_/X
 _20417_/X
 _20418_/X
 _20419_/X
 _20420_/X
 _20421_/X
 _20422_/X
 _20423_/X
 _20424_/X
 _20425_/X
 _20426_/X
 _20427_/X
 _20428_/X
 _20429_/X
 _20430_/X
 _20431_/X
 _20432_/X
 _20433_/X
 _20434_/X
 _20435_/X
 _20436_/X
 _20437_/X
 _20438_/X
 _20439_/X
 _20440_/X
 _20441_/X
 _20442_/X
 _20443_/X
 _20444_/X
 _20445_/X
 _20446_/X
 _20447_/X
 _20448_/X
 _20449_/X
 _20450_/X
 _20451_/X
 _20452_/X
 _20453_/X
 _20454_/X
 _20455_/X
 _20456_/X
 _20457_/X
 _20458_/X
 _20459_/X
 _20460_/X
 _20461_/X
 _20462_/X
 _20463_/X
 _20464_/X
 _20465_/X
 _20466_/X
 _20467_/X
 _20468_/X
 _20469_/X
 _20470_/X
 _20471_/X
 _20472_/X
 _20473_/X
 _20474_/X
 _20475_/X
 _20476_/X
 _20477_/X
 _20478_/X
 _20479_/X
 _20480_/X
 _20481_/X
 _20482_/X
 _20483_/X
 _20484_/X
 _20485_/X
 _20486_/X
 _20487_/X
 _20488_/X
 _20489_/X
 _20490_/X
 _20491_/X
 _20492_/X
 _20493_/X
 _20494_/X
 _20495_/X
 _20496_/X
 _20497_/X
 _20498_/X
 _20499_/X
 _20500_/X
 _20501_/X
 _20502_/X
 _20503_/X
 _20504_/X
 _20505_/X
 _20506_/X
 _20507_/X
 _20508_/X
 _20509_/X
 _20510_/X
 _20511_/X
 _20512_/X
 _20513_/X
 _20514_/X
 _20515_/X
 _20516_/X
 _20517_/X
 _20518_/X
 _20519_/X
 _20520_/X
 _20521_/X
 _20522_/X
 _20523_/X
 _20524_/X
 _20525_/X
 _20526_/X
 _20527_/X
 _20528_/X
 _20529_/X
 _20530_/X
 _20531_/X
 _20532_/X
 _20533_/X
 _20534_/X
 _20535_/X
 _20536_/X
 _20537_/X
 _20538_/X
 _20539_/X
 _20540_/X
 _20541_/X
 _20542_/X
 _20543_/X
 _20544_/X
 _20545_/X
 _20546_/X
 _20547_/X
 _20548_/X
 _20549_/X
 _20550_/X
 _20551_/X
 _20552_/X
 _20553_/X
 _20554_/X
 _20555_/X
 _20556_/X
 _20557_/X
 _20558_/X
 _20559_/X
 _20560_/X
 _20561_/X
 _20562_/X
 _20563_/X
 _20564_/X
 _20565_/X
 _20566_/X
 _20567_/X
 _20568_/X
 _20569_/X
 _20570_/X
 _20571_/X
 _20572_/X
 _20573_/X
 _20574_/X
 _20575_/X
 _20576_/X
 _20577_/X
 _20578_/X
 _20579_/X
 _20580_/X
 _20581_/X
 _20582_/X
 _20583_/X
 _20584_/X
 _20585_/X
 _20586_/X
 _20587_/X
 _20588_/X
 _20589_/X
 _20590_/X
 _20591_/X
 _20592_/X
 _20593_/X
 _20594_/X
 _20595_/X
 _20596_/X
 _20597_/X
 _20598_/X
 _20599_/X
 _20600_/X
 _20601_/X
 _20602_/X
 _20603_/X
 _20604_/X
 _20605_/X
 _20606_/X
 _20607_/X
 _20608_/X
 _20609_/X
 _20610_/X
 _20611_/X
 _20612_/X
 _20613_/X
 _20614_/X
 _20615_/X
 _20616_/X
 _20617_/X
 _20618_/X
 _20619_/X
 _20620_/X
 _20621_/X
 _20622_/X
 _20623_/X
 _20624_/X
 _20625_/X
 _20626_/X
 _20627_/X
 _20628_/X
 _20629_/X
 _20630_/X
 _20631_/X
 _20632_/X
 _20633_/X
 _20634_/X
 _20635_/X
 _20636_/X
 _20637_/X
 _20638_/X
 _20639_/X
 _20640_/X
 _20641_/X
 _20642_/X
 _20643_/X
 _20644_/X
 _20645_/X
 _20646_/X
 _20647_/X
 _20648_/X
 _20649_/X
 _20650_/X
 _20651_/X
 _20652_/X
 _20653_/X
 _20654_/X
 _20655_/X
 _20656_/X
 _20657_/X
 _20658_/X
 _20659_/X
 _20660_/X
 _20661_/X
 _20662_/X
 _20663_/X
 _20664_/X
 _20665_/X
 _20666_/X
 _20667_/X
 _20668_/X
 _20669_/X
 _20670_/X
 _20671_/X
 _20672_/X
 _20673_/X
 _20674_/X
 _20675_/X
 _20676_/X
 _20677_/X
 _20678_/X
 _20679_/X
 _20680_/X
 _20681_/X
 _20682_/X
 _20683_/X
 _20684_/X
 _20685_/X
 _20686_/X
 _20687_/X
 _20688_/X
 _20689_/X
 _20690_/X
 _20691_/X
 _20692_/X
 _20693_/X
 _20694_/X
 _20695_/X
 _20696_/X
 _20697_/X
 _20698_/X
 _20699_/X
 _20700_/X
 _20701_/X
 _20702_/X
 _20703_/X
 _20704_/X
 _20705_/X
 _20706_/X
 _20707_/X
 _20708_/X
 _20709_/X
 _20710_/X
 _20711_/X
 _20712_/X
 _20713_/X
 _20714_/X
 _20715_/X
 _20716_/X
 _20717_/X
 _20718_/X
 _20719_/X
 _20720_/X
 _20721_/X
 _20722_/X
 _20723_/X
 _20724_/X
 _20725_/X
 _20726_/X
 _20727_/X
 _20728_/X
 _20729_/X
 _20730_/X
 _20731_/X
 _20732_/X
 _20733_/X
 _20734_/X
 _20735_/X
 _20736_/X
 _20737_/X
 _20738_/X
 _20739_/X
 _20740_/X
 _20741_/X
 _20742_/X
 _20743_/X
 _20744_/X
 _20745_/X
 _20746_/X
 _20747_/X
 _20748_/X
 _20749_/X
 _20750_/X
 _20751_/X
 _20752_/X
 _20753_/X
 _20754_/X
 _20755_/X
 _20756_/X
 _20757_/X
 _20758_/X
 _20759_/X
 _20760_/X
 _20761_/X
 _20762_/X
 _20763_/X
 _20764_/X
 _20765_/X
 _20766_/X
 _20767_/X
 _20768_/X
 _20769_/Y
 _20770_/X
 _20771_/X
 _20772_/X
 _20773_/X
 _20774_/X
 _20775_/X
 _20776_/X
 _20777_/X
 _20778_/X
 _20779_/X
 _20780_/X
 _20781_/Y
 _20782_/X
 _20783_/X
 _20784_/X
 _20785_/X
 _20786_/X
 _20787_/X
 _20788_/X
 _20789_/X
 _20790_/X
 _20791_/X
 _20792_/X
 _20793_/X
 _20794_/X
 _20795_/X
 _20796_/X
 _20797_/X
 _20798_/X
 _20799_/X
 _20800_/X
 _20801_/X
 _20802_/X
 _20803_/X
 _20804_/X
 _20805_/X
 _20806_/X
 _20807_/X
 _20808_/X
 _20809_/X
 _20810_/X
 _20811_/X
 _20812_/X
 _20813_/X
 _20814_/X
 _20815_/X
 _20816_/X
 _20817_/X
 _20818_/X
 _20819_/X
 _20820_/X
 _20821_/X
 _20822_/X
 _20823_/X
 _20824_/X
 _20825_/X
 _20826_/X
 _20827_/X
 _20828_/X
 _20829_/X
 _20830_/X
 _20831_/X
 _20832_/X
 _20833_/X
 _20834_/X
 _20835_/X
 _20836_/X
 _20837_/X
 _20838_/X
 _20839_/X
 _20840_/X
 _20841_/X
 _20842_/X
 _20843_/X
 _20844_/X
 _20845_/X
 _20846_/X
 _20847_/X
 _20848_/X
 _20849_/X
 _20850_/X
 _20851_/X
 _20852_/X
 _20853_/X
 _20854_/X
 _20855_/X
 _20856_/X
 _20857_/X
 _20858_/X
 _20859_/X
 _20860_/X
 _20861_/X
 _20862_/X
 _20863_/X
 _20864_/X
 _20865_/X
 _20866_/X
 _20867_/X
 _20868_/X
 _20869_/X
 _20870_/X
 _20871_/X
 _20872_/X
 _20873_/X
 _20874_/X
 _20875_/X
 _20876_/X
 _20877_/X
 _20878_/X
 _20879_/X
 _20880_/X
 _20881_/X
 _20882_/X
 _20883_/X
 _20884_/X
 _20885_/X
 _20886_/X
 _20887_/X
 _20888_/X
 _20889_/X
 _20890_/X
 _20891_/X
 _20892_/X
 _20893_/X
 _20894_/X
 _20895_/X
 _20896_/X
 _20897_/X
 _20898_/X
 _20899_/X
 _20900_/X
 _20901_/X
 _20902_/X
 _20903_/X
 _20904_/X
 _20905_/X
 _20906_/Y
 _20907_/X
 _20908_/X
 _20909_/X
 _20910_/X
 _20911_/X
 _20912_/X
 _20913_/X
 _20914_/X
 _20915_/X
 _20916_/X
 _20917_/X
 _20918_/X
 _20919_/X
 _20920_/X
 _20921_/X
 _20922_/X
 _20923_/X
 _20924_/X
 _20925_/X
 _20926_/X
 _20927_/X
 _20928_/X
 _20929_/X
 _20930_/X
 _20931_/X
 _20932_/X
 _20933_/X
 _20934_/X
 _20935_/X
 _20936_/X
 _20937_/X
 _20938_/X
 _20939_/X
 _20940_/X
 _20941_/X
 _20942_/X
 _20943_/X
 _20944_/X
 _20945_/X
 _20946_/X
 _20947_/X
 _20948_/X
 _20949_/X
 _20950_/X
 _20951_/X
 _20952_/X
 _20953_/X
 _20954_/X
 _20955_/X
 _20956_/X
 _20957_/X
 _20958_/X
 _20959_/X
 _20960_/X
 _20961_/X
 _20962_/X
 _20963_/X
 _20964_/X
 _20965_/X
 _20966_/X
 _20967_/X
 _20968_/X
 _20969_/X
 _20970_/X
 _20971_/X
 _20972_/X
 _20973_/X
 _20974_/X
 _20975_/X
 _20976_/X
 _20977_/X
 _20978_/X
 _20979_/X
 _20980_/X
 _20981_/X
 _20982_/X
 _20983_/X
 _20984_/X
 _20985_/X
 _20986_/X
 _20987_/X
 _20988_/X
 _20989_/X
 _20990_/X
 _20991_/Y
 _20992_/X
 _20993_/X
 _20994_/X
 _20995_/X
 _20996_/X
 _20997_/X
 _20998_/X
 _20999_/X
 _21000_/X
 _21001_/X
 _21002_/X
 _21003_/X
 _21004_/X
 _21005_/X
 _21006_/X
 _21007_/X
 _21008_/X
 _21009_/X
 _21010_/X
 _21011_/X
 _21012_/X
 _21013_/X
 _21014_/X
 _21015_/X
 _21016_/X
 _21017_/X
 _21018_/X
 _21019_/X
 _21020_/X
 _21021_/X
 _21022_/X
 _21023_/X
 _21024_/X
 _21025_/X
 _21026_/X
 _21027_/X
 _21028_/X
 _21029_/X
 _21030_/X
 _21031_/X
 _21032_/X
 _21033_/X
 _21034_/X
 _21035_/X
 _21036_/X
 _21037_/X
 _21038_/X
 _21039_/X
 _21040_/X
 _21041_/X
 _21042_/X
 _21043_/X
 _21044_/X
 _21045_/X
 _21046_/X
 _21047_/X
 _21048_/X
 _21049_/X
 _21050_/X
 _21051_/X
 _21052_/X
 _21053_/X
 _21054_/X
 _21055_/X
 _21056_/X
 _21057_/X
 _21058_/X
 _21059_/X
 _21060_/X
 _21061_/X
 _21062_/X
 _21063_/X
 _21064_/X
 _21065_/X
 _21066_/X
 _21067_/X
 _21068_/X
 _21069_/X
 _21070_/X
 _21071_/X
 _21072_/X
 _21073_/X
 _21074_/X
 _21075_/Y
 _21076_/X
 _21077_/X
 _21078_/X
 _21079_/X
 _21080_/X
 _21081_/X
 _21082_/X
 _21083_/X
 _21084_/X
 _21085_/X
 _21086_/X
 _21087_/X
 _21088_/X
 _21089_/X
 _21090_/X
 _21091_/X
 _21092_/X
 _21093_/X
 _21094_/X
 _21095_/X
 _21096_/X
 _21097_/X
 _21098_/X
 _21099_/X
 _21100_/X
 _21101_/X
 _21102_/X
 _21103_/X
 _21104_/X
 _21105_/X
 _21106_/X
 _21107_/X
 _21108_/X
 _21109_/X
 _21110_/X
 _21111_/X
 _21112_/X
 _21113_/X
 _21114_/X
 _21115_/X
 _21116_/X
 _21117_/X
 _21118_/X
 _21119_/X
 _21120_/X
 _21121_/X
 _21122_/X
 _21123_/X
 _21124_/X
 _21125_/X
 _21126_/X
 _21127_/X
 _21128_/X
 _21129_/X
 _21130_/X
 _21131_/X
 _21132_/X
 _21133_/X
 _21134_/X
 _21135_/X
 _21136_/X
 _21137_/X
 _21138_/X
 _21139_/X
 _21140_/X
 _21141_/X
 _21142_/X
 _21143_/X
 _21144_/X
 _21145_/X
 _21146_/X
 _21147_/X
 _21148_/X
 _21149_/X
 _21150_/X
 _21151_/X
 _21152_/X
 _21153_/X
 _21154_/X
 _21155_/X
 _21156_/X
 _21157_/X
 _21158_/X
 _21159_/X
 _21160_/Y
 _21161_/X
 _21162_/X
 _21163_/X
 _21164_/X
 _21165_/X
 _21166_/X
 _21167_/X
 _21168_/X
 _21169_/X
 _21170_/X
 _21171_/X
 _21172_/X
 _21173_/X
 _21174_/X
 _21175_/X
 _21176_/X
 _21177_/X
 _21178_/X
 _21179_/X
 _21180_/X
 _21181_/X
 _21182_/X
 _21183_/X
 _21184_/X
 _21185_/X
 _21186_/X
 _21187_/X
 _21188_/X
 _21189_/X
 _21190_/X
 _21191_/X
 _21192_/X
 _21193_/X
 _21194_/X
 _21195_/X
 _21196_/X
 _21197_/X
 _21198_/X
 _21199_/X
 _21200_/X
 _21201_/X
 _21202_/X
 _21203_/X
 _21204_/X
 _21205_/X
 _21206_/X
 _21207_/X
 _21208_/X
 _21209_/X
 _21210_/X
 _21211_/X
 _21212_/X
 _21213_/X
 _21214_/X
 _21215_/X
 _21216_/X
 _21217_/X
 _21218_/X
 _21219_/X
 _21220_/X
 _21221_/X
 _21222_/X
 _21223_/X
 _21224_/X
 _21225_/X
 _21226_/X
 _21227_/X
 _21228_/X
 _21229_/X
 _21230_/X
 _21231_/X
 _21232_/X
 _21233_/X
 _21234_/X
 _21235_/X
 _21236_/X
 _21237_/X
 _21238_/X
 _21239_/X
 _21240_/X
 _21241_/X
 _21242_/X
 _21243_/Y
 _21244_/X
 _21245_/X
 _21246_/X
 _21247_/X
 _21248_/X
 _21249_/X
 _21250_/X
 _21251_/X
 _21252_/X
 _21253_/X
 _21254_/X
 _21255_/X
 _21256_/X
 _21257_/X
 _21258_/X
 _21259_/X
 _21260_/X
 _21261_/X
 _21262_/X
 _21263_/X
 _21264_/X
 _21265_/X
 _21266_/X
 _21267_/X
 _21268_/X
 _21269_/X
 _21270_/X
 _21271_/X
 _21272_/X
 _21273_/X
 _21274_/X
 _21275_/X
 _21276_/X
 _21277_/X
 _21278_/X
 _21279_/X
 _21280_/X
 _21281_/X
 _21282_/X
 _21283_/X
 _21284_/X
 _21285_/X
 _21286_/X
 _21287_/X
 _21288_/X
 _21289_/X
 _21290_/X
 _21291_/X
 _21292_/X
 _21293_/X
 _21294_/X
 _21295_/X
 _21296_/X
 _21297_/X
 _21298_/X
 _21299_/X
 _21300_/X
 _21301_/X
 _21302_/X
 _21303_/X
 _21304_/X
 _21305_/X
 _21306_/X
 _21307_/X
 _21308_/X
 _21309_/X
 _21310_/X
 _21311_/X
 _21312_/X
 _21313_/X
 _21314_/X
 _21315_/X
 _21316_/X
 _21317_/X
 _21318_/X
 _21319_/X
 _21320_/X
 _21321_/X
 _21322_/X
 _21323_/X
 _21324_/X
 _21325_/X
 _21326_/X
 _21327_/X
 _21328_/Y
 _21329_/X
 _21330_/X
 _21331_/X
 _21332_/X
 _21333_/X
 _21334_/X
 _21335_/X
 _21336_/X
 _21337_/X
 _21338_/X
 _21339_/X
 _21340_/X
 _21341_/X
 _21342_/X
 _21343_/X
 _21344_/X
 _21345_/X
 _21346_/X
 _21347_/X
 _21348_/X
 _21349_/X
 _21350_/X
 _21351_/X
 _21352_/X
 _21353_/X
 _21354_/X
 _21355_/X
 _21356_/X
 _21357_/X
 _21358_/X
 _21359_/X
 _21360_/X
 _21361_/X
 _21362_/X
 _21363_/X
 _21364_/X
 _21365_/X
 _21366_/X
 _21367_/X
 _21368_/X
 _21369_/X
 _21370_/X
 _21371_/X
 _21372_/X
 _21373_/X
 _21374_/X
 _21375_/X
 _21376_/X
 _21377_/X
 _21378_/X
 _21379_/X
 _21380_/X
 _21381_/X
 _21382_/X
 _21383_/X
 _21384_/X
 _21385_/X
 _21386_/X
 _21387_/X
 _21388_/X
 _21389_/X
 _21390_/X
 _21391_/X
 _21392_/X
 _21393_/X
 _21394_/X
 _21395_/X
 _21396_/X
 _21397_/X
 _21398_/X
 _21399_/X
 _21400_/X
 _21401_/X
 _21402_/X
 _21403_/X
 _21404_/X
 _21405_/X
 _21406_/X
 _21407_/X
 _21408_/X
 _21409_/X
 _21410_/X
 _21411_/X
 _21412_/X
 _21413_/X
 _21414_/X
 _21415_/X
 _21416_/X
 _21417_/X
 _21418_/X
 _21419_/X
 _21420_/X
 _21421_/X
 _21422_/X
 _21423_/X
 _21424_/X
 _21425_/X
 _21426_/X
 _21427_/X
 _21428_/X
 _21429_/X
 _21430_/X
 _21431_/X
 _21432_/X
 _21433_/X
 _21434_/X
 _21435_/X
 _21436_/X
 _21437_/X
 _21438_/X
 _21439_/X
 _21440_/X
 _21441_/X
 _21442_/X
 _21443_/X
 _21444_/Y
 _21445_/X
 _21446_/X
 _21447_/X
 _21448_/X
 _21449_/X
 _21450_/X
 _21451_/X
 _21452_/X
 _21453_/X
 _21454_/X
 _21455_/X
 _21456_/X
 _21457_/X
 _21458_/X
 _21459_/X
 _21460_/X
 _21461_/X
 _21462_/X
 _21463_/X
 _21464_/X
 _21465_/X
 _21466_/X
 _21467_/X
 _21468_/X
 _21469_/X
 _21470_/X
 _21471_/X
 _21472_/X
 _21473_/X
 _21474_/X
 _21475_/X
 _21476_/X
 _21477_/X
 _21478_/X
 _21479_/X
 _21480_/X
 _21481_/X
 _21482_/X
 _21483_/X
 _21484_/X
 _21485_/X
 _21486_/X
 _21487_/X
 _21488_/X
 _21489_/X
 _21490_/X
 _21491_/X
 _21492_/X
 _21493_/X
 _21494_/X
 _21495_/X
 _21496_/X
 _21497_/X
 _21498_/X
 _21499_/X
 _21500_/X
 _21501_/X
 _21502_/X
 _21503_/X
 _21504_/X
 _21505_/X
 _21506_/X
 _21507_/X
 _21508_/X
 _21509_/X
 _21510_/X
 _21511_/X
 _21512_/X
 _21513_/X
 _21514_/X
 _21515_/X
 _21516_/X
 _21517_/X
 _21518_/X
 _21519_/X
 _21520_/X
 _21521_/X
 _21522_/X
 _21523_/X
 _21524_/X
 _21525_/X
 _21526_/X
 _21527_/X
 _21528_/Y
 _21529_/Y
 _21530_/X
 _21531_/X
 _21532_/X
 _21533_/X
 _21534_/X
 _21535_/Y
 _21536_/X
 _21537_/X
 _21538_/X
 _21539_/X
 _21540_/X
 _21541_/X
 _21542_/X
 _21543_/X
 _21544_/X
 _21545_/X
 _21546_/X
 _21547_/X
 _21548_/X
 _21549_/X
 _21550_/X
 _21551_/X
 _21552_/X
 _21553_/X
 _21554_/X
 _21555_/X
 _21556_/X
 _21557_/X
 _21558_/X
 _21559_/X
 _21560_/X
 _21561_/X
 _21562_/X
 _21563_/X
 _21564_/X
 _21565_/X
 _21566_/X
 _21567_/X
 _21568_/X
 _21569_/X
 _21570_/X
 _21571_/X
 _21572_/X
 _21573_/X
 _21574_/X
 _21575_/X
 _21576_/X
 _21577_/X
 _21578_/X
 _21579_/X
 _21580_/X
 _21581_/X
 _21582_/X
 _21583_/X
 _21584_/X
 _21585_/X
 _21586_/X
 _21587_/X
 _21588_/X
 _21589_/X
 _21590_/X
 _21591_/X
 _21592_/X
 _21593_/X
 _21594_/X
 _21595_/X
 _21596_/X
 _21597_/X
 _21598_/X
 _21599_/X
 _21600_/X
 _21601_/X
 _21602_/X
 _21603_/X
 _21604_/X
 _21605_/X
 _21606_/X
 _21607_/X
 _21608_/X
 _21609_/X
 _21610_/X
 _21611_/X
 _21612_/X
 _21613_/X
 _21614_/X
 _21615_/X
 _21616_/X
 _21617_/X
 _21618_/X
 _21619_/X
 _21620_/X
 _21621_/Y
 _21622_/X
 _21623_/X
 _21624_/X
 _21625_/X
 _21626_/X
 _21627_/X
 _21628_/X
 _21629_/X
 _21630_/X
 _21631_/X
 _21632_/X
 _21633_/X
 _21634_/X
 _21635_/X
 _21636_/X
 _21637_/X
 _21638_/X
 _21639_/X
 _21640_/X
 _21641_/X
 _21642_/X
 _21643_/X
 _21644_/X
 _21645_/X
 _21646_/X
 _21647_/X
 _21648_/X
 _21649_/X
 _21650_/X
 _21651_/X
 _21652_/X
 _21653_/X
 _21654_/X
 _21655_/X
 _21656_/X
 _21657_/X
 _21658_/X
 _21659_/X
 _21660_/X
 _21661_/X
 _21662_/X
 _21663_/X
 _21664_/X
 _21665_/X
 _21666_/X
 _21667_/X
 _21668_/X
 _21669_/X
 _21670_/X
 _21671_/X
 _21672_/X
 _21673_/X
 _21674_/X
 _21675_/X
 _21676_/X
 _21677_/X
 _21678_/X
 _21679_/X
 _21680_/X
 _21681_/X
 _21682_/X
 _21683_/X
 _21684_/X
 _21685_/X
 _21686_/X
 _21687_/X
 _21688_/X
 _21689_/X
 _21690_/X
 _21691_/X
 _21692_/X
 _21693_/X
 _21694_/X
 _21695_/X
 _21696_/X
 _21697_/X
 _21698_/X
 _21699_/X
 _21700_/X
 _21701_/X
 _21702_/X
 _21703_/X
 _21704_/X
 _21705_/X
 _21706_/Y
 _21707_/X
 _21708_/X
 _21709_/X
 _21710_/X
 _21711_/X
 _21712_/X
 _21713_/X
 _21714_/X
 _21715_/X
 _21716_/X
 _21717_/X
 _21718_/X
 _21719_/X
 _21720_/X
 _21721_/X
 _21722_/X
 _21723_/Y
 _21724_/X
 _21725_/X
 _21726_/Y
 _21727_/X
 _21728_/X
 _21729_/X
 _21730_/X
 _21731_/X
 _21732_/X
 _21733_/X
 _21734_/X
 _21735_/X
 _21736_/X
 _21737_/X
 _21738_/X
 _21739_/X
 _21740_/X
 _21741_/X
 _21742_/X
 _21743_/X
 _21744_/Y
 _21745_/X
 _21746_/X
 _21747_/X
 _21748_/X
 _21749_/X
 _21750_/X
 _21751_/X
 _21752_/X
 _21753_/X
 _21754_/X
 _21755_/X
 _21756_/X
 _21757_/X
 _21758_/X
 _21759_/X
 _21760_/X
 _21761_/X
 _21762_/X
 _21763_/X
 _21764_/X
 _21765_/X
 _21766_/X
 _21767_/X
 _21768_/X
 _21769_/X
 _21770_/X
 _21771_/X
 _21772_/X
 _21773_/X
 _21774_/X
 _21775_/X
 _21776_/X
 _21777_/X
 _21778_/X
 _21779_/X
 _21780_/X
 _21781_/X
 _21782_/X
 _21783_/X
 _21784_/X
 _21785_/X
 _21786_/X
 _21787_/X
 _21788_/X
 _21789_/X
 _21790_/X
 _21791_/X
 _21792_/X
 _21793_/X
 _21794_/X
 _21795_/X
 _21796_/X
 _21797_/X
 _21798_/X
 _21799_/X
 _21800_/X
 _21801_/X
 _21802_/X
 _21803_/X
 _21804_/X
 _21805_/X
 _21806_/X
 _21807_/X
 _21808_/X
 _21809_/X
 _21810_/X
 _21811_/X
 _21812_/X
 _21813_/X
 _21814_/X
 _21815_/X
 _21816_/X
 _21817_/X
 _21818_/X
 _21819_/X
 _21820_/X
 _21821_/X
 _21822_/X
 _21823_/X
 _21824_/X
 _21825_/X
 _21826_/X
 _21827_/X
 _21828_/X
 _21829_/Y
 _21830_/X
 _21831_/X
 _21832_/X
 _21833_/X
 _21834_/X
 _21835_/X
 _21836_/X
 _21837_/X
 _21838_/X
 _21839_/X
 _21840_/X
 _21841_/X
 _21842_/X
 _21843_/X
 _21844_/X
 _21845_/X
 _21846_/X
 _21847_/X
 _21848_/X
 _21849_/X
 _21850_/X
 _21851_/X
 _21852_/X
 _21853_/X
 _21854_/X
 _21855_/X
 _21856_/X
 _21857_/X
 _21858_/X
 _21859_/X
 _21860_/X
 _21861_/X
 _21862_/X
 _21863_/X
 _21864_/X
 _21865_/X
 _21866_/X
 _21867_/X
 _21868_/X
 _21869_/X
 _21870_/X
 _21871_/X
 _21872_/X
 _21873_/X
 _21874_/X
 _21875_/X
 _21876_/X
 _21877_/X
 _21878_/X
 _21879_/X
 _21880_/X
 _21881_/X
 _21882_/X
 _21883_/X
 _21884_/X
 _21885_/X
 _21886_/X
 _21887_/X
 _21888_/X
 _21889_/X
 _21890_/X
 _21891_/X
 _21892_/X
 _21893_/X
 _21894_/X
 _21895_/X
 _21896_/X
 _21897_/X
 _21898_/X
 _21899_/X
 _21900_/X
 _21901_/X
 _21902_/X
 _21903_/X
 _21904_/X
 _21905_/X
 _21906_/X
 _21907_/X
 _21908_/X
 _21909_/X
 _21910_/X
 _21911_/X
 _21912_/X
 _21913_/X
 _21914_/X
 _21915_/X
 _21916_/X
 _21917_/X
 _21918_/Y
 _21919_/X
 _21920_/X
 _21921_/X
 _21922_/X
 _21923_/X
 _21924_/X
 _21925_/X
 _21926_/X
 _21927_/X
 _21928_/X
 _21929_/X
 _21930_/X
 _21931_/X
 _21932_/X
 _21933_/X
 _21934_/X
 _21935_/X
 _21936_/X
 _21937_/X
 _21938_/X
 _21939_/X
 _21940_/X
 _21941_/X
 _21942_/X
 _21943_/X
 _21944_/X
 _21945_/X
 _21946_/X
 _21947_/X
 _21948_/X
 _21949_/X
 _21950_/X
 _21951_/X
 _21952_/X
 _21953_/X
 _21954_/X
 _21955_/X
 _21956_/X
 _21957_/X
 _21958_/X
 _21959_/X
 _21960_/X
 _21961_/X
 _21962_/X
 _21963_/X
 _21964_/X
 _21965_/X
 _21966_/X
 _21967_/X
 _21968_/X
 _21969_/X
 _21970_/X
 _21971_/X
 _21972_/X
 _21973_/X
 _21974_/X
 _21975_/X
 _21976_/X
 _21977_/X
 _21978_/X
 _21979_/X
 _21980_/X
 _21981_/X
 _21982_/X
 _21983_/X
 _21984_/X
 _21985_/X
 _21986_/X
 _21987_/X
 _21988_/X
 _21989_/X
 _21990_/X
 _21991_/X
 _21992_/X
 _21993_/X
 _21994_/X
 _21995_/X
 _21996_/X
 _21997_/X
 _21998_/X
 _21999_/X
 _22000_/X
 _22001_/X
 _22002_/X
 _22003_/X
 _22004_/X
 _22005_/X
 _22006_/X
 _22007_/X
 _22008_/X
 _22009_/X
 _22010_/X
 _22011_/X
 _22012_/X
 _22013_/X
 _22014_/X
 _22015_/X
 _22016_/X
 _22017_/X
 _22018_/X
 _22019_/X
 _22020_/X
 _22021_/X
 _22022_/X
 _22023_/X
 _22024_/X
 _22025_/X
 _22026_/X
 _22027_/X
 _22028_/X
 _22029_/Y
 _22030_/X
 _22031_/X
 _22032_/X
 _22033_/X
 _22034_/X
 _22035_/X
 _22036_/X
 _22037_/X
 _22038_/X
 _22039_/X
 _22040_/X
 _22041_/X
 _22042_/X
 _22043_/X
 _22044_/X
 _22045_/X
 _22046_/X
 _22047_/X
 _22048_/X
 _22049_/X
 _22050_/X
 _22051_/X
 _22052_/X
 _22053_/X
 _22054_/X
 _22055_/X
 _22056_/X
 _22057_/X
 _22058_/X
 _22059_/X
 _22060_/X
 _22061_/X
 _22062_/X
 _22063_/X
 _22064_/X
 _22065_/X
 _22066_/X
 _22067_/X
 _22068_/X
 _22069_/X
 _22070_/X
 _22071_/X
 _22072_/X
 _22073_/X
 _22074_/X
 _22075_/X
 _22076_/X
 _22077_/X
 _22078_/X
 _22079_/X
 _22080_/X
 _22081_/X
 _22082_/X
 _22083_/X
 _22084_/X
 _22085_/X
 _22086_/X
 _22087_/X
 _22088_/X
 _22089_/X
 _22090_/X
 _22091_/X
 _22092_/X
 _22093_/X
 _22094_/X
 _22095_/X
 _22096_/X
 _22097_/X
 _22098_/X
 _22099_/X
 _22100_/X
 _22101_/X
 _22102_/X
 _22103_/X
 _22104_/X
 _22105_/X
 _22106_/X
 _22107_/X
 _22108_/X
 _22109_/X
 _22110_/X
 _22111_/X
 _22112_/X
 _22113_/Y
 _22114_/X
 _22115_/X
 _22116_/X
 _22117_/X
 _22118_/X
 _22119_/X
 _22120_/X
 _22121_/X
 _22122_/X
 _22123_/X
 _22124_/X
 _22125_/X
 _22126_/X
 _22127_/X
 _22128_/X
 _22129_/X
 _22130_/X
 _22131_/X
 _22132_/X
 _22133_/X
 _22134_/X
 _22135_/X
 _22136_/X
 _22137_/X
 _22138_/X
 _22139_/X
 _22140_/X
 _22141_/X
 _22142_/X
 _22143_/X
 _22144_/X
 _22145_/X
 _22146_/X
 _22147_/X
 _22148_/X
 _22149_/X
 _22150_/X
 _22151_/X
 _22152_/X
 _22153_/X
 _22154_/X
 _22155_/X
 _22156_/X
 _22157_/X
 _22158_/X
 _22159_/X
 _22160_/X
 _22161_/X
 _22162_/X
 _22163_/X
 _22164_/X
 _22165_/X
 _22166_/X
 _22167_/X
 _22168_/X
 _22169_/X
 _22170_/X
 _22171_/X
 _22172_/X
 _22173_/X
 _22174_/X
 _22175_/X
 _22176_/X
 _22177_/X
 _22178_/X
 _22179_/X
 _22180_/X
 _22181_/X
 _22182_/X
 _22183_/X
 _22184_/X
 _22185_/X
 _22186_/X
 _22187_/X
 _22188_/X
 _22189_/X
 _22190_/X
 _22191_/X
 _22192_/X
 _22193_/X
 _22194_/X
 _22195_/X
 _22196_/X
 _22197_/X
 _22198_/X
 _22199_/Y
 _22200_/X
 _22201_/X
 _22202_/X
 _22203_/X
 _22204_/X
 _22205_/X
 _22206_/X
 _22207_/X
 _22208_/X
 _22209_/X
 _22210_/X
 _22211_/X
 _22212_/X
 _22213_/X
 _22214_/X
 _22215_/X
 _22216_/X
 _22217_/X
 _22218_/X
 _22219_/X
 _22220_/X
 _22221_/X
 _22222_/X
 _22223_/X
 _22224_/X
 _22225_/X
 _22226_/X
 _22227_/X
 _22228_/X
 _22229_/X
 _22230_/X
 _22231_/X
 _22232_/X
 _22233_/X
 _22234_/X
 _22235_/X
 _22236_/X
 _22237_/X
 _22238_/X
 _22239_/X
 _22240_/X
 _22241_/X
 _22242_/X
 _22243_/X
 _22244_/X
 _22245_/X
 _22246_/X
 _22247_/X
 _22248_/X
 _22249_/X
 _22250_/X
 _22251_/X
 _22252_/X
 _22253_/X
 _22254_/X
 _22255_/X
 _22256_/X
 _22257_/X
 _22258_/X
 _22259_/X
 _22260_/X
 _22261_/X
 _22262_/X
 _22263_/X
 _22264_/X
 _22265_/X
 _22266_/X
 _22267_/X
 _22268_/X
 _22269_/X
 _22270_/X
 _22271_/X
 _22272_/X
 _22273_/X
 _22274_/X
 _22275_/X
 _22276_/X
 _22277_/X
 _22278_/X
 _22279_/X
 _22280_/X
 _22281_/X
 _22282_/X
 _22283_/Y
 _22284_/X
 _22285_/X
 _22286_/X
 _22287_/X
 _22288_/X
 _22289_/X
 _22290_/X
 _22291_/X
 _22292_/X
 _22293_/X
 _22294_/X
 _22295_/X
 _22296_/X
 _22297_/X
 _22298_/X
 _22299_/X
 _22300_/X
 _22301_/X
 _22302_/X
 _22303_/X
 _22304_/X
 _22305_/X
 _22306_/X
 _22307_/X
 _22308_/X
 _22309_/X
 _22310_/X
 _22311_/X
 _22312_/X
 _22313_/X
 _22314_/X
 _22315_/X
 _22316_/X
 _22317_/X
 _22318_/X
 _22319_/X
 _22320_/X
 _22321_/X
 _22322_/X
 _22323_/X
 _22324_/X
 _22325_/X
 _22326_/X
 _22327_/X
 _22328_/X
 _22329_/X
 _22330_/X
 _22331_/X
 _22332_/X
 _22333_/X
 _22334_/X
 _22335_/X
 _22336_/X
 _22337_/X
 _22338_/X
 _22339_/X
 _22340_/X
 _22341_/X
 _22342_/X
 _22343_/X
 _22344_/X
 _22345_/X
 _22346_/X
 _22347_/X
 _22348_/X
 _22349_/X
 _22350_/X
 _22351_/X
 _22352_/X
 _22353_/X
 _22354_/X
 _22355_/X
 _22356_/X
 _22357_/X
 _22358_/X
 _22359_/X
 _22360_/X
 _22361_/X
 _22362_/X
 _22363_/X
 _22364_/X
 _22365_/X
 _22366_/X
 _22367_/X
 _22368_/Y
 _22369_/X
 _22370_/X
 _22371_/X
 _22372_/X
 _22373_/X
 _22374_/X
 _22375_/X
 _22376_/X
 _22377_/X
 _22378_/X
 _22379_/X
 _22380_/X
 _22381_/X
 _22382_/X
 _22383_/X
 _22384_/X
 _22385_/X
 _22386_/X
 _22387_/X
 _22388_/X
 _22389_/X
 _22390_/X
 _22391_/X
 _22392_/X
 _22393_/X
 _22394_/X
 _22395_/X
 _22396_/X
 _22397_/X
 _22398_/X
 _22399_/X
 _22400_/X
 _22401_/X
 _22402_/X
 _22403_/X
 _22404_/X
 _22405_/X
 _22406_/X
 _22407_/X
 _22408_/X
 _22409_/X
 _22410_/X
 _22411_/X
 _22412_/X
 _22413_/X
 _22414_/X
 _22415_/X
 _22416_/X
 _22417_/X
 _22418_/X
 _22419_/X
 _22420_/X
 _22421_/X
 _22422_/X
 _22423_/X
 _22424_/X
 _22425_/X
 _22426_/X
 _22427_/X
 _22428_/X
 _22429_/X
 _22430_/X
 _22431_/X
 _22432_/X
 _22433_/X
 _22434_/X
 _22435_/X
 _22436_/X
 _22437_/X
 _22438_/X
 _22439_/X
 _22440_/X
 _22441_/X
 _22442_/X
 _22443_/X
 _22444_/X
 _22445_/X
 _22446_/X
 _22447_/X
 _22448_/X
 _22449_/X
 _22450_/X
 _22451_/X
 _22452_/X
 _22453_/X
 _22454_/X
 _22455_/X
 _22456_/Y
 _22457_/X
 _22458_/X
 _22459_/X
 _22460_/X
 _22461_/X
 _22462_/X
 _22463_/X
 _22464_/X
 _22465_/X
 _22466_/X
 _22467_/X
 _22468_/X
 _22469_/X
 _22470_/X
 _22471_/X
 _22472_/X
 _22473_/X
 _22474_/X
 _22475_/X
 _22476_/X
 _22477_/X
 _22478_/X
 _22479_/X
 _22480_/X
 _22481_/X
 _22482_/X
 _22483_/X
 _22484_/X
 _22485_/X
 _22486_/X
 _22487_/X
 _22488_/X
 _22489_/X
 _22490_/X
 _22491_/X
 _22492_/X
 _22493_/X
 _22494_/X
 _22495_/X
 _22496_/X
 _22497_/X
 _22498_/X
 _22499_/X
 _22500_/X
 _22501_/X
 _22502_/X
 _22503_/X
 _22504_/X
 _22505_/X
 _22506_/X
 _22507_/X
 _22508_/X
 _22509_/X
 _22510_/X
 _22511_/X
 _22512_/X
 _22513_/X
 _22514_/X
 _22515_/X
 _22516_/X
 _22517_/X
 _22518_/X
 _22519_/X
 _22520_/X
 _22521_/X
 _22522_/X
 _22523_/X
 _22524_/X
 _22525_/X
 _22526_/X
 _22527_/X
 _22528_/X
 _22529_/X
 _22530_/X
 _22531_/X
 _22532_/X
 _22533_/X
 _22534_/X
 _22535_/X
 _22536_/X
 _22537_/X
 _22538_/X
 _22539_/X
 _22540_/X
 _22541_/X
 _22542_/X
 _22543_/X
 _22544_/X
 _22545_/X
 _22546_/X
 _22547_/X
 _22548_/X
 _22549_/X
 _22550_/X
 _22551_/X
 _22552_/X
 _22553_/X
 _22554_/X
 _22555_/X
 _22556_/X
 _22557_/X
 _22558_/X
 _22559_/X
 _22560_/X
 _22561_/X
 _22562_/X
 _22563_/X
 _22564_/X
 _22565_/X
 _22566_/X
 _22567_/Y
 _22568_/X
 _22569_/X
 _22570_/X
 _22571_/X
 _22572_/X
 _22573_/X
 _22574_/X
 _22575_/X
 _22576_/X
 _22577_/X
 _22578_/X
 _22579_/X
 _22580_/X
 _22581_/X
 _22582_/X
 _22583_/X
 _22584_/X
 _22585_/X
 _22586_/X
 _22587_/X
 _22588_/X
 _22589_/X
 _22590_/X
 _22591_/X
 _22592_/X
 _22593_/X
 _22594_/X
 _22595_/X
 _22596_/X
 _22597_/X
 _22598_/X
 _22599_/X
 _22600_/X
 _22601_/X
 _22602_/X
 _22603_/X
 _22604_/X
 _22605_/X
 _22606_/X
 _22607_/X
 _22608_/X
 _22609_/X
 _22610_/X
 _22611_/X
 _22612_/X
 _22613_/X
 _22614_/X
 _22615_/X
 _22616_/X
 _22617_/X
 _22618_/X
 _22619_/X
 _22620_/X
 _22621_/X
 _22622_/X
 _22623_/X
 _22624_/X
 _22625_/X
 _22626_/X
 _22627_/X
 _22628_/X
 _22629_/X
 _22630_/X
 _22631_/X
 _22632_/X
 _22633_/X
 _22634_/X
 _22635_/X
 _22636_/X
 _22637_/X
 _22638_/X
 _22639_/X
 _22640_/X
 _22641_/X
 _22642_/X
 _22643_/X
 _22644_/X
 _22645_/X
 _22646_/X
 _22647_/X
 _22648_/X
 _22649_/X
 _22650_/X
 _22651_/Y
 _22652_/X
 _22653_/X
 _22654_/X
 _22655_/X
 _22656_/X
 _22657_/X
 _22658_/X
 _22659_/X
 _22660_/X
 _22661_/X
 _22662_/X
 _22663_/X
 _22664_/X
 _22665_/X
 _22666_/X
 _22667_/X
 _22668_/X
 _22669_/X
 _22670_/X
 _22671_/X
 _22672_/X
 _22673_/X
 _22674_/X
 _22675_/X
 _22676_/X
 _22677_/X
 _22678_/X
 _22679_/X
 _22680_/X
 _22681_/X
 _22682_/X
 _22683_/X
 _22684_/X
 _22685_/X
 _22686_/X
 _22687_/X
 _22688_/X
 _22689_/X
 _22690_/X
 _22691_/X
 _22692_/X
 _22693_/X
 _22694_/X
 _22695_/X
 _22696_/X
 _22697_/X
 _22698_/X
 _22699_/X
 _22700_/X
 _22701_/X
 _22702_/X
 _22703_/X
 _22704_/X
 _22705_/X
 _22706_/X
 _22707_/X
 _22708_/X
 _22709_/X
 _22710_/X
 _22711_/X
 _22712_/X
 _22713_/X
 _22714_/X
 _22715_/X
 _22716_/X
 _22717_/X
 _22718_/X
 _22719_/X
 _22720_/X
 _22721_/X
 _22722_/X
 _22723_/X
 _22724_/X
 _22725_/X
 _22726_/X
 _22727_/X
 _22728_/X
 _22729_/X
 _22730_/X
 _22731_/X
 _22732_/X
 _22733_/X
 _22734_/X
 _22735_/X
 _22736_/Y
 _22737_/X
 _22738_/X
 _22739_/X
 _22740_/X
 _22741_/X
 _22742_/X
 _22743_/X
 _22744_/X
 _22745_/X
 _22746_/X
 _22747_/X
 _22748_/X
 _22749_/X
 _22750_/X
 _22751_/X
 _22752_/X
 _22753_/X
 _22754_/X
 _22755_/X
 _22756_/X
 _22757_/X
 _22758_/X
 _22759_/X
 _22760_/X
 _22761_/X
 _22762_/X
 _22763_/X
 _22764_/X
 _22765_/X
 _22766_/X
 _22767_/X
 _22768_/X
 _22769_/X
 _22770_/X
 _22771_/X
 _22772_/X
 _22773_/X
 _22774_/X
 _22775_/X
 _22776_/X
 _22777_/X
 _22778_/X
 _22779_/X
 _22780_/X
 _22781_/X
 _22782_/X
 _22783_/X
 _22784_/X
 _22785_/X
 _22786_/X
 _22787_/X
 _22788_/X
 _22789_/X
 _22790_/X
 _22791_/X
 _22792_/X
 _22793_/X
 _22794_/X
 _22795_/X
 _22796_/X
 _22797_/X
 _22798_/X
 _22799_/X
 _22800_/X
 _22801_/X
 _22802_/X
 _22803_/X
 _22804_/X
 _22805_/X
 _22806_/X
 _22807_/X
 _22808_/X
 _22809_/X
 _22810_/X
 _22811_/X
 _22812_/X
 _22813_/X
 _22814_/X
 _22815_/X
 _22816_/X
 _22817_/X
 _22818_/X
 _22819_/X
 _22820_/X
 _22821_/Y
 _22822_/X
 _22823_/X
 _22824_/X
 _22825_/X
 _22826_/X
 _22827_/X
 _22828_/X
 _22829_/X
 _22830_/X
 _22831_/X
 _22832_/X
 _22833_/X
 _22834_/X
 _22835_/X
 _22836_/X
 _22837_/X
 _22838_/X
 _22839_/X
 _22840_/X
 _22841_/X
 _22842_/X
 _22843_/X
 _22844_/X
 _22845_/X
 _22846_/X
 _22847_/X
 _22848_/X
 _22849_/X
 _22850_/X
 _22851_/X
 _22852_/X
 _22853_/X
 _22854_/X
 _22855_/X
 _22856_/X
 _22857_/X
 _22858_/X
 _22859_/X
 _22860_/X
 _22861_/X
 _22862_/X
 _22863_/X
 _22864_/X
 _22865_/X
 _22866_/X
 _22867_/X
 _22868_/X
 _22869_/X
 _22870_/X
 _22871_/X
 _22872_/X
 _22873_/X
 _22874_/X
 _22875_/X
 _22876_/X
 _22877_/X
 _22878_/X
 _22879_/X
 _22880_/X
 _22881_/X
 _22882_/X
 _22883_/X
 _22884_/X
 _22885_/X
 _22886_/X
 _22887_/X
 _22888_/X
 _22889_/X
 _22890_/X
 _22891_/X
 _22892_/X
 _22893_/X
 _22894_/X
 _22895_/X
 _22896_/X
 _22897_/X
 _22898_/X
 _22899_/X
 _22900_/X
 _22901_/X
 _22902_/X
 _22903_/X
 _22904_/X
 _22905_/Y
 _22906_/X
 _22907_/X
 _22908_/X
 _22909_/X
 _22910_/X
 _22911_/X
 _22912_/X
 _22913_/X
 _22914_/X
 _22915_/X
 _22916_/X
 _22917_/X
 _22918_/X
 _22919_/X
 _22920_/X
 _22921_/X
 _22922_/X
 _22923_/X
 _22924_/X
 _22925_/X
 _22926_/X
 _22927_/X
 _22928_/X
 _22929_/X
 _22930_/X
 _22931_/X
 _22932_/X
 _22933_/X
 _22934_/X
 _22935_/X
 _22936_/X
 _22937_/X
 _22938_/X
 _22939_/X
 _22940_/X
 _22941_/X
 _22942_/X
 _22943_/X
 _22944_/X
 _22945_/X
 _22946_/X
 _22947_/X
 _22948_/X
 _22949_/X
 _22950_/X
 _22951_/X
 _22952_/X
 _22953_/X
 _22954_/X
 _22955_/X
 _22956_/X
 _22957_/X
 _22958_/X
 _22959_/X
 _22960_/X
 _22961_/X
 _22962_/X
 _22963_/X
 _22964_/X
 _22965_/X
 _22966_/X
 _22967_/X
 _22968_/X
 _22969_/X
 _22970_/X
 _22971_/X
 _22972_/X
 _22973_/X
 _22974_/X
 _22975_/X
 _22976_/X
 _22977_/X
 _22978_/X
 _22979_/X
 _22980_/X
 _22981_/X
 _22982_/X
 _22983_/X
 _22984_/X
 _22985_/X
 _22986_/X
 _22987_/X
 _22988_/X
 _22989_/X
 _22990_/Y
 _22991_/X
 _22992_/X
 _22993_/X
 _22994_/X
 _22995_/X
 _22996_/X
 _22997_/X
 _22998_/X
 _22999_/X
 _23000_/X
 _23001_/X
 _23002_/X
 _23003_/X
 _23004_/X
 _23005_/X
 _23006_/X
 _23007_/X
 _23008_/X
 _23009_/X
 _23010_/X
 _23011_/X
 _23012_/X
 _23013_/X
 _23014_/X
 _23015_/X
 _23016_/X
 _23017_/X
 _23018_/X
 _23019_/X
 _23020_/X
 _23021_/X
 _23022_/X
 _23023_/X
 _23024_/X
 _23025_/X
 _23026_/X
 _23027_/X
 _23028_/X
 _23029_/X
 _23030_/X
 _23031_/X
 _23032_/X
 _23033_/X
 _23034_/X
 _23035_/X
 _23036_/X
 _23037_/X
 _23038_/X
 _23039_/X
 _23040_/X
 _23041_/X
 _23042_/X
 _23043_/X
 _23044_/X
 _23045_/X
 _23046_/X
 _23047_/X
 _23048_/X
 _23049_/X
 _23050_/X
 _23051_/X
 _23052_/X
 _23053_/X
 _23054_/X
 _23055_/X
 _23056_/X
 _23057_/X
 _23058_/X
 _23059_/X
 _23060_/X
 _23061_/X
 _23062_/X
 _23063_/X
 _23064_/X
 _23065_/X
 _23066_/X
 _23067_/X
 _23068_/X
 _23069_/X
 _23070_/X
 _23071_/X
 _23072_/X
 _23073_/Y
 _23074_/X
 _23075_/X
 _23076_/X
 _23077_/X
 _23078_/X
 _23079_/X
 _23080_/X
 _23081_/X
 _23082_/X
 _23083_/X
 _23084_/X
 _23085_/X
 _23086_/X
 _23087_/X
 _23088_/X
 _23089_/X
 _23090_/X
 _23091_/X
 _23092_/X
 _23093_/X
 _23094_/X
 _23095_/X
 _23096_/X
 _23097_/X
 _23098_/X
 _23099_/X
 _23100_/X
 _23101_/X
 _23102_/X
 _23103_/X
 _23104_/X
 _23105_/X
 _23106_/X
 _23107_/X
 _23108_/X
 _23109_/X
 _23110_/X
 _23111_/X
 _23112_/X
 _23113_/X
 _23114_/X
 _23115_/X
 _23116_/X
 _23117_/X
 _23118_/X
 _23119_/X
 _23120_/X
 _23121_/X
 _23122_/X
 _23123_/X
 _23124_/X
 _23125_/X
 _23126_/X
 _23127_/X
 _23128_/X
 _23129_/X
 _23130_/X
 _23131_/X
 _23132_/X
 _23133_/X
 _23134_/X
 _23135_/X
 _23136_/X
 _23137_/X
 _23138_/X
 _23139_/X
 _23140_/X
 _23141_/X
 _23142_/X
 _23143_/X
 _23144_/X
 _23145_/X
 _23146_/X
 _23147_/X
 _23148_/X
 _23149_/X
 _23150_/X
 _23151_/X
 _23152_/X
 _23153_/X
 _23154_/X
 _23155_/X
 _23156_/X
 _23157_/X
 _23158_/X
 _23159_/X
 _23160_/X
 _23161_/X
 _23162_/X
 _23163_/X
 _23164_/X
 _23165_/X
 _23166_/X
 _23167_/X
 _23168_/X
 _23169_/X
 _23170_/X
 _23171_/X
 _23172_/X
 _23173_/X
 _23174_/X
 _23175_/X
 _23176_/X
 _23177_/X
 _23178_/X
 _23179_/X
 _23180_/X
 _23181_/X
 _23182_/X
 _23183_/X
 _23184_/X
 _23185_/X
 _23186_/X
 _23187_/X
 _23188_/X
 _23189_/X
 _23190_/X
 _23191_/X
 _23192_/X
 _23193_/X
 _23194_/X
 _23195_/X
 _23196_/X
 _23197_/X
 _23198_/X
 _23199_/X
 _23200_/X
 _23201_/X
 _23202_/X
 _23203_/X
 _23204_/X
 _23205_/X
 _23206_/X
 _23207_/X
 _23208_/X
 _23209_/X
 _23210_/X
 _23211_/X
 _23212_/X
 _23213_/X
 _23214_/X
 _23215_/X
 _23216_/X
 _23217_/X
 _23218_/X
 _23219_/X
 _23220_/X
 _23221_/X
 _23222_/X
 _23223_/X
 _23224_/X
 _23225_/X
 _23226_/X
 _23227_/X
 _23228_/X
 _23229_/X
 _23230_/X
 _23231_/X
 _23232_/X
 _23233_/X
 _23234_/X
 _23235_/X
 _23236_/X
 _23237_/X
 _23238_/X
 _23239_/X
 _23240_/X
 _23241_/X
 _23242_/X
 _23243_/X
 _23244_/X
 _23245_/X
 _23246_/X
 _23247_/X
 _23248_/X
 _23249_/X
 _23250_/X
 _23251_/X
 _23252_/X
 _23253_/X
 _23254_/X
 _23255_/X
 _23256_/X
 _23257_/X
 _23258_/X
 _23259_/X
 _23260_/X
 _23261_/X
 _23262_/X
 _23263_/X
 _23264_/X
 _23265_/X
 _23266_/X
 _23267_/X
 _23268_/X
 _23269_/X
 _23270_/X
 _23271_/X
 _23272_/X
 _23273_/X
 _23274_/X
 _23275_/X
 _23276_/X
 _23277_/X
 _23278_/X
 _23279_/X
 _23280_/X
 _23281_/X
 _23282_/X
 _23283_/X
 _23284_/X
 _23285_/X
 _23286_/X
 _23287_/X
 _23288_/X
 _23289_/X
 _23290_/X
 _23291_/X
 _23292_/X
 _23293_/X
 _23294_/X
 _23295_/X
 _23296_/X
 _23297_/X
 _23298_/X
 _23299_/X
 _23300_/X
 _23301_/X
 _23302_/X
 _23303_/X
 _23304_/X
 _23305_/X
 _23306_/X
 _23307_/X
 _23308_/X
 _23309_/X
 _23310_/X
 _23311_/X
 _23312_/X
 _23313_/X
 _23314_/X
 _23315_/X
 _23316_/X
 _23317_/X
 _23318_/X
 _23319_/X
 _23320_/X
 _23321_/X
 _23322_/X
 _23323_/X
 _23324_/X
 _23325_/X
 _23326_/X
 _23327_/X
 _23328_/X
 _23329_/X
 _23330_/X
 _23331_/X
 _23332_/X
 _23333_/X
 _23334_/X
 _23335_/X
 _23336_/X
 _23337_/X
 _23338_/X
 _23339_/X
 _23340_/X
 _23341_/X
 _23342_/X
 _23343_/X
 _23344_/X
 _23345_/X
 _23346_/X
 _23347_/X
 _23348_/X
 _23349_/X
 _23350_/X
 _23351_/X
 _23352_/X
 _23353_/X
 _23354_/X
 _23355_/X
 _23356_/X
 _23357_/X
 _23358_/X
 _23359_/X
 _23360_/X
 _23361_/X
 _23362_/X
 _23363_/X
 _23364_/X
 _23365_/X
 _23366_/X
 _23367_/X
 _23368_/X
 _23369_/X
 _23370_/X
 _23371_/X
 _23372_/X
 _23373_/X
 _23374_/X
 _23375_/X
 _23376_/X
 _23377_/X
 _23378_/X
 _23379_/X
 _23380_/X
 _23381_/X
 _23382_/X
 _23383_/X
 _23384_/X
 _23385_/X
 _23386_/X
 _23387_/X
 _23388_/X
 _23389_/X
 _23390_/X
 _23391_/X
 _23392_/X
 _23393_/X
 _23394_/X
 _23395_/X
 _23396_/X
 _23397_/X
 _23398_/X
 _23399_/X
 _23400_/X
 _23401_/X
 _23402_/X
 _23403_/X
 _23404_/X
 _23405_/X
 _23406_/X
 _23407_/X
 _23408_/X
 _23409_/X
 _23410_/X
 _23411_/X
 _23412_/X
 _23413_/X
 _23414_/X
 _23415_/X
 _23416_/X
 _23417_/X
 _23418_/X
 _23419_/X
 _23420_/X
 _23421_/X
 _23422_/X
 _23423_/X
 _23424_/X
 _23425_/X
 _23426_/X
 _23427_/X
 _23428_/X
 _23429_/X
 _23430_/X
 _23431_/X
 _23432_/X
 _23433_/X
 _23434_/X
 _23435_/X
 _23436_/X
 _23437_/X
 _23438_/X
 _23439_/X
 _23440_/X
 _23441_/X
 _23442_/X
 _23443_/X
 _23444_/X
 _23445_/X
 _23446_/X
 _23447_/X
 _23448_/X
 _23449_/X
 _23450_/X
 _23451_/X
 _23452_/X
 _23453_/X
 _23454_/X
 _23455_/X
 _23456_/X
 _23457_/X
 _23458_/X
 _23459_/X
 _23460_/X
 _23461_/X
 _23462_/X
 _23463_/X
 _23464_/X
 _23465_/X
 _23466_/X
 _23467_/X
 _23468_/X
 _23469_/X
 _23470_/X
 _23471_/X
 _23472_/X
 _23473_/X
 _23474_/X
 _23475_/X
 _23476_/X
 _23477_/X
 _23478_/X
 _23479_/X
 _23480_/X
 _23481_/X
 _23482_/X
 _23483_/X
 _23484_/X
 _23485_/X
 _23486_/X
 _23487_/X
 _23488_/X
 _23489_/X
 _23490_/X
 _23491_/X
 _23492_/X
 _23493_/X
 _23494_/X
 _23495_/X
 _23496_/X
 _23497_/X
 _23498_/X
 _23499_/X
 _23500_/X
 _23501_/X
 _23502_/X
 _23503_/X
 _23504_/X
 _23505_/X
 _23506_/X
 _23507_/X
 _23508_/X
 _23509_/X
 _23510_/X
 _23511_/X
 _23512_/X
 _23513_/X
 _23514_/X
 _23515_/X
 _23516_/X
 _23517_/X
 _23518_/X
 _23519_/X
 _23520_/X
 _23521_/X
 _23522_/X
 _23523_/X
 _23524_/X
 _23525_/X
 _23526_/X
 _23527_/X
 _23528_/X
 _23529_/X
 _23530_/X
 _23531_/X
 _23532_/X
 _23533_/X
 _23534_/X
 _23535_/X
 _23536_/X
 _23537_/X
 _23538_/X
 _23539_/X
 _23540_/X
 _23541_/X
 _23542_/X
 _23543_/X
 _23544_/X
 _23545_/X
 _23546_/X
 _23547_/X
 _23548_/X
 _23549_/X
 _23550_/X
 _23551_/X
 _23552_/X
 _23553_/X
 _23554_/X
 _23555_/X
 _23556_/X
 _23557_/X
 _23558_/X
 _23559_/X
 _23560_/X
 _23561_/X
 _23562_/X
 _23563_/X
 _23564_/X
 _23565_/X
 _23566_/X
 _23567_/X
 _23568_/X
 _23569_/X
 _23570_/X
 _23571_/X
 _23572_/X
 _23573_/X
 _23574_/X
 _23575_/X
 _23576_/X
 _23577_/X
 _23578_/X
 _23579_/X
 _23580_/X
 _23581_/X
 _23582_/X
 _23583_/X
 _23584_/X
 _23585_/X
 _23586_/X
 _23587_/X
 _23588_/X
 _23589_/X
 _23590_/X
 _23591_/X
 _23592_/X
 _23593_/X
 _23594_/X
 _23595_/X
 _23596_/X
 _23597_/X
 _23598_/X
 _23599_/X
 _23600_/X
 _23601_/X
 _23602_/X
 _23603_/X
 _23604_/X
 _23605_/X
 _23606_/X
 _23607_/X
 _23608_/X
 _23609_/X
 _23610_/X
 _23611_/X
 _23612_/X
 _23613_/X
 _23614_/X
 _23615_/X
 _23616_/X
 _23617_/X
 _23618_/X
 _23619_/X
 _23620_/X
 _23621_/X
 _23622_/X
 _23623_/X
 _23624_/X
 _23625_/X
 _23626_/X
 _23627_/X
 _23628_/X
 _23629_/X
 _23630_/X
 _23631_/X
 _23632_/X
 _23633_/X
 _23634_/X
 _23635_/X
 _23636_/X
 _23637_/X
 _23638_/X
 _23639_/X
 _23640_/X
 _23641_/X
 _23642_/X
 _23643_/X
 _23644_/X
 _23645_/X
 _23646_/X
 _23647_/X
 _23648_/X
 _23649_/X
 _23650_/X
 _23651_/X
 _23652_/X
 _23653_/X
 _23654_/X
 _23655_/X
 _23656_/X
 _23657_/X
 _23658_/X
 _23659_/X
 _23660_/X
 _23661_/X
 _23662_/X
 _23663_/X
 _23664_/X
 _23665_/X
 _23666_/X
 _23667_/X
 _23668_/X
 _23669_/X
 _23670_/X
 _23671_/X
 _23672_/X
 _23673_/X
 _23674_/X
 _23675_/X
 _23676_/X
 _23677_/X
 _23678_/X
 _23679_/X
 _23680_/X
 _23681_/X
 _23682_/X
 _23683_/X
 _23684_/X
 _23685_/X
 _23686_/X
 _23687_/X
 _23688_/X
 _23689_/X
 _23690_/X
 _23691_/X
 _23692_/X
 _23693_/X
 _23694_/X
 _23695_/X
 _23696_/X
 _23697_/X
 _23698_/X
 _23699_/X
 _23700_/X
 _23701_/X
 _23702_/X
 _23703_/X
 _23704_/X
 _23705_/X
 _23706_/X
 _23707_/X
 _23708_/X
 _23709_/X
 _23710_/X
 _23711_/X
 _23712_/X
 _23713_/X
 _23714_/X
 _23715_/X
 _23716_/X
 _23717_/X
 _23718_/X
 _23719_/X
 _23720_/X
 _23721_/X
 _23722_/X
 _23723_/X
 _23724_/X
 _23725_/X
 _23726_/X
 _23727_/X
 _23728_/X
 _23729_/X
 _23730_/X
 _23731_/X
 _23732_/X
 _23733_/X
 _23734_/X
 _23735_/X
 _23736_/X
 _23737_/X
 _23738_/X
 _23739_/X
 _23740_/X
 _23741_/X
 _23742_/X
 _23743_/X
 _23744_/X
 _23745_/X
 _23746_/X
 _23747_/X
 _23748_/X
 _23749_/X
 _23750_/X
 _23751_/X
 _23752_/X
 _23753_/X
 _23754_/X
 _23755_/X
 _23756_/X
 _23757_/X
 _23758_/X
 _23759_/X
 _23760_/X
 _23761_/X
 _23762_/X
 _23763_/X
 _23764_/X
 _23765_/X
 _23766_/X
 _23767_/X
 _23768_/X
 _23769_/X
 _23770_/X
 _23771_/X
 _23772_/X
 _23773_/X
 _23774_/X
 _23775_/X
 _23776_/X
 _23777_/X
 _23778_/X
 _23779_/X
 _23780_/X
 _23781_/X
 _23782_/X
 _23783_/X
 _23784_/X
 _23785_/X
 _23786_/X
 _23787_/X
 _23788_/X
 _23789_/X
 _23790_/X
 _23791_/X
 _23792_/X
 _23793_/X
 _23794_/X
 _23795_/X
 _23796_/X
 _23797_/X
 _23798_/X
 _23799_/X
 _23800_/X
 _23801_/X
 _23802_/X
 _23803_/X
 _23804_/X
 _23805_/X
 _23806_/X
 _23807_/X
 _23808_/X
 _23809_/X
 _23810_/X
 _23811_/X
 _23812_/X
 _23813_/X
 _23814_/X
 _23815_/X
 _23816_/X
 _23817_/X
 _23818_/X
 _23819_/X
 _23820_/X
 _23821_/X
 _23822_/X
 _23823_/X
 _23824_/X
 _23825_/X
 _23826_/X
 _23827_/X
 _23828_/X
 _23829_/X
 _23830_/X
 _23831_/X
 _23832_/X
 _23833_/X
 _23834_/X
 _23835_/X
 _23836_/X
 _23837_/X
 _23838_/X
 _23839_/X
 _23840_/X
 _23841_/X
 _23842_/X
 _23843_/X
 _23844_/X
 _23845_/X
 _23846_/X
 _23847_/X
 _23848_/X
 _23849_/X
 _23850_/X
 _23851_/X
 _23852_/X
 _23853_/X
 _23854_/X
 _23855_/X
 _23856_/X
 _23857_/X
 _23858_/X
 _23859_/X
 _23860_/X
 _23861_/X
 _23862_/X
 _23863_/X
 _23864_/X
 _23865_/X
 _23866_/X
 _23867_/X
 _23868_/X
 _23869_/X
 _23870_/X
 _23871_/X
 _23872_/X
 _23873_/X
 _23874_/X
 _23875_/X
 _23876_/X
 _23877_/X
 _23878_/X
 _23879_/X
 _23880_/X
 _23881_/X
 _23882_/X
 _23883_/X
 _23884_/X
 _23885_/X
 _23886_/X
 _23887_/X
 _23888_/X
 _23889_/X
 _23890_/X
 _23891_/X
 _23892_/X
 _23893_/X
 _23894_/X
 _23895_/X
 _23896_/X
 _23897_/X
 _23898_/X
 _23899_/X
 _23900_/X
 _23901_/X
 _23902_/X
 _23903_/X
 _23904_/X
 _23905_/X
 _23906_/X
 _23907_/X
 _23908_/X
 _23909_/X
 _23910_/X
 _23911_/X
 _23912_/X
 _23913_/X
 _23914_/X
 _23915_/X
 _23916_/X
 _23917_/X
 _23918_/X
 _23919_/X
 _23920_/X
 _23921_/X
 _23922_/X
 _23923_/X
 _23924_/X
 _23925_/X
 _23926_/X
 _23927_/X
 _23928_/X
 _23929_/X
 _23930_/X
 _23931_/X
 _23932_/X
 _23933_/X
 _23934_/X
 _23935_/X
 _23936_/X
 _23937_/X
 _23938_/X
 _23939_/X
 _23940_/X
 _23941_/X
 _23942_/X
 _23943_/X
 _23944_/X
 _23945_/X
 _23946_/X
 _23947_/X
 _23948_/X
 _23949_/X
 _23950_/X
 _23951_/X
 _23952_/X
 _23953_/X
 _23954_/X
 _23955_/X
 _23956_/X
 _23957_/X
 _23958_/X
 _23959_/X
 _23960_/X
 _23961_/X
 _23962_/X
 _23963_/X
 _23964_/X
 _23965_/X
 _23966_/X
 _23967_/X
 _23968_/X
 _23969_/X
 _23970_/X
 _23971_/X
 _23972_/X
 _23973_/X
 _23974_/X
 _23975_/X
 _23976_/X
 _23977_/X
 _23978_/X
 _23979_/X
 _23980_/X
 _23981_/X
 _23982_/X
 _23983_/X
 _23984_/X
 _23985_/X
 _23986_/X
 _23987_/X
 _23988_/X
 _23989_/X
 _23990_/X
 _23991_/X
 _23992_/X
 _23993_/X
 _23994_/X
 _23995_/X
 _23996_/X
 _23997_/X
 _23998_/X
 _23999_/X
 _24000_/X
 _24001_/X
 _24002_/X
 _24003_/X
 _24004_/X
 _24005_/X
 _24006_/X
 _24007_/X
 _24008_/X
 _24009_/X
 _24010_/X
 _24011_/X
 _24012_/X
 _24013_/X
 _24014_/X
 _24015_/X
 _24016_/X
 _24017_/X
 _24018_/X
 _24019_/X
 _24020_/X
 _24021_/X
 _24022_/X
 _24023_/X
 _24024_/X
 _24025_/X
 _24026_/X
 _24027_/X
 _24028_/X
 _24029_/X
 _24030_/X
 _24031_/X
 _24032_/X
 _24033_/X
 _24034_/X
 _24035_/X
 _24036_/X
 _24037_/X
 _24038_/X
 _24039_/X
 _24040_/X
 _24041_/X
 _24042_/X
 _24043_/X
 _24044_/X
 _24045_/X
 _24046_/X
 _24047_/X
 _24048_/X
 _24049_/X
 _24050_/X
 _24051_/X
 _24052_/X
 _24053_/X
 _24054_/X
 _24055_/X
 _24056_/X
 _24057_/X
 _24058_/X
 _24059_/X
 _24060_/X
 _24061_/X
 _24062_/X
 _24063_/X
 _24064_/X
 _24065_/X
 _24066_/X
 _24067_/X
 _24068_/X
 _24069_/X
 _24070_/X
 _24071_/X
 _24072_/X
 _24073_/X
 _24074_/X
 _24075_/X
 _24076_/X
 _24077_/X
 _24078_/X
 _24079_/X
 _24080_/X
 _24081_/X
 _24082_/X
 _24083_/X
 _24084_/X
 _24085_/X
 _24086_/X
 _24087_/X
 _24088_/X
 _24089_/X
 _24090_/X
 _24091_/X
 _24092_/X
 _24093_/X
 _24094_/X
 _24095_/X
 _24096_/X
 _24097_/X
 _24098_/X
 _24099_/X
 _24100_/X
 _24101_/X
 _24102_/X
 _24103_/X
 _24104_/X
 _24105_/X
 _24106_/X
 _24107_/X
 _24108_/X
 _24109_/X
 _24110_/X
 _24111_/X
 _24112_/X
 _24113_/X
 _24114_/X
 _24115_/X
 _24116_/X
 _24117_/X
 _24118_/X
 _24119_/X
 _24120_/X
 _24121_/X
 _24122_/X
 _24123_/X
 _24124_/X
 _24125_/X
 _24126_/X
 _24127_/X
 _24128_/X
 _24129_/X
 _24130_/X
 _24131_/X
 _24132_/X
 _24133_/X
 _24134_/X
 _24135_/X
 _24136_/X
 _24137_/X
 _24138_/X
 _24139_/X
 _24140_/X
 _24141_/X
 _24142_/X
 _24143_/X
 _24144_/X
 _24145_/X
 _24146_/X
 _24147_/X
 _24148_/X
 _24149_/X
 _24150_/X
 _24151_/X
 _24152_/X
 _24153_/X
 _24154_/X
 _24155_/X
 _24156_/X
 _24157_/X
 _24158_/X
 _24159_/X
 _24160_/X
 _24161_/X
 _24162_/X
 _24163_/X
 _24164_/X
 _24165_/X
 _24166_/X
 _24167_/X
 _24168_/X
 _24169_/X
 _24170_/X
 _24171_/X
 _24172_/X
 _24173_/X
 _24174_/X
 _24175_/X
 _24176_/X
 _24177_/X
 _24178_/X
 _24179_/X
 _24180_/X
 _24181_/X
 _24182_/X
 _24183_/X
 _24184_/X
 _24185_/X
 _24186_/X
 _24187_/X
 _24188_/X
 _24189_/X
 _24190_/X
 _24191_/X
 _24192_/X
 _24193_/X
 _24194_/X
 _24195_/X
 _24196_/X
 _24197_/X
 _24198_/X
 _24199_/X
 _24200_/X
 _24201_/X
 _24202_/X
 _24203_/X
 _24204_/X
 _24205_/X
 _24206_/X
 _24207_/X
 _24208_/X
 _24209_/X
 _24210_/X
 _24211_/X
 _24212_/X
 _24213_/X
 _24214_/X
 _24215_/X
 _24216_/X
 _24217_/X
 _24218_/X
 _24219_/X
 _24220_/X
 _24221_/X
 _24222_/X
 _24223_/X
 _24224_/X
 _24225_/X
 _24226_/X
 _24227_/X
 _24228_/X
 _24229_/X
 _24230_/X
 _24231_/X
 _24232_/X
 _24233_/X
 _24234_/X
 _24235_/X
 _24236_/X
 _24237_/X
 _24238_/X
 _24239_/X
 _24240_/X
 _24241_/X
 _24242_/X
 _24243_/X
 _24244_/X
 _24245_/X
 _24246_/X
 _24247_/X
 _24248_/X
 _24249_/X
 _24250_/X
 _24251_/X
 _24252_/X
 _24253_/X
 _24254_/X
 _24255_/X
 _24256_/X
 _24257_/X
 _24258_/X
 _24259_/X
 _24260_/X
 _24261_/X
 _24262_/X
 _24263_/X
 _24264_/X
 _24265_/X
 _24266_/X
 _24267_/X
 _24268_/X
 _24269_/X
 _24270_/X
 _24271_/X
 _24272_/X
 _24273_/X
 _24274_/X
 _24275_/X
 _24276_/X
 _24277_/X
 _24278_/X
 _24279_/X
 _24280_/X
 _24281_/X
 _24282_/X
 _24283_/X
 _24284_/X
 _24285_/X
 _24286_/X
 _24287_/X
 _24288_/X
 _24289_/X
 _24290_/X
 _24291_/X
 _24292_/X
 _24293_/X
 _24294_/X
 _24295_/X
 _24296_/X
 _24297_/X
 _24298_/X
 _24299_/X
 _24300_/X
 _24301_/X
 _24302_/X
 _24303_/X
 _24304_/X
 _24305_/X
 _24306_/X
 _24307_/X
 _24308_/X
 _24309_/X
 _24310_/X
 _24311_/X
 _24312_/X
 _24313_/X
 _24314_/X
 _24315_/X
 _24316_/X
 _24317_/X
 _24318_/X
 _24319_/X
 _24320_/X
 _24321_/X
 _24322_/X
 _24323_/X
 _24324_/X
 _24325_/X
 _24326_/X
 _24327_/X
 _24328_/X
 _24329_/X
 _24330_/X
 _24331_/X
 _24332_/X
 _24333_/X
 _24334_/X
 _24335_/X
 _24336_/X
 _24337_/X
 _24338_/X
 _24339_/X
 _24340_/X
 _24341_/X
 _24342_/X
 _24343_/X
 _24344_/X
 _24345_/X
 _24346_/X
 _24347_/X
 _24348_/X
 _24349_/X
 _24350_/X
 _24351_/X
 _24352_/X
 _24353_/X
 _24354_/X
 _24355_/X
 _24356_/X
 _24357_/X
 _24358_/X
 _24359_/X
 _24360_/X
 _24361_/X
 _24362_/X
 _24363_/X
 _24364_/X
 _24365_/X
 _24366_/X
 _24367_/X
 _24368_/X
 _24369_/X
 _24370_/X
 _24371_/X
 _24372_/X
 _24373_/X
 _24374_/X
 _24375_/X
 _24376_/X
 _24377_/X
 _24378_/X
 _24379_/X
 _24380_/X
 _24381_/X
 _24382_/X
 _24383_/X
 _24384_/X
 _24385_/X
 _24386_/X
 _24387_/X
 _24388_/X
 _24389_/X
 _24390_/X
 _24391_/X
 _24392_/X
 _24393_/X
 _24394_/X
 _24395_/X
 _24396_/X
 _24397_/X
 _24398_/X
 _24399_/X
 _24400_/X
 _24401_/X
 _24402_/X
 _24403_/X
 _24404_/X
 _24405_/X
 _24406_/X
 _24407_/X
 _24408_/X
 _24409_/X
 _24410_/X
 _24411_/X
 _24412_/X
 _24413_/X
 _24414_/X
 _24415_/X
 _24416_/X
 _24417_/X
 _24418_/X
 _24419_/X
 _24420_/X
 _24421_/X
 _24422_/X
 _24423_/X
 _24424_/X
 _24425_/X
 _24426_/X
 _24427_/X
 _24428_/X
 _24429_/X
 _24430_/X
 _24431_/X
 _24432_/X
 _24433_/X
 _24434_/X
 _24435_/X
 _24436_/X
 _24437_/X
 _24438_/X
 _24439_/X
 _24440_/X
 _24441_/X
 _24442_/X
 _24443_/X
 _24444_/X
 _24445_/X
 _24446_/X
 _24447_/X
 _24448_/X
 _24449_/X
 _24450_/X
 _24451_/X
 _24452_/X
 _24453_/X
 _24454_/X
 _24455_/X
 _24456_/X
 _24457_/X
 _24458_/X
 _24459_/X
 _24460_/X
 _24461_/X
 _24462_/X
 _24463_/X
 _24464_/X
 _24465_/X
 _24466_/X
 _24467_/X
 _24468_/X
 _24469_/X
 _24470_/X
 _24471_/X
 _24472_/X
 _24473_/X
 _24474_/X
 _24475_/X
 _24476_/X
 _24477_/X
 _24478_/X
 _24479_/X
 _24480_/X
 _24481_/X
 _24482_/X
 _24483_/X
 _24484_/X
 _24485_/X
 _24486_/X
 _24487_/X
 _24488_/X
 _24489_/X
 _24490_/X
 _24491_/X
 _24492_/X
 _24493_/X
 _24494_/X
 _24495_/X
 _24496_/X
 _24497_/X
 _24498_/X
 _24499_/X
 _24500_/X
 _24501_/X
 _24502_/X
 _24503_/X
 _24504_/X
 _24505_/X
 _24506_/X
 _24507_/X
 _24508_/X
 _24509_/X
 _24510_/X
 _24511_/X
 _24512_/X
 _24513_/X
 _24514_/X
 _24515_/X
 _24516_/X
 _24517_/X
 _24518_/X
 _24519_/X
 _24520_/X
 _24521_/X
 _24522_/X
 _24523_/X
 _24524_/X
 _24525_/X
 _24526_/X
 _24527_/X
 _24528_/X
 _24529_/X
 _24530_/X
 _24531_/X
 _24532_/X
 _24533_/X
 _24534_/X
 _24535_/X
 _24536_/X
 _24537_/X
 _24538_/X
 _24539_/X
 _24540_/X
 _24541_/X
 _24542_/X
 _24543_/X
 _24544_/X
 _24545_/X
 _24546_/X
 _24547_/X
 _24548_/X
 _24549_/X
 _24550_/X
 _24551_/X
 _24552_/X
 _24553_/X
 _24554_/X
 _24555_/X
 _24556_/X
 _24557_/X
 _24558_/X
 _24559_/X
 _24560_/X
 _24561_/X
 _24562_/X
 _24563_/X
 _24564_/X
 _24565_/X
 _24566_/X
 _24567_/X
 _24568_/X
 _24569_/X
 _24570_/X
 _24571_/X
 _24572_/X
 _24573_/X
 _24574_/X
 _24575_/X
 _24576_/X
 _24577_/X
 _24578_/X
 _24579_/X
 _24580_/X
 _24581_/X
 _24582_/X
 _24583_/X
 _24584_/X
 _24585_/X
 _24586_/X
 _24587_/X
 _24588_/X
 _24589_/X
 _24590_/X
 _24591_/X
 _24592_/X
 _24593_/X
 _24594_/X
 _24595_/X
 _24596_/X
 _24597_/X
 _24598_/X
 _24599_/X
 _24600_/X
 _24601_/X
 _24602_/X
 _24603_/X
 _24604_/X
 _24605_/X
 _24606_/X
 _24607_/X
 _24608_/X
 _24609_/X
 _24610_/X
 _24611_/X
 _24612_/X
 _24613_/X
 _24614_/X
 _24615_/X
 _24616_/X
 _24617_/X
 _24618_/X
 _24619_/X
 _24620_/X
 _24621_/X
 _24622_/X
 _24623_/X
 _24624_/X
 _24625_/X
 _24626_/X
 _24627_/X
 _24628_/X
 _24629_/X
 _24630_/X
 _24631_/X
 _24632_/X
 _24633_/X
 _24634_/X
 _24635_/X
 _24636_/X
 _24637_/X
 _24638_/X
 _24639_/X
 _24640_/X
 _24641_/X
 _24642_/X
 _24643_/X
 _24644_/X
 _24645_/X
 _24646_/X
 _24647_/X
 _24648_/X
 _24649_/X
 _24650_/X
 _24651_/X
 _24652_/X
 _24653_/X
 _24654_/X
 _24655_/X
 _24656_/X
 _24657_/X
 _24658_/X
 _24659_/X
 _24660_/X
 _24661_/X
 _24662_/X
 _24663_/X
 _24664_/X
 _24665_/X
 _24666_/X
 _24667_/X
 _24668_/X
 _24669_/X
 _24670_/X
 _24671_/X
 _24672_/X
 _24673_/X
 _24674_/X
 _24675_/X
 _24676_/X
 _24677_/X
 _24678_/X
 _24679_/X
 _24680_/X
 _24681_/X
 _24682_/X
 _24683_/X
 _24684_/X
 _24685_/X
 _24686_/X
 _24687_/X
 _24688_/X
 _24689_/X
 _24690_/X
 _24691_/X
 _24692_/X
 _24693_/X
 _24694_/X
 _24695_/X
 _24696_/X
 _24697_/X
 _24698_/X
 _24699_/X
 _24700_/X
 _24701_/X
 _24702_/X
 _24703_/X
 _24704_/X
 _24705_/X
 _24706_/X
 _24707_/X
 _24708_/X
 _24709_/X
 _24710_/X
 _24711_/X
 _24712_/X
 _24713_/X
 _24714_/X
 _24715_/X
 _24716_/X
 _24717_/X
 _24718_/X
 _24719_/X
 _24720_/X
 _24721_/X
 _24722_/X
 _24723_/X
 _24724_/X
 _24725_/X
 _24726_/X
 _24727_/X
 _24728_/X
 _24729_/X
 _24730_/X
 _24731_/X
 _24732_/X
 _24733_/X
 _24734_/X
 _24735_/X
 _24736_/X
 _24737_/X
 _24738_/X
 _24739_/X
 _24740_/X
 _24741_/X
 _24742_/X
 _24743_/X
 _24744_/X
 _24745_/X
 _24746_/X
 _24747_/X
 _24748_/X
 _24749_/X
 _24750_/X
 _24751_/X
 _24752_/X
 _24753_/X
 _24754_/X
 _24755_/X
 _24756_/X
 _24757_/X
 _24758_/X
 _24759_/X
 _24760_/X
 _24761_/X
 _24762_/X
 _24763_/X
 _24764_/X
 _24765_/X
 _24766_/X
 _24767_/X
 _24768_/X
 _24769_/X
 _24770_/X
 _24771_/X
 _24772_/X
 _24773_/X
 _24774_/X
 _24775_/X
 _24776_/X
 _24777_/X
 _24778_/X
 _24779_/X
 _24780_/X
 _24781_/X
 _24782_/X
 _24783_/X
 _24784_/X
 _24785_/X
 _24786_/X
 _24787_/X
 _24788_/X
 _24789_/X
 _24790_/X
 _24791_/X
 _24792_/X
 _24793_/X
 _24794_/X
 _24795_/X
 _24796_/X
 _24797_/X
 _24798_/X
 _24799_/X
 _24800_/X
 _24801_/X
 _24802_/X
 _24803_/X
 _24804_/X
 _24805_/X
 _24806_/X
 _24807_/X
 _24808_/X
 _24809_/X
 _24810_/X
 _24811_/X
 _24812_/X
 _24813_/X
 _24814_/X
 _24815_/X
 _24816_/X
 _24817_/X
 _24818_/X
 _24819_/X
 _24820_/X
 _24821_/X
 _24822_/X
 _24823_/X
 _24824_/X
 _24825_/X
 _24826_/X
 _24827_/X
 _24828_/X
 _24829_/X
 _24830_/X
 _24831_/X
 _24832_/X
 _24833_/X
 _24834_/X
 _24835_/X
 _24836_/X
 _24837_/X
 _24838_/X
 _24839_/X
 _24840_/X
 _24841_/X
 _24842_/X
 _24843_/X
 _24844_/X
 _24845_/X
 _24846_/X
 _24847_/X
 _24848_/X
 _24849_/X
 _24850_/X
 _24851_/X
 _24852_/X
 _24853_/X
 _24854_/X
 _24855_/X
 _24856_/X
 _24857_/X
 _24858_/X
 _24859_/X
 _24860_/X
 _24861_/X
 _24862_/X
 _24863_/X
 _24864_/X
 _24865_/X
 _24866_/X
 _24867_/X
 _24868_/X
 _24869_/X
 _24870_/X
 _24871_/X
 _24872_/X
 _24873_/X
 _24874_/X
 _24875_/X
 _24876_/X
 _24877_/X
 _24878_/X
 _24879_/X
 _24880_/X
 _24881_/X
 _24882_/X
 _24883_/X
 _24884_/X
 _24885_/X
 _24886_/X
 _24887_/X
 _24888_/X
 _24889_/X
 _24890_/X
 _24891_/X
 _24892_/X
 _24893_/X
 _24894_/X
 _24895_/X
 _24896_/Y
 _24897_/X
 _24898_/X
 _24899_/X
 _24900_/X
 _24901_/X
 _24902_/X
 _24903_/X
 _24904_/X
 _24905_/X
 _24906_/X
 _24907_/X
 _24908_/X
 _24909_/X
 _24910_/X
 _24911_/X
 _24912_/X
 _24913_/X
 _24914_/X
 _24915_/X
 _24916_/X
 _24917_/X
 _24918_/X
 _24919_/X
 _24920_/X
 _24921_/X
 _24922_/X
 _24923_/X
 _24924_/X
 _24925_/X
 _24926_/X
 _24927_/X
 _24928_/X
 _24929_/X
 _24930_/X
 _24931_/X
 _24932_/X
 _24933_/X
 _24934_/X
 _24935_/X
 _24936_/X
 _24937_/X
 _24938_/X
 _24939_/X
 _24940_/X
 _24941_/X
 _24942_/X
 _24943_/X
 _24944_/X
 _24945_/X
 _24946_/X
 _24947_/X
 _24948_/X
 _24949_/X
 _24950_/X
 _24951_/X
 _24952_/X
 _24953_/X
 _24954_/X
 _24955_/X
 _24956_/X
 _24957_/X
 _24958_/X
 _24959_/X
 _24960_/X
 _24961_/X
 _24962_/X
 _24963_/X
 _24964_/X
 _24965_/X
 _24966_/X
 _24967_/X
 _24968_/X
 _24969_/X
 _24970_/X
 _24971_/X
 _24972_/X
 _24973_/X
 _24974_/X
 _24975_/X
 _24976_/X
 _24977_/X
 _24978_/X
 _24979_/X
 _24980_/X
 _24981_/X
 _24982_/X
 _24983_/X
 _24984_/X
 _24985_/X
 _24986_/X
 _24987_/X
 _24988_/X
 _24989_/X
 _24990_/X
 _24991_/X
 _24992_/X
 _24993_/X
 _24994_/X
 _24995_/X
 _24996_/X
 _24997_/X
 _24998_/X
 _24999_/X
 _25000_/X
 _25001_/X
 _25002_/X
 _25003_/X
 _25004_/X
 _25005_/X
 _25006_/X
 _25007_/X
 _25008_/X
 _25009_/X
 _25010_/X
 _25011_/X
 _25012_/X
 _25013_/X
 _25014_/X
 _25015_/X
 _25016_/X
 _25017_/X
 _25018_/X
 _25019_/X
 _25020_/X
 _25021_/X
 _25022_/X
 _25023_/X
 _25024_/X
 _25025_/X
 _25026_/X
 _25027_/X
 _25028_/X
 _25029_/X
 _25030_/X
 _25031_/X
 _25032_/X
 _25033_/X
 _25034_/X
 _25035_/X
 _25036_/X
 _25037_/X
 _25038_/X
 _25039_/X
 _25040_/X
 _25041_/X
 _25042_/X
 _25043_/X
 _25044_/X
 _25045_/X
 _25046_/X
 _25047_/X
 _25048_/X
 _25049_/X
 _25050_/X
 _25051_/X
 _25052_/X
 _25053_/X
 _25054_/X
 _25055_/X
 _25056_/X
 _25057_/X
 _25058_/X
 _25059_/X
 _25060_/X
 _25061_/X
 _25062_/X
 _25063_/X
 _25064_/X
 _25065_/X
 _25066_/X
 _25067_/X
 _25068_/X
 _25069_/X
 _25070_/X
 _25071_/X
 _25072_/X
 _25073_/X
 _25074_/X
 _25075_/X
 _25076_/X
 _25077_/X
 _25078_/X
 _25079_/X
 _25080_/X
 _25081_/X
 _25082_/X
 _25083_/X
 _25084_/X
 _25085_/X
 _25086_/X
 _25087_/X
 _25088_/X
 _25089_/X
 _25090_/X
 _25091_/X
 _25092_/X
 _25093_/X
 _25094_/X
 _25095_/X
 _25096_/X
 _25097_/X
 _25098_/X
 _25099_/X
 _25100_/X
 _25101_/X
 _25102_/X
 _25103_/X
 _25104_/X
 _25105_/X
 _25106_/X
 _25107_/X
 _25108_/X
 _25109_/X
 _25110_/X
 _25111_/X
 _25112_/X
 _25113_/X
 _25114_/X
 _25115_/X
 _25116_/X
 _25117_/X
 _25118_/X
 _25119_/X
 _25120_/X
 _25121_/X
 _25122_/X
 _25123_/X
 _25124_/X
 _25125_/X
 _25126_/X
 _25127_/X
 _25128_/X
 _25129_/X
 _25130_/X
 _25131_/X
 _25132_/X
 _25133_/X
 _25134_/X
 _25135_/X
 _25136_/X
 _25137_/X
 _25138_/X
 _25139_/X
 _25140_/X
 _25141_/X
 _25142_/X
 _25143_/X
 _25144_/X
 _25145_/X
 _25146_/X
 _25147_/X
 _25148_/X
 _25149_/X
 _25150_/X
 _25151_/X
 _25152_/X
 _25153_/X
 _25154_/X
 _25155_/X
 _25156_/X
 _25157_/X
 _25158_/X
 _25159_/X
 _25160_/X
 _25161_/X
 _25162_/X
 _25163_/X
 _25164_/X
 _25165_/X
 _25166_/X
 _25167_/X
 _25168_/X
 _25169_/X
 _25170_/X
 _25171_/X
 _25172_/X
 _25173_/X
 _25174_/X
 _25175_/X
 _25176_/X
 _25177_/X
 _25178_/X
 _25179_/X
 _25180_/X
 _25181_/X
 _25182_/X
 _25183_/X
 _25184_/X
 _25185_/X
 _25186_/X
 _25187_/X
 _25188_/X
 _25189_/X
 _25190_/X
 _25191_/X
 _25192_/X
 _25193_/X
 _25194_/X
 _25195_/X
 _25196_/X
 _25197_/X
 _25198_/X
 _25199_/X
 _25200_/X
 _25201_/X
 _25202_/X
 _25203_/X
 _25204_/X
 _25205_/X
 _25206_/X
 _25207_/X
 _25208_/X
 _25209_/X
 _25210_/X
 _25211_/X
 _25212_/X
 _25213_/X
 _25214_/X
 _25215_/X
 _25216_/X
 _25217_/X
 _25218_/X
 _25219_/X
 _25220_/X
 _25221_/X
 _25222_/X
 _25223_/X
 _25224_/X
 _25225_/X
 _25226_/X
 _25227_/X
 _25228_/X
 _25229_/X
 _25230_/X
 _25231_/X
 _25232_/X
 _25233_/X
 _25234_/X
 _25235_/X
 _25236_/X
 _25237_/X
 _25238_/X
 _25239_/X
 _25240_/X
 _25241_/X
 _25242_/X
 _25243_/X
 _25244_/X
 _25245_/X
 _25246_/X
 _25247_/X
 _25248_/X
 _25249_/X
 _25250_/X
 _25251_/X
 _25252_/X
 _25253_/X
 _25254_/X
 _25255_/X
 _25256_/X
 _25257_/X
 _25258_/X
 _25259_/X
 _25260_/X
 _25261_/X
 _25262_/X
 _25263_/X
 _25264_/X
 _25265_/X
 _25266_/X
 _25267_/X
 _25268_/X
 _25269_/X
 _25270_/X
 _25271_/X
 _25272_/X
 _25273_/X
 _25274_/X
 _25275_/X
 _25276_/X
 _25277_/X
 _25278_/X
 _25279_/X
 _25280_/X
 _25281_/X
 _25282_/X
 _25283_/X
 _25284_/X
 _25285_/X
 _25286_/X
 _25287_/X
 _25288_/X
 _25289_/X
 _25290_/X
 _25291_/X
 _25292_/X
 _25293_/X
 _25294_/X
 _25295_/X
 _25296_/X
 _25297_/X
 _25298_/X
 _25299_/X
 _25300_/X
 _25301_/X
 _25302_/X
 _25303_/X
 _25304_/X
 _25305_/X
 _25306_/X
 _25307_/X
 _25308_/X
 _25309_/X
 _25310_/X
 _25311_/X
 _25312_/X
 _25313_/X
 _25314_/X
 _25315_/X
 _25316_/X
 _25317_/X
 _25318_/X
 _25319_/X
 _25320_/X
 _25321_/X
 _25322_/X
 _25323_/X
 _25324_/X
 _25325_/X
 _25326_/X
 _25327_/X
 _25328_/X
 _25329_/X
 _25330_/X
 _25331_/X
 _25332_/X
 _25333_/X
 _25334_/X
 _25335_/X
 _25336_/X
 _25337_/X
 _25338_/X
 _25339_/X
 _25340_/X
 _25341_/X
 _25342_/X
 _25343_/X
 _25344_/X
 _25345_/X
 _25346_/X
 _25347_/X
 _25348_/X
 _25349_/X
 _25350_/X
 _25351_/X
 _25352_/X
 _25353_/X
 _25354_/X
 _25355_/X
 _25356_/X
 _25357_/X
 _25358_/X
 _25359_/X
 _25360_/X
 _25361_/X
 _25362_/X
 _25363_/X
 _25364_/X
 _25365_/X
 _25366_/X
 _25367_/X
 _25368_/X
 _25369_/X
 _25370_/X
 _25371_/X
 _25372_/X
 _25373_/X
 _25374_/X
 _25375_/X
 _25376_/X
 _25377_/X
 _25378_/X
 _25379_/X
 _25380_/X
 _25381_/X
 _25382_/X
 _25383_/X
 _25384_/X
 _25385_/X
 _25386_/X
 _25387_/X
 _25388_/X
 _25389_/X
 _25390_/X
 _25391_/X
 _25392_/X
 _25393_/X
 _25394_/X
 _25395_/X
 _25396_/X
 _25397_/X
 _25398_/X
 _25399_/X
 _25400_/X
 _25401_/X
 _25402_/X
 _25403_/X
 _25404_/X
 _25405_/X
 _25406_/X
 _25407_/X
 _25408_/X
 _25409_/X
 _25410_/X
 _25411_/X
 _25412_/X
 _25413_/X
 _25414_/X
 _25415_/X
 _25416_/X
 _25417_/X
 _25418_/X
 _25419_/X
 _25420_/X
 _25421_/X
 _25422_/X
 _25423_/X
 _25424_/X
 _25425_/X
 _25426_/X
 _25427_/X
 _25428_/X
 _25429_/X
 _25430_/X
 _25431_/X
 _25432_/X
 _25433_/X
 _25434_/X
 _25435_/X
 _25436_/X
 _25437_/X
 _25438_/X
 _25439_/X
 _25440_/X
 _25441_/X
 _25442_/X
 _25443_/X
 _25444_/X
 _25445_/X
 _25446_/X
 _25447_/X
 _25448_/X
 _25449_/X
 _25450_/X
 _25451_/X
 _25452_/X
 _25453_/X
 _25454_/X
 _25455_/X
 _25456_/X
 _25457_/X
 _25458_/X
 _25459_/X
 _25460_/X
 _25461_/X
 _25462_/X
 _25463_/X
 _25464_/X
 _25465_/X
 _25466_/X
 _25467_/X
 _25468_/X
 _25469_/X
 _25470_/X
 _25471_/X
 _25472_/X
 _25473_/X
 _25474_/X
 _25475_/X
 _25476_/X
 _25477_/X
 _25478_/X
 _25479_/X
 _25480_/X
 _25481_/X
 _25482_/X
 _25483_/X
 _25484_/X
 _25485_/X
 _25486_/X
 _25487_/X
 _25488_/X
 _25489_/X
 _25490_/X
 _25491_/X
 _25492_/X
 _25493_/X
 _25494_/X
 _25495_/X
 _25496_/X
 _25497_/X
 _25498_/X
 _25499_/X
 _25500_/X
 _25501_/X
 _25502_/X
 _25503_/X
 _25504_/X
 _25505_/X
 _25506_/X
 _25507_/X
 _25508_/X
 _25509_/X
 _25510_/X
 _25511_/X
 _25512_/X
 _25513_/X
 _25514_/X
 _25515_/X
 _25516_/X
 _25517_/X
 _25518_/X
 _25519_/X
 _25520_/X
 _25521_/X
 _25522_/X
 _25523_/X
 _25524_/X
 _25525_/X
 _25526_/X
 _25527_/X
 _25528_/X
 _25529_/X
 _25530_/X
 _25531_/X
 _25532_/X
 _25533_/X
 _25534_/X
 _25535_/X
 _25536_/X
 _25537_/X
 _25538_/X
 _25539_/X
 _25540_/X
 _25541_/X
 _25542_/X
 _25543_/X
 _25544_/X
 _25545_/X
 _25546_/X
 _25547_/X
 _25548_/X
 _25549_/X
 _25550_/X
 _25551_/X
 _25552_/X
 _25553_/X
 _25554_/X
 _25555_/X
 _25556_/X
 _25557_/X
 _25558_/X
 _25559_/X
 _25560_/X
 _25561_/X
 _25562_/X
 _25563_/X
 _25564_/X
 _25565_/X
 _25566_/X
 _25567_/X
 _25568_/X
 _25569_/X
 _25570_/X
 _25571_/X
 _25572_/X
 _25573_/X
 _25574_/X
 _25575_/X
 _25576_/X
 _25577_/X
 _25578_/X
 _25579_/X
 _25580_/X
 _25581_/X
 _25582_/X
 _25583_/X
 _25584_/X
 _25585_/X
 _25586_/X
 _25587_/X
 _25588_/X
 _25589_/X
 _25590_/X
 _25591_/X
 _25592_/X
 _25593_/X
 _25594_/X
 _25595_/X
 _25596_/X
 _25597_/X
 _25598_/X
 _25599_/X
 _25600_/X
 _25601_/X
 _25602_/X
 _25603_/X
 _25604_/X
 _25605_/X
 _25606_/X
 _25607_/X
 _25608_/X
 _25609_/X
 _25610_/X
 _25611_/X
 _25612_/X
 _25613_/X
 _25614_/X
 _25615_/X
 _25616_/X
 _25617_/X
 _25618_/X
 _25619_/X
 _25620_/X
 _25621_/X
 _25622_/X
 _25623_/X
 _25624_/X
 _25625_/X
 _25626_/X
 _25627_/X
 _25628_/X
 _25629_/X
 _25630_/X
 _25631_/X
 _25632_/X
 _25633_/X
 _25634_/X
 _25635_/X
 _25636_/X
 _25637_/X
 _25638_/X
 _25639_/X
 _25640_/X
 _25641_/X
 _25642_/X
 _25643_/X
 _25644_/X
 _25645_/X
 _25646_/X
 _25647_/X
 _25648_/X
 _25649_/X
 _25650_/X
 _25651_/X
 _25652_/X
 _25653_/X
 _25654_/X
 _25655_/X
 _25656_/X
 _25657_/X
 _25658_/X
 _25659_/X
 _25660_/X
 _25661_/X
 _25662_/X
 _25663_/X
 _25664_/X
 _25665_/X
 _25666_/X
 _25667_/X
 _25668_/X
 _25669_/X
 _25670_/X
 _25671_/X
 _25672_/X
 _25673_/X
 _25674_/X
 _25675_/X
 _25676_/X
 _25677_/X
 _25678_/X
 _25679_/X
 _25680_/X
 _25681_/X
 _25682_/X
 _25683_/X
 _25684_/X
 _25685_/X
 _25686_/X
 _25687_/X
 _25688_/X
 _25689_/X
 _25690_/X
 _25691_/X
 _25692_/X
 _25693_/X
 _25694_/X
 _25695_/X
 _25696_/X
 _25697_/X
 _25698_/X
 _25699_/X
 _25700_/X
 _25701_/X
 _25702_/X
 _25703_/X
 _25704_/X
 _25705_/X
 _25706_/X
 _25707_/X
 _25708_/X
 _25709_/X
 _25710_/X
 _25711_/X
 _25712_/X
 _25713_/X
 _25714_/X
 _25715_/X
 _25716_/X
 _25717_/X
 _25718_/X
 _25719_/X
 _25720_/X
 _25721_/X
 _25722_/X
 _25723_/X
 _25724_/X
 _25725_/X
 _25726_/X
 _25727_/X
 _25728_/X
 _25729_/X
 _25730_/X
 _25731_/X
 _25732_/X
 _25733_/X
 _25734_/X
 _25735_/Y
 _25736_/Y
 _25737_/X
 _25738_/X
 _25739_/X
 _25740_/X
 _25741_/X
 _25742_/X
 _25743_/X
 _25744_/X
 _25745_/X
 _25746_/X
 _25747_/X
 _25748_/X
 _25749_/X
 _25750_/X
 _25751_/X
 _25752_/X
 _25753_/X
 _25754_/X
 _25755_/X
 _25756_/X
 _25757_/X
 _25758_/X
 _25759_/X
 _25760_/X
 _25761_/X
 _25762_/X
 _25763_/X
 _25764_/X
 _25765_/X
 _25766_/X
 _25767_/X
 _25768_/X
 _25769_/X
 _25770_/X
 _25771_/X
 _25772_/X
 _25773_/X
 _25774_/X
 _25775_/X
 _25776_/X
 _25777_/X
 _25778_/X
 _25779_/X
 _25780_/X
 _25781_/X
 _25782_/X
 _25783_/X
 _25784_/X
 _25785_/X
 _25786_/X
 _25787_/X
 _25788_/X
 _25789_/X
 _25790_/X
 _25791_/X
 _25792_/X
 _25793_/X
 _25794_/X
 _25795_/X
 _25796_/X
 _25797_/X
 _25798_/X
 _25799_/X
 _25800_/X
 _25801_/X
 _25802_/X
 _25803_/X
 _25804_/X
 _25805_/X
 _25806_/X
 _25807_/X
 _25808_/X
 _25809_/X
 _25810_/X
 _25811_/X
 _25812_/X
 _25813_/X
 _25814_/X
 _25815_/X
 _25816_/X
 _25817_/X
 _25818_/X
 _25819_/X
 _25820_/X
 _25821_/X
 _25822_/X
 _25823_/X
 _25824_/X
 _25825_/X
 _25826_/X
 _25827_/X
 _25828_/X
 _25829_/X
 _25830_/X
 _25831_/X
 _25832_/X
 _25833_/X
 _25834_/X
 _25835_/X
 _25836_/X
 _25837_/X
 _25838_/X
 _25839_/X
 _25840_/X
 _25841_/X
 _25842_/X
 _25843_/X
 _25844_/X
 _25845_/X
 _25846_/X
 _25847_/X
 _25848_/X
 _25849_/X
 _25850_/X
 _25851_/X
 _25852_/X
 _25853_/X
 _25854_/X
 _25855_/X
 _25856_/X
 _25857_/X
 _25858_/X
 _25859_/X
 _25860_/X
 _25861_/X
 _25862_/X
 _25863_/X
 _25864_/X
 _25865_/X
 _25866_/X
 _25867_/X
 _25868_/X
 _25869_/X
 _25870_/X
 _25871_/X
 _25872_/X
 _25873_/X
 _25874_/X
 _25875_/X
 _25876_/X
 _25877_/X
 _25878_/X
 _25879_/X
 _25880_/X
 _25881_/X
 _25882_/X
 _25883_/X
 _25884_/X
 _25885_/X
 _25886_/X
 _25887_/X
 _25888_/X
 _25889_/X
 _25890_/X
 _25891_/X
 _25892_/X
 _25893_/X
 _25894_/X
 _25895_/X
 _25896_/X
 _25897_/X
 _25898_/X
 _25899_/X
 _25900_/X
 _25901_/X
 _25902_/X
 _25903_/X
 _25904_/X
 _25905_/X
 _25906_/X
 _25907_/X
 _25908_/X
 _25909_/X
 _25910_/X
 _25911_/X
 _25912_/X
 _25913_/X
 _25914_/X
 _25915_/X
 _25916_/X
 _25917_/X
 _25918_/X
 _25919_/X
 _25920_/X
 _25921_/X
 _25922_/X
 _25923_/X
 _25924_/X
 _25925_/X
 _25926_/X
 _25927_/X
 _25928_/X
 _25929_/X
 _25930_/X
 _25931_/X
 _25932_/X
 _25933_/X
 _25934_/X
 _25935_/X
 _25936_/X
 _25937_/X
 _25938_/X
 _25939_/X
 _25940_/X
 _25941_/X
 _25942_/X
 _25943_/X
 _25944_/X
 _25945_/X
 _25946_/X
 _25947_/X
 _25948_/X
 _25949_/X
 _25950_/X
 _25951_/X
 _25952_/X
 _25953_/X
 _25954_/X
 _25955_/X
 _25956_/X
 _25957_/X
 _25958_/X
 _25959_/X
 _25960_/X
 _25961_/X
 _25962_/X
 _25963_/X
 _25964_/X
 _25965_/X
 _25966_/X
 _25967_/X
 _25968_/X
 _25969_/X
 _25970_/X
 _25971_/X
 _25972_/X
 _25973_/X
 _25974_/X
 _25975_/X
 _25976_/X
 _25977_/X
 _25978_/X
 _25979_/X
 _25980_/X
 _25981_/X
 _25982_/X
 _25983_/X
 _25984_/X
 _25985_/X
 _25986_/X
 _25987_/X
 _25988_/X
 _25989_/X
 _25990_/X
 _25991_/X
 _25992_/X
 _25993_/X
 _25994_/X
 _25995_/X
 _25996_/X
 _25997_/X
 _25998_/X
 _25999_/X
 _26000_/X
 _26001_/X
 _26002_/X
 _26003_/X
 _26004_/X
 _26005_/X
 _26006_/X
 _26007_/X
 _26008_/X
 _26009_/X
 _26010_/X
 _26011_/X
 _26012_/X
 _26013_/X
 _26014_/X
 _26015_/X
 _26016_/X
 _26017_/X
 _26018_/X
 _26019_/X
 _26020_/X
 _26021_/X
 _26022_/X
 _26023_/X
 _26024_/X
 _26025_/X
 _26026_/X
 _26027_/X
 _26028_/X
 _26029_/X
 _26030_/X
 _26031_/X
 _26032_/X
 _26033_/X
 _26034_/X
 _26035_/X
 _26036_/X
 _26037_/X
 _26038_/X
 _26039_/X
 _26040_/X
 _26041_/X
 _26042_/X
 _26043_/X
 _26044_/X
 _26045_/X
 _26046_/X
 _26047_/X
 _26048_/X
 _26049_/X
 _26050_/X
 _26051_/X
 _26052_/X
 _26053_/X
 _26054_/X
 _26055_/X
 _26056_/X
 _26057_/X
 _26058_/X
 _26059_/X
 _26060_/X
 _26061_/X
 _26062_/X
 _26063_/X
 _26064_/X
 _26065_/X
 _26066_/X
 _26067_/X
 _26068_/X
 _26069_/X
 _26070_/X
 _26071_/X
 _26072_/X
 _26073_/X
 _26074_/X
 _26075_/X
 _26076_/X
 _26077_/X
 _26078_/X
 _26079_/X
 _26080_/X
 _26081_/X
 _26082_/X
 _26083_/X
 _26084_/X
 _26085_/X
 _26086_/X
 _26087_/X
 _26088_/X
 _26089_/X
 _26090_/X
 _26091_/X
 _26092_/X
 _26093_/X
 _26094_/X
 _26095_/X
 _26096_/X
 _26097_/X
 _26098_/X
 _26099_/X
 _26100_/X
 _26101_/X
 _26102_/X
 _26103_/X
 _26104_/X
 _26105_/X
 _26106_/X
 _26107_/X
 _26108_/X
 _26109_/X
 _26110_/X
 _26111_/X
 _26112_/X
 _26113_/X
 _26114_/X
 _26115_/X
 _26116_/X
 _26117_/X
 _26118_/X
 _26119_/X
 _26120_/X
 _26121_/X
 _26122_/X
 _26123_/X
 _26124_/X
 _26125_/X
 _26126_/X
 _26127_/X
 _26128_/X
 _26129_/X
 _26130_/X
 _26131_/X
 _26132_/X
 _26133_/X
 _26134_/X
 _26135_/X
 _26136_/X
 _26137_/X
 _26138_/X
 _26139_/X
 _26140_/X
 _26141_/X
 _26142_/X
 _26143_/X
 _26144_/X
 _26145_/X
 _26146_/X
 _26147_/X
 _26148_/X
 _26149_/X
 _26150_/X
 _26151_/X
 _26152_/X
 _26153_/X
 _26154_/X
 _26155_/X
 _26156_/X
 _26157_/X
 _26158_/X
 _26159_/X
 _26160_/X
 _26161_/X
 _26162_/X
 _26163_/X
 _26164_/X
 _26165_/X
 _26166_/X
 _26167_/X
 _26168_/X
 _26169_/X
 _26170_/X
 _26171_/X
 _26172_/X
 _26173_/X
 _26174_/X
 _26175_/X
 _26176_/X
 _26177_/X
 _26178_/X
 _26179_/X
 _26180_/X
 _26181_/X
 _26182_/X
 _26183_/X
 _26184_/X
 _26185_/X
 _26186_/X
 _26187_/X
 _26188_/X
 _26189_/X
 _26190_/X
 _26191_/X
 _26192_/X
 _26193_/X
 _26194_/X
 _26195_/X
 _26196_/X
 _26197_/X
 _26198_/X
 _26199_/X
 _26200_/X
 _26201_/X
 _26202_/X
 _26203_/X
 _26204_/X
 _26205_/X
 _26206_/X
 _26207_/X
 _26208_/X
 _26209_/X
 _26210_/X
 _26211_/X
 _26212_/X
 _26213_/X
 _26214_/X
 _26215_/X
 _26216_/X
 _26217_/X
 _26218_/X
 _26219_/X
 _26220_/X
 _26221_/X
 _26222_/X
 _26223_/X
 _26224_/X
 _26225_/X
 _26226_/X
 _26227_/X
 _26228_/X
 _26229_/X
 _26230_/X
 _26231_/X
 _26232_/X
 _26233_/X
 _26234_/X
 _26235_/X
 _26236_/X
 _26237_/X
 _26238_/X
 _26239_/X
 _26240_/X
 _26241_/X
 _26242_/X
 _26243_/X
 _26244_/X
 _26245_/X
 _26246_/X
 _26247_/X
 _26248_/X
 _26249_/X
 _26250_/X
 _26251_/X
 _26252_/X
 _26253_/X
 _26254_/X
 _26255_/X
 _26256_/X
 _26257_/X
 _26258_/X
 _26259_/X
 _26260_/X
 _26261_/X
 _26262_/X
 _26263_/X
 _26264_/X
 _26265_/X
 _26266_/X
 _26267_/X
 _26268_/X
 _26269_/X
 _26270_/X
 _26271_/X
 _26272_/X
 _26273_/X
 _26274_/X
 _26275_/X
 _26276_/X
 _26277_/X
 _26278_/X
 _26279_/X
 _26280_/X
 _26281_/X
 _26282_/X
 _26283_/X
 _26284_/X
 _26285_/X
 _26286_/X
 _26287_/X
 _26288_/X
 _26289_/X
 _26290_/X
 _26291_/X
 _26292_/X
 _26293_/X
 _26294_/X
 _26295_/X
 _26296_/X
 _26297_/X
 _26298_/X
 _26299_/X
 _26300_/X
 _26301_/X
 _26302_/X
 _26303_/X
 _26304_/X
 _26305_/X
 _26306_/X
 _26307_/X
 _26308_/X
 _26309_/X
 _26310_/X
 _26311_/X
 _26312_/X
 _26313_/X
 _26314_/X
 _26315_/X
 _26316_/X
 _26317_/X
 _26318_/X
 _26319_/X
 _26320_/X
 _26321_/X
 _26322_/X
 _26323_/X
 _26324_/X
 _26325_/X
 _26326_/X
 _26327_/X
 _26328_/X
 _26329_/X
 _26330_/X
 _26331_/X
 _26332_/X
 _26333_/X
 _26334_/X
 _26335_/X
 _26336_/X
 _26337_/X
 _26338_/X
 _26339_/X
 _26340_/X
 _26341_/X
 _26342_/X
 _26343_/X
 _26344_/X
 _26345_/X
 _26346_/X
 _26347_/X
 _26348_/X
 _26349_/X
 _26350_/X
 _26351_/X
 _26352_/X
 _26353_/X
 _26354_/X
 _26355_/X
 _26356_/X
 _26357_/X
 _26358_/X
 _26359_/X
 _26360_/X
 _26361_/X
 _26362_/X
 _26363_/X
 _26364_/X
 _26365_/X
 _26366_/X
 _26367_/X
 _26368_/X
 _26369_/X
 _26370_/X
 _26371_/X
 _26372_/X
 _26373_/X
 _26374_/X
 _26375_/X
 _26376_/X
 _26377_/X
 _26378_/X
 _26379_/X
 _26380_/X
 _26381_/X
 _26382_/X
 _26383_/X
 _26384_/X
 _26385_/X
 _26386_/X
 _26387_/X
 _26388_/X
 _26389_/X
 _26390_/X
 _26391_/X
 _26392_/X
 _26393_/X
 _26394_/X
 _26395_/X
 _26396_/X
 _26397_/X
 _26398_/X
 _26399_/X
 _26400_/X
 _26401_/X
 _26402_/X
 _26403_/X
 _26404_/X
 _26405_/X
 _26406_/X
 _26407_/X
 _26408_/X
 _26409_/X
 _26410_/X
 _26411_/X
 _26412_/X
 _26413_/X
 _26414_/X
 _26415_/X
 _26416_/X
 _26417_/X
 _26418_/X
 _26419_/X
 _26420_/X
 _26421_/X
 _26422_/X
 _26423_/X
 _26424_/X
 _26425_/X
 _26426_/X
 _26427_/X
 _26428_/X
 _26429_/X
 _26430_/X
 _26431_/X
 _26432_/X
 _26433_/X
 _26434_/X
 _26435_/X
 _26436_/X
 _26437_/X
 _26438_/X
 _26439_/X
 _26440_/X
 _26441_/X
 _26442_/X
 _26443_/X
 _26444_/X
 _26445_/X
 _26446_/X
 _26447_/X
 _26448_/X
 _26449_/X
 _26450_/X
 _26451_/X
 _26452_/X
 _26453_/X
 _26454_/X
 _26455_/X
 _26456_/X
 _26457_/X
 _26458_/X
 _26459_/X
 _26460_/X
 _26461_/X
 _26462_/X
 _26463_/X
 _26464_/X
 _26465_/X
 _26466_/X
 _26467_/X
 _26468_/X
 _26469_/X
 _26470_/X
 _26471_/X
 _26472_/X
 _26473_/X
 _26474_/X
 _26475_/X
 _26476_/X
 _26477_/X
 _26478_/X
 _26479_/X
 _26480_/X
 _26481_/X
 _26482_/X
 _26483_/X
 _26484_/X
 _26485_/X
 _26486_/X
 _26487_/X
 _26488_/X
 _26489_/X
 _26490_/X
 _26491_/X
 _26492_/X
 _26493_/X
 _26494_/X
 _26495_/X
 _26496_/X
 _26497_/X
 _26498_/X
 _26499_/X
 _26500_/X
 _26501_/X
 _26502_/X
 _26503_/X
 _26504_/X
 _26505_/X
 _26506_/X
 _26507_/X
 _26508_/X
 _26509_/X
 _26510_/X
 _26511_/X
 _26512_/X
 _26513_/X
 _26514_/X
 _26515_/X
 _26516_/X
 _26517_/X
 _26518_/X
 _26519_/X
 _26520_/X
 _26521_/X
 _26522_/X
 _26523_/X
 _26524_/X
 _26525_/X
 _26526_/X
 _26527_/X
 _26528_/X
 _26529_/X
 _26530_/X
 _26531_/X
 _26532_/X
 _26533_/X
 _26534_/X
 _26535_/X
 _26536_/X
 _26537_/X
 _26538_/X
 _26539_/X
 _26540_/X
 _26541_/X
 _26542_/X
 _26543_/X
 _26544_/X
 _26545_/X
 _26546_/X
 _26547_/X
 _26548_/X
 _26549_/X
 _26550_/X
 _26551_/X
 _26552_/X
 _26553_/X
 _26554_/X
 _26555_/X
 _26556_/X
 _26557_/X
 _26558_/X
 _26559_/X
 _26560_/X
 _26561_/X
 _26562_/X
 _26563_/X
 _26564_/X
 _26565_/X
 _26566_/X
 _26567_/X
 _26568_/X
 _26569_/X
 _26570_/X
 _26571_/X
 _26572_/X
 _26573_/X
 _26574_/X
 _26575_/X
 _26576_/X
 _26577_/X
 _26578_/X
 _26579_/X
 _26580_/X
 _26581_/X
 _26582_/X
 _26583_/X
 _26584_/X
 _26585_/X
 _26586_/X
 _26587_/X
 _26588_/X
 _26589_/X
 _26590_/X
 _26591_/X
 _26592_/X
 _26593_/X
 _26594_/X
 _26595_/X
 _26596_/X
 _26597_/X
 _26598_/X
 _26599_/X
 _26600_/X
 _26601_/X
 _26602_/X
 _26603_/X
 _26604_/X
 _26605_/X
 _26606_/X
 _26607_/X
 _26608_/X
 _26609_/X
 _26610_/X
 _26611_/X
 _26612_/X
 _26613_/X
 _26614_/X
 _26615_/X
 _26616_/X
 _26617_/X
 _26618_/X
 _26619_/X
 _26620_/X
 _26621_/X
 _26622_/X
 _26623_/X
 _26624_/X
 _26625_/X
 _26626_/X
 _26627_/X
 _26628_/X
 _26629_/X
 _26630_/X
 _26631_/X
 _26632_/X
 _26633_/X
 _26634_/X
 _26635_/X
 _26636_/X
 _26637_/X
 _26638_/X
 _26639_/X
 _26640_/X
 _26641_/X
 _26642_/X
 _26643_/X
 _26644_/X
 _26645_/X
 _26646_/X
 _26647_/X
 _26648_/X
 _26649_/X
 _26650_/X
 _26651_/X
 _26652_/X
 _26653_/X
 _26654_/X
 _26655_/X
 _26656_/X
 _26657_/X
 _26658_/X
 _26659_/X
 _26660_/X
 _26661_/X
 _26662_/X
 _26663_/X
 _26664_/X
 _26665_/X
 _26666_/X
 _26667_/X
 _26668_/X
 _26669_/X
 _26670_/X
 _26671_/X
 _26672_/X
 _26673_/X
 _26674_/X
 _26675_/X
 _26676_/X
 _26677_/X
 _26678_/X
 _26679_/X
 _26680_/X
 _26681_/X
 _26682_/X
 _26683_/X
 _26684_/X
 _26685_/X
 _26686_/X
 _26687_/X
 _26688_/X
 _26689_/X
 _26690_/X
 _26691_/X
 _26692_/X
 _26693_/X
 _26694_/X
 _26695_/X
 _26696_/X
 _26697_/X
 _26698_/X
 _26699_/X
 _26700_/X
 _26701_/X
 _26702_/X
 _26703_/X
 _26704_/X
 _26705_/X
 _26706_/X
 _26707_/X
 _26708_/X
 _26709_/X
 _26710_/X
 _26711_/X
 _26712_/X
 _26713_/X
 _26714_/X
 _26715_/X
 _26716_/X
 _26717_/X
 _26718_/X
 _26719_/X
 _26720_/X
 _26721_/X
 _26722_/X
 _26723_/X
 _26724_/X
 _26725_/X
 _26726_/X
 _26727_/X
 _26728_/X
 _26729_/X
 _26730_/X
 _26731_/X
 _26732_/X
 _26733_/X
 _26734_/X
 _26735_/X
 _26736_/X
 _26737_/X
 _26738_/X
 _26739_/X
 _26740_/X
 _26741_/X
 _26742_/X
 _26743_/X
 _26744_/X
 _26745_/X
 _26746_/X
 _26747_/X
 _26748_/X
 _26749_/X
 _26750_/X
 _26751_/X
 _26752_/X
 _26753_/X
 _26754_/X
 _26755_/X
 _26756_/X
 _26757_/X
 _26758_/X
 _26759_/X
 _26760_/X
 _26761_/X
 _26762_/X
 _26763_/X
 _26764_/X
 _26765_/X
 _26766_/X
 _26767_/X
 _26768_/X
 _26769_/X
 _26770_/X
 _26771_/X
 _26772_/X
 _26773_/X
 _26774_/X
 _26775_/X
 _26776_/X
 _26777_/X
 _26778_/X
 _26779_/X
 _26780_/X
 _26781_/X
 _26782_/X
 _26783_/X
 _26784_/X
 _26785_/X
 _26786_/X
 _26787_/X
 _26788_/X
 _26789_/X
 _26790_/X
 _26791_/X
 _26792_/X
 _26793_/X
 _26794_/X
 _26795_/X
 _26796_/X
 _26797_/X
 _26798_/X
 _26799_/X
 _26800_/X
 _26801_/X
 _26802_/X
 _26803_/X
 _26804_/X
 _26805_/X
 _26806_/X
 _26807_/X
 _26808_/X
 _26809_/X
 _26810_/X
 _26811_/X
 _26812_/X
 _26813_/X
 _26814_/X
 _26815_/X
 _26816_/X
 _26817_/X
 _26818_/X
 _26819_/X
 _26820_/X
 _26821_/X
 _26822_/X
 _26823_/X
 _26824_/X
 _26825_/X
 _26826_/X
 _26827_/X
 _26828_/X
 _26829_/X
 _26830_/X
 _26831_/X
 _26832_/X
 _26833_/X
 _26834_/X
 _26835_/X
 _26836_/X
 _26837_/X
 _26838_/X
 _26839_/X
 _26840_/X
 _26841_/X
 _26842_/X
 _26843_/X
 _26844_/X
 _26845_/X
 _26846_/X
 _26847_/X
 _26848_/X
 _26849_/X
 _26850_/X
 _26851_/X
 _26852_/X
 _26853_/X
 _26854_/X
 _26855_/X
 _26856_/X
 _26857_/X
 _26858_/X
 _26859_/X
 _26860_/X
 _26861_/X
 _26862_/X
 _26863_/X
 _26864_/X
 _26865_/X
 _26866_/X
 _26867_/X
 _26868_/X
 _26869_/X
 _26870_/X
 _26871_/X
 _26872_/X
 _26873_/X
 _26874_/X
 _26875_/X
 _26876_/X
 _26877_/X
 _26878_/X
 _26879_/X
 _26880_/X
 _26881_/X
 _26882_/X
 _26883_/X
 _26884_/X
 _26885_/X
 _26886_/X
 _26887_/X
 _26888_/X
 _26889_/X
 _26890_/X
 _26891_/X
 _26892_/X
 _26893_/X
 _26894_/X
 _26895_/X
 _26896_/X
 _26897_/X
 _26898_/X
 _26899_/X
 _26900_/X
 _26901_/X
 _26902_/X
 _26903_/X
 _26904_/X
 _26905_/X
 _26906_/X
 _26907_/X
 _26908_/X
 _26909_/X
 _26910_/X
 _26911_/X
 _26912_/X
 _26913_/X
 _26914_/X
 _26915_/X
 _26916_/X
 _26917_/X
 _26918_/X
 _26919_/X
 _26920_/X
 _26921_/X
 _26922_/X
 _26923_/X
 _26924_/X
 _26925_/X
 _26926_/X
 _26927_/X
 _26928_/X
 _26929_/X
 _26930_/X
 _26931_/X
 _26932_/X
 _26933_/X
 _26934_/X
 _26935_/X
 _26936_/X
 _26937_/X
 _26938_/X
 _26939_/X
 _26940_/X
 _26941_/X
 _26942_/X
 _26943_/X
 _26944_/X
 _26945_/X
 _26946_/X
 _26947_/X
 _26948_/X
 _26949_/X
 _26950_/X
 _26951_/X
 _26952_/X
 _26953_/X
 _26954_/X
 _26955_/X
 _26956_/X
 _26957_/X
 _26958_/X
 _26959_/X
 _26960_/X
 _26961_/X
 _26962_/X
 _26963_/X
 _26964_/X
 _26965_/X
 _26966_/X
 _26967_/X
 _26968_/X
 _26969_/X
 _26970_/X
 _26971_/X
 _26972_/X
 _26973_/X
 _26974_/X
 _26975_/X
 _26976_/X
 _26977_/X
 _26978_/X
 _26979_/X
 _26980_/X
 _26981_/X
 _26982_/X
 _26983_/X
 _26984_/X
 _26985_/X
 _26986_/X
 _26987_/X
 _26988_/X
 _26989_/X
 _26990_/X
 _26991_/X
 _26992_/X
 _26993_/X
 _26994_/X
 _26995_/X
 _26996_/X
 _26997_/X
 _26998_/X
 _26999_/X
 _27000_/X
 _27001_/X
 _27002_/X
 _27003_/X
 _27004_/X
 _27005_/X
 _27006_/X
 _27007_/X
 _27008_/X
 _27009_/X
 _27010_/X
 _27011_/X
 _27012_/X
 _27013_/X
 _27014_/X
 _27015_/X
 _27016_/X
 _27017_/X
 _27018_/X
 _27019_/X
 _27020_/X
 _27021_/X
 _27022_/X
 _27023_/X
 _27024_/X
 _27025_/X
 _27026_/X
 _27027_/X
 _27028_/X
 _27029_/X
 _27030_/X
 _27031_/X
 _27032_/X
 _27033_/X
 _27034_/X
 _27035_/X
 _27036_/X
 _27037_/X
 _27038_/X
 _27039_/X
 _27040_/X
 _27041_/X
 _27042_/X
 _27043_/X
 _27044_/X
 _27045_/X
 _27046_/X
 _27047_/X
 _27048_/X
 _27049_/X
 _27050_/X
 _27051_/X
 _27052_/X
 _27053_/X
 _27054_/X
 _27055_/X
 _27056_/X
 _27057_/X
 _27058_/X
 _27059_/X
 _27060_/X
 _27061_/X
 _27062_/X
 _27063_/X
 _27064_/X
 _27065_/X
 _27066_/X
 _27067_/X
 _27068_/X
 _27069_/X
 _27070_/X
 _27071_/X
 _27072_/X
 _27073_/X
 _27074_/X
 _27075_/X
 _27076_/X
 _27077_/X
 _27078_/X
 _27079_/X
 _27080_/X
 _27081_/X
 _27082_/X
 _27083_/X
 _27084_/X
 _27085_/X
 _27086_/X
 _27087_/X
 _27088_/X
 _27089_/X
 _27090_/X
 _27091_/X
 _27092_/X
 _27093_/X
 _27094_/X
 _27095_/X
 _27096_/X
 _27097_/X
 _27098_/X
 _27099_/X
 _27100_/X
 _27101_/X
 _27102_/X
 _27103_/X
 _27104_/X
 _27105_/X
 _27106_/X
 _27107_/X
 _27108_/X
 _27109_/X
 _27110_/X
 _27111_/X
 _27112_/X
 _27113_/X
 _27114_/X
 _27115_/X
 _27116_/X
 _27117_/X
 _27118_/X
 _27119_/X
 _27120_/X
 _27121_/X
 _27122_/X
 _27123_/X
 _27124_/X
 _27125_/X
 _27126_/X
 _27127_/X
 _27128_/X
 _27129_/X
 _27130_/X
 _27131_/X
 _27132_/X
 _27133_/X
 _27134_/X
 _27135_/X
 _27136_/X
 _27137_/X
 _27138_/X
 _27139_/X
 _27140_/X
 _27141_/X
 _27142_/X
 _27143_/X
 _27144_/X
 _27145_/X
 _27146_/X
 _27147_/X
 _27148_/X
 _27149_/X
 _27150_/X
 _27151_/X
 _27152_/X
 _27153_/X
 _27154_/X
 _27155_/X
 _27156_/X
 _27157_/X
 _27158_/X
 _27159_/X
 _27160_/X
 _27161_/X
 _27162_/X
 _27163_/X
 _27164_/X
 _27165_/X
 _27166_/X
 _27167_/X
 _27168_/X
 _27169_/X
 _27170_/X
 _27171_/X
 _27172_/X
 _27173_/X
 _27174_/X
 _27175_/X
 _27176_/X
 _27177_/X
 _27178_/X
 _27179_/X
 _27180_/X
 _27181_/X
 _27182_/X
 _27183_/X
 _27184_/X
 _27185_/X
 _27186_/X
 _27187_/X
 _27188_/X
 _27189_/X
 _27190_/X
 _27191_/X
 _27192_/X
 _27193_/X
 _27194_/X
 _27195_/X
 _27196_/X
 _27197_/X
 _27198_/X
 _27199_/X
 _27200_/X
 _27201_/X
 _27202_/X
 _27203_/X
 _27204_/X
 _27205_/X
 _27206_/X
 _27207_/X
 _27208_/X
 _27209_/X
 _27210_/X
 _27211_/X
 _27212_/X
 _27213_/X
 _27214_/X
 _27215_/X
 _27216_/X
 _27217_/X
 _27218_/X
 _27219_/X
 _27220_/X
 _27221_/X
 _27222_/X
 _27223_/X
 _27224_/X
 _27225_/X
 _27226_/X
 _27227_/X
 _27228_/X
 _27229_/X
 _27230_/X
 _27231_/X
 _27232_/X
 _27233_/X
 _27234_/X
 _27235_/X
 _27236_/X
 _27237_/X
 _27238_/X
 _27239_/X
 _27240_/X
 _27241_/X
 _27242_/X
 _27243_/X
 _27244_/X
 _27245_/X
 _27246_/Y
 _27247_/X
 _27248_/Y
 _27249_/X
 _27250_/Y
 _27251_/X
 _27252_/Y
 _27253_/Y
 _27254_/X
 _27255_/X
 _27256_/X
 _27257_/X
 _27258_/Y
 _27259_/X
 _27260_/X
 _27261_/X
 _27262_/Y
 _27263_/X
 _27264_/Y
 _27265_/X
 _27266_/X
 _27267_/X
 _27268_/Y
 _27269_/X
 _27270_/Y
 _27271_/X
 _27272_/Y
 _27273_/X
 _27274_/Y
 _27275_/Y
 _27276_/X
 _27277_/X
 _27278_/Y
 _27279_/Y
 _27280_/X
 _27281_/Y
 _27282_/X
 _27283_/X
 _27284_/X
 _27285_/Y
 _27286_/X
 _27287_/Y
 _27288_/X
 _27289_/Y
 _27290_/X
 _27291_/X
 _27292_/X
 _27293_/Y
 _27294_/X
 _27295_/X
 _27296_/X
 _27297_/Y
 _27298_/Y
 _27299_/X
 _27300_/Y
 _27301_/Y
 _27302_/Y
 _27303_/X
 _27304_/X
 _27305_/X
 _27306_/X
 _27307_/Y
 _27308_/X
 _27309_/X
 _27310_/X
 _27311_/Y
 _27312_/X
 _27313_/X
 _27314_/Y
 _27315_/Y
 _27316_/X
 _27317_/X
 _27318_/X
 _27319_/Y
 _27320_/Y
 _27321_/X
 _27322_/X
 _27323_/X
 _27324_/Y
 _27325_/Y
 _27326_/X
 _27327_/Y
 _27328_/X
 _27329_/Y
 _27330_/X
 _27331_/X
 _27332_/X
 _27333_/Y
 _27334_/X
 _27335_/X
 _27336_/Y
 _27337_/Y
 _27338_/X
 _27339_/Y
 _27340_/X
 _27341_/Y
 _27342_/X
 _27343_/X
 _27344_/Y
 _27345_/X
 _27346_/Y
 _27347_/X
 _27348_/Y
 _27349_/X
 _27350_/Y
 _27351_/X
 _27352_/X
 _27353_/Y
 _27354_/Y
 _27355_/X
 _27356_/Y
 _27357_/X
 _27358_/X
 _27359_/X
 _27360_/Y
 _27361_/X
 _27362_/X
 _27363_/X
 _27364_/X
 _27365_/X
 _27366_/Y
 _27367_/X
 _27368_/X
 _27369_/Y
 _27370_/Y
 _27371_/Y
 _27372_/Y
 _27373_/X
 _27374_/X
 _27375_/Y
 _27376_/Y
 _27377_/X
 _27378_/X
 _27379_/Y
 _27380_/X
 _27381_/Y
 _27382_/Y
 _27383_/X
 _27384_/X
 _27385_/Y
 _27386_/X
 _27387_/X
 _27388_/Y
 _27389_/X
 _27390_/Y
 _27391_/Y
 _27392_/X
 _27393_/X
 _27394_/X
 _27395_/X
 _27396_/X
 _27397_/X
 _27398_/X
 _27399_/Y
 _27400_/X
 _27401_/X
 _27402_/Y
 _27403_/X
 _27404_/X
 _27405_/Y
 _27406_/Y
 _27407_/X
 _27408_/Y
 _27409_/X
 _27410_/X
 _27411_/X
 _27412_/Y
 _27413_/Y
 _27414_/Y
 _27415_/X
 _27416_/Y
 _27417_/Y
 _27418_/Y
 _27419_/X
 _27420_/X
 _27421_/Y
 _27422_/Y
 _27423_/X
 _27424_/X
 _27425_/X
 _27426_/X
 _27427_/X
 _27428_/X
 _27429_/Y
 _27430_/Y
 _27431_/X
 _27432_/X
 _27433_/X
 _27434_/X
 _27435_/Y
 _27436_/Y
 _27437_/X
 _27438_/Y
 _27439_/Y
 _27440_/X
 _27441_/X
 _27442_/X
 _27443_/Y
 _27444_/X
 _27445_/Y
 _27446_/X
 _27447_/Y
 _27448_/Y
 _27449_/X
 _27450_/X
 _27451_/Y
 _27452_/Y
 _27453_/X
 _27454_/X
 _27455_/X
 _27456_/X
 _27457_/Y
 _27458_/Y
 _27459_/X
 _27460_/X
 _27461_/Y
 _27462_/X
 _27463_/X
 _27464_/X
 _27465_/X
 _27466_/Y
 _27467_/Y
 _27468_/Y
 _27469_/X
 _27470_/X
 _27471_/Y
 _27472_/X
 _27473_/Y
 _27474_/X
 _27475_/Y
 _27476_/Y
 _27477_/X
 _27478_/X
 _27479_/X
 _27480_/X
 _27481_/Y
 _27482_/X
 _27483_/Y
 _27484_/X
 _27485_/Y
 _27486_/Y
 _27487_/X
 _27488_/X
 _27489_/Y
 _27490_/X
 _27491_/Y
 _27492_/X
 _27493_/Y
 _27494_/X
 _27495_/X
 _27496_/X
 _27497_/Y
 _27498_/X
 _27499_/X
 _27500_/Y
 _27501_/X
 _27502_/Y
 _27503_/X
 _27504_/Y
 _27505_/X
 _27506_/Y
 _27507_/Y
 _27508_/X
 _27509_/Y
 _27510_/Y
 _27511_/X
 _27512_/Y
 _27513_/X
 _27514_/X
 _27515_/X
 _27516_/Y
 _27517_/X
 _27518_/X
 _27519_/X
 _27520_/X
 _27521_/X
 _27522_/Y
 _27523_/X
 _27524_/X
 _27525_/Y
 _27526_/X
 _27527_/Y
 _27528_/Y
 _27529_/X
 _27530_/X
 _27531_/Y
 _27532_/X
 _27533_/Y
 _27534_/X
 _27535_/Y
 _27536_/X
 _27537_/X
 _27538_/X
 _27539_/Y
 _27540_/X
 _27541_/X
 _27542_/Y
 _27543_/X
 _27544_/X
 _27545_/Y
 _27546_/X
 _27547_/Y
 _27548_/X
 _27549_/Y
 _27550_/X
 _27551_/Y
 _27552_/X
 _27553_/X
 _27554_/Y
 _27555_/Y
 _27556_/Y
 _27557_/X
 _27558_/X
 _27559_/X
 _27560_/Y
 _27561_/X
 _27562_/X
 _27563_/X
 _27564_/X
 _27565_/Y
 _27566_/X
 _27567_/X
 _27568_/X
 _27569_/X
 _27570_/X
 _27571_/Y
 _27572_/Y
 _27573_/Y
 _27574_/X
 _27575_/X
 _27576_/Y
 _27577_/Y
 _27578_/X
 _27579_/X
 _27580_/Y
 _27581_/X
 _27582_/Y
 _27583_/Y
 _27584_/X
 _27585_/Y
 _27586_/Y
 _27587_/Y
 _27588_/Y
 _27589_/X
 _27590_/Y
 _27591_/Y
 _27592_/X
 _27593_/Y
 _27594_/X
 _27595_/Y
 _27596_/Y
 _27597_/X
 _27598_/Y
 _27599_/X
 _27600_/Y
 _27601_/Y
 _27602_/Y
 _27603_/X
 _27604_/X
 _27605_/X
 _27606_/Y
 _27607_/Y
 _27608_/X
 _27609_/Y
 _27610_/X
 _27611_/Y
 _27612_/Y
 _27613_/X
 _27614_/Y
 _27615_/X
 _27616_/X
 _27617_/Y
 _27618_/X
 _27619_/Y
 _27620_/X
 _27621_/Y
 _27622_/X
 _27623_/Y
 _27624_/Y
 _27625_/X
 _27626_/Y
 _27627_/Y
 _27628_/X
 _27629_/Y
 _27630_/X
 _27631_/X
 _27632_/X
 _27633_/Y
 _27634_/X
 _27635_/X
 _27636_/X
 _27637_/X
 _27638_/X
 _27639_/Y
 _27640_/X
 _27641_/X
 _27642_/Y
 _27643_/X
 _27644_/X
 _27645_/X
 _27646_/X
 _27647_/Y
 _27648_/Y
 _27649_/X
 _27650_/Y
 _27651_/X
 _27652_/Y
 _27653_/X
 _27654_/Y
 _27655_/Y
 _27656_/Y
 _27657_/X
 _27658_/X
 _27659_/Y
 _27660_/X
 _27661_/Y
 _27662_/X
 _27663_/Y
 _27664_/X
 _27665_/X
 _27666_/Y
 _27667_/X
 _27668_/X
 _27669_/X
 _27670_/X
 _27671_/Y
 _27672_/Y
 _27673_/X
 _27674_/Y
 _27675_/Y
 _27676_/X
 _27677_/X
 _27678_/X
 _27679_/X
 _27680_/X
 _27681_/X
 _27682_/X
 _27683_/X
 _27684_/Y
 _27685_/X
 _27686_/X
 _27687_/Y
 _27688_/X
 _27689_/Y
 _27690_/Y
 _27691_/Y
 _27692_/X
 _27693_/X
 _27694_/Y
 _27695_/Y
 _27696_/X
 _27697_/Y
 _27698_/Y
 _27699_/Y
 _27700_/Y
 _27701_/X
 _27702_/Y
 _27703_/Y
 _27704_/Y
 _27705_/X
 _27706_/X
 _27707_/X
 _27708_/X
 _27709_/X
 _27710_/Y
 _27711_/Y
 _27712_/X
 _27713_/X
 _27714_/Y
 _27715_/X
 _27716_/X
 _27717_/Y
 _27718_/Y
 _27719_/X
 _27720_/X
 _27721_/X
 _27722_/Y
 _27723_/Y
 _27724_/X
 _27725_/X
 _27726_/Y
 _27727_/Y
 _27728_/X
 _27729_/X
 _27730_/Y
 _27731_/Y
 _27732_/X
 _27733_/X
 _27734_/Y
 _27735_/X
 _27736_/Y
 _27737_/X
 _27738_/X
 _27739_/X
 _27740_/Y
 _27741_/X
 _27742_/X
 _27743_/X
 _27744_/X
 _27745_/X
 _27746_/Y
 _27747_/X
 _27748_/Y
 _27749_/X
 _27750_/X
 _27751_/Y
 _27752_/X
 _27753_/Y
 _27754_/Y
 _27755_/Y
 _27756_/X
 _27757_/X
 _27758_/X
 _27759_/X
 _27760_/X
 _27761_/Y
 _27762_/X
 _27763_/X
 _27764_/X
 _27765_/X
 _27766_/Y
 _27767_/X
 _27768_/Y
 _27769_/X
 _27770_/Y
 _27771_/X
 _27772_/X
 _27773_/X
 _27774_/X
 _27775_/X
 _27776_/Y
 _27777_/X
 _27778_/X
 _27779_/X
 _27780_/Y
 _27781_/X
 _27782_/X
 _27783_/Y
 _27784_/Y
 _27785_/Y
 _27786_/X
 _27787_/Y
 _27788_/Y
 _27789_/Y
 _27790_/X
 _27791_/X
 _27792_/X
 _27793_/X
 _27794_/Y
 _27795_/X
 _27796_/X
 _27797_/Y
 _27798_/X
 _27799_/Y
 _27800_/X
 _27801_/X
 _27802_/X
 _27803_/Y
 _27804_/Y
 _27805_/Y
 _27806_/Y
 _27807_/X
 _27808_/X
 _27809_/X
 _27810_/X
 _27811_/X
 _27812_/X
 _27813_/X
 _27814_/Y
 _27815_/X
 _27816_/Y
 _27817_/Y
 _27818_/Y
 _27819_/Y
 _27820_/X
 _27821_/Y
 _27822_/X
 _27823_/Y
 _27824_/X
 _27825_/X
 _27826_/Y
 _27827_/X
 _27828_/Y
 _27829_/Y
 _27830_/Y
 _27831_/X
 _27832_/Y
 _27833_/X
 _27834_/Y
 _27835_/X
 _27836_/Y
 _27837_/Y
 _27838_/X
 _27839_/X
 _27840_/X
 _27841_/X
 _27842_/Y
 _27843_/Y
 _27844_/Y
 _27845_/Y
 _27846_/Y
 _27847_/X
 _27848_/Y
 _27849_/X
 _27850_/X
 _27851_/X
 _27852_/X
 _27853_/X
 _27854_/X
 _27855_/Y
 _27856_/Y
 _27857_/X
 _27858_/X
 _27859_/X
 _27860_/X
 _27861_/Y
 _27862_/Y
 _27863_/Y
 _27864_/X
 _27865_/Y
 _27866_/X
 _27867_/X
 _27868_/Y
 _27869_/X
 _27870_/Y
 _27871_/Y
 _27872_/Y
 _27873_/X
 _27874_/X
 _27875_/Y
 _27876_/X
 _27877_/Y
 _27878_/X
 _27879_/Y
 _27880_/X
 _27881_/X
 _27882_/X
 _27883_/X
 _27884_/X
 _27885_/Y
 _27886_/X
 _27887_/X
 _27888_/X
 _27889_/Y
 _27890_/Y
 _27891_/Y
 _27892_/Y
 _27893_/Y
 _27894_/X
 _27895_/X
 _27896_/X
 _27897_/X
 _27898_/Y
 _27899_/Y
 _27900_/X
 _27901_/Y
 _27902_/Y
 _27903_/Y
 _27904_/X
 _27905_/X
 _27906_/Y
 _27907_/X
 _27908_/X
 _27909_/X
 _27910_/Y
 _27911_/Y
 _27912_/X
 _27913_/X
 _27914_/X
 _27915_/Y
 _27916_/Y
 _27917_/Y
 _27918_/Y
 _27919_/X
 _27920_/X
 _27921_/Y
 _27922_/X
 _27923_/X
 _27924_/Y
 _27925_/X
 _27926_/X
 _27927_/X
 _27928_/Y
 _27929_/Y
 _27930_/X
 _27931_/Y
 _27932_/X
 _27933_/Y
 _27934_/X
 _27935_/Y
 _27936_/Y
 _27937_/X
 _27938_/X
 _27939_/X
 _27940_/Y
 _27941_/X
 _27942_/X
 _27943_/X
 _27944_/Y
 _27945_/Y
 _27946_/Y
 _27947_/X
 _27948_/X
 _27949_/Y
 _27950_/Y
 _27951_/X
 _27952_/X
 _27953_/X
 _27954_/X
 _27955_/X
 _27956_/X
 _27957_/X
 _27958_/X
 _27959_/Y
 _27960_/X
 _27961_/X
 _27962_/X
 _27963_/X
 _27964_/Y
 _27965_/X
 _27966_/Y
 _27967_/X
 _27968_/X
 _27969_/Y
 _27970_/X
 _27971_/Y
 _27972_/Y
 _27973_/Y
 _27974_/Y
 _27975_/X
 _27976_/X
 _27977_/X
 _27978_/X
 _27979_/Y
 _27980_/X
 _27981_/Y
 _27982_/X
 _27983_/X
 _27984_/X
 _27985_/X
 _27986_/X
 _27987_/X
 _27988_/X
 _27989_/Y
 _27990_/Y
 _27991_/X
 _27992_/X
 _27993_/X
 _27994_/Y
 _27995_/Y
 _27996_/X
 _27997_/Y
 _27998_/X
 _27999_/Y
 _28000_/X
 _28001_/Y
 _28002_/X
 _28003_/X
 _28004_/X
 _28005_/X
 _28006_/X
 _28007_/Y
 _28008_/X
 _28009_/Y
 _28010_/X
 _28011_/X
 _28012_/Y
 _28013_/X
 _28014_/X
 _28015_/Y
 _28016_/Y
 _28017_/X
 _28018_/Y
 _28019_/Y
 _28020_/Y
 _28021_/Y
 _28022_/X
 _28023_/X
 _28024_/Y
 _28025_/X
 _28026_/Y
 _28027_/X
 _28028_/Y
 _28029_/Y
 _28030_/X
 _28031_/X
 _28032_/Y
 _28033_/X
 _28034_/X
 _28035_/Y
 _28036_/X
 _28037_/X
 _28038_/X
 _28039_/Y
 _28040_/X
 _28041_/X
 _28042_/Y
 _28043_/Y
 _28044_/X
 _28045_/X
 _28046_/Y
 _28047_/X
 _28048_/Y
 _28049_/X
 _28050_/Y
 _28051_/X
 _28052_/Y
 _28053_/Y
 _28054_/Y
 _28055_/X
 _28056_/X
 _28057_/X
 _28058_/Y
 _28059_/Y
 _28060_/X
 _28061_/Y
 _28062_/X
 _28063_/Y
 _28064_/X
 _28065_/Y
 _28066_/X
 _28067_/Y
 _28068_/Y
 _28069_/Y
 _28070_/X
 _28071_/X
 _28072_/X
 _28073_/X
 _28074_/X
 _28075_/X
 _28076_/X
 _28077_/X
 _28078_/X
 _28079_/X
 _28080_/X
 _28081_/Y
 _28082_/X
 _28083_/X
 _28084_/X
 _28085_/X
 _28086_/X
 _28087_/Y
 _28088_/X
 _28089_/Y
 _28090_/X
 _28091_/X
 _28092_/Y
 _28093_/Y
 _28094_/X
 _28095_/Y
 _28096_/X
 _28097_/X
 _28098_/Y
 _28099_/Y
 _28100_/Y
 _28101_/Y
 _28102_/Y
 _28103_/Y
 _28104_/X
 _28105_/X
 _28106_/X
 _28107_/X
 _28108_/X
 _28109_/Y
 _28110_/X
 _28111_/Y
 _28112_/Y
 _28113_/Y
 _28114_/Y
 _28115_/X
 _28116_/Y
 _28117_/Y
 _28118_/Y
 _28119_/Y
 _28120_/Y
 _28121_/X
 _28122_/Y
 _28123_/X
 _28124_/Y
 _28125_/X
 _28126_/Y
 _28127_/X
 _28128_/Y
 _28129_/Y
 _28130_/X
 _28131_/X
 _28132_/Y
 _28133_/X
 _28134_/Y
 _28135_/X
 _28136_/Y
 _28137_/X
 _28138_/Y
 _28139_/X
 _28140_/X
 _28141_/Y
 _28142_/X
 _28143_/Y
 _28144_/X
 _28145_/Y
 _28146_/X
 _28147_/X
 _28148_/X
 _28149_/X
 _28150_/Y
 _28151_/Y
 _28152_/X
 _28153_/Y
 _28154_/X
 _28155_/X
 _28156_/X
 _28157_/Y
 _28158_/Y
 _28159_/X
 _28160_/X
 _28161_/Y
 _28162_/Y
 _28163_/Y
 _28164_/X
 _28165_/Y
 _28166_/Y
 _28167_/X
 _28168_/X
 _28169_/X
 _28170_/X
 _28171_/X
 _28172_/X
 _28173_/Y
 _28174_/Y
 _28175_/X
 _28176_/X
 _28177_/Y
 _28178_/X
 _28179_/Y
 _28180_/Y
 _28181_/Y
 _28182_/X
 _28183_/X
 _28184_/X
 _28185_/X
 _28186_/X
 _28187_/Y
 _28188_/Y
 _28189_/Y
 _28190_/Y
 _28191_/Y
 _28192_/Y
 _28193_/X
 _28194_/X
 _28195_/Y
 _28196_/X
 _28197_/X
 _28198_/Y
 _28199_/X
 _28200_/X
 _28201_/X
 _28202_/X
 _28203_/X
 _28204_/X
 _28205_/X
 _28206_/X
 _28207_/Y
 _28208_/Y
 _28209_/X
 _28210_/Y
 _28211_/X
 _28212_/X
 _28213_/X
 _28214_/Y
 _28215_/Y
 _28216_/X
 _28217_/X
 _28218_/X
 _28219_/X
 _28220_/X
 _28221_/Y
 _28222_/Y
 _28223_/Y
 _28224_/Y
 _28225_/X
 _28226_/X
 _28227_/Y
 _28228_/Y
 _28229_/X
 _28230_/Y
 _28231_/X
 _28232_/Y
 _28233_/Y
 _28234_/X
 _28235_/X
 _28236_/Y
 _28237_/X
 _28238_/Y
 _28239_/X
 _28240_/Y
 _28241_/Y
 _28242_/X
 _28243_/X
 _28244_/X
 _28245_/Y
 _28246_/Y
 _28247_/Y
 _28248_/X
 _28249_/Y
 _28250_/X
 _28251_/Y
 _28252_/Y
 _28253_/Y
 _28254_/X
 _28255_/Y
 _28256_/Y
 _28257_/X
 _28258_/X
 _28259_/X
 _28260_/X
 _28261_/Y
 _28262_/X
 _28263_/Y
 _28264_/Y
 _28265_/Y
 _28266_/Y
 _28267_/Y
 _28268_/X
 _28269_/Y
 _28270_/X
 _28271_/X
 _28272_/X
 _28273_/X
 _28274_/X
 _28275_/X
 _28276_/Y
 _28277_/X
 _28278_/Y
 _28279_/X
 _28280_/Y
 _28281_/X
 _28282_/X
 _28283_/X
 _28284_/Y
 _28285_/X
 _28286_/Y
 _28287_/X
 _28288_/X
 _28289_/Y
 _28290_/Y
 _28291_/Y
 _28292_/Y
 _28293_/X
 _28294_/X
 _28295_/X
 _28296_/Y
 _28297_/X
 _28298_/X
 _28299_/X
 _28300_/Y
 _28301_/Y
 _28302_/X
 _28303_/Y
 _28304_/X
 _28305_/X
 _28306_/X
 _28307_/Y
 _28308_/Y
 _28309_/Y
 _28310_/X
 _28311_/Y
 _28312_/X
 _28313_/X
 _28314_/Y
 _28315_/X
 _28316_/Y
 _28317_/X
 _28318_/X
 _28319_/X
 _28320_/X
 _28321_/X
 _28322_/X
 _28323_/X
 _28324_/Y
 _28325_/Y
 _28326_/Y
 _28327_/X
 _28328_/Y
 _28329_/X
 _28330_/X
 _28331_/Y
 _28332_/X
 _28333_/X
 _28334_/X
 _28335_/X
 _28336_/X
 _28337_/Y
 _28338_/X
 _28339_/Y
 _28340_/Y
 _28341_/X
 _28342_/X
 _28343_/X
 _28344_/Y
 _28345_/X
 _28346_/Y
 _28347_/X
 _28348_/Y
 _28349_/Y
 _28350_/Y
 _28351_/Y
 _28352_/Y
 _28353_/X
 _28354_/X
 _28355_/X
 _28356_/Y
 _28357_/Y
 _28358_/Y
 _28359_/X
 _28360_/X
 _28361_/Y
 _28362_/Y
 _28363_/X
 _28364_/Y
 _28365_/Y
 _28366_/X
 _28367_/X
 _28368_/X
 _28369_/X
 _28370_/X
 _28371_/X
 _28372_/X
 _28373_/Y
 _28374_/Y
 _28375_/Y
 _28376_/X
 _28377_/Y
 _28378_/X
 _28379_/X
 _28380_/X
 _28381_/Y
 _28382_/X
 _28383_/X
 _28384_/X
 _28385_/X
 _28386_/X
 _28387_/Y
 _28388_/Y
 _28389_/Y
 _28390_/Y
 _28391_/Y
 _28392_/X
 _28393_/X
 _28394_/X
 _28395_/Y
 _28396_/X
 _28397_/Y
 _28398_/X
 _28399_/X
 _28400_/X
 _28401_/X
 _28402_/Y
 _28403_/X
 _28404_/Y
 _28405_/Y
 _28406_/Y
 _28407_/X
 _28408_/Y
 _28409_/X
 _28410_/X
 _28411_/X
 _28412_/X
 _28413_/X
 _28414_/X
 _28415_/X
 _28416_/Y
 _28417_/X
 _28418_/X
 _28419_/X
 _28420_/Y
 _28421_/Y
 _28422_/X
 _28423_/X
 _28424_/X
 _28425_/Y
 _28426_/Y
 _28427_/X
 _28428_/X
 _28429_/X
 _28430_/X
 _28431_/Y
 _28432_/X
 _28433_/X
 _28434_/X
 _28435_/Y
 _28436_/Y
 _28437_/X
 _28438_/Y
 _28439_/X
 _28440_/Y
 _28441_/X
 _28442_/Y
 _28443_/X
 _28444_/Y
 _28445_/X
 _28446_/X
 _28447_/X
 _28448_/X
 _28449_/X
 _28450_/X
 _28451_/Y
 _28452_/Y
 _28453_/X
 _28454_/X
 _28455_/Y
 _28456_/X
 _28457_/Y
 _28458_/Y
 _28459_/X
 _28460_/X
 _28461_/Y
 _28462_/Y
 _28463_/Y
 _28464_/X
 _28465_/Y
 _28466_/Y
 _28467_/X
 _28468_/X
 _28469_/Y
 _28470_/X
 _28471_/Y
 _28472_/X
 _28473_/X
 _28474_/Y
 _28475_/X
 _28476_/X
 _28477_/X
 _28478_/Y
 _28479_/Y
 _28480_/X
 _28481_/X
 _28482_/Y
 _28483_/X
 _28484_/X
 _28485_/Y
 _28486_/X
 _28487_/X
 _28488_/Y
 _28489_/X
 _28490_/X
 _28491_/X
 _28492_/X
 _28493_/X
 _28494_/Y
 _28495_/Y
 _28496_/Y
 _28497_/X
 _28498_/Y
 _28499_/Y
 _28500_/Y
 _28501_/X
 _28502_/Y
 _28503_/X
 _28504_/Y
 _28505_/X
 _28506_/Y
 _28507_/X
 _28508_/X
 _28509_/Y
 _28510_/Y
 _28511_/X
 _28512_/X
 _28513_/Y
 _28514_/X
 _28515_/X
 _28516_/Y
 _28517_/X
 _28518_/X
 _28519_/X
 _28520_/Y
 _28521_/X
 _28522_/X
 _28523_/X
 _28524_/X
 _28525_/Y
 _28526_/Y
 _28527_/Y
 _28528_/Y
 _28529_/X
 _28530_/X
 _28531_/X
 _28532_/X
 _28533_/Y
 _28534_/X
 _28535_/Y
 _28536_/X
 _28537_/Y
 _28538_/Y
 _28539_/X
 _28540_/X
 _28541_/Y
 _28542_/X
 _28543_/Y
 _28544_/X
 _28545_/Y
 _28546_/X
 _28547_/Y
 _28548_/X
 _28549_/X
 _28550_/Y
 _28551_/X
 _28552_/Y
 _28553_/Y
 _28554_/X
 _28555_/Y
 _28556_/X
 _28557_/Y
 _28558_/X
 _28559_/X
 _28560_/Y
 _28561_/X
 _28562_/Y
 _28563_/Y
 _28564_/X
 _28565_/X
 _28566_/X
 _28567_/X
 _28568_/Y
 _28569_/X
 _28570_/Y
 _28571_/X
 _28572_/Y
 _28573_/X
 _28574_/X
 _28575_/Y
 _28576_/X
 _28577_/Y
 _28578_/Y
 _28579_/X
 _28580_/X
 _28581_/Y
 _28582_/X
 _28583_/Y
 _28584_/X
 _28585_/X
 _28586_/Y
 _28587_/Y
 _28588_/X
 _28589_/X
 _28590_/Y
 _28591_/X
 _28592_/X
 _28593_/X
 _28594_/Y
 _28595_/X
 _28596_/Y
 _28597_/Y
 _28598_/X
 _28599_/X
 _28600_/X
 _28601_/X
 _28602_/Y
 _28603_/Y
 _28604_/X
 _28605_/X
 _28606_/Y
 _28607_/Y
 _28608_/X
 _28609_/Y
 _28610_/X
 _28611_/Y
 _28612_/X
 _28613_/X
 _28614_/X
 _28615_/Y
 _28616_/X
 _28617_/X
 _28618_/Y
 _28619_/Y
 _28620_/X
 _28621_/X
 _28622_/Y
 _28623_/X
 _28624_/Y
 _28625_/X
 _28626_/X
 _28627_/Y
 _28628_/X
 _28629_/Y
 _28630_/X
 _28631_/Y
 _28632_/X
 _28633_/Y
 _28634_/X
 _28635_/X
 _28636_/Y
 _28637_/Y
 _28638_/X
 _28639_/Y
 _28640_/X
 _28641_/X
 _28642_/Y
 _28643_/X
 _28644_/X
 _28645_/X
 _28646_/X
 _28647_/Y
 _28648_/X
 _28649_/X
 _28650_/X
 _28651_/Y
 _28652_/X
 _28653_/X
 _28654_/X
 _28655_/Y
 _28656_/X
 _28657_/X
 _28658_/Y
 _28659_/X
 _28660_/Y
 _28661_/X
 _28662_/X
 _28663_/X
 _28664_/Y
 _28665_/X
 _28666_/Y
 _28667_/X
 _28668_/Y
 _28669_/Y
 _28670_/X
 _28671_/Y
 _28672_/X
 _28673_/X
 _28674_/X
 _28675_/X
 _28676_/X
 _28677_/X
 _28678_/X
 _28679_/Y
 _28680_/X
 _28681_/Y
 _28682_/X
 _28683_/X
 _28684_/Y
 _28685_/Y
 _28686_/X
 _28687_/X
 _28688_/Y
 _28689_/X
 _28690_/Y
 _28691_/Y
 _28692_/X
 _28693_/Y
 _28694_/Y
 _28695_/Y
 _28696_/X
 _28697_/Y
 _28698_/Y
 _28699_/X
 _28700_/X
 _28701_/Y
 _28702_/Y
 _28703_/X
 _28704_/Y
 _28705_/Y
 _28706_/X
 _28707_/Y
 _28708_/X
 _28709_/Y
 _28710_/X
 _28711_/Y
 _28712_/X
 _28713_/X
 _28714_/X
 _28715_/Y
 _28716_/Y
 _28717_/X
 _28718_/X
 _28719_/X
 _28720_/X
 _28721_/X
 _28722_/Y
 _28723_/X
 _28724_/X
 _28725_/Y
 _28726_/X
 _28727_/Y
 _28728_/Y
 _28729_/X
 _28730_/X
 _28731_/Y
 _28732_/X
 _28733_/X
 _28734_/Y
 _28735_/X
 _28736_/Y
 _28737_/X
 _28738_/X
 _28739_/X
 _28740_/Y
 _28741_/X
 _28742_/X
 _28743_/X
 _28744_/Y
 _28745_/X
 _28746_/Y
 _28747_/X
 _28748_/Y
 _28749_/Y
 _28750_/X
 _28751_/Y
 _28752_/Y
 _28753_/X
 _28754_/X
 _28755_/Y
 _28756_/X
 _28757_/Y
 _28758_/X
 _28759_/X
 _28760_/X
 _28761_/Y
 _28762_/Y
 _28763_/X
 _28764_/X
 _28765_/X
 _28766_/Y
 _28767_/Y
 _28768_/X
 _28769_/Y
 _28770_/Y
 _28771_/Y
 _28772_/Y
 _28773_/Y
 _28774_/X
 _28775_/X
 _28776_/X
 _28777_/Y
 _28778_/Y
 _28779_/Y
 _28780_/X
 _28781_/Y
 _28782_/X
 _28783_/Y
 _28784_/X
 _28785_/Y
 _28786_/X
 _28787_/Y
 _28788_/X
 _28789_/X
 _28790_/Y
 _28791_/Y
 _28792_/X
 _28793_/X
 _28794_/Y
 _28795_/X
 _28796_/Y
 _28797_/X
 _28798_/X
 _28799_/Y
 _28800_/X
 _28801_/Y
 _28802_/Y
 _28803_/X
 _28804_/Y
 _28805_/Y
 _28806_/Y
 _28807_/Y
 _28808_/X
 _28809_/X
 _28810_/X
 _28811_/Y
 _28812_/X
 _28813_/Y
 _28814_/Y
 _28815_/X
 _28816_/X
 _28817_/X
 _28818_/Y
 _28819_/Y
 _28820_/X
 _28821_/X
 _28822_/X
 _28823_/X
 _28824_/X
 _28825_/Y
 _28826_/X
 _28827_/X
 _28828_/Y
 _28829_/Y
 _28830_/X
 _28831_/X
 _28832_/Y
 _28833_/X
 _28834_/Y
 _28835_/Y
 _28836_/X
 _28837_/Y
 _28838_/Y
 _28839_/Y
 _28840_/X
 _28841_/X
 _28842_/Y
 _28843_/Y
 _28844_/X
 _28845_/Y
 _28846_/Y
 _28847_/Y
 _28848_/X
 _28849_/Y
 _28850_/X
 _28851_/Y
 _28852_/X
 _28853_/Y
 _28854_/Y
 _28855_/Y
 _28856_/X
 _28857_/X
 _28858_/Y
 _28859_/Y
 _28860_/X
 _28861_/Y
 _28862_/X
 _28863_/Y
 _28864_/Y
 _28865_/Y
 _28866_/Y
 _28867_/X
 _28868_/X
 _28869_/X
 _28870_/Y
 _28871_/X
 _28872_/X
 _28873_/Y
 _28874_/X
 _28875_/Y
 _28876_/X
 _28877_/Y
 _28878_/X
 _28879_/Y
 _28880_/X
 _28881_/Y
 _28882_/Y
 _28883_/Y
 _28884_/X
 _28885_/X
 _28886_/X
 _28887_/Y
 _28888_/X
 _28889_/X
 _28890_/X
 _28891_/X
 _28892_/X
 _28893_/Y
 _28894_/X
 _28895_/Y
 _28896_/X
 _28897_/X
 _28898_/X
 _28899_/X
 _28900_/Y
 _28901_/Y
 _28902_/X
 _28903_/Y
 _28904_/Y
 _28905_/Y
 _28906_/X
 _28907_/Y
 _28908_/X
 _28909_/Y
 _28910_/Y
 _28911_/Y
 _28912_/X
 _28913_/X
 _28914_/Y
 _28915_/X
 _28916_/X
 _28917_/X
 _28918_/X
 _28919_/X
 _28920_/Y
 _28921_/X
 _28922_/X
 _28923_/Y
 _28924_/X
 _28925_/Y
 _28926_/X
 _28927_/X
 _28928_/X
 _28929_/Y
 _28930_/Y
 _28931_/X
 _28932_/Y
 _28933_/Y
 _28934_/X
 _28935_/Y
 _28936_/X
 _28937_/Y
 _28938_/Y
 _28939_/X
 _28940_/Y
 _28941_/Y
 _28942_/Y
 _28943_/X
 _28944_/Y
 _28945_/Y
 _28946_/Y
 _28947_/Y
 _28948_/Y
 _28949_/X
 _28950_/Y
 _28951_/Y
 _28952_/Y
 _28953_/Y
 _28954_/X
 _28955_/Y
 _28956_/X
 _28957_/X
 _28958_/Y
 _28959_/X
 _28960_/Y
 _28961_/X
 _28962_/X
 _28963_/X
 _28964_/X
 _28965_/X
 _28966_/X
 _28967_/Y
 _28968_/X
 _28969_/X
 _28970_/X
 _28971_/Y
 _28972_/X
 _28973_/Y
 _28974_/X
 _28975_/Y
 _28976_/X
 _28977_/Y
 _28978_/X
 _28979_/Y
 _28980_/X
 _28981_/Y
 _28982_/Y
 _28983_/Y
 _28984_/X
 _28985_/Y
 _28986_/X
 _28987_/Y
 _28988_/X
 _28989_/X
 _28990_/X
 _28991_/Y
 _28992_/X
 _28993_/Y
 _28994_/Y
 _28995_/X
 _28996_/X
 _28997_/X
 _28998_/Y
 _28999_/X
 _29000_/Y
 _29001_/X
 _29002_/X
 _29003_/X
 _29004_/X
 _29005_/X
 _29006_/Y
 _29007_/X
 _29008_/Y
 _29009_/Y
 _29010_/Y
 _29011_/X
 _29012_/X
 _29013_/Y
 _29014_/Y
 _29015_/X
 _29016_/Y
 _29017_/Y
 _29018_/Y
 _29019_/X
 _29020_/Y
 _29021_/X
 _29022_/X
 _29023_/Y
 _29024_/X
 _29025_/X
 _29026_/X
 _29027_/Y
 _29028_/Y
 _29029_/Y
 _29030_/Y
 _29031_/Y
 _29032_/X
 _29033_/X
 _29034_/Y
 _29035_/X
 _29036_/X
 _29037_/X
 _29038_/Y
 _29039_/X
 _29040_/X
 _29041_/Y
 _29042_/X
 _29043_/X
 _29044_/X
 _29045_/X
 _29046_/Y
 _29047_/X
 _29048_/Y
 _29049_/X
 _29050_/X
 _29051_/Y
 _29052_/X
 _29053_/X
 _29054_/Y
 _29055_/X
 _29056_/Y
 _29057_/X
 _29058_/X
 _29059_/Y
 _29060_/X
 _29061_/Y
 _29062_/X
 _29063_/Y
 _29064_/X
 _29065_/X
 _29066_/Y
 _29067_/X
 _29068_/Y
 _29069_/X
 _29070_/X
 _29071_/X
 _29072_/Y
 _29073_/Y
 _29074_/X
 _29075_/Y
 _29076_/X
 _29077_/Y
 _29078_/X
 _29079_/Y
 _29080_/Y
 _29081_/X
 _29082_/X
 _29083_/X
 _29084_/X
 _29085_/Y
 _29086_/Y
 _29087_/X
 _29088_/Y
 _29089_/X
 _29090_/Y
 _29091_/X
 _29092_/X
 _29093_/X
 _29094_/X
 _29095_/X
 _29096_/Y
 _29097_/X
 _29098_/X
 _29099_/Y
 _29100_/Y
 _29101_/Y
 _29102_/X
 _29103_/Y
 _29104_/X
 _29105_/Y
 _29106_/X
 _29107_/Y
 _29108_/Y
 _29109_/Y
 _29110_/X
 _29111_/Y
 _29112_/X
 _29113_/X
 _29114_/X
 _29115_/X
 _29116_/Y
 _29117_/X
 _29118_/Y
 _29119_/X
 _29120_/X
 _29121_/Y
 _29122_/X
 _29123_/Y
 _29124_/Y
 _29125_/X
 _29126_/X
 _29127_/X
 _29128_/X
 _29129_/Y
 _29130_/X
 _29131_/X
 _29132_/Y
 _29133_/Y
 _29134_/Y
 _29135_/X
 _29136_/X
 _29137_/X
 _29138_/Y
 _29139_/X
 _29140_/Y
 _29141_/Y
 _29142_/X
 _29143_/X
 _29144_/Y
 _29145_/Y
 _29146_/Y
 _29147_/Y
 _29148_/X
 _29149_/Y
 _29150_/Y
 _29151_/Y
 _29152_/Y
 _29153_/X
 _29154_/Y
 _29155_/X
 _29156_/Y
 _29157_/X
 _29158_/Y
 _29159_/X
 _29160_/Y
 _29161_/Y
 _29162_/X
 _29163_/X
 _29164_/X
 _29165_/Y
 _29166_/Y
 _29167_/X
 _29168_/X
 _29169_/X
 _29170_/X
 _29171_/Y
 _29172_/X
 _29173_/X
 _29174_/Y
 _29175_/Y
 _29176_/X
 _29177_/X
 _29178_/X
 _29179_/Y
 _29180_/X
 _29181_/X
 _29182_/X
 _29183_/X
 _29184_/Y
 _29185_/X
 _29186_/Y
 _29187_/X
 _29188_/X
 _29189_/Y
 _29190_/Y
 _29191_/X
 _29192_/X
 _29193_/X
 _29194_/X
 _29195_/X
 _29196_/Y
 _29197_/Y
 _29198_/Y
 _29199_/X
 _29200_/Y
 _29201_/Y
 _29202_/X
 _29203_/Y
 _29204_/X
 _29205_/X
 _29206_/Y
 _29207_/X
 _29208_/Y
 _29209_/Y
 _29210_/Y
 _29211_/Y
 _29212_/X
 _29213_/X
 _29214_/X
 _29215_/X
 _29216_/Y
 _29217_/X
 _29218_/Y
 _29219_/X
 _29220_/X
 _29221_/X
 _29222_/X
 _29223_/X
 _29224_/X
 _29225_/X
 _29226_/Y
 _29227_/Y
 _29228_/X
 _29229_/Y
 _29230_/X
 _29231_/Y
 _29232_/X
 _29233_/Y
 _29234_/Y
 _29235_/Y
 _29236_/X
 _29237_/X
 _29238_/Y
 _29239_/X
 _29240_/Y
 _29241_/Y
 _29242_/Y
 _29243_/Y
 _29244_/X
 _29245_/Y
 _29246_/X
 _29247_/X
 _29248_/X
 _29249_/Y
 _29250_/Y
 _29251_/X
 _29252_/Y
 _29253_/X
 _29254_/X
 _29255_/Y
 _29256_/Y
 _29257_/X
 _29258_/Y
 _29259_/X
 _29260_/Y
 _29261_/Y
 _29262_/X
 _29263_/Y
 _29264_/Y
 _29265_/X
 _29266_/X
 _29267_/X
 _29268_/Y
 _29269_/X
 _29270_/Y
 _29271_/Y
 _29272_/Y
 _29273_/X
 _29274_/X
 _29275_/X
 _29276_/Y
 _29277_/Y
 _29278_/Y
 _29279_/Y
 _29280_/X
 _29281_/Y
 _29282_/Y
 _29283_/Y
 _29284_/X
 _29285_/Y
 _29286_/Y
 _29287_/X
 _29288_/X
 _29289_/Y
 _29290_/Y
 _29291_/Y
 _29292_/X
 _29293_/Y
 _29294_/X
 _29295_/Y
 _29296_/Y
 _29297_/Y
 _29298_/Y
 _29299_/X
 _29300_/X
 _29301_/X
 _29302_/X
 _29303_/X
 _29304_/Y
 _29305_/X
 _29306_/Y
 _29307_/X
 _29308_/X
 _29309_/Y
 _29310_/Y
 _29311_/Y
 _29312_/X
 _29313_/X
 _29314_/Y
 _29315_/Y
 _29316_/Y
 _29317_/X
 _29318_/X
 _29319_/Y
 _29320_/X
 _29321_/Y
 _29322_/X
 _29323_/X
 _29324_/Y
 _29325_/Y
 _29326_/X
 _29327_/Y
 _29328_/Y
 _29329_/X
 _29330_/X
 _29331_/Y
 _29332_/Y
 _29333_/X
 _29334_/X
 _29335_/Y
 _29336_/X
 _29337_/X
 _29338_/Y
 _29339_/Y
 _29340_/X
 _29341_/Y
 _29342_/Y
 _29343_/X
 _29344_/Y
 _29345_/Y
 _29346_/X
 _29347_/X
 _29348_/Y
 _29349_/Y
 _29350_/X
 _29351_/X
 _29352_/Y
 _29353_/Y
 _29354_/X
 _29355_/Y
 _29356_/Y
 _29357_/X
 _29358_/X
 _29359_/X
 _29360_/X
 _29361_/X
 _29362_/X
 _29363_/X
 _29364_/Y
 _29365_/Y
 _29366_/Y
 _29367_/Y
 _29368_/X
 _29369_/Y
 _29370_/Y
 _29371_/Y
 _29372_/Y
 _29373_/Y
 _29374_/Y
 _29375_/Y
 _29376_/X
 _29377_/X
 _29378_/Y
 _29379_/X
 _29380_/Y
 _29381_/X
 _29382_/X
 _29383_/Y
 _29384_/X
 _29385_/Y
 _29386_/X
 _29387_/X
 _29388_/X
 _29389_/X
 _29390_/X
 _29391_/X
 _29392_/X
 _29393_/Y
 _29394_/X
 _29395_/Y
 _29396_/Y
 _29397_/X
 _29398_/X
 _29399_/Y
 _29400_/X
 _29401_/X
 _29402_/X
 _29403_/Y
 _29404_/X
 _29405_/Y
 _29406_/Y
 _29407_/X
 _29408_/X
 _29409_/X
 _29410_/X
 _29411_/Y
 _29412_/Y
 _29413_/Y
 _29414_/X
 _29415_/X
 _29416_/X
 _29417_/X
 _29418_/X
 _29419_/X
 _29420_/X
 _29421_/Y
 _29422_/Y
 _29423_/X
 _29424_/Y
 _29425_/Y
 _29426_/X
 _29427_/X
 _29428_/Y
 _29429_/X
 _29430_/X
 _29431_/Y
 _29432_/X
 _29433_/X
 _29434_/Y
 _29435_/Y
 _29436_/Y
 _29437_/X
 _29438_/Y
 _29439_/Y
 _29440_/Y
 _29441_/Y
 _29442_/X
 _29443_/X
 _29444_/Y
 _29445_/Y
 _29446_/X
 _29447_/Y
 _29448_/X
 _29449_/X
 _29450_/X
 _29451_/Y
 _29452_/Y
 _29453_/Y
 _29454_/Y
 _29455_/X
 _29456_/Y
 _29457_/X
 _29458_/X
 _29459_/X
 _29460_/Y
 _29461_/Y
 _29462_/X
 _29463_/Y
 _29464_/Y
 _29465_/Y
 _29466_/X
 _29467_/Y
 _29468_/Y
 _29469_/X
 _29470_/X
 _29471_/X
 _29472_/Y
 _29473_/Y
 _29474_/Y
 _29475_/Y
 _29476_/Y
 _29477_/Y
 _29478_/X
 _29479_/Y
 _29480_/X
 _29481_/X
 _29482_/X
 _29483_/X
 _29484_/X
 _29485_/Y
 _29486_/X
 _29487_/Y
 _29488_/X
 _29489_/X
 _29490_/X
 _29491_/Y
 _29492_/X
 _29493_/Y
 _29494_/X
 _29495_/X
 _29496_/Y
 _29497_/Y
 _29498_/Y
 _29499_/X
 _29500_/X
 _29501_/X
 _29502_/X
 _29503_/X
 _29504_/X
 _29505_/Y
 _29506_/Y
 _29507_/Y
 _29508_/X
 _29509_/Y
 _29510_/X
 _29511_/Y
 _29512_/X
 _29513_/X
 _29514_/Y
 _29515_/X
 _29516_/X
 _29517_/Y
 _29518_/X
 _29519_/X
 _29520_/Y
 _29521_/X
 _29522_/Y
 _29523_/X
 _29524_/Y
 _29525_/X
 _29526_/X
 _29527_/X
 _29528_/X
 _29529_/X
 _29530_/Y
 _29531_/Y
 _29532_/Y
 _29533_/X
 _29534_/Y
 _29535_/Y
 _29536_/X
 _29537_/X
 _29538_/X
 _29539_/X
 _29540_/X
 _29541_/X
 _29542_/X
 _29543_/Y
 _29544_/X
 _29545_/X
 _29546_/X
 _29547_/X
 _29548_/Y
 _29549_/X
 _29550_/X
 _29551_/X
 _29552_/Y
 _29553_/X
 _29554_/Y
 _29555_/Y
 _29556_/Y
 _29557_/Y
 _29558_/Y
 _29559_/Y
 _29560_/X
 _29561_/Y
 _29562_/Y
 _29563_/X
 _29564_/X
 _29565_/Y
 _29566_/Y
 _29567_/X
 _29568_/Y
 _29569_/Y
 _29570_/Y
 _29571_/X
 _29572_/Y
 _29573_/Y
 _29574_/Y
 _29575_/Y
 _29576_/X
 _29577_/Y
 _29578_/X
 _29579_/X
 _29580_/Y
 _29581_/X
 _29582_/Y
 _29583_/Y
 _29584_/Y
 _29585_/X
 _29586_/Y
 _29587_/Y
 _29588_/X
 _29589_/X
 _29590_/Y
 _29591_/X
 _29592_/X
 _29593_/Y
 _29594_/X
 _29595_/Y
 _29596_/Y
 _29597_/Y
 _29598_/Y
 _29599_/Y
 _29600_/X
 _29601_/X
 _29602_/X
 _29603_/Y
 _29604_/X
 _29605_/Y
 _29606_/X
 _29607_/X
 _29608_/Y
 _29609_/Y
 _29610_/X
 _29611_/Y
 _29612_/X
 _29613_/Y
 _29614_/X
 _29615_/X
 _29616_/X
 _29617_/X
 _29618_/X
 _29619_/X
 _29620_/Y
 _29621_/Y
 _29622_/X
 _29623_/Y
 _29624_/X
 _29625_/X
 _29626_/Y
 _29627_/Y
 _29628_/X
 _29629_/Y
 _29630_/X
 _29631_/X
 _29632_/Y
 _29633_/X
 _29634_/X
 _29635_/Y
 _29636_/Y
 _29637_/X
 _29638_/Y
 _29639_/X
 _29640_/Y
 _29641_/X
 _29642_/X
 _29643_/Y
 _29644_/Y
 _29645_/Y
 _29646_/X
 _29647_/Y
 _29648_/Y
 _29649_/Y
 _29650_/Y
 _29651_/X
 _29652_/Y
 _29653_/X
 _29654_/Y
 _29655_/Y
 _29656_/Y
 _29657_/Y
 _29658_/Y
 _29659_/X
 _29660_/Y
 _29661_/X
 _29662_/X
 _29663_/X
 _29664_/X
 _29665_/Y
 _29666_/X
 _29667_/X
 _29668_/Y
 _29669_/X
 _29670_/X
 _29671_/X
 _29672_/Y
 _29673_/Y
 _29674_/Y
 _29675_/Y
 _29676_/Y
 _29677_/Y
 _29678_/Y
 _29679_/Y
 _29680_/Y
 _29681_/X
 _29682_/X
 _29683_/Y
 _29684_/Y
 _29685_/X
 _29686_/X
 _29687_/Y
 _29688_/X
 _29689_/X
 _29690_/Y
 _29691_/X
 _29692_/Y
 _29693_/Y
 _29694_/X
 _29695_/X
 _29696_/Y
 _29697_/X
 _29698_/X
 _29699_/X
 _29700_/X
 _29701_/X
 _29702_/Y
 _29703_/Y
 _29704_/Y
 _29705_/X
 _29706_/Y
 _29707_/X
 _29708_/Y
 _29709_/X
 _29710_/X
 _29711_/X
 _29712_/Y
 _29713_/Y
 _29714_/X
 _29715_/X
 _29716_/Y
 _29717_/X
 _29718_/Y
 _29719_/X
 _29720_/X
 _29721_/Y
 _29722_/X
 _29723_/X
 _29724_/Y
 _29725_/X
 _29726_/Y
 _29727_/Y
 _29728_/X
 _29729_/Y
 _29730_/X
 _29731_/Y
 _29732_/X
 _29733_/X
 _29734_/Y
 _29735_/X
 _29736_/Y
 _29737_/X
 _29738_/Y
 _29739_/Y
 _29740_/Y
 _29741_/X
 _29742_/X
 _29743_/Y
 _29744_/X
 _29745_/X
 _29746_/Y
 _29747_/X
 _29748_/Y
 _29749_/X
 _29750_/Y
 _29751_/Y
 _29752_/X
 _29753_/X
 _29754_/Y
 _29755_/X
 _29756_/Y
 _29757_/X
 _29758_/Y
 _29759_/X
 _29760_/Y
 _29761_/X
 _29762_/X
 _29763_/X
 _29764_/Y
 _29765_/X
 _29766_/X
 _29767_/Y
 _29768_/Y
 _29769_/X
 _29770_/Y
 _29771_/X
 _29772_/Y
 _29773_/X
 _29774_/X
 _29775_/Y
 _29776_/X
 _29777_/Y
 _29778_/Y
 _29779_/X
 _29780_/X
 _29781_/X
 _29782_/X
 _29783_/Y
 _29784_/X
 _29785_/Y
 _29786_/X
 _29787_/X
 _29788_/Y
 _29789_/X
 _29790_/X
 _29791_/Y
 _29792_/Y
 _29793_/Y
 _29794_/X
 _29795_/X
 _29796_/Y
 _29797_/X
 _29798_/Y
 _29799_/Y
 _29800_/X
 _29801_/Y
 _29802_/X
 _29803_/X
 _29804_/Y
 _29805_/X
 _29806_/Y
 _29807_/X
 _29808_/Y
 _29809_/X
 _29810_/Y
 _29811_/X
 _29812_/Y
 _29813_/Y
 _29814_/X
 _29815_/X
 _29816_/Y
 _29817_/X
 _29818_/Y
 _29819_/Y
 _29820_/X
 _29821_/X
 _29822_/Y
 _29823_/X
 _29824_/X
 _29825_/Y
 _29826_/X
 _29827_/Y
 _29828_/X
 _29829_/X
 _29830_/X
 _29831_/X
 _29832_/Y
 _29833_/X
 _29834_/Y
 _29835_/X
 _29836_/Y
 _29837_/X
 _29838_/X
 _29839_/Y
 _29840_/X
 _29841_/Y
 _29842_/X
 _29843_/Y
 _29844_/Y
 _29845_/X
 _29846_/Y
 _29847_/X
 _29848_/Y
 _29849_/X
 _29850_/X
 _29851_/X
 _29852_/Y
 _29853_/X
 _29854_/X
 _29855_/X
 _29856_/X
 _29857_/Y
 _29858_/X
 _29859_/X
 _29860_/X
 _29861_/Y
 _29862_/X
 _29863_/X
 _29864_/X
 _29865_/Y
 _29866_/X
 _29867_/X
 _29868_/X
 _29869_/Y
 _29870_/X
 _29871_/X
 _29872_/Y
 _29873_/X
 _29874_/Y
 _29875_/X
 _29876_/X
 _29877_/X
 _29878_/Y
 _29879_/X
 _29880_/Y
 _29881_/X
 _29882_/X
 _29883_/Y
 _29884_/X
 _29885_/Y
 _29886_/X
 _29887_/Y
 _29888_/X
 _29889_/Y
 _29890_/X
 _29891_/X
 _29892_/Y
 _29893_/X
 _29894_/Y
 _29895_/Y
 _29896_/X
 _29897_/Y
 _29898_/X
 _29899_/Y
 _29900_/Y
 _29901_/X
 _29902_/X
 _29903_/X
 _29904_/Y
 _29905_/X
 _29906_/Y
 _29907_/Y
 _29908_/X
 _29909_/X
 _29910_/X
 _29911_/Y
 _29912_/X
 _29913_/X
 _29914_/Y
 _29915_/X
 _29916_/Y
 _29917_/X
 _29918_/Y
 _29919_/Y
 _29920_/X
 _29921_/Y
 _29922_/X
 _29923_/Y
 _29924_/Y
 _29925_/X
 _29926_/Y
 _29927_/X
 _29928_/X
 _29929_/X
 _29930_/X
 _29931_/X
 _29932_/X
 _29933_/X
 _29934_/X
 _29935_/Y
 _29936_/X
 _29937_/X
 _29938_/X
 _29939_/X
 _29940_/X
 _29941_/X
 _29942_/Y
 _29943_/X
 _29944_/X
 _29945_/X
 _29946_/Y
 _29947_/X
 _29948_/Y
 _29949_/X
 _29950_/X
 _29951_/X
 _29952_/Y
 _29953_/X
 _29954_/Y
 _29955_/X
 _29956_/Y
 _29957_/X
 _29958_/X
 _29959_/X
 _29960_/Y
 _29961_/Y
 _29962_/Y
 _29963_/X
 _29964_/Y
 _29965_/X
 _29966_/Y
 _29967_/X
 _29968_/Y
 _29969_/X
 _29970_/Y
 _29971_/X
 _29972_/X
 _29973_/Y
 _29974_/Y
 _29975_/X
 _29976_/X
 _29977_/Y
 _29978_/X
 _29979_/Y
 _29980_/X
 _29981_/Y
 _29982_/X
 _29983_/Y
 _29984_/Y
 _29985_/X
 _29986_/Y
 _29987_/Y
 _29988_/X
 _29989_/Y
 _29990_/X
 _29991_/X
 _29992_/Y
 _29993_/Y
 _29994_/X
 _29995_/Y
 _29996_/X
 _29997_/X
 _29998_/X
 _29999_/Y
 _30000_/X
 _30001_/X
 _30002_/X
 _30003_/X
 _30004_/X
 _30005_/Y
 _30006_/X
 _30007_/X
 _30008_/Y
 _30009_/Y
 _30010_/X
 _30011_/X
 _30012_/X
 _30013_/Y
 _30014_/X
 _30015_/X
 _30016_/Y
 _30017_/Y
 _30018_/X
 _30019_/Y
 _30020_/Y
 _30021_/Y
 _30022_/X
 _30023_/X
 _30024_/Y
 _30025_/X
 _30026_/X
 _30027_/Y
 _30028_/Y
 _30029_/X
 _30030_/Y
 _30031_/Y
 _30032_/X
 _30033_/Y
 _30034_/Y
 _30035_/X
 _30036_/Y
 _30037_/X
 _30038_/X
 _30039_/Y
 _30040_/Y
 _30041_/Y
 _30042_/X
 _30043_/X
 _30044_/Y
 _30045_/X
 _30046_/Y
 _30047_/Y
 _30048_/X
 _30049_/Y
 _30050_/Y
 _30051_/X
 _30052_/Y
 _30053_/Y
 _30054_/Y
 _30055_/X
 _30056_/Y
 _30057_/X
 _30058_/Y
 _30059_/X
 _30060_/X
 _30061_/X
 _30062_/X
 _30063_/Y
 _30064_/Y
 _30065_/X
 _30066_/Y
 _30067_/Y
 _30068_/Y
 _30069_/X
 _30070_/X
 _30071_/X
 _30072_/Y
 _30073_/X
 _30074_/X
 _30075_/X
 _30076_/Y
 _30077_/X
 _30078_/X
 _30079_/X
 _30080_/X
 _30081_/Y
 _30082_/X
 _30083_/Y
 _30084_/Y
 _30085_/Y
 _30086_/X
 _30087_/Y
 _30088_/Y
 _30089_/Y
 _30090_/Y
 _30091_/X
 _30092_/Y
 _30093_/X
 _30094_/X
 _30095_/X
 _30096_/Y
 _30097_/X
 _30098_/X
 _30099_/Y
 _30100_/X
 _30101_/Y
 _30102_/Y
 _30103_/X
 _30104_/Y
 _30105_/Y
 _30106_/X
 _30107_/Y
 _30108_/X
 _30109_/Y
 _30110_/X
 _30111_/X
 _30112_/X
 _30113_/X
 _30114_/Y
 _30115_/X
 _30116_/X
 _30117_/X
 _30118_/X
 _30119_/Y
 _30120_/Y
 _30121_/Y
 _30122_/Y
 _30123_/X
 _30124_/Y
 _30125_/Y
 _30126_/Y
 _30127_/Y
 _30128_/X
 _30129_/Y
 _30130_/X
 _30131_/Y
 _30132_/X
 _30133_/Y
 _30134_/X
 _30135_/Y
 _30136_/Y
 _30137_/X
 _30138_/Y
 _30139_/Y
 _30140_/X
 _30141_/Y
 _30142_/X
 _30143_/X
 _30144_/Y
 _30145_/Y
 _30146_/X
 _30147_/Y
 _30148_/Y
 _30149_/X
 _30150_/Y
 _30151_/Y
 _30152_/X
 _30153_/Y
 _30154_/X
 _30155_/Y
 _30156_/Y
 _30157_/Y
 _30158_/Y
 _30159_/X
 _30160_/Y
 _30161_/Y
 _30162_/X
 _30163_/Y
 _30164_/X
 _30165_/Y
 _30166_/Y
 _30167_/X
 _30168_/X
 _30169_/Y
 _30170_/Y
 _30171_/X
 _30172_/Y
 _30173_/X
 _30174_/X
 _30175_/X
 _30176_/Y
 _30177_/X
 _30178_/X
 _30179_/X
 _30180_/Y
 _30181_/X
 _30182_/Y
 _30183_/X
 _30184_/Y
 _30185_/X
 _30186_/Y
 _30187_/X
 _30188_/Y
 _30189_/Y
 _30190_/Y
 _30191_/X
 _30192_/Y
 _30193_/X
 _30194_/X
 _30195_/X
 _30196_/X
 _30197_/X
 _30198_/Y
 _30199_/Y
 _30200_/X
 _30201_/Y
 _30202_/Y
 _30203_/X
 _30204_/Y
 _30205_/X
 _30206_/X
 _30207_/X
 _30208_/X
 _30209_/Y
 _30210_/Y
 _30211_/Y
 _30212_/Y
 _30213_/X
 _30214_/Y
 _30215_/X
 _30216_/X
 _30217_/Y
 _30218_/X
 _30219_/Y
 _30220_/X
 _30221_/X
 _30222_/X
 _30223_/Y
 _30224_/X
 _30225_/Y
 _30226_/X
 _30227_/X
 _30228_/Y
 _30229_/Y
 _30230_/Y
 _30231_/Y
 _30232_/Y
 _30233_/X
 _30234_/X
 _30235_/Y
 _30236_/X
 _30237_/Y
 _30238_/Y
 _30239_/Y
 _30240_/X
 _30241_/X
 _30242_/Y
 _30243_/Y
 _30244_/X
 _30245_/X
 _30246_/X
 _30247_/Y
 _30248_/Y
 _30249_/Y
 _30250_/X
 _30251_/Y
 _30252_/Y
 _30253_/X
 _30254_/X
 _30255_/Y
 _30256_/X
 _30257_/X
 _30258_/Y
 _30259_/X
 _30260_/X
 _30261_/X
 _30262_/X
 _30263_/X
 _30264_/Y
 _30265_/Y
 _30266_/X
 _30267_/Y
 _30268_/Y
 _30269_/Y
 _30270_/X
 _30271_/Y
 _30272_/Y
 _30273_/X
 _30274_/X
 _30275_/Y
 _30276_/X
 _30277_/Y
 _30278_/Y
 _30279_/Y
 _30280_/X
 _30281_/Y
 _30282_/X
 _30283_/X
 _30284_/Y
 _30285_/X
 _30286_/X
 _30287_/Y
 _30288_/Y
 _30289_/X
 _30290_/Y
 _30291_/Y
 _30292_/Y
 _30293_/X
 _30294_/X
 _30295_/X
 _30296_/X
 _30297_/Y
 _30298_/X
 _30299_/X
 _30300_/X
 _30301_/X
 _30302_/Y
 _30303_/Y
 _30304_/X
 _30305_/Y
 _30306_/X
 _30307_/X
 _30308_/Y
 _30309_/X
 _30310_/Y
 _30311_/Y
 _30312_/Y
 _30313_/Y
 _30314_/X
 _30315_/Y
 _30316_/X
 _30317_/X
 _30318_/Y
 _30319_/Y
 _30320_/Y
 _30321_/X
 _30322_/Y
 _30323_/X
 _30324_/Y
 _30325_/X
 _30326_/Y
 _30327_/X
 _30328_/Y
 _30329_/Y
 _30330_/X
 _30331_/X
 _30332_/Y
 _30333_/X
 _30334_/X
 _30335_/Y
 _30336_/X
 _30337_/X
 _30338_/Y
 _30339_/Y
 _30340_/X
 _30341_/Y
 _30342_/Y
 _30343_/Y
 _30344_/Y
 _30345_/Y
 _30346_/Y
 _30347_/Y
 _30348_/Y
 _30349_/X
 _30350_/X
 _30351_/Y
 _30352_/Y
 _30353_/X
 _30354_/X
 _30355_/Y
 _30356_/Y
 _30357_/X
 _30358_/Y
 _30359_/X
 _30360_/X
 _30361_/Y
 _30362_/Y
 _30363_/X
 _30364_/Y
 _30365_/Y
 _30366_/X
 _30367_/Y
 _30368_/X
 _30369_/Y
 _30370_/X
 _30371_/Y
 _30372_/Y
 _30373_/Y
 _30374_/Y
 _30375_/X
 _30376_/Y
 _30377_/X
 _30378_/Y
 _30379_/X
 _30380_/Y
 _30381_/Y
 _30382_/X
 _30383_/Y
 _30384_/X
 _30385_/Y
 _30386_/X
 _30387_/X
 _30388_/Y
 _30389_/Y
 _30390_/X
 _30391_/Y
 _30392_/Y
 _30393_/Y
 _30394_/Y
 _30395_/Y
 _30396_/X
 _30397_/X
 _30398_/Y
 _30399_/X
 _30400_/X
 _30401_/Y
 _30402_/X
 _30403_/Y
 _30404_/Y
 _30405_/X
 _30406_/X
 _30407_/Y
 _30408_/Y
 _30409_/X
 _30410_/Y
 _30411_/Y
 _30412_/Y
 _30413_/X
 _30414_/Y
 _30415_/X
 _30416_/X
 _30417_/X
 _30418_/Y
 _30419_/X
 _30420_/X
 _30421_/Y
 _30422_/Y
 _30423_/X
 _30424_/X
 _30425_/X
 _30426_/Y
 _30427_/Y
 _30428_/Y
 _30429_/X
 _30430_/X
 _30431_/X
 _30432_/Y
 _30433_/X
 _30434_/X
 _30435_/X
 _30436_/Y
 _30437_/X
 _30438_/Y
 _30439_/X
 _30440_/Y
 _30441_/Y
 _30442_/X
 _30443_/Y
 _30444_/Y
 _30445_/Y
 _30446_/X
 _30447_/Y
 _30448_/X
 _30449_/Y
 _30450_/X
 _30451_/X
 _30452_/Y
 _30453_/X
 _30454_/X
 _30455_/Y
 _30456_/Y
 _30457_/X
 _30458_/Y
 _30459_/Y
 _30460_/Y
 _30461_/X
 _30462_/Y
 _30463_/Y
 _30464_/Y
 _30465_/Y
 _30466_/X
 _30467_/X
 _30468_/X
 _30469_/X
 _30470_/Y
 _30471_/X
 _30472_/X
 _30473_/Y
 _30474_/Y
 _30475_/X
 _30476_/Y
 _30477_/X
 _30478_/X
 _30479_/Y
 _30480_/X
 _30481_/Y
 _30482_/X
 _30483_/X
 _30484_/X
 _30485_/Y
 _30486_/Y
 _30487_/Y
 _30488_/X
 _30489_/X
 _30490_/Y
 _30491_/Y
 _30492_/Y
 _30493_/Y
 _30494_/Y
 _30495_/Y
 _30496_/Y
 _30497_/Y
 _30498_/X
 _30499_/Y
 _30500_/Y
 _30501_/X
 _30502_/Y
 _30503_/Y
 _30504_/X
 _30505_/Y
 _30506_/Y
 _30507_/X
 _30508_/Y
 _30509_/X
 _30510_/Y
 _30511_/Y
 _30512_/Y
 _30513_/Y
 _30514_/X
 _30515_/Y
 _30516_/X
 _30517_/X
 _30518_/Y
 _30519_/Y
 _30520_/Y
 _30521_/X
 _30522_/X
 _30523_/X
 _30524_/X
 _30525_/X
 _30526_/Y
 _30527_/X
 _30528_/X
 _30529_/Y
 _30530_/Y
 _30531_/X
 _30532_/X
 _30533_/X
 _30534_/Y
 _30535_/Y
 _30536_/X
 _30537_/Y
 _30538_/Y
 _30539_/Y
 _30540_/X
 _30541_/Y
 _30542_/Y
 _30543_/X
 _30544_/Y
 _30545_/X
 _30546_/Y
 _30547_/X
 _30548_/X
 _30549_/Y
 _30550_/X
 _30551_/X
 _30552_/Y
 _30553_/X
 _30554_/Y
 _30555_/Y
 _30556_/Y
 _30557_/X
 _30558_/Y
 _30559_/X
 _30560_/Y
 _30561_/Y
 _30562_/Y
 _30563_/X
 _30564_/Y
 _30565_/Y
 _30566_/X
 _30567_/X
 _30568_/X
 _30569_/Y
 _30570_/X
 _30571_/X
 _30572_/X
 _30573_/X
 _30574_/Y
 _30575_/Y
 _30576_/X
 _30577_/X
 _30578_/X
 _30579_/X
 _30580_/Y
 _30581_/X
 _30582_/Y
 _30583_/Y
 _30584_/Y
 _30585_/Y
 _30586_/Y
 _30587_/Y
 _30588_/Y
 _30589_/Y
 _30590_/X
 _30591_/Y
 _30592_/X
 _30593_/X
 _30594_/X
 _30595_/Y
 _30596_/Y
 _30597_/X
 _30598_/Y
 _30599_/Y
 _30600_/X
 _30601_/Y
 _30602_/Y
 _30603_/Y
 _30604_/X
 _30605_/Y
 _30606_/X
 _30607_/X
 _30608_/X
 _30609_/X
 _30610_/X
 _30611_/X
 _30612_/X
 _30613_/Y
 _30614_/X
 _30615_/Y
 _30616_/Y
 _30617_/Y
 _30618_/Y
 _30619_/Y
 _30620_/Y
 _30621_/X
 _30622_/Y
 _30623_/X
 _30624_/Y
 _30625_/X
 _30626_/Y
 _30627_/Y
 _30628_/X
 _30629_/X
 _30630_/X
 _30631_/X
 _30632_/X
 _30633_/X
 _30634_/Y
 _30635_/Y
 _30636_/Y
 _30637_/Y
 _30638_/X
 _30639_/X
 _30640_/Y
 _30641_/Y
 _30642_/X
 _30643_/Y
 _30644_/X
 _30645_/X
 _30646_/Y
 _30647_/Y
 _30648_/Y
 _30649_/X
 _30650_/Y
 _30651_/Y
 _30652_/X
 _30653_/Y
 _30654_/X
 _30655_/X
 _30656_/Y
 _30657_/X
 _30658_/X
 _30659_/Y
 _30660_/Y
 _30661_/X
 _30662_/X
 _30663_/X
 _30664_/Y
 _30665_/Y
 _30666_/Y
 _30667_/X
 _30668_/Y
 _30669_/X
 _30670_/X
 _30671_/Y
 _30672_/X
 _30673_/Y
 _30674_/X
 _30675_/Y
 _30676_/Y
 _30677_/X
 _30678_/X
 _30679_/Y
 _30680_/X
 _30681_/Y
 _30682_/Y
 _30683_/Y
 _30684_/Y
 _30685_/X
 _30686_/Y
 _30687_/Y
 _30688_/Y
 _30689_/X
 _30690_/X
 _30691_/X
 _30692_/Y
 _30693_/Y
 _30694_/X
 _30695_/Y
 _30696_/Y
 _30697_/X
 _30698_/Y
 _30699_/Y
 _30700_/Y
 _30701_/Y
 _30702_/Y
 _30703_/X
 _30704_/Y
 _30705_/X
 _30706_/Y
 _30707_/X
 _30708_/Y
 _30709_/Y
 _30710_/Y
 _30711_/X
 _30712_/X
 _30713_/X
 _30714_/X
 _30715_/Y
 _30716_/Y
 _30717_/X
 _30718_/Y
 _30719_/Y
 _30720_/X
 _30721_/X
 _30722_/Y
 _30723_/Y
 _30724_/X
 _30725_/Y
 _30726_/Y
 _30727_/Y
 _30728_/X
 _30729_/Y
 _30730_/Y
 _30731_/Y
 _30732_/X
 _30733_/X
 _30734_/X
 _30735_/Y
 _30736_/X
 _30737_/X
 _30738_/X
 _30739_/Y
 _30740_/X
 _30741_/Y
 _30742_/Y
 _30743_/X
 _30744_/X
 _30745_/X
 _30746_/Y
 _30747_/Y
 _30748_/Y
 _30749_/Y
 _30750_/X
 _30751_/Y
 _30752_/Y
 _30753_/X
 _30754_/Y
 _30755_/Y
 _30756_/Y
 _30757_/Y
 _30758_/X
 _30759_/X
 _30760_/X
 _30761_/X
 _30762_/Y
 _30763_/Y
 _30764_/Y
 _30765_/X
 _30766_/X
 _30767_/Y
 _30768_/X
 _30769_/Y
 _30770_/X
 _30771_/Y
 _30772_/Y
 _30773_/Y
 _30774_/X
 _30775_/X
 _30776_/Y
 _30777_/X
 _30778_/Y
 _30779_/X
 _30780_/Y
 _30781_/Y
 _30782_/X
 _30783_/Y
 _30784_/Y
 _30785_/X
 _30786_/X
 _30787_/X
 _30788_/Y
 _30789_/X
 _30790_/Y
 _30791_/X
 _30792_/X
 _30793_/X
 _30794_/Y
 _30795_/Y
 _30796_/Y
 _30797_/X
 _30798_/X
 _30799_/Y
 _30800_/X
 _30801_/Y
 _30802_/Y
 _30803_/Y
 _30804_/Y
 _30805_/Y
 _30806_/X
 _30807_/Y
 _30808_/X
 _30809_/X
 _30810_/X
 _30811_/Y
 _30812_/Y
 _30813_/X
 _30814_/Y
 _30815_/Y
 _30816_/Y
 _30817_/Y
 _30818_/X
 _30819_/Y
 _30820_/Y
 _30821_/Y
 _30822_/X
 _30823_/Y
 _30824_/Y
 _30825_/X
 _30826_/X
 _30827_/Y
 _30828_/Y
 _30829_/X
 _30830_/X
 _30831_/X
 _30832_/X
 _30833_/Y
 _30834_/X
 _30835_/Y
 _30836_/X
 _30837_/X
 _30838_/X
 _30839_/Y
 _30840_/X
 _30841_/Y
 _30842_/X
 _30843_/Y
 _30844_/Y
 _30845_/Y
 _30846_/Y
 _30847_/Y
 _30848_/Y
 _30849_/X
 _30850_/X
 _30851_/Y
 _30852_/X
 _30853_/Y
 _30854_/X
 _30855_/Y
 _30856_/Y
 _30857_/X
 _30858_/Y
 _30859_/Y
 _30860_/Y
 _30861_/X
 _30862_/Y
 _30863_/X
 _30864_/X
 _30865_/Y
 _30866_/X
 _30867_/Y
 _30868_/Y
 _30869_/X
 _30870_/X
 _30871_/Y
 _30872_/Y
 _30873_/Y
 _30874_/X
 _30875_/X
 _30876_/Y
 _30877_/X
 _30878_/Y
 _30879_/X
 _30880_/X
 _30881_/Y
 _30882_/X
 _30883_/Y
 _30884_/Y
 _30885_/Y
 _30886_/X
 _30887_/Y
 _30888_/X
 _30889_/X
 _30890_/Y
 _30891_/X
 _30892_/Y
 _30893_/Y
 _30894_/X
 _30895_/Y
 _30896_/X
 _30897_/X
 _30898_/X
 _30899_/X
 _30900_/X
 _30901_/X
 _30902_/Y
 _30903_/X
 _30904_/X
 _30905_/Y
 _30906_/X
 _30907_/Y
 _30908_/Y
 _30909_/X
 _30910_/X
 _30911_/X
 _30912_/Y
 _30913_/X
 _30914_/X
 _30915_/X
 _30916_/X
 _30917_/X
 _30918_/Y
 _30919_/Y
 _30920_/Y
 _30921_/X
 _30922_/X
 _30923_/Y
 _30924_/X
 _30925_/Y
 _30926_/X
 _30927_/X
 _30928_/Y
 _30929_/X
 _30930_/Y
 _30931_/X
 _30932_/Y
 _30933_/X
 _30934_/Y
 _30935_/X
 _30936_/X
 _30937_/Y
 _30938_/X
 _30939_/Y
 _30940_/Y
 _30941_/X
 _30942_/Y
 _30943_/X
 _30944_/Y
 _30945_/Y
 _30946_/Y
 _30947_/X
 _30948_/X
 _30949_/X
 _30950_/X
 _30951_/X
 _30952_/Y
 _30953_/X
 _30954_/X
 _30955_/X
 _30956_/Y
 _30957_/X
 _30958_/Y
 _30959_/Y
 _30960_/X
 _30961_/X
 _30962_/Y
 _30963_/Y
 _30964_/Y
 _30965_/Y
 _30966_/X
 _30967_/Y
 _30968_/X
 _30969_/Y
 _30970_/X
 _30971_/X
 _30972_/Y
 _30973_/Y
 _30974_/X
 _30975_/X
 _30976_/Y
 _30977_/Y
 _30978_/X
 _30979_/Y
 _30980_/X
 _30981_/Y
 _30982_/X
 _30983_/X
 _30984_/X
 _30985_/Y
 _30986_/X
 _30987_/Y
 _30988_/X
 _30989_/Y
 _30990_/X
 _30991_/X
 _30992_/X
 _30993_/Y
 _30994_/X
 _30995_/X
 _30996_/X
 _30997_/Y
 _30998_/X
 _30999_/X
 _31000_/X
 _31001_/X
 _31002_/Y
 _31003_/X
 _31004_/X
 _31005_/Y
 _31006_/X
 _31007_/Y
 _31008_/X
 _31009_/Y
 _31010_/X
 _31011_/Y
 _31012_/Y
 _31013_/Y
 _31014_/X
 _31015_/Y
 _31016_/X
 _31017_/Y
 _31018_/X
 _31019_/Y
 _31020_/Y
 _31021_/X
 _31022_/X
 _31023_/X
 _31024_/Y
 _31025_/Y
 _31026_/Y
 _31027_/Y
 _31028_/X
 _31029_/Y
 _31030_/X
 _31031_/Y
 _31032_/X
 _31033_/Y
 _31034_/X
 _31035_/Y
 _31036_/X
 _31037_/Y
 _31038_/Y
 _31039_/X
 _31040_/X
 _31041_/X
 _31042_/X
 _31043_/Y
 _31044_/X
 _31045_/X
 _31046_/X
 _31047_/X
 _31048_/X
 _31049_/X
 _31050_/Y
 _31051_/X
 _31052_/Y
 _31053_/X
 _31054_/Y
 _31055_/X
 _31056_/X
 _31057_/Y
 _31058_/X
 _31059_/Y
 _31060_/X
 _31061_/Y
 _31062_/X
 _31063_/Y
 _31064_/X
 _31065_/X
 _31066_/Y
 _31067_/X
 _31068_/X
 _31069_/Y
 _31070_/X
 _31071_/Y
 _31072_/Y
 _31073_/X
 _31074_/Y
 _31075_/X
 _31076_/X
 _31077_/X
 _31078_/X
 _31079_/Y
 _31080_/X
 _31081_/Y
 _31082_/X
 _31083_/X
 _31084_/X
 _31085_/Y
 _31086_/X
 _31087_/Y
 _31088_/Y
 _31089_/X
 _31090_/X
 _31091_/Y
 _31092_/X
 _31093_/X
 _31094_/Y
 _31095_/X
 _31096_/X
 _31097_/Y
 _31098_/Y
 _31099_/X
 _31100_/Y
 _31101_/X
 _31102_/Y
 _31103_/X
 _31104_/X
 _31105_/X
 _31106_/Y
 _31107_/X
 _31108_/Y
 _31109_/Y
 _31110_/X
 _31111_/Y
 _31112_/X
 _31113_/X
 _31114_/Y
 _31115_/X
 _31116_/Y
 _31117_/X
 _31118_/Y
 _31119_/X
 _31120_/Y
 _31121_/X
 _31122_/Y
 _31123_/Y
 _31124_/X
 _31125_/Y
 _31126_/Y
 _31127_/X
 _31128_/Y
 _31129_/X
 _31130_/X
 _31131_/Y
 _31132_/X
 _31133_/X
 _31134_/Y
 _31135_/Y
 _31136_/X
 _31137_/Y
 _31138_/Y
 _31139_/X
 _31140_/Y
 _31141_/Y
 _31142_/Y
 _31143_/X
 _31144_/X
 _31145_/Y
 _31146_/X
 _31147_/Y
 _31148_/Y
 _31149_/X
 _31150_/Y
 _31151_/X
 _31152_/X
 _31153_/Y
 _31154_/X
 _31155_/Y
 _31156_/X
 _31157_/Y
 _31158_/Y
 _31159_/Y
 _31160_/Y
 _31161_/X
 _31162_/X
 _31163_/Y
 _31164_/Y
 _31165_/X
 _31166_/Y
 _31167_/X
 _31168_/Y
 _31169_/X
 _31170_/X
 _31171_/Y
 _31172_/Y
 _31173_/X
 _31174_/Y
 _31175_/X
 _31176_/X
 _31177_/Y
 _31178_/X
 _31179_/X
 _31180_/Y
 _31181_/Y
 _31182_/X
 _31183_/X
 _31184_/Y
 _31185_/X
 _31186_/Y
 _31187_/Y
 _31188_/X
 _31189_/X
 _31190_/Y
 _31191_/Y
 _31192_/X
 _31193_/Y
 _31194_/X
 _31195_/Y
 _31196_/Y
 _31197_/Y
 _31198_/X
 _31199_/Y
 _31200_/X
 _31201_/Y
 _31202_/X
 _31203_/Y
 _31204_/X
 _31205_/Y
 _31206_/X
 _31207_/Y
 _31208_/X
 _31209_/Y
 _31210_/X
 _31211_/Y
 _31212_/X
 _31213_/X
 _31214_/X
 _31215_/Y
 _31216_/X
 _31217_/Y
 _31218_/X
 _31219_/Y
 _31220_/Y
 _31221_/X
 _31222_/Y
 _31223_/Y
 _31224_/X
 _31225_/Y
 _31226_/X
 _31227_/Y
 _31228_/X
 _31229_/Y
 _31230_/X
 _31231_/Y
 _31232_/X
 _31233_/X
 _31234_/X
 _31235_/Y
 _31236_/X
 _31237_/Y
 _31238_/X
 _31239_/X
 _31240_/X
 _31241_/X
 _31242_/X
 _31243_/X
 _31244_/X
 _31245_/Y
 _31246_/Y
 _31247_/X
 _31248_/X
 _31249_/Y
 _31250_/Y
 _31251_/X
 _31252_/Y
 _31253_/Y
 _31254_/Y
 _31255_/X
 _31256_/X
 _31257_/Y
 _31258_/Y
 _31259_/X
 _31260_/Y
 _31261_/X
 _31262_/Y
 _31263_/X
 _31264_/Y
 _31265_/Y
 _31266_/X
 _31267_/X
 _31268_/X
 _31269_/Y
 _31270_/X
 _31271_/Y
 _31272_/Y
 _31273_/Y
 _31274_/X
 _31275_/Y
 _31276_/Y
 _31277_/X
 _31278_/Y
 _31279_/X
 _31280_/X
 _31281_/X
 _31282_/Y
 _31283_/Y
 _31284_/Y
 _31285_/Y
 _31286_/X
 _31287_/X
 _31288_/X
 _31289_/X
 _31290_/X
 _31291_/X
 _31292_/Y
 _31293_/X
 _31294_/X
 _31295_/X
 _31296_/X
 _31297_/X
 _31298_/X
 _31299_/Y
 _31300_/X
 _31301_/X
 _31302_/X
 _31303_/X
 _31304_/Y
 _31305_/X
 _31306_/X
 _31307_/Y
 _31308_/X
 _31309_/X
 _31310_/Y
 _31311_/X
 _31312_/Y
 _31313_/X
 _31314_/X
 _31315_/Y
 _31316_/X
 _31317_/Y
 _31318_/Y
 _31319_/X
 _31320_/X
 _31321_/Y
 _31322_/Y
 _31323_/X
 _31324_/Y
 _31325_/X
 _31326_/X
 _31327_/X
 _31328_/Y
 _31329_/Y
 _31330_/X
 _31331_/Y
 _31332_/Y
 _31333_/Y
 _31334_/X
 _31335_/Y
 _31336_/Y
 _31337_/X
 _31338_/X
 _31339_/Y
 _31340_/Y
 _31341_/X
 _31342_/X
 _31343_/X
 _31344_/Y
 _31345_/X
 _31346_/X
 _31347_/Y
 _31348_/X
 _31349_/X
 _31350_/X
 _31351_/Y
 _31352_/Y
 _31353_/Y
 _31354_/X
 _31355_/X
 _31356_/X
 _31357_/X
 _31358_/Y
 _31359_/Y
 _31360_/X
 _31361_/Y
 _31362_/X
 _31363_/X
 _31364_/Y
 _31365_/Y
 _31366_/Y
 _31367_/X
 _31368_/X
 _31369_/X
 _31370_/X
 _31371_/Y
 _31372_/Y
 _31373_/X
 _31374_/Y
 _31375_/X
 _31376_/X
 _31377_/Y
 _31378_/X
 _31379_/Y
 _31380_/X
 _31381_/X
 _31382_/Y
 _31383_/X
 _31384_/Y
 _31385_/Y
 _31386_/Y
 _31387_/X
 _31388_/Y
 _31389_/Y
 _31390_/Y
 _31391_/Y
 _31392_/X
 _31393_/Y
 _31394_/Y
 _31395_/X
 _31396_/Y
 _31397_/Y
 _31398_/Y
 _31399_/Y
 _31400_/Y
 _31401_/X
 _31402_/Y
 _31403_/X
 _31404_/X
 _31405_/X
 _31406_/Y
 _31407_/X
 _31408_/Y
 _31409_/X
 _31410_/Y
 _31411_/Y
 _31412_/Y
 _31413_/Y
 _31414_/X
 _31415_/X
 _31416_/Y
 _31417_/Y
 _31418_/Y
 _31419_/X
 _31420_/Y
 _31421_/Y
 _31422_/Y
 _31423_/X
 _31424_/X
 _31425_/X
 _31426_/Y
 _31427_/Y
 _31428_/Y
 _31429_/X
 _31430_/Y
 _31431_/X
 _31432_/X
 _31433_/X
 _31434_/Y
 _31435_/Y
 _31436_/X
 _31437_/Y
 _31438_/X
 _31439_/X
 _31440_/Y
 _31441_/Y
 _31442_/X
 _31443_/Y
 _31444_/X
 _31445_/Y
 _31446_/X
 _31447_/X
 _31448_/X
 _31449_/Y
 _31450_/Y
 _31451_/X
 _31452_/X
 _31453_/Y
 _31454_/X
 _31455_/X
 _31456_/Y
 _31457_/X
 _31458_/Y
 _31459_/Y
 _31460_/Y
 _31461_/X
 _31462_/X
 _31463_/Y
 _31464_/X
 _31465_/X
 _31466_/X
 _31467_/Y
 _31468_/X
 _31469_/X
 _31470_/Y
 _31471_/X
 _31472_/X
 _31473_/X
 _31474_/Y
 _31475_/X
 _31476_/X
 _31477_/X
 _31478_/X
 _31479_/X
 _31480_/X
 _31481_/X
 _31482_/X
 _31483_/Y
 _31484_/X
 _31485_/X
 _31486_/X
 _31487_/X
 _31488_/Y
 _31489_/Y
 _31490_/X
 _31491_/Y
 _31492_/X
 _31493_/Y
 _31494_/X
 _31495_/Y
 _31496_/X
 _31497_/Y
 _31498_/Y
 _31499_/Y
 _31500_/X
 _31501_/Y
 _31502_/Y
 _31503_/Y
 _31504_/X
 _31505_/X
 _31506_/Y
 _31507_/X
 _31508_/X
 _31509_/X
 _31510_/Y
 _31511_/Y
 _31512_/Y
 _31513_/X
 _31514_/X
 _31515_/X
 _31516_/X
 _31517_/X
 _31518_/Y
 _31519_/Y
 _31520_/Y
 _31521_/Y
 _31522_/Y
 _31523_/Y
 _31524_/Y
 _31525_/Y
 _31526_/X
 _31527_/Y
 _31528_/X
 _31529_/Y
 _31530_/Y
 _31531_/Y
 _31532_/Y
 _31533_/X
 _31534_/Y
 _31535_/Y
 _31536_/X
 _31537_/Y
 _31538_/Y
 _31539_/X
 _31540_/X
 _31541_/Y
 _31542_/X
 _31543_/Y
 _31544_/X
 _31545_/Y
 _31546_/Y
 _31547_/X
 _31548_/Y
 _31549_/X
 _31550_/X
 _31551_/Y
 _31552_/Y
 _31553_/X
 _31554_/Y
 _31555_/Y
 _31556_/Y
 _31557_/Y
 _31558_/X
 _31559_/Y
 _31560_/X
 _31561_/Y
 _31562_/X
 _31563_/Y
 _31564_/Y
 _31565_/X
 _31566_/X
 _31567_/X
 _31568_/Y
 _31569_/Y
 _31570_/X
 _31571_/Y
 _31572_/Y
 _31573_/Y
 _31574_/Y
 _31575_/X
 _31576_/Y
 _31577_/X
 _31578_/Y
 _31579_/X
 _31580_/Y
 _31581_/Y
 _31582_/X
 _31583_/X
 _31584_/Y
 _31585_/Y
 _31586_/Y
 _31587_/Y
 _31588_/X
 _31589_/Y
 _31590_/Y
 _31591_/X
 _31592_/Y
 _31593_/X
 _31594_/Y
 _31595_/Y
 _31596_/Y
 _31597_/X
 _31598_/Y
 _31599_/Y
 _31600_/X
 _31601_/X
 _31602_/X
 _31603_/Y
 _31604_/X
 _31605_/Y
 _31606_/Y
 _31607_/X
 _31608_/Y
 _31609_/Y
 _31610_/X
 _31611_/X
 _31612_/Y
 _31613_/Y
 _31614_/Y
 _31615_/X
 _31616_/X
 _31617_/Y
 _31618_/Y
 _31619_/X
 _31620_/Y
 _31621_/X
 _31622_/Y
 _31623_/Y
 _31624_/X
 _31625_/Y
 _31626_/Y
 _31627_/Y
 _31628_/X
 _31629_/Y
 _31630_/Y
 _31631_/Y
 _31632_/Y
 _31633_/X
 _31634_/Y
 _31635_/Y
 _31636_/Y
 _31637_/Y
 _31638_/Y
 _31639_/X
 _31640_/X
 _31641_/Y
 _31642_/Y
 _31643_/Y
 _31644_/Y
 _31645_/X
 _31646_/Y
 _31647_/Y
 _31648_/Y
 _31649_/Y
 _31650_/Y
 _31651_/X
 _31652_/X
 _31653_/Y
 _31654_/X
 _31655_/X
 _31656_/X
 _31657_/X
 _31658_/X
 _31659_/X
 _31660_/Y
 _31661_/Y
 _31662_/X
 _31663_/Y
 _31664_/X
 _31665_/X
 _31666_/Y
 _31667_/Y
 _31668_/Y
 _31669_/Y
 _31670_/Y
 _31671_/X
 _31672_/X
 _31673_/Y
 _31674_/Y
 _31675_/Y
 _31676_/Y
 _31677_/Y
 _31678_/Y
 _31679_/Y
 _31680_/Y
 _31681_/Y
 _31682_/Y
 _31683_/X
 _31684_/Y
 _31685_/Y
 _31686_/X
 _31687_/X
 _31688_/Y
 _31689_/Y
 _31690_/Y
 _31691_/X
 _31692_/X
 _31693_/X
 _31694_/Y
 _31695_/X
 _31696_/X
 _31697_/Y
 _31698_/X
 _31699_/Y
 _31700_/Y
 _31701_/Y
 _31702_/X
 _31703_/X
 _31704_/Y
 _31705_/Y
 _31706_/X
 _31707_/Y
 _31708_/X
 _31709_/Y
 _31710_/X
 _31711_/Y
 _31712_/X
 _31713_/Y
 _31714_/Y
 _31715_/Y
 _31716_/X
 _31717_/X
 _31718_/Y
 _31719_/X
 _31720_/Y
 _31721_/Y
 _31722_/X
 _31723_/X
 _31724_/Y
 _31725_/X
 _31726_/Y
 _31727_/Y
 _31728_/X
 _31729_/Y
 _31730_/Y
 _31731_/Y
 _31732_/Y
 _31733_/X
 _31734_/Y
 _31735_/Y
 _31736_/X
 _31737_/Y
 _31738_/Y
 _31739_/X
 _31740_/Y
 _31741_/X
 _31742_/Y
 _31743_/Y
 _31744_/X
 _31745_/X
 _31746_/Y
 _31747_/Y
 _31748_/X
 _31749_/X
 _31750_/Y
 _31751_/Y
 _31752_/X
 _31753_/X
 _31754_/X
 _31755_/Y
 _31756_/X
 _31757_/Y
 _31758_/X
 _31759_/Y
 _31760_/X
 _31761_/X
 _31762_/Y
 _31763_/X
 _31764_/X
 _31765_/X
 _31766_/X
 _31767_/X
 _31768_/Y
 _31769_/Y
 _31770_/X
 _31771_/X
 _31772_/X
 _31773_/X
 _31774_/Y
 _31775_/Y
 _31776_/Y
 _31777_/Y
 _31778_/Y
 _31779_/Y
 _31780_/Y
 _31781_/X
 _31782_/X
 _31783_/X
 _31784_/Y
 _31785_/Y
 _31786_/X
 _31787_/X
 _31788_/X
 _31789_/Y
 _31790_/Y
 _31791_/X
 _31792_/Y
 _31793_/Y
 _31794_/X
 _31795_/Y
 _31796_/Y
 _31797_/Y
 _31798_/Y
 _31799_/X
 _31800_/Y
 _31801_/Y
 _31802_/X
 _31803_/Y
 _31804_/X
 _31805_/X
 _31806_/X
 _31807_/X
 _31808_/Y
 _31809_/X
 _31810_/X
 _31811_/X
 _31812_/Y
 _31813_/Y
 _31814_/X
 _31815_/Y
 _31816_/X
 _31817_/Y
 _31818_/Y
 _31819_/Y
 _31820_/Y
 _31821_/X
 _31822_/Y
 _31823_/Y
 _31824_/Y
 _31825_/X
 _31826_/Y
 _31827_/X
 _31828_/X
 _31829_/X
 _31830_/Y
 _31831_/X
 _31832_/X
 _31833_/Y
 _31834_/Y
 _31835_/Y
 _31836_/Y
 _31837_/X
 _31838_/Y
 _31839_/X
 _31840_/X
 _31841_/X
 _31842_/X
 _31843_/X
 _31844_/Y
 _31845_/Y
 _31846_/X
 _31847_/Y
 _31848_/X
 _31849_/X
 _31850_/X
 _31851_/X
 _31852_/X
 _31853_/Y
 _31854_/Y
 _31855_/Y
 _31856_/Y
 _31857_/X
 _31858_/X
 _31859_/X
 _31860_/X
 _31861_/Y
 _31862_/Y
 _31863_/Y
 _31864_/X
 _31865_/Y
 _31866_/Y
 _31867_/X
 _31868_/Y
 _31869_/X
 _31870_/X
 _31871_/Y
 _31872_/Y
 _31873_/X
 _31874_/Y
 _31875_/Y
 _31876_/Y
 _31877_/X
 _31878_/Y
 _31879_/X
 _31880_/X
 _31881_/X
 _31882_/Y
 _31883_/Y
 _31884_/Y
 _31885_/X
 _31886_/Y
 _31887_/Y
 _31888_/X
 _31889_/X
 _31890_/X
 _31891_/X
 _31892_/X
 _31893_/Y
 _31894_/X
 _31895_/Y
 _31896_/Y
 _31897_/X
 _31898_/X
 _31899_/Y
 _31900_/Y
 _31901_/X
 _31902_/Y
 _31903_/X
 _31904_/X
 _31905_/Y
 _31906_/X
 _31907_/X
 _31908_/X
 _31909_/Y
 _31910_/Y
 _31911_/X
 _31912_/X
 _31913_/X
 _31914_/X
 _31915_/Y
 _31916_/X
 _31917_/X
 _31918_/Y
 _31919_/X
 _31920_/Y
 _31921_/X
 _31922_/Y
 _31923_/X
 _31924_/Y
 _31925_/Y
 _31926_/X
 _31927_/Y
 _31928_/Y
 _31929_/Y
 _31930_/Y
 _31931_/Y
 _31932_/Y
 _31933_/Y
 _31934_/X
 _31935_/Y
 _31936_/X
 _31937_/X
 _31938_/Y
 _31939_/Y
 _31940_/Y
 _31941_/Y
 _31942_/X
 _31943_/Y
 _31944_/X
 _31945_/Y
 _31946_/X
 _31947_/Y
 _31948_/X
 _31949_/Y
 _31950_/X
 _31951_/Y
 _31952_/X
 _31953_/X
 _31954_/X
 _31955_/Y
 _31956_/X
 _31957_/Y
 _31958_/X
 _31959_/X
 _31960_/Y
 _31961_/X
 _31962_/Y
 _31963_/X
 _31964_/Y
 _31965_/Y
 _31966_/X
 _31967_/X
 _31968_/Y
 _31969_/X
 _31970_/X
 _31971_/X
 _31972_/X
 _31973_/X
 _31974_/X
 _31975_/Y
 _31976_/Y
 _31977_/X
 _31978_/Y
 _31979_/X
 _31980_/Y
 _31981_/X
 _31982_/X
 _31983_/X
 _31984_/X
 _31985_/X
 _31986_/Y
 _31987_/Y
 _31988_/Y
 _31989_/Y
 _31990_/X
 _31991_/Y
 _31992_/Y
 _31993_/X
 _31994_/X
 _31995_/X
 _31996_/X
 _31997_/Y
 _31998_/Y
 _31999_/X
 _32000_/Y
 _32001_/Y
 _32002_/X
 _32003_/Y
 _32004_/X
 _32005_/X
 _32006_/Y
 _32007_/X
 _32008_/Y
 _32009_/Y
 _32010_/Y
 _32011_/Y
 _32012_/X
 _32013_/Y
 _32014_/X
 _32015_/Y
 _32016_/Y
 _32017_/Y
 _32018_/Y
 _32019_/X
 _32020_/X
 _32021_/X
 _32022_/Y
 _32023_/Y
 _32024_/Y
 _32025_/Y
 _32026_/X
 _32027_/Y
 _32028_/X
 _32029_/Y
 _32030_/Y
 _32031_/Y
 _32032_/X
 _32033_/X
 _32034_/X
 _32035_/Y
 _32036_/Y
 _32037_/Y
 _32038_/Y
 _32039_/Y
 _32040_/X
 _32041_/Y
 _32042_/Y
 _32043_/X
 _32044_/X
 _32045_/Y
 _32046_/X
 _32047_/Y
 _32048_/X
 _32049_/X
 _32050_/Y
 _32051_/Y
 _32052_/X
 _32053_/X
 _32054_/X
 _32055_/Y
 _32056_/X
 _32057_/Y
 _32058_/X
 _32059_/Y
 _32060_/Y
 _32061_/X
 _32062_/X
 _32063_/Y
 _32064_/X
 _32065_/Y
 _32066_/X
 _32067_/X
 _32068_/Y
 _32069_/Y
 _32070_/Y
 _32071_/X
 _32072_/X
 _32073_/Y
 _32074_/X
 _32075_/X
 _32076_/Y
 _32077_/Y
 _32078_/Y
 _32079_/Y
 _32080_/X
 _32081_/X
 _32082_/X
 _32083_/Y
 _32084_/X
 _32085_/Y
 _32086_/Y
 _32087_/X
 _32088_/X
 _32089_/X
 _32090_/X
 _32091_/X
 _32092_/X
 _32093_/X
 _32094_/Y
 _32095_/X
 _32096_/X
 _32097_/X
 _32098_/X
 _32099_/X
 _32100_/X
 _32101_/X
 _32102_/X
 _32103_/Y
 _32104_/X
 _32105_/X
 _32106_/X
 _32107_/X
 _32108_/Y
 _32109_/X
 _32110_/X
 _32111_/X
 _32112_/Y
 _32113_/X
 _32114_/X
 _32115_/X
 _32116_/X
 _32117_/X
 _32118_/X
 _32119_/X
 _32120_/X
 _32121_/X
 _32122_/X
 _32123_/X
 _32124_/X
 _32125_/X
 _32126_/X
 _32127_/X
 _32128_/X
 _32129_/X
 _32130_/X
 _32131_/X
 _32132_/Y
 _32133_/X
 _32134_/X
 _32135_/X
 _32136_/X
 _32137_/X
 _32138_/X
 _32139_/X
 _32140_/X
 _32141_/X
 _32142_/X
 _32143_/X
 _32144_/X
 _32145_/X
 _32146_/Y
 _32147_/X
 _32148_/X
 _32149_/X
 _32150_/X
 _32151_/Y
 _32152_/X
 _32153_/X
 _32154_/X
 _32155_/X
 _32156_/X
 _32157_/X
 _32158_/X
 _32159_/Y
 _32160_/X
 _32161_/X
 _32162_/X
 _32163_/X
 _32164_/X
 _32165_/X
 _32166_/X
 _32167_/X
 _32168_/X
 _32169_/Y
 _32170_/X
 _32171_/X
 _32172_/X
 _32173_/X
 _32174_/Y
 _32175_/X
 _32176_/X
 _32177_/X
 _32178_/X
 _32179_/X
 _32180_/X
 _32181_/Y
 _32182_/X
 _32183_/X
 _32184_/X
 _32185_/X
 _32186_/Y
 _32187_/X
 _32188_/X
 _32189_/X
 _32190_/X
 _32191_/X
 _32192_/Y
 _32193_/X
 _32194_/X
 _32195_/X
 _32196_/X
 _32197_/X
 _32198_/X
 _32199_/X
 _32200_/X
 _32201_/X
 _32202_/X
 _32203_/X
 _32204_/X
 _32205_/X
 _32206_/X
 _32207_/X
 _32208_/X
 _32209_/X
 _32210_/Y
 _32211_/X
 _32212_/X
 _32213_/X
 _32214_/Y
 _32215_/X
 _32216_/X
 _32217_/X
 _32218_/X
 _32219_/X
 _32220_/X
 _32221_/X
 _32222_/X
 _32223_/X
 _32224_/X
 _32225_/Y
 _32226_/X
 _32227_/X
 _32228_/X
 _32229_/X
 _32230_/X
 _32231_/X
 _32232_/X
 _32233_/X
 _32234_/X
 _32235_/X
 _32236_/Y
 _32237_/X
 _32238_/X
 _32239_/X
 _32240_/X
 _32241_/X
 _32242_/X
 _32243_/X
 _32244_/X
 _32245_/X
 _32246_/X
 _32247_/X
 _32248_/X
 _32249_/X
 _32250_/X
 _32251_/X
 _32252_/X
 _32253_/X
 _32254_/X
 _32255_/Y
 _32256_/X
 _32257_/X
 _32258_/X
 _32259_/X
 _32260_/X
 _32261_/X
 _32262_/X
 _32263_/X
 _32264_/Y
 _32265_/X
 _32266_/X
 _32267_/X
 _32268_/X
 _32269_/X
 _32270_/X
 _32271_/X
 _32272_/Y
 _32273_/X
 _32274_/X
 _32275_/X
 _32276_/X
 _32277_/X
 _32278_/X
 _32279_/X
 _32280_/Y
 _32281_/X
 _32282_/X
 _32283_/X
 _32284_/Y
 _32285_/X
 _32286_/X
 _32287_/X
 _32288_/Y
 _32289_/X
 _32290_/X
 _32291_/X
 _32292_/X
 _32293_/X
 _32294_/Y
 _32295_/X
 _32296_/X
 _32297_/X
 _32298_/X
 _32299_/Y
 _32300_/X
 _32301_/X
 _32302_/X
 _32303_/X
 _32304_/X
 _32305_/X
 _32306_/X
 _32307_/X
 _32308_/X
 _32309_/X
 _32310_/X
 _32311_/X
 _32312_/X
 _32313_/X
 _32314_/X
 _32315_/Y
 _32316_/X
 _32317_/X
 _32318_/X
 _32319_/X
 _32320_/X
 _32321_/X
 _32322_/X
 _32323_/Y
 _32324_/X
 _32325_/X
 _32326_/X
 _32327_/X
 _32328_/X
 _32329_/X
 _32330_/X
 _32331_/X
 _32332_/Y
 _32333_/X
 _32334_/X
 _32335_/X
 _32336_/X
 _32337_/X
 _32338_/X
 _32339_/X
 _32340_/X
 _32341_/X
 _32342_/X
 _32343_/X
 _32344_/Y
 _32345_/X
 _32346_/X
 _32347_/X
 _32348_/X
 _32349_/Y
 _32350_/X
 _32351_/X
 _32352_/X
 _32353_/Y
 _32354_/X
 _32355_/X
 _32356_/X
 _32357_/X
 _32358_/Y
 _32359_/X
 _32360_/X
 _32361_/X
 _32362_/X
 _32363_/Y
 _32364_/X
 _32365_/X
 _32366_/X
 _32367_/Y
 _32368_/X
 _32369_/X
 _32370_/X
 _32371_/X
 _32372_/X
 _32373_/Y
 _32374_/X
 _32375_/X
 _32376_/X
 _32377_/X
 _32378_/X
 _32379_/X
 _32380_/X
 _32381_/X
 _32382_/Y
 _32383_/X
 _32384_/X
 _32385_/X
 _32386_/X
 _32387_/X
 _32388_/Y
 _32389_/X
 _32390_/X
 _32391_/X
 _32392_/X
 _32393_/X
 _32394_/X
 _32395_/X
 _32396_/X
 _32397_/Y
 _32398_/X
 _32399_/X
 _32400_/X
 _32401_/X
 _32402_/X
 _32403_/Y
 _32404_/X
 _32405_/X
 _32406_/X
 _32407_/Y
 _32408_/X
 _32409_/X
 _32410_/X
 _32411_/X
 _32412_/Y
 _32413_/X
 _32414_/X
 _32415_/X
 _32416_/Y
 _32417_/X
 _32418_/X
 _32419_/X
 _32420_/X
 _32421_/X
 _32422_/X
 _32423_/X
 _32424_/Y
 _32425_/X
 _32426_/X
 _32427_/X
 _32428_/X
 _32429_/X
 _32430_/X
 _32431_/Y
 _32432_/X
 _32433_/X
 _32434_/X
 _32435_/X
 _32436_/X
 _32437_/X
 _32438_/Y
 _32439_/X
 _32440_/X
 _32441_/X
 _32442_/X
 _32443_/X
 _32444_/X
 _32445_/Y
 _32446_/X
 _32447_/X
 _32448_/X
 _32449_/X
 _32450_/X
 _32451_/Y
 _32452_/X
 _32453_/X
 _32454_/X
 _32455_/Y
 _32456_/X
 _32457_/X
 _32458_/X
 _32459_/X
 _32460_/X
 _32461_/X
 _32462_/X
 _32463_/X
 _32464_/X
 _32465_/X
 _32466_/Y
 _32467_/X
 _32468_/X
 _32469_/X
 _32470_/X
 _32471_/X
 _32472_/X
 _32473_/X
 _32474_/Y
 _32475_/X
 _32476_/X
 _32477_/X
 _32478_/X
 _32479_/X
 _32480_/Y
 _32481_/X
 _32482_/X
 _32483_/X
 _32484_/Y
 _32485_/X
 _32486_/X
 _32487_/X
 _32488_/X
 _32489_/X
 _32490_/X
 _32491_/X
 _32492_/X
 _32493_/X
 _32494_/X
 _32495_/X
 _32496_/Y
 _32497_/X
 _32498_/X
 _32499_/X
 _32500_/Y
 _32501_/X
 _32502_/X
 _32503_/X
 _32504_/Y
 _32505_/X
 _32506_/X
 _32507_/X
 _32508_/Y
 _32509_/X
 _32510_/X
 _32511_/X
 _32512_/X
 _32513_/X
 _32514_/X
 _32515_/X
 _32516_/X
 _32517_/X
 _32518_/X
 _32519_/X
 _32520_/X
 _32521_/Y
 _32522_/X
 _32523_/X
 _32524_/Y
 _32525_/X
 _32526_/X
 _32527_/X
 _32528_/X
 _32529_/X
 _32530_/X
 _32531_/Y
 _32532_/X
 _32533_/X
 _32534_/X
 _32535_/X
 _32536_/Y
 _32537_/X
 _32538_/X
 _32539_/X
 _32540_/X
 _32541_/X
 _32542_/X
 _32543_/X
 _32544_/X
 _32545_/Y
 _32546_/X
 _32547_/X
 _32548_/X
 _32549_/Y
 _32550_/X
 _32551_/X
 _32552_/X
 _32553_/X
 _32554_/X
 _32555_/X
 _32556_/X
 _32557_/X
 _32558_/X
 _32559_/X
 _32560_/Y
 _32561_/X
 _32562_/X
 _32563_/X
 _32564_/X
 _32565_/X
 _32566_/Y
 _32567_/X
 _32568_/X
 _32569_/X
 _32570_/Y
 _32571_/X
 _32572_/X
 _32573_/X
 _32574_/X
 _32575_/Y
 _32576_/X
 _32577_/X
 _32578_/X
 _32579_/X
 _32580_/Y
 _32581_/X
 _32582_/X
 _32583_/X
 _32584_/X
 _32585_/X
 _32586_/X
 _32587_/Y
 _32588_/X
 _32589_/X
 _32590_/X
 _32591_/X
 _32592_/Y
 _32593_/X
 _32594_/X
 _32595_/X
 _32596_/X
 _32597_/Y
 _32598_/X
 _32599_/X
 _32600_/X
 _32601_/X
 _32602_/Y
 _32603_/X
 _32604_/X
 _32605_/X
 _32606_/X
 _32607_/Y
 _32608_/X
 _32609_/X
 _32610_/X
 _32611_/Y
 _32612_/X
 _32613_/X
 _32614_/X
 _32615_/X
 _32616_/X
 _32617_/Y
 _32618_/X
 _32619_/X
 _32620_/X
 _32621_/X
 _32622_/X
 _32623_/X
 _32624_/X
 _32625_/X
 _32626_/Y
 _32627_/X
 _32628_/X
 _32629_/X
 _32630_/X
 _32631_/Y
 _32632_/X
 _32633_/X
 _32634_/X
 _32635_/Y
 _32636_/X
 _32637_/X
 _32638_/X
 _32639_/X
 _32640_/X
 _32641_/X
 _32642_/X
 _32643_/X
 _32644_/X
 _32645_/X
 _32646_/X
 _32647_/X
 _32648_/X
 _32649_/X
 _32650_/X
 _32651_/X
 _32652_/X
 _32653_/X
 _32654_/X
 _32655_/X
 _32656_/X
 _32657_/X
 _32658_/X
 _32659_/Y
 _32660_/X
 _32661_/X
 _32662_/X
 _32663_/X
 _32664_/X
 _32665_/Y
 _32666_/X
 _32667_/X
 _32668_/X
 _32669_/X
 _32670_/X
 _32671_/X
 _32672_/X
 _32673_/X
 _32674_/Y
 _32675_/X
 _32676_/X
 _32677_/X
 _32678_/X
 _32679_/Y
 _32680_/X
 _32681_/X
 _32682_/X
 _32683_/X
 _32684_/Y
 _32685_/X
 _32686_/X
 _32687_/X
 _32688_/X
 _32689_/X
 _32690_/X
 _32691_/X
 _32692_/X
 _32693_/Y
 _32694_/X
 _32695_/X
 _32696_/X
 _32697_/X
 _32698_/X
 _32699_/X
 _32700_/X
 _32701_/X
 _32702_/X
 _32703_/X
 _32704_/X
 _32705_/X
 _32706_/X
 _32707_/X
 _32708_/X
 _32709_/X
 _32710_/X
 _32711_/X
 _32712_/X
 _32713_/X
 _32714_/X
 _32715_/X
 _32716_/X
 _32717_/X
 _32718_/X
 _32719_/X
 _32720_/X
 _32721_/X
 _32722_/X
 _32723_/X
 _32724_/X
 _32725_/X
 _32726_/X
 _32727_/X
 _32728_/X
 _32729_/Y
 _32730_/X
 _32731_/X
 _32732_/X
 _32733_/Y
 _32734_/X
 _32735_/X
 _32736_/X
 _32737_/X
 _32738_/X
 _32739_/X
 _32740_/Y
 _32741_/X
 _32742_/X
 _32743_/X
 _32744_/Y
 _32745_/X
 _32746_/X
 _32747_/X
 _32748_/X
 _32749_/Y
 _32750_/X
 _32751_/X
 _32752_/X
 _32753_/Y
 _32754_/X
 _32755_/X
 _32756_/X
 _32757_/X
 _32758_/Y
 _32759_/X
 _32760_/X
 _32761_/X
 _32762_/X
 _32763_/X
 _32764_/X
 _32765_/X
 _32766_/X
 _32767_/X
 _32768_/X
 _32769_/X
 _32770_/X
 _32771_/X
 _32772_/X
 _32773_/Y
 _32774_/X
 _32775_/X
 _32776_/X
 _32777_/X
 _32778_/X
 _32779_/X
 _32780_/X
 _32781_/X
 _32782_/Y
 _32783_/X
 _32784_/X
 _32785_/X
 _32786_/X
 _32787_/X
 _32788_/X
 _32789_/X
 _32790_/X
 _32791_/X
 _32792_/X
 _32793_/X
 _32794_/X
 _32795_/X
 _32796_/X
 _32797_/X
 _32798_/X
 _32799_/X
 _32800_/X
 _32801_/X
 _32802_/Y
 _32803_/X
 _32804_/X
 _32805_/X
 _32806_/X
 _32807_/X
 _32808_/X
 _32809_/X
 _32810_/X
 _32811_/X
 _32812_/X
 _32813_/X
 _32814_/X
 _32815_/X
 _32816_/X
 _32817_/X
 _32818_/X
 _32819_/X
 _32820_/X
 _32821_/Y
 _32822_/X
 _32823_/X
 _32824_/X
 _32825_/X
 _32826_/X
 _32827_/Y
 _32828_/X
 _32829_/X
 _32830_/X
 _32831_/X
 _32832_/X
 _32833_/X
 _32834_/X
 _32835_/X
 _32836_/X
 _32837_/Y
 _32838_/X
 _32839_/X
 _32840_/X
 _32841_/X
 _32842_/X
 _32843_/X
 _32844_/X
 _32845_/Y
 _32846_/X
 _32847_/X
 _32848_/X
 _32849_/X
 _32850_/X
 _32851_/X
 _32852_/X
 _32853_/X
 _32854_/X
 _32855_/X
 _32856_/X
 _32857_/X
 _32858_/X
 _32859_/X
 _32860_/X
 _32861_/X
 _32862_/Y
 _32863_/X
 _32864_/X
 _32865_/X
 _32866_/X
 _32867_/X
 _32868_/X
 _32869_/X
 _32870_/X
 _32871_/X
 _32872_/X
 _32873_/Y
 _32874_/X
 _32875_/X
 _32876_/X
 _32877_/X
 _32878_/X
 _32879_/X
 _32880_/X
 _32881_/X
 _32882_/Y
 _32883_/X
 _32884_/X
 _32885_/X
 _32886_/X
 _32887_/X
 _32888_/X
 _32889_/X
 _32890_/Y
 _32891_/X
 _32892_/X
 _32893_/X
 _32894_/X
 _32895_/X
 _32896_/X
 _32897_/X
 _32898_/Y
 _32899_/X
 _32900_/X
 _32901_/Y
 _32902_/X
 _32903_/X
 _32904_/X
 _32905_/X
 _32906_/X
 _32907_/Y
 _32908_/X
 _32909_/X
 _32910_/X
 _32911_/Y
 _32912_/X
 _32913_/X
 _32914_/X
 _32915_/X
 _32916_/X
 _32917_/X
 _32918_/X
 _32919_/X
 _32920_/X
 _32921_/Y
 _32922_/X
 _32923_/X
 _32924_/X
 _32925_/X
 _32926_/X
 _32927_/Y
 _32928_/X
 _32929_/X
 _32930_/X
 _32931_/X
 _32932_/X
 _32933_/X
 _32934_/X
 _32935_/X
 _32936_/X
 _32937_/Y
 _32938_/X
 _32939_/X
 _32940_/X
 _32941_/X
 _32942_/X
 _32943_/X
 _32944_/X
 _32945_/X
 _32946_/X
 _32947_/X
 _32948_/X
 _32949_/X
 _32950_/X
 _32951_/X
 _32952_/X
 _32953_/X
 _32954_/X
 _32955_/X
 _32956_/X
 _32957_/X
 _32958_/X
 _32959_/Y
 _32960_/X
 _32961_/X
 _32962_/X
 _32963_/X
 _32964_/X
 _32965_/X
 _32966_/X
 _32967_/X
 _32968_/X
 _32969_/X
 _32970_/X
 _32971_/X
 _32972_/X
 _32973_/X
 _32974_/X
 _32975_/X
 _32976_/X
 _32977_/X
 _32978_/X
 _32979_/X
 _32980_/X
 _32981_/X
 _32982_/X
 _32983_/X
 _32984_/X
 _32985_/X
 _32986_/X
 _32987_/X
 _32988_/X
 _32989_/Y
 _32990_/X
 _32991_/X
 _32992_/X
 _32993_/X
 _32994_/X
 _32995_/X
 _32996_/X
 _32997_/X
 _32998_/Y
 _32999_/X
 _33000_/X
 _33001_/X
 _33002_/X
 _33003_/X
 _33004_/X
 _33005_/X
 _33006_/Y
 _33007_/X
 _33008_/X
 _33009_/X
 _33010_/X
 _33011_/X
 _33012_/X
 _33013_/Y
 _33014_/X
 _33015_/X
 _33016_/X
 _33017_/X
 _33018_/X
 _33019_/X
 _33020_/X
 _33021_/X
 _33022_/X
 _33023_/X
 _33024_/Y
 _33025_/X
 _33026_/X
 _33027_/X
 _33028_/X
 _33029_/X
 _33030_/X
 _33031_/X
 _33032_/X
 _33033_/Y
 _33034_/X
 _33035_/X
 _33036_/X
 _33037_/X
 _33038_/X
 _33039_/X
 _33040_/X
 _33041_/Y
 _33042_/X
 _33043_/X
 _33044_/X
 _33045_/X
 _33046_/X
 _33047_/X
 _33048_/X
 _33049_/X
 _33050_/X
 _33051_/X
 _33052_/X
 _33053_/X
 _33054_/X
 _33055_/Y
 _33056_/X
 _33057_/X
 _33058_/X
 _33059_/X
 _33060_/X
 _33061_/X
 _33062_/X
 _33063_/X
 _33064_/X
 _33065_/X
 _33066_/X
 _33067_/X
 _33068_/X
 _33069_/X
 _33070_/X
 _33071_/X
 _33072_/X
 _33073_/X
 _33074_/X
 _33075_/X
 _33076_/Y
 _33077_/X
 _33078_/X
 _33079_/X
 _33080_/X
 _33081_/X
 _33082_/Y
 _33083_/X
 _33084_/X
 _33085_/X
 _33086_/X
 _33087_/X
 _33088_/X
 _33089_/X
 _33090_/X
 _33091_/X
 _33092_/X
 _33093_/X
 _33094_/X
 _33095_/X
 _33096_/X
 _33097_/X
 _33098_/Y
 _33099_/X
 _33100_/X
 _33101_/X
 _33102_/X
 _33103_/X
 _33104_/X
 _33105_/X
 _33106_/X
 _33107_/X
 _33108_/Y
 _33109_/X
 _33110_/X
 _33111_/X
 _33112_/X
 _33113_/X
 _33114_/X
 _33115_/X
 _33116_/X
 _33117_/Y
 _33118_/X
 _33119_/X
 _33120_/X
 _33121_/X
 _33122_/X
 _33123_/X
 _33124_/X
 _33125_/X
 _33126_/X
 _33127_/X
 _33128_/Y
 _33129_/X
 _33130_/X
 _33131_/X
 _33132_/X
 _33133_/X
 _33134_/Y
 _33135_/X
 _33136_/X
 _33137_/X
 _33138_/X
 _33139_/X
 _33140_/X
 _33141_/X
 _33142_/X
 _33143_/Y
 _33144_/X
 _33145_/X
 _33146_/X
 _33147_/X
 _33148_/X
 _33149_/X
 _33150_/X
 _33151_/X
 _33152_/Y
 _33153_/X
 _33154_/X
 _33155_/X
 _33156_/X
 _33157_/X
 _33158_/X
 _33159_/Y
 _33160_/X
 _33161_/X
 _33162_/X
 _33163_/X
 _33164_/X
 _33165_/X
 _33166_/X
 _33167_/X
 _33168_/X
 _33169_/X
 _33170_/Y
 _33171_/X
 _33172_/X
 _33173_/X
 _33174_/X
 _33175_/Y
 _33176_/X
 _33177_/X
 _33178_/X
 _33179_/Y
 _33180_/X
 _33181_/X
 _33182_/X
 _33183_/X
 _33184_/Y
 _33185_/X
 _33186_/X
 _33187_/X
 _33188_/X
 _33189_/X
 _33190_/X
 _33191_/X
 _33192_/X
 _33193_/X
 _33194_/X
 _33195_/X
 _33196_/X
 _33197_/X
 _33198_/X
 _33199_/X
 _33200_/X
 _33201_/X
 _33202_/X
 _33203_/X
 _33204_/X
 _33205_/X
 _33206_/X
 _33207_/X
 _33208_/X
 _33209_/X
 _33210_/X
 _33211_/X
 _33212_/X
 _33213_/X
 _33214_/X
 _33215_/X
 _33216_/Y
 _33217_/Y
 _33218_/X
 _33219_/X
 _33220_/X
 _33221_/X
 _33222_/X
 _33223_/X
 _33224_/X
 _33225_/Y
 _33226_/X
 _33227_/X
 _33228_/X
 _33229_/X
 _33230_/X
 _33231_/X
 _33232_/X
 _33233_/X
 _33234_/X
 _33235_/X
 _33236_/X
 _33237_/X
 _33238_/X
 _33239_/X
 _33240_/X
 _33241_/X
 _33242_/X
 _33243_/X
 _33244_/X
 _33245_/X
 _33246_/X
 _33247_/X
 _33248_/X
 _33249_/X
 _33250_/X
 _33251_/X
 _33252_/X
 _33253_/X
 _33254_/X
 _33255_/X
 _33256_/X
 _33257_/X
 _33258_/X
 _33259_/X
 _33260_/X
 _33261_/X
 _33262_/X
 _33263_/X
 _33264_/X
 _33265_/X
 _33266_/X
 _33267_/X
 _33268_/X
 _33269_/X
 _33270_/X
 _33271_/X
 _33272_/X
 _33273_/X
 _33274_/X
 _33275_/X
 _33276_/X
 _33277_/X
 _33278_/X
 _33279_/X
 _33280_/X
 _33281_/X
 _33282_/X
 _33283_/X
 _33284_/X
 _33285_/X
 _33286_/X
 _33287_/X
 _33288_/X
 _33289_/X
 _33290_/X
 _33291_/X
 _33292_/X
 _33293_/X
 _33294_/X
 _33295_/X
 _33296_/X
 _33297_/X
 _33298_/X
 _33299_/X
 _33300_/Y
 _33301_/X
 _33302_/X
 _33303_/X
 _33304_/X
 _33305_/X
 _33306_/Y
 _33307_/Y
 _33308_/X
 _33309_/Y
 _33310_/X
 _33311_/X
 _33312_/Y
 _33313_/X
 _33314_/X
 _33315_/X
 _33316_/X
 _33317_/X
 _33318_/Y
 _33319_/X
 _33320_/X
 _33321_/Y
 _33322_/X
 _33323_/X
 _33324_/Y
 _33325_/X
 _33326_/X
 _33327_/X
 _33328_/X
 _33329_/X
 _33330_/Y
 _33331_/X
 _33332_/X
 _33333_/X
 _33334_/X
 _33335_/X
 _33336_/X
 _33337_/X
 _33338_/Y
 _33339_/X
 _33340_/X
 _33341_/X
 _33342_/Y
 _33343_/X
 _33344_/X
 _33345_/X
 _33346_/X
 _33347_/X
 _33348_/X
 _33349_/Y
 _33350_/Y
 _33351_/X
 _33352_/X
 _33353_/X
 _33354_/Y
 _33355_/X
 _33356_/Y
 _33357_/X
 _33358_/X
 _33359_/X
 _33360_/X
 _33361_/Y
 _33362_/X
 _33363_/X
 _33364_/Y
 _33365_/X
 _33366_/Y
 _33367_/X
 _33368_/X
 _33369_/X
 _33370_/X
 _33371_/Y
 _33372_/X
 _33373_/X
 _33374_/X
 _33375_/X
 _33376_/X
 _33377_/Y
 _33378_/X
 _33379_/X
 _33380_/X
 _33381_/X
 _33382_/X
 _33383_/Y
 _33384_/X
 _33385_/X
 _33386_/X
 _33387_/X
 _33388_/X
 _33389_/Y
 _33390_/X
 _33391_/X
 _33392_/X
 _33393_/X
 _33394_/X
 _33395_/X
 _33396_/X
 _33397_/Y
 _33398_/X
 _33399_/X
 _33400_/X
 _33401_/X
 _33402_/X
 _33403_/X
 _33404_/X
 _33405_/Y
 _33406_/X
 _33407_/X
 _33408_/X
 _33409_/X
 _33410_/X
 _33411_/X
 _33412_/X
 _33413_/Y
 _33414_/X
 _33415_/X
 _33416_/X
 _33417_/X
 _33418_/X
 _33419_/X
 _33420_/X
 _33421_/X
 _33422_/X
 _33423_/Y
 _33424_/X
 _33425_/X
 _33426_/X
 _33427_/X
 _33428_/X
 _33429_/X
 _33430_/X
 _33431_/X
 _33432_/X
 _33433_/X
 _33434_/X
 _33435_/X
 _33436_/X
 _33437_/Y
 _33438_/X
 _33439_/X
 _33440_/X
 _33441_/X
 _33442_/Y
 _33443_/X
 _33444_/X
 _33445_/X
 _33446_/X
 _33447_/X
 _33448_/Y
 _33449_/X
 _33450_/X
 _33451_/X
 _33452_/Y
 _33453_/X
 _33454_/X
 _33455_/X
 _33456_/Y
 _33457_/X
 _33458_/X
 _33459_/X
 _33460_/X
 _33461_/Y
 _33462_/X
 _33463_/X
 _33464_/X
 _33465_/X
 _33466_/Y
 _33467_/X
 _33468_/X
 _33469_/X
 _33470_/X
 _33471_/X
 _33472_/X
 _33473_/X
 _33474_/X
 _33475_/X
 _33476_/X
 _33477_/X
 _33478_/Y
 _33479_/X
 _33480_/X
 _33481_/X
 _33482_/X
 _33483_/Y
 _33484_/X
 _33485_/X
 _33486_/X
 _33487_/Y
 _33488_/X
 _33489_/X
 _33490_/Y
 _33491_/X
 _33492_/X
 _33493_/X
 _33494_/X
 _33495_/X
 _33496_/X
 _33497_/X
 _33498_/Y
 _33499_/X
 _33500_/X
 _33501_/X
 _33502_/Y
 _33503_/X
 _33504_/X
 _33505_/X
 _33506_/X
 _33507_/X
 _33508_/X
 _33509_/Y
 _33510_/X
 _33511_/X
 _33512_/X
 _33513_/X
 _33514_/X
 _33515_/X
 _33516_/X
 _33517_/X
 _33518_/X
 _33519_/Y
 _33520_/X
 _33521_/X
 _33522_/X
 _33523_/X
 _33524_/Y
 _33525_/X
 _33526_/X
 _33527_/X
 _33528_/Y
 _33529_/X
 _33530_/X
 _33531_/X
 _33532_/X
 _33533_/Y
 _33534_/X
 _33535_/X
 _33536_/X
 _33537_/X
 _33538_/Y
 _33539_/X
 _33540_/X
 _33541_/X
 _33542_/X
 _33543_/X
 _33544_/Y
 _33545_/X
 _33546_/X
 _33547_/X
 _33548_/Y
 _33549_/X
 _33550_/X
 _33551_/Y
 _33552_/X
 _33553_/X
 _33554_/X
 _33555_/X
 _33556_/X
 _33557_/Y
 _33558_/X
 _33559_/X
 _33560_/X
 _33561_/X
 _33562_/X
 _33563_/X
 _33564_/X
 _33565_/X
 _33566_/X
 _33567_/X
 _33568_/Y
 _33569_/X
 _33570_/X
 _33571_/X
 _33572_/X
 _33573_/Y
 _33574_/X
 _33575_/X
 _33576_/X
 _33577_/X
 _33578_/Y
 _33579_/X
 _33580_/X
 _33581_/Y
 _33582_/X
 _33583_/X
 _33584_/X
 _33585_/X
 _33586_/Y
 _33587_/X
 _33588_/X
 _33589_/X
 _33590_/Y
 _33591_/X
 _33592_/X
 _33593_/X
 _33594_/X
 _33595_/X
 _33596_/Y
 _33597_/X
 _33598_/X
 _33599_/X
 _33600_/X
 _33601_/X
 _33602_/Y
 _33603_/X
 _33604_/X
 _33605_/X
 _33606_/X
 _33607_/Y
 _33608_/X
 _33609_/X
 _33610_/X
 _33611_/Y
 _33612_/X
 _33613_/X
 _33614_/X
 _33615_/Y
 _33616_/X
 _33617_/X
 _33618_/X
 _33619_/Y
 _33620_/X
 _33621_/X
 _33622_/X
 _33623_/X
 _33624_/X
 _33625_/Y
 _33626_/X
 _33627_/X
 _33628_/X
 _33629_/X
 _33630_/X
 _33631_/X
 _33632_/Y
 _33633_/Y
 _33634_/X
 _33635_/X
 _33636_/X
 _33637_/X
 _33638_/X
 _33639_/Y
 _33640_/X
 _33641_/X
 _33642_/Y
 _33643_/X
 _33644_/X
 _33645_/X
 _33646_/Y
 _33647_/X
 _33648_/X
 _33649_/X
 _33650_/Y
 _33651_/X
 _33652_/X
 _33653_/X
 _33654_/Y
 _33655_/X
 _33656_/X
 _33657_/X
 _33658_/Y
 _33659_/X
 _33660_/X
 _33661_/X
 _33662_/X
 _33663_/Y
 _33664_/X
 _33665_/X
 _33666_/X
 _33667_/X
 _33668_/X
 _33669_/X
 _33670_/Y
 _33671_/X
 _33672_/X
 _33673_/X
 _33674_/X
 _33675_/X
 _33676_/X
 _33677_/X
 _33678_/Y
 _33679_/X
 _33680_/X
 _33681_/Y
 _33682_/X
 _33683_/X
 _33684_/X
 _33685_/X
 _33686_/Y
 _33687_/X
 _33688_/X
 _33689_/X
 _33690_/X
 _33691_/X
 _33692_/X
 _33693_/Y
 _33694_/X
 _33695_/X
 _33696_/X
 _33697_/X
 _33698_/Y
 _33699_/X
 _33700_/X
 _33701_/X
 _33702_/Y
 _33703_/X
 _33704_/X
 _33705_/X
 _33706_/Y
 _33707_/X
 _33708_/X
 _33709_/Y
 _33710_/X
 _33711_/X
 _33712_/X
 _33713_/X
 _33714_/X
 _33715_/Y
 _33716_/X
 _33717_/X
 _33718_/X
 _33719_/X
 _33720_/Y
 _33721_/X
 _33722_/X
 _33723_/X
 _33724_/X
 _33725_/X
 _33726_/X
 _33727_/Y
 _33728_/X
 _33729_/X
 _33730_/X
 _33731_/Y
 _33732_/X
 _33733_/X
 _33734_/X
 _33735_/Y
 _33736_/X
 _33737_/X
 _33738_/X
 _33739_/Y
 _33740_/X
 _33741_/X
 _33742_/X
 _33743_/Y
 _33744_/X
 _33745_/X
 _33746_/X
 _33747_/X
 _33748_/X
 _33749_/X
 _33750_/Y
 _33751_/X
 _33752_/X
 _33753_/X
 _33754_/X
 _33755_/X
 _33756_/Y
 _33757_/X
 _33758_/X
 _33759_/X
 _33760_/Y
 _33761_/X
 _33762_/X
 _33763_/X
 _33764_/Y
 _33765_/X
 _33766_/X
 _33767_/X
 _33768_/Y
 _33769_/X
 _33770_/X
 _33771_/X
 _33772_/Y
 _33773_/X
 _33774_/X
 _33775_/X
 _33776_/X
 _33777_/X
 _33778_/Y
 _33779_/X
 _33780_/X
 _33781_/X
 _33782_/X
 _33783_/X
 _33784_/X
 _33785_/Y
 _33786_/X
 _33787_/X
 _33788_/X
 _33789_/X
 _33790_/Y
 _33791_/X
 _33792_/X
 _33793_/X
 _33794_/Y
 _33795_/X
 _33796_/X
 _33797_/Y
 _33798_/X
 _33799_/X
 _33800_/X
 _33801_/X
 _33802_/Y
 _33803_/X
 _33804_/X
 _33805_/X
 _33806_/X
 _33807_/X
 _33808_/Y
 _33809_/X
 _33810_/X
 _33811_/X
 _33812_/X
 _33813_/Y
 _33814_/X
 _33815_/X
 _33816_/Y
 _33817_/X
 _33818_/X
 _33819_/X
 _33820_/X
 _33821_/Y
 _33822_/X
 _33823_/X
 _33824_/Y
 _33825_/X
 _33826_/X
 _33827_/X
 _33828_/X
 _33829_/X
 _33830_/Y
 _33831_/X
 _33832_/X
 _33833_/X
 _33834_/X
 _33835_/Y
 _33836_/X
 _33837_/X
 _33838_/X
 _33839_/X
 _33840_/X
 _33841_/X
 _33842_/Y
 _33843_/X
 _33844_/X
 _33845_/X
 _33846_/Y
 _33847_/X
 _33848_/X
 _33849_/X
 _33850_/Y
 _33851_/X
 _33852_/X
 _33853_/X
 _33854_/Y
 _33855_/X
 _33856_/X
 _33857_/X
 _33858_/Y
 _33859_/X
 _33860_/X
 _33861_/X
 _33862_/X
 _33863_/Y
 _33864_/X
 _33865_/X
 _33866_/X
 _33867_/X
 _33868_/X
 _33869_/X
 _33870_/Y
 _33871_/X
 _33872_/X
 _33873_/Y
 _33874_/X
 _33875_/X
 _33876_/X
 _33877_/X
 _33878_/X
 _33879_/Y
 _33880_/X
 _33881_/X
 _33882_/Y
 _33883_/X
 _33884_/X
 _33885_/X
 _33886_/X
 _33887_/Y
 _33888_/X
 _33889_/X
 _33890_/X
 _33891_/X
 _33892_/Y
 _33893_/X
 _33894_/X
 _33895_/X
 _33896_/X
 _33897_/X
 _33898_/Y
 _33899_/X
 _33900_/X
 _33901_/Y
 _33902_/X
 _33903_/X
 _33904_/X
 _33905_/X
 _33906_/Y
 _33907_/X
 _33908_/X
 _33909_/Y
 _33910_/X
 _33911_/X
 _33912_/X
 _33913_/X
 _33914_/Y
 _33915_/X
 _33916_/X
 _33917_/X
 _33918_/X
 _33919_/Y
 _33920_/X
 _33921_/X
 _33922_/X
 _33923_/Y
 _33924_/X
 _33925_/X
 _33926_/Y
 _33927_/X
 _33928_/X
 _33929_/X
 _33930_/X
 _33931_/Y
 _33932_/X
 _33933_/X
 _33934_/X
 _33935_/X
 _33936_/X
 _33937_/X
 _33938_/X
 _33939_/X
 _33940_/X
 _33941_/X
 _33942_/X
 _33943_/X
 _33944_/Y
 _33945_/X
 _33946_/X
 _33947_/X
 _33948_/X
 _33949_/X
 _33950_/X
 _33951_/X
 _33952_/X
 _33953_/X
 _33954_/X
 _33955_/X
 _33956_/X
 _33957_/X
 _33958_/X
 _33959_/X
 _33960_/X
 _33961_/X
 _33962_/X
 _33963_/X
 _33964_/X
 _33965_/X
 _33966_/X
 _33967_/X
 _33968_/X
 _33969_/X
 _33970_/X
 _33971_/X
 _33972_/X
 _33973_/X
 _33974_/X
 _33975_/X
 _33976_/X
 _33977_/X
 _33978_/X
 _33979_/X
 _33980_/X
 _33981_/X
 _33982_/X
 _33983_/X
 _33984_/X
 _33985_/X
 _33986_/X
 _33987_/X
 _33988_/X
 _33989_/X
 _33990_/X
 _33991_/X
 _33992_/X
 _33993_/X
 _33994_/X
 _33995_/X
 _33996_/X
 _33997_/X
 _33998_/X
 _33999_/X
 _34000_/X
 _34001_/X
 _34002_/X
 _34003_/X
 _34004_/X
 _34005_/X
 _34006_/X
 _34007_/X
 _34008_/X
 _34009_/X
 _34010_/X
 _34011_/X
 _34012_/X
 _34013_/X
 _34014_/X
 _34015_/X
 _34016_/X
 _34017_/X
 _34018_/X
 _34019_/X
 _34020_/X
 _34021_/X
 _34022_/X
 _34023_/X
 _34024_/X
 _34025_/X
 _34026_/X
 _34027_/X
 _34028_/X
 _34029_/X
 _34030_/X
 _34031_/X
 _34032_/X
 _34033_/X
 _34034_/X
 _34035_/X
 _34036_/X
 _34037_/X
 _34038_/X
 _34039_/X
 _34040_/X
 _34041_/X
 _34042_/X
 _34043_/X
 _34044_/X
 _34045_/X
 _34046_/X
 _34047_/X
 _34048_/X
 _34049_/X
 _34050_/X
 _34051_/X
 _34052_/X
 _34053_/X
 _34054_/X
 _34055_/X
 _34056_/X
 _34057_/X
 _34058_/X
 _34059_/X
 _34060_/X
 _34061_/X
 _34062_/X
 _34063_/X
 _34064_/X
 _34065_/X
 _34066_/X
 _34067_/X
 _34068_/X
 _34069_/X
 _34070_/X
 _34071_/X
 _34072_/X
 _34073_/X
 _34074_/X
 _34075_/X
 _34076_/X
 _34077_/X
 _34078_/X
 _34079_/X
 _34080_/X
 _34081_/X
 _34082_/X
 _34083_/X
 _34084_/X
 _34085_/X
 _34086_/X
 _34087_/X
 _34088_/X
 _34089_/X
 _34090_/X
 _34091_/X
 _34092_/X
 _34093_/X
 _34094_/X
 _34095_/X
 _34096_/X
 _34097_/X
 _34098_/X
 _34099_/X
 _34100_/X
 _34101_/X
 _34102_/X
 _34103_/X
 _34104_/X
 _34105_/X
 _34106_/X
 _34107_/X
 _34108_/X
 _34109_/X
 _34110_/X
 _34111_/X
 _34112_/X
 _34113_/X
 _34114_/X
 _34115_/X
 _34116_/X
 _34117_/X
 _34118_/X
 _34119_/X
 _34120_/X
 _34121_/X
 _34122_/X
 _34123_/X
 _34124_/X
 _34125_/X
 _34126_/X
 _34127_/X
 _34128_/X
 _34129_/X
 _34130_/X
 _34131_/X
 _34132_/X
 _34133_/X
 _34134_/X
 _34135_/X
 _34136_/X
 _34137_/X
 _34138_/X
 _34139_/X
 _34140_/X
 _34141_/X
 _34142_/X
 _34143_/X
 _34144_/X
 _34145_/X
 _34146_/X
 _34147_/X
 _34148_/X
 _34149_/X
 _34150_/X
 _34151_/X
 _34152_/X
 _34153_/X
 _34154_/X
 _34155_/X
 _34156_/X
 _34157_/X
 _34158_/X
 _34159_/X
 _34160_/X
 _34161_/X
 _34162_/X
 _34163_/X
 _34164_/X
 _34165_/X
 _34166_/X
 _34167_/X
 _34168_/X
 _34169_/X
 _34170_/X
 _34171_/X
 _34172_/X
 _34173_/X
 _34174_/X
 _34175_/X
 _34176_/X
 _34177_/X
 _34178_/X
 _34179_/X
 _34180_/X
 _34181_/X
 _34182_/X
 _34183_/X
 _34184_/X
 _34185_/X
 _34186_/X
 _34187_/X
 _34188_/X
 _34189_/X
 _34190_/X
 _34191_/X
 _34192_/X
 _34193_/X
 _34194_/X
 _34195_/X
 _34196_/X
 _34197_/X
 _34198_/X
 _34199_/X
 _34200_/X
 _34201_/X
 _34202_/X
 _34203_/X
 _34204_/X
 _34205_/X
 _34206_/X
 _34207_/X
 _34208_/X
 _34209_/X
 _34210_/X
 _34211_/X
 _34212_/X
 _34213_/X
 _34214_/X
 _34215_/X
 _34216_/X
 _34217_/X
 _34218_/X
 _34219_/X
 _34220_/X
 _34221_/X
 _34222_/X
 _34223_/X
 _34224_/X
 _34225_/X
 _34226_/X
 _34227_/X
 _34228_/X
 _34229_/X
 _34230_/X
 _34231_/X
 _34232_/X
 _34233_/X
 _34234_/X
 _34235_/X
 _34236_/X
 _34237_/X
 _34238_/X
 _34239_/X
 _34240_/X
 _34241_/X
 _34242_/X
 _34243_/X
 _34244_/X
 _34245_/X
 _34246_/X
 _34247_/X
 _34248_/X
 _34249_/X
 _34250_/X
 _34251_/X
 _34252_/X
 _34253_/X
 _34254_/X
 _34255_/X
 _34256_/X
 _34257_/X
 _34258_/X
 _34259_/X
 _34260_/X
 _34261_/X
 _34262_/X
 _34263_/X
 _34264_/X
 _34265_/X
 _34266_/X
 _34267_/X
 _34268_/X
 _34269_/X
 _34270_/X
 _34271_/X
 _34272_/X
 _34273_/X
 _34274_/X
 _34275_/X
 _34276_/X
 _34277_/X
 _34278_/X
 _34279_/X
 _34280_/X
 _34281_/X
 _34282_/X
 _34283_/X
 _34284_/X
 _34285_/X
 _34286_/X
 _34287_/X
 _34288_/X
 _34289_/X
 _34290_/X
 _34291_/X
 _34292_/X
 _34293_/X
 _34294_/X
 _34295_/X
 _34296_/X
 _34297_/X
 _34298_/X
 _34299_/X
 _34300_/X
 _34301_/X
 _34302_/X
 _34303_/X
 _34304_/X
 _34305_/X
 _34306_/X
 _34307_/X
 _34308_/X
 _34309_/X
 _34310_/X
 _34311_/X
 _34312_/X
 _34313_/X
 _34314_/X
 _34315_/X
 _34316_/X
 _34317_/X
 _34318_/X
 _34319_/X
 _34320_/X
 _34321_/X
 _34322_/X
 _34323_/X
 _34324_/X
 _34325_/X
 _34326_/X
 _34327_/X
 _34328_/X
 _34329_/X
 _34330_/X
 _34331_/X
 _34332_/X
 _34333_/X
 _34334_/X
 _34335_/X
 _34336_/X
 _34337_/X
 _34338_/X
 _34339_/X
 _34340_/X
 _34341_/X
 _34342_/X
 _34343_/X
 _34344_/X
 _34345_/X
 _34346_/X
 _34347_/X
 _34348_/X
 _34349_/X
 _34350_/X
 _34351_/X
 _34352_/X
 _34353_/X
 _34354_/X
 _34355_/X
 _34356_/X
 _34357_/X
 _34358_/X
 _34359_/X
 _34360_/X
 _34361_/X
 _34362_/X
 _34363_/X
 _34364_/X
 _34365_/X
 _34366_/X
 _34367_/X
 _34368_/X
 _34369_/X
 _34370_/X
 _34371_/X
 _34372_/X
 _34373_/X
 _34374_/X
 _34375_/X
 _34376_/X
 _34377_/X
 _34378_/X
 _34379_/X
 _34380_/X
 _34381_/X
 _34382_/X
 _34383_/X
 _34384_/X
 _34385_/X
 _34386_/X
 _34387_/X
 _34388_/X
 _34389_/X
 _34390_/X
 _34391_/X
 _34392_/X
 _34393_/X
 _34394_/X
 _34395_/X
 _34396_/X
 _34397_/X
 _34398_/X
 _34399_/X
 _34400_/X
 _34401_/X
 _34402_/X
 _34403_/X
 _34404_/X
 _34405_/X
 _34406_/X
 _34407_/X
 _34408_/X
 _34409_/X
 _34410_/X
 _34411_/X
 _34412_/X
 _34413_/X
 _34414_/X
 _34415_/X
 _34416_/X
 _34417_/X
 _34418_/X
 _34419_/X
 _34420_/X
 _34421_/X
 _34422_/X
 _34423_/X
 _34424_/X
 _34425_/X
 _34426_/X
 _34427_/X
 _34428_/X
 _34429_/X
 _34430_/X
 _34431_/X
 _34432_/X
 _34433_/X
 _34434_/X
 _34435_/X
 _34436_/X
 _34437_/X
 _34438_/X
 _34439_/X
 _34440_/X
 _34441_/X
 _34442_/X
 _34443_/X
 _34444_/X
 _34445_/X
 _34446_/X
 _34447_/X
 _34448_/X
 _34449_/X
 _34450_/X
 _34451_/X
 _34452_/X
 _34453_/X
 _34454_/X
 _34455_/X
 _34456_/X
 _34457_/X
 _34458_/X
 _34459_/X
 _34460_/X
 _34461_/X
 _34462_/X
 _34463_/X
 _34464_/X
 _34465_/X
 _34466_/X
 _34467_/X
 _34468_/X
 _34469_/X
 _34470_/X
 _34471_/X
 _34472_/X
 _34473_/X
 _34474_/X
 _34475_/X
 _34476_/X
 _34477_/X
 _34478_/X
 _34479_/X
 _34480_/X
 _34481_/X
 _34482_/X
 _34483_/X
 _34484_/X
 _34485_/X
 _34486_/X
 _34487_/X
 _34488_/X
 _34489_/X
 _34490_/X
 _34491_/X
 _34492_/X
 _34493_/X
 _34494_/X
 _34495_/X
 _34496_/X
 _34497_/X
 _34498_/X
 _34499_/X
 _34500_/X
 _34501_/X
 _34502_/X
 _34503_/X
 _34504_/X
 _34505_/X
 _34506_/X
 _34507_/X
 _34508_/X
 _34509_/X
 _34510_/X
 _34511_/X
 _34512_/X
 _34513_/X
 _34514_/X
 _34515_/X
 _34516_/X
 _34517_/X
 _34518_/X
 _34519_/X
 _34520_/X
 _34521_/X
 _34522_/X
 _34523_/X
 _34524_/X
 _34525_/X
 _34526_/X
 _34527_/X
 _34528_/X
 _34529_/X
 _34530_/X
 _34531_/X
 _34532_/X
 _34533_/X
 _34534_/X
 _34535_/X
 _34536_/X
 _34537_/X
 _34538_/X
 _34539_/X
 _34540_/X
 _34541_/X
 _34542_/X
 _34543_/X
 _34544_/X
 _34545_/X
 _34546_/X
 _34547_/X
 _34548_/X
 _34549_/X
 _34550_/X
 _34551_/X
 _34552_/X
 _34553_/X
 _34554_/X
 _34555_/X
 _34556_/X
 _34557_/X
 _34558_/X
 _34559_/X
 _34560_/X
 _34561_/X
 _34562_/X
 _34563_/X
 _34564_/X
 _34565_/X
 _34566_/X
 _34567_/X
 _34568_/X
 _34569_/X
 _34570_/X
 _34571_/X
 _34572_/X
 _34573_/X
 _34574_/X
 _34575_/X
 _34576_/X
 _34577_/X
 _34578_/X
 _34579_/X
 _34580_/X
 _34581_/X
 _34582_/X
 _34583_/X
 _34584_/X
 _34585_/X
 _34586_/X
 _34587_/X
 _34588_/X
 _34589_/X
 _34590_/X
 _34591_/X
 _34592_/X
 _34593_/X
 _34594_/X
 _34595_/X
 _34596_/X
 _34597_/X
 _34598_/X
 _34599_/X
 _34600_/X
 _34601_/X
 _34602_/X
 _34603_/X
 _34604_/X
 _34605_/X
 _34606_/X
 _34607_/X
 _34608_/X
 _34609_/X
 _34610_/X
 _34611_/X
 _34612_/X
 _34613_/X
 _34614_/X
 _34615_/X
 _34616_/X
 _34617_/X
 _34618_/X
 _34619_/X
 _34620_/X
 _34621_/X
 _34622_/X
 _34623_/X
 _34624_/X
 _34625_/X
 _34626_/X
 _34627_/X
 _34628_/X
 _34629_/X
 _34630_/X
 _34631_/X
 _34632_/X
 _34633_/X
 _34634_/X
 _34635_/X
 _34636_/X
 _34637_/X
 _34638_/X
 _34639_/X
 _34640_/X
 _34641_/X
 _34642_/X
 _34643_/X
 _34644_/X
 _34645_/X
 _34646_/X
 _34647_/X
 _34648_/X
 _34649_/X
 _34650_/X
 _34651_/X
 _34652_/X
 _34653_/X
 _34654_/X
 _34655_/X
 _34656_/X
 _34657_/X
 _34658_/X
 _34659_/X
 _34660_/X
 _34661_/X
 _34662_/X
 _34663_/X
 _34664_/X
 _34665_/X
 _34666_/X
 _34667_/X
 _34668_/X
 _34669_/X
 _34670_/X
 _34671_/X
 _34672_/X
 _34673_/X
 _34674_/X
 _34675_/X
 _34676_/X
 _34677_/X
 _34678_/X
 _34679_/X
 _34680_/X
 _34681_/X
 _34682_/X
 _34683_/X
 _34684_/X
 _34685_/X
 _34686_/X
 _34687_/X
 _34688_/X
 _34689_/X
 _34690_/X
 _34691_/X
 _34692_/X
 _34693_/X
 _34694_/X
 _34695_/X
 _34696_/X
 _34697_/X
 _34698_/X
 _34699_/X
 _34700_/X
 _34701_/X
 _34702_/X
 _34703_/X
 _34704_/X
 _34705_/X
 _34706_/X
 _34707_/X
 _34708_/X
 _34709_/X
 _34710_/X
 _34711_/X
 _34712_/X
 _34713_/X
 _34714_/X
 _34715_/X
 _34716_/X
 _34717_/X
 _34718_/X
 _34719_/X
 _34720_/X
 _34721_/X
 _34722_/X
 _34723_/X
 _34724_/X
 _34725_/X
 _34726_/X
 _34727_/X
 _34728_/X
 _34729_/X
 _34730_/X
 _34731_/X
 _34732_/X
 _34733_/X
 _34734_/X
 _34735_/X
 _34736_/X
 _34737_/X
 _34738_/X
 _34739_/X
 _34740_/X
 _34741_/X
 _34742_/X
 _34743_/X
 _34744_/X
 _34745_/X
 _34746_/X
 _34747_/X
 _34748_/X
 _34749_/X
 _34750_/X
 _34751_/X
 _34752_/X
 _34753_/X
 _34754_/X
 _34755_/X
 _34756_/X
 _34757_/X
 _34758_/X
 _34759_/X
 _34760_/X
 _34761_/X
 _34762_/X
 _34763_/X
 _34764_/X
 _34765_/X
 _34766_/X
 _34767_/X
 _34768_/X
 _34769_/X
 _34770_/X
 _34771_/X
 _34772_/X
 _34773_/X
 _34774_/X
 _34775_/X
 _34776_/X
 _34777_/X
 _34778_/X
 _34779_/X
 _34780_/X
 _34781_/X
 _34782_/X
 _34783_/X
 _34784_/X
 _34785_/X
 _34786_/X
 _34787_/X
 _34788_/X
 _34789_/X
 _34790_/X
 _34791_/X
 _34792_/X
 _34793_/X
 _34794_/X
 _34795_/X
 _34796_/X
 _34797_/X
 _34798_/X
 _34799_/X
 _34800_/X
 _34801_/X
 _34802_/X
 _34803_/X
 _34804_/X
 _34805_/X
 _34806_/X
 _34807_/X
 _34808_/X
 _34809_/X
 _34810_/X
 _34811_/X
 _34812_/X
 _34813_/X
 _34814_/X
 _34815_/X
 _34816_/X
 _34817_/X
 _34818_/X
 _34819_/X
 _34820_/X
 _34821_/X
 _34822_/X
 _34823_/X
 _34824_/X
 _34825_/X
 _34826_/X
 _34827_/X
 _34828_/X
 _34829_/X
 _34830_/X
 _34831_/X
 _34832_/X
 _34833_/X
 _34834_/X
 _34835_/X
 _34836_/X
 _34837_/X
 _34838_/X
 _34839_/X
 _34840_/X
 _34841_/X
 _34842_/X
 _34843_/X
 _34844_/X
 _34845_/X
 _34846_/X
 _34847_/X
 _34848_/X
 _34849_/X
 _34850_/X
 _34851_/X
 _34852_/X
 _34853_/X
 _34854_/X
 _34855_/X
 _34856_/X
 _34857_/X
 _34858_/X
 _34859_/X
 _34860_/X
 _34861_/X
 _34862_/X
 _34863_/X
 _34864_/X
 _34865_/X
 _34866_/X
 _34867_/X
 _34868_/X
 _34869_/X
 _34870_/X
 _34871_/X
 _34872_/X
 _34873_/X
 _34874_/X
 _34875_/X
 _34876_/X
 _34877_/X
 _34878_/X
 _34879_/X
 _34880_/X
 _34881_/X
 _34882_/X
 _34883_/X
 _34884_/X
 _34885_/X
 _34886_/X
 _34887_/X
 _34888_/X
 _34889_/X
 _34890_/X
 _34891_/X
 _34892_/X
 _34893_/X
 _34894_/X
 _34895_/X
 _34896_/X
 _34897_/X
 _34898_/X
 _34899_/X
 _34900_/X
 _34901_/X
 _34902_/X
 _34903_/X
 _34904_/X
 _34905_/X
 _34906_/X
 _34907_/X
 _34908_/X
 _34909_/X
 _34910_/X
 _34911_/X
 _34912_/X
 _34913_/X
 _34914_/X
 _34915_/X
 _34916_/X
 _34917_/X
 _34918_/X
 _34919_/X
 _34920_/X
 _34921_/X
 _34922_/X
 _34923_/X
 _34924_/X
 _34925_/X
 _34926_/X
 _34927_/X
 _34928_/X
 _34929_/X
 _34930_/X
 _34931_/X
 _34932_/X
 _34933_/X
 _34934_/X
 _34935_/X
 _34936_/X
 _34937_/X
 _34938_/X
 _34939_/X
 _34940_/X
 _34941_/X
 _34942_/X
 _34943_/X
 _34944_/X
 _34945_/X
 _34946_/X
 _34947_/X
 _34948_/X
 _34949_/X
 _34950_/X
 _34951_/X
 _34952_/X
 _34953_/X
 _34954_/X
 _34955_/X
 _34956_/X
 _34957_/X
 _34958_/X
 _34959_/X
 _34960_/X
 _34961_/X
 _34962_/X
 _34963_/X
 _34964_/X
 _34965_/X
 _34966_/X
 _34967_/X
 _34968_/X
 _34969_/X
 _34970_/X
 _34971_/X
 _34972_/X
 _34973_/X
 _34974_/X
 _34975_/X
 _34976_/X
 _34977_/X
 _34978_/X
 _34979_/X
 _34980_/X
 _34981_/X
 _34982_/X
 _34983_/X
 _34984_/X
 _34985_/X
 _34986_/X
 _34987_/X
 _34988_/X
 _34989_/X
 _34990_/X
 _34991_/X
 _34992_/X
 _34993_/X
 _34994_/X
 _34995_/X
 _34996_/X
 _34997_/X
 _34998_/X
 _34999_/X
 _35000_/X
 _35001_/X
 _35002_/X
 _35003_/X
 _35004_/X
 _35005_/X
 _35006_/X
 _35007_/X
 _35008_/X
 _35009_/X
 _35010_/X
 _35011_/X
 _35012_/X
 _35013_/X
 _35014_/X
 _35015_/X
 _35016_/X
 _35017_/X
 _35018_/X
 _35019_/X
 _35020_/X
 _35021_/X
 _35022_/X
 _35023_/X
 _35024_/X
 _35025_/X
 _35026_/X
 _35027_/X
 _35028_/X
 _35029_/X
 _35030_/X
 _35031_/X
 _35032_/X
 _35033_/X
 _35034_/X
 _35035_/X
 _35036_/X
 _35037_/X
 _35038_/X
 _35039_/X
 _35040_/X
 _35041_/X
 _35042_/X
 _35043_/X
 _35044_/X
 _35045_/X
 _35046_/X
 _35047_/X
 _35048_/X
 _35049_/X
 _35050_/X
 _35051_/X
 _35052_/X
 _35053_/X
 _35054_/X
 _35055_/X
 _35056_/X
 _35057_/X
 _35058_/X
 _35059_/X
 _35060_/X
 _35061_/X
 _35062_/X
 _35063_/X
 _35064_/X
 _35065_/X
 _35066_/X
 _35067_/X
 _35068_/X
 _35069_/X
 _35070_/X
 _35071_/X
 _35072_/X
 _35073_/X
 _35074_/X
 _35075_/X
 _35076_/X
 _35077_/X
 _35078_/X
 _35079_/X
 _35080_/X
 _35081_/X
 _35082_/X
 _35083_/X
 _35084_/X
 _35085_/X
 _35086_/X
 _35087_/X
 _35088_/X
 _35089_/X
 _35090_/X
 _35091_/X
 _35092_/X
 _35093_/X
 _35094_/X
 _35095_/X
 _35096_/X
 _35097_/X
 _35098_/X
 _35099_/X
 _35100_/X
 _35101_/X
 _35102_/X
 _35103_/X
 _35104_/X
 _35105_/X
 _35106_/X
 _35107_/X
 _35108_/X
 _35109_/X
 _35110_/X
 _35111_/X
 _35112_/X
 _35113_/X
 _35114_/X
 _35115_/X
 _35116_/X
 _35117_/X
 _35118_/X
 _35119_/X
 _35120_/X
 _35121_/X
 _35122_/X
 _35123_/X
 _35124_/X
 _35125_/X
 _35126_/X
 _35127_/X
 _35128_/X
 _35129_/X
 _35130_/X
 _35131_/X
 _35132_/X
 _35133_/X
 _35134_/X
 _35135_/X
 _35136_/X
 _35137_/X
 _35138_/X
 _35139_/X
 _35140_/X
 _35141_/X
 _35142_/X
 _35143_/X
 _35144_/X
 _35145_/X
 _35146_/X
 _35147_/X
 _35148_/X
 _35149_/X
 _35150_/X
 _35151_/X
 _35152_/X
 _35153_/X
 _35154_/X
 _35155_/X
 _35156_/X
 _35157_/X
 _35158_/X
 _35159_/X
 _35160_/X
 _35161_/X
 _35162_/X
 _35163_/X
 _35164_/X
 _35165_/X
 _35166_/X
 _35167_/X
 _35168_/X
 _35169_/X
 _35170_/X
 _35171_/X
 _35172_/X
 _35173_/X
 _35174_/X
 _35175_/X
 _35176_/X
 _35177_/X
 _35178_/X
 _35179_/X
 _35180_/X
 _35181_/X
 _35182_/X
 _35183_/X
 _35184_/X
 _35185_/X
 _35186_/X
 _35187_/X
 _35188_/X
 _35189_/X
 _35190_/X
 _35191_/X
 _35192_/X
 _35193_/X
 _35194_/X
 _35195_/X
 _35196_/X
 _35197_/X
 _35198_/X
 _35199_/X
 _35200_/X
 _35201_/X
 _35202_/X
 _35203_/X
 _35204_/X
 _35205_/X
 _35206_/X
 _35207_/X
 _35208_/X
 _35209_/X
 _35210_/X
 _35211_/X
 _35212_/X
 _35213_/X
 _35214_/X
 _35215_/X
 _35216_/X
 _35217_/X
 _35218_/X
 _35219_/X
 _35220_/X
 _35221_/X
 _35222_/X
 _35223_/X
 _35224_/X
 _35225_/X
 _35226_/X
 _35227_/X
 _35228_/X
 _35229_/X
 _35230_/X
 _35231_/X
 _35232_/X
 _35233_/X
 _35234_/X
 _35235_/X
 _35236_/X
 _35237_/X
 _35238_/X
 _35239_/X
 _35240_/X
 _35241_/X
 _35242_/X
 _35243_/X
 _35244_/X
 _35245_/X
 _35246_/X
 _35247_/X
 _35248_/X
 _35249_/X
 _35250_/X
 _35251_/X
 _35252_/X
 _35253_/X
 _35254_/X
 _35255_/X
 _35256_/X
 _35257_/X
 _35258_/X
 _35259_/X
 _35260_/X
 _35261_/X
 _35262_/X
 _35263_/X
 _35264_/X
 _35265_/X
 _35266_/X
 _35267_/X
 _35268_/X
 _35269_/X
 _35270_/X
 _35271_/X
 _35272_/X
 _35273_/X
 _35274_/X
 _35275_/X
 _35276_/Y
 _35277_/Y
 _35278_/Y
 _35279_/Y
 _35280_/Y
 _35281_/Y
 _35282_/Y
 _35283_/Y
 _35284_/Y
 _35285_/Y
 _35286_/Y
 _35287_/Y
 _35288_/Y
 _35289_/Y
 _35290_/Y
 _35291_/Y
 _35292_/Y
 _35293_/Y
 _35294_/X
 _35295_/X
 _35296_/Y
 _35297_/Y
 _35298_/Y
 _35299_/Y
 _35300_/X
 _35301_/Y
 _35302_/X
 _35303_/Y
 _35304_/X
 _35305_/Y
 _35306_/Y
 _35307_/Y
 _35308_/X
 _35309_/Y
 _35310_/Y
 _35311_/Y
 _35312_/X
 _35313_/Y
 _35314_/X
 _35315_/Y
 _35316_/X
 _35317_/Y
 _35318_/X
 _35319_/Y
 _35320_/X
 _35321_/Y
 _35322_/X
 _35323_/Y
 _35324_/X
 _35325_/Y
 _35326_/X
 _35327_/Y
 _35328_/X
 _35329_/Y
 _35330_/X
 _35331_/Y
 _35332_/X
 _35333_/Y
 _35334_/X
 _35335_/Y
 _35336_/X
 _35337_/Y
 _35338_/X
 _35339_/Y
 _35340_/X
 _35341_/Y
 _35342_/X
 _35343_/Y
 _35344_/X
 _35345_/Y
 _35346_/X
 _35347_/Y
 _35348_/Y
 _35349_/X
 _35350_/Y
 _35351_/Y
 _35352_/X
 _35353_/X
 _35354_/X
 _35355_/X
 _35356_/X
 _35357_/X
 _35358_/X
 _35359_/Y
 _35360_/Y
 _35361_/X
 _35362_/Y
 _35363_/Y
 _35364_/X
 _35365_/X
 _35366_/X
 _35367_/Y
 _35368_/Y
 _35369_/X
 _35370_/Y
 _35371_/Y
 _35372_/X
 _35373_/X
 _35374_/X
 _35375_/X
 _35376_/Y
 _35377_/Y
 _35378_/X
 _35379_/Y
 _35380_/Y
 _35381_/X
 _35382_/X
 _35383_/X
 _35384_/Y
 _35385_/Y
 _35386_/X
 _35387_/Y
 _35388_/Y
 _35389_/X
 _35390_/X
 _35391_/X
 _35392_/X
 _35393_/X
 _35394_/Y
 _35395_/Y
 _35396_/X
 _35397_/Y
 _35398_/Y
 _35399_/X
 _35400_/X
 _35401_/X
 _35402_/Y
 _35403_/X
 _35404_/Y
 _35405_/X
 _35406_/Y
 _35407_/Y
 _35408_/X
 _35409_/X
 _35410_/Y
 _35411_/X
 _35412_/Y
 _35413_/Y
 _35414_/X
 _35415_/X
 _35416_/X
 _35417_/X
 _35418_/X
 _35419_/X
 _35420_/X
 _35421_/Y
 _35422_/Y
 _35423_/Y
 _35424_/X
 _35425_/X
 _35426_/X
 _35427_/X
 _35428_/X
 _35429_/Y
 _35430_/Y
 _35431_/Y
 _35432_/X
 _35433_/X
 _35434_/X
 _35435_/Y
 _35436_/Y
 _35437_/Y
 _35438_/X
 _35439_/X
 _35440_/X
 _35441_/Y
 _35442_/Y
 _35443_/Y
 _35444_/X
 _35445_/X
 _35446_/X
 _35447_/X
 _35448_/X
 _35449_/Y
 _35450_/Y
 _35451_/Y
 _35452_/X
 _35453_/X
 _35454_/X
 _35455_/Y
 _35456_/Y
 _35457_/Y
 _35458_/X
 _35459_/X
 _35460_/X
 _35461_/X
 _35462_/X
 _35463_/Y
 _35464_/Y
 _35465_/Y
 _35466_/X
 _35467_/X
 _35468_/X
 _35469_/Y
 _35470_/Y
 _35471_/Y
 _35472_/X
 _35473_/X
 _35474_/X
 _35475_/Y
 _35476_/Y
 _35477_/Y
 _35478_/X
 _35479_/X
 _35480_/X
 _35481_/Y
 _35482_/Y
 _35483_/Y
 _35484_/X
 _35485_/X
 _35486_/X
 _35487_/X
 _35488_/X
 _35489_/Y
 _35490_/Y
 _35491_/Y
 _35492_/X
 _35493_/X
 _35494_/X
 _35495_/Y
 _35496_/Y
 _35497_/Y
 _35498_/X
 _35499_/X
 _35500_/X
 _35501_/X
 _35502_/X
 _35503_/Y
 _35504_/Y
 _35505_/Y
 _35506_/X
 _35507_/X
 _35508_/X
 _35509_/Y
 _35510_/Y
 _35511_/Y
 _35512_/X
 _35513_/X
 _35514_/X
 _35515_/Y
 _35516_/Y
 _35517_/Y
 _35518_/X
 _35519_/X
 _35520_/X
 _35521_/Y
 _35522_/Y
 _35523_/Y
 _35524_/X
 _35525_/X
 _35526_/X
 _35527_/X
 _35528_/Y
 _35529_/Y
 _35530_/X
 _35531_/X
 _35532_/X
 _35533_/X
 _35534_/Y
 _35535_/X
 _35536_/X
 _35537_/X
 _35538_/Y
 _35539_/X
 _35540_/X
 _35541_/Y
 _35542_/Y
 _35543_/Y
 _35544_/X
 _35545_/X
 _35546_/X
 _35547_/Y
 _35548_/Y
 _35549_/Y
 _35550_/X
 _35551_/X
 _35552_/X
 _35553_/Y
 _35554_/X
 _35555_/Y
 _35556_/X
 _35557_/X
 _35558_/X
 _35559_/Y
 _35560_/X
 _35561_/Y
 _35562_/X
 _35563_/X
 _35564_/X
 _35565_/Y
 _35566_/Y
 _35567_/Y
 _35568_/X
 _35569_/X
 _35570_/X
 _35571_/Y
 _35572_/Y
 _35573_/Y
 _35574_/X
 _35575_/X
 _35576_/X
 _35577_/Y
 _35578_/Y
 _35579_/Y
 _35580_/Y
 _35581_/Y
 _35582_/Y
 _35583_/Y
 _35584_/Y
 _35585_/Y
 _35586_/Y
 _35587_/Y
 _35588_/Y
 _35589_/Y
 _35590_/Y
 _35591_/Y
 _35592_/Y
 _35593_/Y
 _35594_/Y
 _35595_/X
 _35596_/X
 _35597_/Y
 _35598_/Y
 _35599_/Y
 _35600_/Y
 _35601_/X
 _35602_/Y
 _35603_/X
 _35604_/Y
 _35605_/X
 _35606_/Y
 _35607_/Y
 _35608_/Y
 _35609_/X
 _35610_/Y
 _35611_/Y
 _35612_/Y
 _35613_/X
 _35614_/Y
 _35615_/X
 _35616_/Y
 _35617_/X
 _35618_/Y
 _35619_/X
 _35620_/Y
 _35621_/X
 _35622_/Y
 _35623_/X
 _35624_/Y
 _35625_/X
 _35626_/Y
 _35627_/X
 _35628_/Y
 _35629_/X
 _35630_/Y
 _35631_/X
 _35632_/Y
 _35633_/X
 _35634_/Y
 _35635_/X
 _35636_/Y
 _35637_/X
 _35638_/Y
 _35639_/X
 _35640_/Y
 _35641_/X
 _35642_/Y
 _35643_/X
 _35644_/Y
 _35645_/X
 _35646_/Y
 _35647_/X
 _35648_/Y
 _35649_/Y
 _35650_/X
 _35651_/Y
 _35652_/Y
 _35653_/X
 _35654_/X
 _35655_/X
 _35656_/Y
 _35657_/Y
 _35658_/X
 _35659_/Y
 _35660_/Y
 _35661_/X
 _35662_/X
 _35663_/X
 _35664_/Y
 _35665_/Y
 _35666_/X
 _35667_/Y
 _35668_/Y
 _35669_/X
 _35670_/X
 _35671_/X
 _35672_/X
 _35673_/Y
 _35674_/Y
 _35675_/X
 _35676_/Y
 _35677_/Y
 _35678_/X
 _35679_/X
 _35680_/X
 _35681_/X
 _35682_/Y
 _35683_/Y
 _35684_/X
 _35685_/Y
 _35686_/Y
 _35687_/X
 _35688_/X
 _35689_/X
 _35690_/Y
 _35691_/Y
 _35692_/X
 _35693_/Y
 _35694_/Y
 _35695_/X
 _35696_/X
 _35697_/X
 _35698_/X
 _35699_/Y
 _35700_/X
 _35701_/Y
 _35702_/X
 _35703_/Y
 _35704_/Y
 _35705_/X
 _35706_/X
 _35707_/Y
 _35708_/X
 _35709_/Y
 _35710_/Y
 _35711_/X
 _35712_/X
 _35713_/X
 _35714_/Y
 _35715_/Y
 _35716_/Y
 _35717_/X
 _35718_/X
 _35719_/X
 _35720_/X
 _35721_/X
 _35722_/Y
 _35723_/Y
 _35724_/Y
 _35725_/X
 _35726_/X
 _35727_/X
 _35728_/Y
 _35729_/Y
 _35730_/Y
 _35731_/X
 _35732_/X
 _35733_/X
 _35734_/Y
 _35735_/Y
 _35736_/Y
 _35737_/X
 _35738_/X
 _35739_/X
 _35740_/Y
 _35741_/Y
 _35742_/Y
 _35743_/X
 _35744_/X
 _35745_/X
 _35746_/X
 _35747_/Y
 _35748_/Y
 _35749_/Y
 _35750_/X
 _35751_/X
 _35752_/X
 _35753_/Y
 _35754_/Y
 _35755_/Y
 _35756_/X
 _35757_/X
 _35758_/X
 _35759_/X
 _35760_/X
 _35761_/X
 _35762_/Y
 _35763_/Y
 _35764_/Y
 _35765_/X
 _35766_/X
 _35767_/X
 _35768_/Y
 _35769_/Y
 _35770_/Y
 _35771_/X
 _35772_/X
 _35773_/X
 _35774_/Y
 _35775_/Y
 _35776_/Y
 _35777_/X
 _35778_/X
 _35779_/X
 _35780_/Y
 _35781_/Y
 _35782_/Y
 _35783_/X
 _35784_/X
 _35785_/X
 _35786_/X
 _35787_/Y
 _35788_/Y
 _35789_/Y
 _35790_/X
 _35791_/X
 _35792_/X
 _35793_/Y
 _35794_/Y
 _35795_/Y
 _35796_/X
 _35797_/X
 _35798_/X
 _35799_/X
 _35800_/X
 _35801_/Y
 _35802_/Y
 _35803_/Y
 _35804_/X
 _35805_/X
 _35806_/X
 _35807_/Y
 _35808_/Y
 _35809_/Y
 _35810_/X
 _35811_/X
 _35812_/X
 _35813_/Y
 _35814_/Y
 _35815_/Y
 _35816_/X
 _35817_/X
 _35818_/X
 _35819_/Y
 _35820_/Y
 _35821_/X
 _35822_/X
 _35823_/X
 _35824_/X
 _35825_/Y
 _35826_/X
 _35827_/Y
 _35828_/X
 _35829_/X
 _35830_/Y
 _35831_/Y
 _35832_/Y
 _35833_/X
 _35834_/X
 _35835_/X
 _35836_/Y
 _35837_/Y
 _35838_/Y
 _35839_/X
 _35840_/X
 _35841_/X
 _35842_/X
 _35843_/Y
 _35844_/X
 _35845_/Y
 _35846_/X
 _35847_/X
 _35848_/Y
 _35849_/X
 _35850_/Y
 _35851_/X
 _35852_/X
 _35853_/X
 _35854_/Y
 _35855_/Y
 _35856_/Y
 _35857_/X
 _35858_/X
 _35859_/X
 _35860_/X
 _35861_/X
 _35862_/Y
 _35863_/Y
 _35864_/Y
 _35865_/X
 _35866_/X
 _35867_/X
 _35868_/Y
 _35869_/Y
 _35870_/Y
 _35871_/Y
 _35872_/Y
 _35873_/Y
 _35874_/Y
 _35875_/Y
 _35876_/Y
 _35877_/Y
 _35878_/Y
 _35879_/Y
 _35880_/Y
 _35881_/Y
 _35882_/Y
 _35883_/Y
 _35884_/Y
 _35885_/Y
 _35886_/X
 _35887_/X
 _35888_/Y
 _35889_/Y
 _35890_/Y
 _35891_/Y
 _35892_/X
 _35893_/Y
 _35894_/X
 _35895_/Y
 _35896_/X
 _35897_/Y
 _35898_/Y
 _35899_/Y
 _35900_/X
 _35901_/Y
 _35902_/Y
 _35903_/Y
 _35904_/X
 _35905_/Y
 _35906_/X
 _35907_/Y
 _35908_/X
 _35909_/Y
 _35910_/X
 _35911_/Y
 _35912_/X
 _35913_/Y
 _35914_/X
 _35915_/Y
 _35916_/X
 _35917_/Y
 _35918_/X
 _35919_/Y
 _35920_/X
 _35921_/Y
 _35922_/X
 _35923_/Y
 _35924_/X
 _35925_/Y
 _35926_/X
 _35927_/Y
 _35928_/X
 _35929_/Y
 _35930_/X
 _35931_/Y
 _35932_/X
 _35933_/Y
 _35934_/X
 _35935_/Y
 _35936_/X
 _35937_/Y
 _35938_/X
 _35939_/Y
 _35940_/Y
 _35941_/X
 _35942_/Y
 _35943_/Y
 _35944_/X
 _35945_/X
 _35946_/X
 _35947_/Y
 _35948_/Y
 _35949_/X
 _35950_/Y
 _35951_/Y
 _35952_/X
 _35953_/X
 _35954_/X
 _35955_/Y
 _35956_/Y
 _35957_/X
 _35958_/Y
 _35959_/Y
 _35960_/X
 _35961_/X
 _35962_/X
 _35963_/X
 _35964_/X
 _35965_/Y
 _35966_/Y
 _35967_/X
 _35968_/Y
 _35969_/Y
 _35970_/X
 _35971_/X
 _35972_/X
 _35973_/Y
 _35974_/Y
 _35975_/X
 _35976_/Y
 _35977_/Y
 _35978_/X
 _35979_/X
 _35980_/X
 _35981_/Y
 _35982_/Y
 _35983_/X
 _35984_/Y
 _35985_/Y
 _35986_/X
 _35987_/X
 _35988_/X
 _35989_/Y
 _35990_/X
 _35991_/Y
 _35992_/X
 _35993_/Y
 _35994_/Y
 _35995_/X
 _35996_/X
 _35997_/Y
 _35998_/X
 _35999_/Y
 _36000_/Y
 _36001_/X
 _36002_/X
 _36003_/X
 _36004_/Y
 _36005_/Y
 _36006_/Y
 _36007_/X
 _36008_/X
 _36009_/X
 _36010_/Y
 _36011_/Y
 _36012_/Y
 _36013_/X
 _36014_/X
 _36015_/X
 _36016_/X
 _36017_/X
 _36018_/X
 _36019_/Y
 _36020_/Y
 _36021_/Y
 _36022_/X
 _36023_/X
 _36024_/X
 _36025_/Y
 _36026_/Y
 _36027_/Y
 _36028_/X
 _36029_/X
 _36030_/X
 _36031_/Y
 _36032_/Y
 _36033_/Y
 _36034_/X
 _36035_/X
 _36036_/X
 _36037_/Y
 _36038_/Y
 _36039_/Y
 _36040_/X
 _36041_/X
 _36042_/X
 _36043_/X
 _36044_/Y
 _36045_/Y
 _36046_/Y
 _36047_/X
 _36048_/X
 _36049_/X
 _36050_/Y
 _36051_/Y
 _36052_/Y
 _36053_/X
 _36054_/X
 _36055_/X
 _36056_/X
 _36057_/X
 _36058_/Y
 _36059_/Y
 _36060_/Y
 _36061_/X
 _36062_/X
 _36063_/X
 _36064_/Y
 _36065_/Y
 _36066_/Y
 _36067_/X
 _36068_/X
 _36069_/X
 _36070_/Y
 _36071_/Y
 _36072_/Y
 _36073_/X
 _36074_/X
 _36075_/X
 _36076_/Y
 _36077_/Y
 _36078_/Y
 _36079_/X
 _36080_/X
 _36081_/X
 _36082_/X
 _36083_/X
 _36084_/Y
 _36085_/Y
 _36086_/Y
 _36087_/X
 _36088_/X
 _36089_/X
 _36090_/Y
 _36091_/Y
 _36092_/Y
 _36093_/X
 _36094_/X
 _36095_/X
 _36096_/X
 _36097_/X
 _36098_/Y
 _36099_/Y
 _36100_/Y
 _36101_/X
 _36102_/X
 _36103_/X
 _36104_/Y
 _36105_/Y
 _36106_/Y
 _36107_/X
 _36108_/X
 _36109_/X
 _36110_/Y
 _36111_/Y
 _36112_/X
 _36113_/X
 _36114_/X
 _36115_/Y
 _36116_/X
 _36117_/Y
 _36118_/X
 _36119_/X
 _36120_/Y
 _36121_/Y
 _36122_/Y
 _36123_/X
 _36124_/X
 _36125_/X
 _36126_/X
 _36127_/Y
 _36128_/Y
 _36129_/Y
 _36130_/X
 _36131_/X
 _36132_/X
 _36133_/Y
 _36134_/X
 _36135_/Y
 _36136_/X
 _36137_/X
 _36138_/Y
 _36139_/X
 _36140_/Y
 _36141_/X
 _36142_/X
 _36143_/X
 _36144_/Y
 _36145_/Y
 _36146_/Y
 _36147_/X
 _36148_/X
 _36149_/X
 _36150_/Y
 _36151_/Y
 _36152_/Y
 _36153_/X
 _36154_/X
 _36155_/X
 _36156_/Y
 _36157_/Y
 _36158_/Y
 _36159_/Y
 _36160_/Y
 _36161_/Y
 _36162_/Y
 _36163_/Y
 _36164_/Y
 _36165_/Y
 _36166_/Y
 _36167_/Y
 _36168_/Y
 _36169_/Y
 _36170_/Y
 _36171_/Y
 _36172_/Y
 _36173_/Y
 _36174_/X
 _36175_/X
 _36176_/Y
 _36177_/Y
 _36178_/Y
 _36179_/Y
 _36180_/X
 _36181_/Y
 _36182_/X
 _36183_/Y
 _36184_/X
 _36185_/Y
 _36186_/Y
 _36187_/Y
 _36188_/X
 _36189_/Y
 _36190_/Y
 _36191_/Y
 _36192_/X
 _36193_/Y
 _36194_/X
 _36195_/Y
 _36196_/X
 _36197_/Y
 _36198_/X
 _36199_/Y
 _36200_/X
 _36201_/Y
 _36202_/X
 _36203_/Y
 _36204_/X
 _36205_/Y
 _36206_/X
 _36207_/Y
 _36208_/X
 _36209_/Y
 _36210_/X
 _36211_/Y
 _36212_/X
 _36213_/Y
 _36214_/X
 _36215_/Y
 _36216_/X
 _36217_/Y
 _36218_/X
 _36219_/Y
 _36220_/X
 _36221_/Y
 _36222_/X
 _36223_/Y
 _36224_/X
 _36225_/Y
 _36226_/X
 _36227_/Y
 _36228_/Y
 _36229_/X
 _36230_/Y
 _36231_/Y
 _36232_/X
 _36233_/X
 _36234_/X
 _36235_/Y
 _36236_/Y
 _36237_/X
 _36238_/Y
 _36239_/Y
 _36240_/X
 _36241_/X
 _36242_/X
 _36243_/X
 _36244_/X
 _36245_/Y
 _36246_/Y
 _36247_/X
 _36248_/Y
 _36249_/Y
 _36250_/X
 _36251_/X
 _36252_/X
 _36253_/X
 _36254_/Y
 _36255_/Y
 _36256_/X
 _36257_/Y
 _36258_/Y
 _36259_/X
 _36260_/X
 _36261_/X
 _36262_/Y
 _36263_/Y
 _36264_/X
 _36265_/Y
 _36266_/Y
 _36267_/X
 _36268_/X
 _36269_/X
 _36270_/Y
 _36271_/Y
 _36272_/X
 _36273_/Y
 _36274_/Y
 _36275_/X
 _36276_/X
 _36277_/X
 _36278_/Y
 _36279_/X
 _36280_/Y
 _36281_/X
 _36282_/Y
 _36283_/Y
 _36284_/X
 _36285_/X
 _36286_/Y
 _36287_/X
 _36288_/Y
 _36289_/Y
 _36290_/X
 _36291_/X
 _36292_/X
 _36293_/X
 _36294_/Y
 _36295_/Y
 _36296_/Y
 _36297_/X
 _36298_/X
 _36299_/X
 _36300_/X
 _36301_/Y
 _36302_/Y
 _36303_/Y
 _36304_/X
 _36305_/X
 _36306_/X
 _36307_/Y
 _36308_/Y
 _36309_/Y
 _36310_/X
 _36311_/X
 _36312_/X
 _36313_/X
 _36314_/X
 _36315_/Y
 _36316_/Y
 _36317_/Y
 _36318_/X
 _36319_/X
 _36320_/X
 _36321_/Y
 _36322_/Y
 _36323_/Y
 _36324_/X
 _36325_/X
 _36326_/X
 _36327_/Y
 _36328_/Y
 _36329_/Y
 _36330_/X
 _36331_/X
 _36332_/X
 _36333_/Y
 _36334_/Y
 _36335_/Y
 _36336_/X
 _36337_/X
 _36338_/X
 _36339_/X
 _36340_/Y
 _36341_/Y
 _36342_/Y
 _36343_/X
 _36344_/X
 _36345_/X
 _36346_/Y
 _36347_/Y
 _36348_/Y
 _36349_/X
 _36350_/X
 _36351_/X
 _36352_/X
 _36353_/X
 _36354_/X
 _36355_/Y
 _36356_/Y
 _36357_/Y
 _36358_/X
 _36359_/X
 _36360_/X
 _36361_/Y
 _36362_/Y
 _36363_/Y
 _36364_/X
 _36365_/X
 _36366_/X
 _36367_/Y
 _36368_/Y
 _36369_/Y
 _36370_/X
 _36371_/X
 _36372_/X
 _36373_/Y
 _36374_/Y
 _36375_/Y
 _36376_/X
 _36377_/X
 _36378_/X
 _36379_/X
 _36380_/Y
 _36381_/Y
 _36382_/Y
 _36383_/X
 _36384_/X
 _36385_/X
 _36386_/Y
 _36387_/Y
 _36388_/Y
 _36389_/X
 _36390_/X
 _36391_/X
 _36392_/X
 _36393_/X
 _36394_/Y
 _36395_/Y
 _36396_/Y
 _36397_/X
 _36398_/X
 _36399_/X
 _36400_/Y
 _36401_/Y
 _36402_/X
 _36403_/X
 _36404_/X
 _36405_/Y
 _36406_/X
 _36407_/Y
 _36408_/X
 _36409_/X
 _36410_/Y
 _36411_/Y
 _36412_/Y
 _36413_/X
 _36414_/X
 _36415_/X
 _36416_/Y
 _36417_/Y
 _36418_/Y
 _36419_/X
 _36420_/X
 _36421_/X
 _36422_/X
 _36423_/Y
 _36424_/X
 _36425_/Y
 _36426_/X
 _36427_/X
 _36428_/Y
 _36429_/X
 _36430_/Y
 _36431_/X
 _36432_/X
 _36433_/X
 _36434_/Y
 _36435_/Y
 _36436_/Y
 _36437_/X
 _36438_/X
 _36439_/X
 _36440_/X
 _36441_/Y
 _36442_/Y
 _36443_/Y
 _36444_/X
 _36445_/X
 _36446_/Y
 _36447_/Y
 _36448_/Y
 _36449_/Y
 _36450_/Y
 _36451_/Y
 _36452_/Y
 _36453_/Y
 _36454_/Y
 _36455_/Y
 _36456_/Y
 _36457_/Y
 _36458_/Y
 _36459_/Y
 _36460_/Y
 _36461_/Y
 _36462_/Y
 _36463_/Y
 _36464_/X
 _36465_/X
 _36466_/Y
 _36467_/Y
 _36468_/Y
 _36469_/Y
 _36470_/X
 _36471_/Y
 _36472_/X
 _36473_/Y
 _36474_/X
 _36475_/Y
 _36476_/Y
 _36477_/Y
 _36478_/X
 _36479_/Y
 _36480_/Y
 _36481_/Y
 _36482_/X
 _36483_/Y
 _36484_/X
 _36485_/Y
 _36486_/X
 _36487_/Y
 _36488_/X
 _36489_/Y
 _36490_/X
 _36491_/Y
 _36492_/X
 _36493_/Y
 _36494_/X
 _36495_/Y
 _36496_/X
 _36497_/Y
 _36498_/X
 _36499_/Y
 _36500_/X
 _36501_/Y
 _36502_/X
 _36503_/Y
 _36504_/X
 _36505_/Y
 _36506_/X
 _36507_/Y
 _36508_/X
 _36509_/Y
 _36510_/X
 _36511_/Y
 _36512_/X
 _36513_/Y
 _36514_/X
 _36515_/Y
 _36516_/X
 _36517_/Y
 _36518_/Y
 _36519_/X
 _36520_/Y
 _36521_/Y
 _36522_/X
 _36523_/X
 _36524_/X
 _36525_/X
 _36526_/Y
 _36527_/Y
 _36528_/X
 _36529_/Y
 _36530_/Y
 _36531_/X
 _36532_/X
 _36533_/X
 _36534_/Y
 _36535_/Y
 _36536_/X
 _36537_/Y
 _36538_/Y
 _36539_/X
 _36540_/X
 _36541_/X
 _36542_/X
 _36543_/Y
 _36544_/Y
 _36545_/X
 _36546_/Y
 _36547_/Y
 _36548_/X
 _36549_/X
 _36550_/X
 _36551_/Y
 _36552_/Y
 _36553_/X
 _36554_/Y
 _36555_/Y
 _36556_/X
 _36557_/X
 _36558_/X
 _36559_/Y
 _36560_/Y
 _36561_/X
 _36562_/Y
 _36563_/Y
 _36564_/X
 _36565_/X
 _36566_/X
 _36567_/X
 _36568_/Y
 _36569_/X
 _36570_/Y
 _36571_/X
 _36572_/Y
 _36573_/Y
 _36574_/X
 _36575_/X
 _36576_/X
 _36577_/Y
 _36578_/X
 _36579_/Y
 _36580_/Y
 _36581_/X
 _36582_/X
 _36583_/X
 _36584_/Y
 _36585_/Y
 _36586_/Y
 _36587_/X
 _36588_/X
 _36589_/X
 _36590_/Y
 _36591_/Y
 _36592_/Y
 _36593_/X
 _36594_/X
 _36595_/X
 _36596_/X
 _36597_/Y
 _36598_/Y
 _36599_/Y
 _36600_/X
 _36601_/X
 _36602_/X
 _36603_/Y
 _36604_/Y
 _36605_/Y
 _36606_/X
 _36607_/X
 _36608_/X
 _36609_/X
 _36610_/X
 _36611_/X
 _36612_/Y
 _36613_/Y
 _36614_/Y
 _36615_/X
 _36616_/X
 _36617_/X
 _36618_/Y
 _36619_/Y
 _36620_/Y
 _36621_/X
 _36622_/X
 _36623_/X
 _36624_/Y
 _36625_/Y
 _36626_/Y
 _36627_/X
 _36628_/X
 _36629_/X
 _36630_/Y
 _36631_/Y
 _36632_/Y
 _36633_/X
 _36634_/X
 _36635_/X
 _36636_/X
 _36637_/Y
 _36638_/Y
 _36639_/Y
 _36640_/X
 _36641_/X
 _36642_/X
 _36643_/Y
 _36644_/Y
 _36645_/Y
 _36646_/X
 _36647_/X
 _36648_/X
 _36649_/X
 _36650_/X
 _36651_/Y
 _36652_/Y
 _36653_/Y
 _36654_/X
 _36655_/X
 _36656_/X
 _36657_/Y
 _36658_/Y
 _36659_/Y
 _36660_/X
 _36661_/X
 _36662_/X
 _36663_/Y
 _36664_/Y
 _36665_/Y
 _36666_/X
 _36667_/X
 _36668_/X
 _36669_/Y
 _36670_/Y
 _36671_/Y
 _36672_/X
 _36673_/X
 _36674_/X
 _36675_/X
 _36676_/X
 _36677_/Y
 _36678_/Y
 _36679_/Y
 _36680_/X
 _36681_/X
 _36682_/X
 _36683_/Y
 _36684_/Y
 _36685_/Y
 _36686_/X
 _36687_/X
 _36688_/X
 _36689_/X
 _36690_/Y
 _36691_/Y
 _36692_/X
 _36693_/X
 _36694_/X
 _36695_/Y
 _36696_/X
 _36697_/Y
 _36698_/X
 _36699_/X
 _36700_/Y
 _36701_/Y
 _36702_/Y
 _36703_/X
 _36704_/X
 _36705_/X
 _36706_/Y
 _36707_/Y
 _36708_/Y
 _36709_/X
 _36710_/X
 _36711_/X
 _36712_/Y
 _36713_/X
 _36714_/Y
 _36715_/X
 _36716_/X
 _36717_/Y
 _36718_/X
 _36719_/Y
 _36720_/X
 _36721_/X
 _36722_/X
 _36723_/Y
 _36724_/Y
 _36725_/Y
 _36726_/X
 _36727_/X
 _36728_/X
 _36729_/X
 _36730_/X
 _36731_/Y
 _36732_/Y
 _36733_/Y
 _36734_/X
 _36735_/X
 _36736_/X
 _36737_/Y
 _36738_/Y
 _36739_/Y
 _36740_/Y
 _36741_/Y
 _36742_/Y
 _36743_/Y
 _36744_/Y
 _36745_/Y
 _36746_/Y
 _36747_/Y
 _36748_/Y
 _36749_/Y
 _36750_/Y
 _36751_/Y
 _36752_/Y
 _36753_/Y
 _36754_/Y
 _36755_/X
 _36756_/X
 _36757_/Y
 _36758_/Y
 _36759_/Y
 _36760_/Y
 _36761_/X
 _36762_/Y
 _36763_/X
 _36764_/Y
 _36765_/X
 _36766_/Y
 _36767_/Y
 _36768_/Y
 _36769_/X
 _36770_/Y
 _36771_/Y
 _36772_/Y
 _36773_/X
 _36774_/Y
 _36775_/X
 _36776_/Y
 _36777_/X
 _36778_/Y
 _36779_/X
 _36780_/Y
 _36781_/X
 _36782_/Y
 _36783_/X
 _36784_/Y
 _36785_/X
 _36786_/Y
 _36787_/X
 _36788_/Y
 _36789_/X
 _36790_/Y
 _36791_/X
 _36792_/Y
 _36793_/X
 _36794_/Y
 _36795_/X
 _36796_/Y
 _36797_/X
 _36798_/Y
 _36799_/X
 _36800_/Y
 _36801_/X
 _36802_/Y
 _36803_/X
 _36804_/Y
 _36805_/X
 _36806_/Y
 _36807_/X
 _36808_/Y
 _36809_/Y
 _36810_/X
 _36811_/Y
 _36812_/Y
 _36813_/X
 _36814_/X
 _36815_/X
 _36816_/Y
 _36817_/Y
 _36818_/X
 _36819_/Y
 _36820_/Y
 _36821_/X
 _36822_/X
 _36823_/X
 _36824_/Y
 _36825_/Y
 _36826_/X
 _36827_/Y
 _36828_/Y
 _36829_/X
 _36830_/X
 _36831_/X
 _36832_/X
 _36833_/Y
 _36834_/Y
 _36835_/X
 _36836_/Y
 _36837_/Y
 _36838_/X
 _36839_/X
 _36840_/X
 _36841_/Y
 _36842_/Y
 _36843_/X
 _36844_/Y
 _36845_/Y
 _36846_/X
 _36847_/X
 _36848_/X
 _36849_/Y
 _36850_/Y
 _36851_/X
 _36852_/Y
 _36853_/Y
 _36854_/X
 _36855_/X
 _36856_/X
 _36857_/X
 _36858_/Y
 _36859_/X
 _36860_/Y
 _36861_/X
 _36862_/Y
 _36863_/Y
 _36864_/X
 _36865_/X
 _36866_/Y
 _36867_/X
 _36868_/Y
 _36869_/Y
 _36870_/X
 _36871_/X
 _36872_/X
 _36873_/Y
 _36874_/Y
 _36875_/Y
 _36876_/X
 _36877_/X
 _36878_/X
 _36879_/Y
 _36880_/Y
 _36881_/Y
 _36882_/X
 _36883_/X
 _36884_/X
 _36885_/Y
 _36886_/Y
 _36887_/Y
 _36888_/X
 _36889_/X
 _36890_/X
 _36891_/X
 _36892_/Y
 _36893_/Y
 _36894_/Y
 _36895_/X
 _36896_/X
 _36897_/X
 _36898_/Y
 _36899_/Y
 _36900_/Y
 _36901_/X
 _36902_/X
 _36903_/X
 _36904_/X
 _36905_/X
 _36906_/Y
 _36907_/Y
 _36908_/Y
 _36909_/X
 _36910_/X
 _36911_/X
 _36912_/Y
 _36913_/Y
 _36914_/Y
 _36915_/X
 _36916_/X
 _36917_/X
 _36918_/Y
 _36919_/Y
 _36920_/Y
 _36921_/X
 _36922_/X
 _36923_/X
 _36924_/Y
 _36925_/Y
 _36926_/Y
 _36927_/X
 _36928_/X
 _36929_/X
 _36930_/X
 _36931_/Y
 _36932_/Y
 _36933_/Y
 _36934_/X
 _36935_/X
 _36936_/X
 _36937_/Y
 _36938_/Y
 _36939_/Y
 _36940_/X
 _36941_/X
 _36942_/X
 _36943_/X
 _36944_/X
 _36945_/X
 _36946_/Y
 _36947_/Y
 _36948_/Y
 _36949_/X
 _36950_/X
 _36951_/X
 _36952_/Y
 _36953_/Y
 _36954_/Y
 _36955_/X
 _36956_/X
 _36957_/X
 _36958_/Y
 _36959_/Y
 _36960_/Y
 _36961_/X
 _36962_/X
 _36963_/X
 _36964_/Y
 _36965_/Y
 _36966_/Y
 _36967_/X
 _36968_/X
 _36969_/X
 _36970_/X
 _36971_/Y
 _36972_/Y
 _36973_/Y
 _36974_/X
 _36975_/X
 _36976_/X
 _36977_/Y
 _36978_/Y
 _36979_/X
 _36980_/X
 _36981_/X
 _36982_/Y
 _36983_/X
 _36984_/Y
 _36985_/X
 _36986_/X
 _36987_/Y
 _36988_/Y
 _36989_/Y
 _36990_/X
 _36991_/X
 _36992_/X
 _36993_/Y
 _36994_/Y
 _36995_/Y
 _36996_/X
 _36997_/X
 _36998_/X
 _36999_/Y
 _37000_/X
 _37001_/Y
 _37002_/X
 _37003_/X
 _37004_/Y
 _37005_/X
 _37006_/Y
 _37007_/X
 _37008_/X
 _37009_/X
 _37010_/X
 _37011_/X
 _37012_/Y
 _37013_/Y
 _37014_/Y
 _37015_/X
 _37016_/X
 _37017_/X
 _37018_/X
 _37019_/Y
 _37020_/Y
 _37021_/Y
 _37022_/X
 _37023_/X
 _37024_/X
 _37025_/Y
 _37026_/Y
 _37027_/Y
 _37028_/Y
 _37029_/Y
 _37030_/Y
 _37031_/Y
 _37032_/Y
 _37033_/Y
 _37034_/Y
 _37035_/Y
 _37036_/Y
 _37037_/Y
 _37038_/Y
 _37039_/Y
 _37040_/Y
 _37041_/Y
 _37042_/Y
 _37043_/X
 _37044_/X
 _37045_/Y
 _37046_/Y
 _37047_/Y
 _37048_/Y
 _37049_/X
 _37050_/Y
 _37051_/X
 _37052_/Y
 _37053_/X
 _37054_/Y
 _37055_/Y
 _37056_/Y
 _37057_/X
 _37058_/Y
 _37059_/Y
 _37060_/Y
 _37061_/X
 _37062_/Y
 _37063_/X
 _37064_/Y
 _37065_/X
 _37066_/Y
 _37067_/X
 _37068_/Y
 _37069_/X
 _37070_/Y
 _37071_/X
 _37072_/Y
 _37073_/X
 _37074_/Y
 _37075_/X
 _37076_/Y
 _37077_/X
 _37078_/Y
 _37079_/X
 _37080_/Y
 _37081_/X
 _37082_/Y
 _37083_/X
 _37084_/Y
 _37085_/X
 _37086_/Y
 _37087_/X
 _37088_/Y
 _37089_/X
 _37090_/Y
 _37091_/X
 _37092_/Y
 _37093_/X
 _37094_/Y
 _37095_/X
 _37096_/Y
 _37097_/Y
 _37098_/X
 _37099_/Y
 _37100_/Y
 _37101_/X
 _37102_/X
 _37103_/X
 _37104_/Y
 _37105_/Y
 _37106_/X
 _37107_/Y
 _37108_/Y
 _37109_/X
 _37110_/X
 _37111_/X
 _37112_/Y
 _37113_/Y
 _37114_/X
 _37115_/Y
 _37116_/Y
 _37117_/X
 _37118_/X
 _37119_/X
 _37120_/X
 _37121_/X
 _37122_/Y
 _37123_/Y
 _37124_/X
 _37125_/Y
 _37126_/Y
 _37127_/X
 _37128_/X
 _37129_/X
 _37130_/Y
 _37131_/Y
 _37132_/X
 _37133_/Y
 _37134_/Y
 _37135_/X
 _37136_/X
 _37137_/X
 _37138_/X
 _37139_/Y
 _37140_/Y
 _37141_/X
 _37142_/Y
 _37143_/Y
 _37144_/X
 _37145_/X
 _37146_/X
 _37147_/Y
 _37148_/X
 _37149_/Y
 _37150_/X
 _37151_/Y
 _37152_/Y
 _37153_/X
 _37154_/X
 _37155_/Y
 _37156_/X
 _37157_/Y
 _37158_/Y
 _37159_/X
 _37160_/X
 _37161_/X
 _37162_/X
 _37163_/Y
 _37164_/Y
 _37165_/Y
 _37166_/X
 _37167_/X
 _37168_/X
 _37169_/Y
 _37170_/Y
 _37171_/Y
 _37172_/X
 _37173_/X
 _37174_/X
 _37175_/Y
 _37176_/Y
 _37177_/Y
 _37178_/X
 _37179_/X
 _37180_/X
 _37181_/Y
 _37182_/Y
 _37183_/Y
 _37184_/X
 _37185_/X
 _37186_/X
 _37187_/X
 _37188_/Y
 _37189_/Y
 _37190_/Y
 _37191_/X
 _37192_/X
 _37193_/X
 _37194_/Y
 _37195_/Y
 _37196_/Y
 _37197_/X
 _37198_/X
 _37199_/X
 _37200_/X
 _37201_/X
 _37202_/X
 _37203_/Y
 _37204_/Y
 _37205_/Y
 _37206_/X
 _37207_/X
 _37208_/X
 _37209_/Y
 _37210_/Y
 _37211_/Y
 _37212_/X
 _37213_/X
 _37214_/X
 _37215_/Y
 _37216_/Y
 _37217_/Y
 _37218_/X
 _37219_/X
 _37220_/X
 _37221_/Y
 _37222_/Y
 _37223_/Y
 _37224_/X
 _37225_/X
 _37226_/X
 _37227_/X
 _37228_/Y
 _37229_/Y
 _37230_/Y
 _37231_/X
 _37232_/X
 _37233_/X
 _37234_/Y
 _37235_/Y
 _37236_/Y
 _37237_/X
 _37238_/X
 _37239_/X
 _37240_/X
 _37241_/X
 _37242_/Y
 _37243_/Y
 _37244_/Y
 _37245_/X
 _37246_/X
 _37247_/X
 _37248_/Y
 _37249_/Y
 _37250_/Y
 _37251_/X
 _37252_/X
 _37253_/X
 _37254_/Y
 _37255_/Y
 _37256_/Y
 _37257_/X
 _37258_/X
 _37259_/X
 _37260_/Y
 _37261_/Y
 _37262_/Y
 _37263_/X
 _37264_/X
 _37265_/X
 _37266_/X
 _37267_/X
 _37268_/Y
 _37269_/Y
 _37270_/X
 _37271_/X
 _37272_/X
 _37273_/Y
 _37274_/X
 _37275_/X
 _37276_/Y
 _37277_/X
 _37278_/X
 _37279_/Y
 _37280_/Y
 _37281_/Y
 _37282_/X
 _37283_/X
 _37284_/X
 _37285_/Y
 _37286_/Y
 _37287_/Y
 _37288_/X
 _37289_/X
 _37290_/X
 _37291_/X
 _37292_/Y
 _37293_/X
 _37294_/Y
 _37295_/X
 _37296_/X
 _37297_/X
 _37298_/Y
 _37299_/X
 _37300_/Y
 _37301_/X
 _37302_/X
 _37303_/X
 _37304_/Y
 _37305_/Y
 _37306_/Y
 _37307_/X
 _37308_/X
 _37309_/X
 _37310_/Y
 _37311_/Y
 _37312_/Y
 _37313_/X
 _37314_/X
 _37315_/X
 _37316_/Y
 _37317_/Y
 _37318_/Y
 _37319_/Y
 _37320_/Y
 _37321_/Y
 _37322_/Y
 _37323_/Y
 _37324_/Y
 _37325_/Y
 _37326_/Y
 _37327_/Y
 _37328_/Y
 _37329_/Y
 _37330_/Y
 _37331_/Y
 _37332_/Y
 _37333_/Y
 _37334_/X
 _37335_/X
 _37336_/Y
 _37337_/Y
 _37338_/Y
 _37339_/Y
 _37340_/X
 _37341_/Y
 _37342_/X
 _37343_/Y
 _37344_/X
 _37345_/Y
 _37346_/Y
 _37347_/Y
 _37348_/X
 _37349_/Y
 _37350_/Y
 _37351_/Y
 _37352_/X
 _37353_/Y
 _37354_/X
 _37355_/Y
 _37356_/X
 _37357_/Y
 _37358_/X
 _37359_/Y
 _37360_/X
 _37361_/Y
 _37362_/X
 _37363_/Y
 _37364_/X
 _37365_/Y
 _37366_/X
 _37367_/Y
 _37368_/X
 _37369_/Y
 _37370_/X
 _37371_/Y
 _37372_/X
 _37373_/Y
 _37374_/X
 _37375_/Y
 _37376_/X
 _37377_/Y
 _37378_/X
 _37379_/Y
 _37380_/X
 _37381_/Y
 _37382_/X
 _37383_/Y
 _37384_/X
 _37385_/Y
 _37386_/X
 _37387_/Y
 _37388_/Y
 _37389_/X
 _37390_/Y
 _37391_/Y
 _37392_/X
 _37393_/X
 _37394_/X
 _37395_/Y
 _37396_/Y
 _37397_/X
 _37398_/Y
 _37399_/Y
 _37400_/X
 _37401_/X
 _37402_/X
 _37403_/Y
 _37404_/Y
 _37405_/X
 _37406_/Y
 _37407_/Y
 _37408_/X
 _37409_/X
 _37410_/X
 _37411_/X
 _37412_/Y
 _37413_/Y
 _37414_/X
 _37415_/Y
 _37416_/Y
 _37417_/X
 _37418_/X
 _37419_/X
 _37420_/X
 _37421_/Y
 _37422_/Y
 _37423_/X
 _37424_/Y
 _37425_/Y
 _37426_/X
 _37427_/X
 _37428_/X
 _37429_/Y
 _37430_/Y
 _37431_/X
 _37432_/Y
 _37433_/Y
 _37434_/X
 _37435_/X
 _37436_/X
 _37437_/Y
 _37438_/X
 _37439_/Y
 _37440_/X
 _37441_/Y
 _37442_/Y
 _37443_/X
 _37444_/X
 _37445_/Y
 _37446_/X
 _37447_/Y
 _37448_/Y
 _37449_/X
 _37450_/X
 _37451_/X
 _37452_/Y
 _37453_/Y
 _37454_/Y
 _37455_/X
 _37456_/X
 _37457_/X
 _37458_/X
 _37459_/X
 _37460_/Y
 _37461_/Y
 _37462_/Y
 _37463_/X
 _37464_/X
 _37465_/X
 _37466_/Y
 _37467_/Y
 _37468_/Y
 _37469_/X
 _37470_/X
 _37471_/X
 _37472_/Y
 _37473_/Y
 _37474_/Y
 _37475_/X
 _37476_/X
 _37477_/X
 _37478_/Y
 _37479_/Y
 _37480_/Y
 _37481_/X
 _37482_/X
 _37483_/X
 _37484_/X
 _37485_/Y
 _37486_/Y
 _37487_/Y
 _37488_/X
 _37489_/X
 _37490_/X
 _37491_/Y
 _37492_/Y
 _37493_/Y
 _37494_/X
 _37495_/X
 _37496_/X
 _37497_/X
 _37498_/X
 _37499_/Y
 _37500_/Y
 _37501_/Y
 _37502_/X
 _37503_/X
 _37504_/X
 _37505_/Y
 _37506_/Y
 _37507_/Y
 _37508_/X
 _37509_/X
 _37510_/X
 _37511_/Y
 _37512_/Y
 _37513_/Y
 _37514_/X
 _37515_/X
 _37516_/X
 _37517_/Y
 _37518_/Y
 _37519_/Y
 _37520_/X
 _37521_/X
 _37522_/X
 _37523_/X
 _37524_/Y
 _37525_/Y
 _37526_/Y
 _37527_/X
 _37528_/X
 _37529_/X
 _37530_/Y
 _37531_/Y
 _37532_/Y
 _37533_/X
 _37534_/X
 _37535_/X
 _37536_/X
 _37537_/X
 _37538_/X
 _37539_/Y
 _37540_/Y
 _37541_/Y
 _37542_/X
 _37543_/X
 _37544_/X
 _37545_/Y
 _37546_/Y
 _37547_/Y
 _37548_/X
 _37549_/X
 _37550_/X
 _37551_/Y
 _37552_/Y
 _37553_/Y
 _37554_/X
 _37555_/X
 _37556_/X
 _37557_/Y
 _37558_/Y
 _37559_/X
 _37560_/X
 _37561_/X
 _37562_/X
 _37563_/Y
 _37564_/X
 _37565_/Y
 _37566_/X
 _37567_/X
 _37568_/Y
 _37569_/Y
 _37570_/Y
 _37571_/X
 _37572_/X
 _37573_/X
 _37574_/Y
 _37575_/Y
 _37576_/Y
 _37577_/X
 _37578_/X
 _37579_/X
 _37580_/X
 _37581_/Y
 _37582_/X
 _37583_/Y
 _37584_/X
 _37585_/X
 _37586_/Y
 _37587_/X
 _37588_/Y
 _37589_/X
 _37590_/X
 _37591_/X
 _37592_/Y
 _37593_/Y
 _37594_/Y
 _37595_/X
 _37596_/X
 _37597_/X
 _37598_/X
 _37599_/Y
 _37600_/Y
 _37601_/Y
 _37602_/X
 _37603_/X
 _37604_/X
 _37605_/Y
 _37606_/Y
 _37607_/Y
 _37608_/Y
 _37609_/Y
 _37610_/Y
 _37611_/Y
 _37612_/Y
 _37613_/Y
 _37614_/Y
 _37615_/Y
 _37616_/Y
 _37617_/Y
 _37618_/Y
 _37619_/Y
 _37620_/Y
 _37621_/Y
 _37622_/Y
 _37623_/X
 _37624_/X
 _37625_/Y
 _37626_/Y
 _37627_/Y
 _37628_/Y
 _37629_/X
 _37630_/Y
 _37631_/X
 _37632_/Y
 _37633_/X
 _37634_/Y
 _37635_/Y
 _37636_/Y
 _37637_/X
 _37638_/Y
 _37639_/Y
 _37640_/Y
 _37641_/X
 _37642_/Y
 _37643_/X
 _37644_/Y
 _37645_/X
 _37646_/Y
 _37647_/X
 _37648_/Y
 _37649_/X
 _37650_/Y
 _37651_/X
 _37652_/Y
 _37653_/X
 _37654_/Y
 _37655_/X
 _37656_/Y
 _37657_/X
 _37658_/Y
 _37659_/X
 _37660_/Y
 _37661_/X
 _37662_/Y
 _37663_/X
 _37664_/Y
 _37665_/X
 _37666_/Y
 _37667_/X
 _37668_/Y
 _37669_/X
 _37670_/Y
 _37671_/X
 _37672_/Y
 _37673_/X
 _37674_/Y
 _37675_/X
 _37676_/Y
 _37677_/Y
 _37678_/X
 _37679_/Y
 _37680_/Y
 _37681_/X
 _37682_/X
 _37683_/X
 _37684_/Y
 _37685_/Y
 _37686_/X
 _37687_/Y
 _37688_/Y
 _37689_/X
 _37690_/X
 _37691_/X
 _37692_/Y
 _37693_/Y
 _37694_/X
 _37695_/Y
 _37696_/Y
 _37697_/X
 _37698_/X
 _37699_/X
 _37700_/X
 _37701_/X
 _37702_/Y
 _37703_/Y
 _37704_/X
 _37705_/Y
 _37706_/Y
 _37707_/X
 _37708_/X
 _37709_/X
 _37710_/Y
 _37711_/Y
 _37712_/X
 _37713_/Y
 _37714_/Y
 _37715_/X
 _37716_/X
 _37717_/X
 _37718_/Y
 _37719_/Y
 _37720_/X
 _37721_/Y
 _37722_/Y
 _37723_/X
 _37724_/X
 _37725_/X
 _37726_/Y
 _37727_/X
 _37728_/Y
 _37729_/X
 _37730_/Y
 _37731_/Y
 _37732_/X
 _37733_/X
 _37734_/Y
 _37735_/X
 _37736_/Y
 _37737_/Y
 _37738_/X
 _37739_/X
 _37740_/X
 _37741_/Y
 _37742_/Y
 _37743_/Y
 _37744_/X
 _37745_/X
 _37746_/X
 _37747_/Y
 _37748_/Y
 _37749_/Y
 _37750_/X
 _37751_/X
 _37752_/X
 _37753_/X
 _37754_/X
 _37755_/Y
 _37756_/Y
 _37757_/Y
 _37758_/X
 _37759_/X
 _37760_/X
 _37761_/Y
 _37762_/Y
 _37763_/Y
 _37764_/X
 _37765_/X
 _37766_/X
 _37767_/Y
 _37768_/Y
 _37769_/Y
 _37770_/X
 _37771_/X
 _37772_/X
 _37773_/Y
 _37774_/Y
 _37775_/Y
 _37776_/X
 _37777_/X
 _37778_/X
 _37779_/X
 _37780_/Y
 _37781_/Y
 _37782_/Y
 _37783_/X
 _37784_/X
 _37785_/X
 _37786_/Y
 _37787_/Y
 _37788_/Y
 _37789_/X
 _37790_/X
 _37791_/X
 _37792_/X
 _37793_/X
 _37794_/X
 _37795_/Y
 _37796_/Y
 _37797_/Y
 _37798_/X
 _37799_/X
 _37800_/X
 _37801_/Y
 _37802_/Y
 _37803_/Y
 _37804_/X
 _37805_/X
 _37806_/X
 _37807_/Y
 _37808_/Y
 _37809_/Y
 _37810_/X
 _37811_/X
 _37812_/X
 _37813_/Y
 _37814_/Y
 _37815_/Y
 _37816_/X
 _37817_/X
 _37818_/X
 _37819_/X
 _37820_/Y
 _37821_/Y
 _37822_/Y
 _37823_/X
 _37824_/X
 _37825_/X
 _37826_/Y
 _37827_/Y
 _37828_/Y
 _37829_/X
 _37830_/X
 _37831_/X
 _37832_/X
 _37833_/X
 _37834_/Y
 _37835_/Y
 _37836_/Y
 _37837_/X
 _37838_/X
 _37839_/X
 _37840_/Y
 _37841_/Y
 _37842_/Y
 _37843_/X
 _37844_/X
 _37845_/X
 _37846_/Y
 _37847_/Y
 _37848_/X
 _37849_/X
 _37850_/X
 _37851_/X
 _37852_/Y
 _37853_/X
 _37854_/Y
 _37855_/X
 _37856_/X
 _37857_/Y
 _37858_/Y
 _37859_/Y
 _37860_/X
 _37861_/X
 _37862_/X
 _37863_/X
 _37864_/X
 _37865_/Y
 _37866_/Y
 _37867_/Y
 _37868_/X
 _37869_/X
 _37870_/X
 _37871_/Y
 _37872_/X
 _37873_/Y
 _37874_/X
 _37875_/X
 _37876_/Y
 _37877_/X
 _37878_/Y
 _37879_/X
 _37880_/X
 _37881_/X
 _37882_/Y
 _37883_/Y
 _37884_/Y
 _37885_/X
 _37886_/X
 _37887_/X
 _37888_/Y
 _37889_/Y
 _37890_/Y
 _37891_/X
 _37892_/X
 _37893_/X
 _37894_/Y
 _37895_/Y
 _37896_/Y
 _37897_/Y
 _37898_/Y
 _37899_/Y
 _37900_/Y
 _37901_/Y
 _37902_/Y
 _37903_/Y
 _37904_/Y
 _37905_/Y
 _37906_/Y
 _37907_/Y
 _37908_/Y
 _37909_/Y
 _37910_/Y
 _37911_/Y
 _37912_/X
 _37913_/X
 _37914_/Y
 _37915_/Y
 _37916_/Y
 _37917_/Y
 _37918_/X
 _37919_/Y
 _37920_/X
 _37921_/Y
 _37922_/X
 _37923_/Y
 _37924_/Y
 _37925_/Y
 _37926_/X
 _37927_/Y
 _37928_/Y
 _37929_/Y
 _37930_/X
 _37931_/Y
 _37932_/X
 _37933_/Y
 _37934_/X
 _37935_/Y
 _37936_/X
 _37937_/Y
 _37938_/X
 _37939_/Y
 _37940_/X
 _37941_/Y
 _37942_/X
 _37943_/Y
 _37944_/X
 _37945_/Y
 _37946_/X
 _37947_/Y
 _37948_/X
 _37949_/Y
 _37950_/X
 _37951_/Y
 _37952_/X
 _37953_/Y
 _37954_/X
 _37955_/Y
 _37956_/X
 _37957_/Y
 _37958_/X
 _37959_/Y
 _37960_/X
 _37961_/Y
 _37962_/X
 _37963_/Y
 _37964_/X
 _37965_/Y
 _37966_/Y
 _37967_/X
 _37968_/Y
 _37969_/Y
 _37970_/X
 _37971_/X
 _37972_/X
 _37973_/Y
 _37974_/Y
 _37975_/X
 _37976_/Y
 _37977_/Y
 _37978_/X
 _37979_/X
 _37980_/X
 _37981_/X
 _37982_/Y
 _37983_/Y
 _37984_/X
 _37985_/Y
 _37986_/Y
 _37987_/X
 _37988_/X
 _37989_/X
 _37990_/X
 _37991_/X
 _37992_/Y
 _37993_/Y
 _37994_/X
 _37995_/Y
 _37996_/Y
 _37997_/X
 _37998_/X
 _37999_/X
 _38000_/Y
 _38001_/Y
 _38002_/X
 _38003_/Y
 _38004_/Y
 _38005_/X
 _38006_/X
 _38007_/X
 _38008_/Y
 _38009_/Y
 _38010_/X
 _38011_/Y
 _38012_/Y
 _38013_/X
 _38014_/X
 _38015_/X
 _38016_/Y
 _38017_/X
 _38018_/Y
 _38019_/X
 _38020_/Y
 _38021_/Y
 _38022_/X
 _38023_/X
 _38024_/Y
 _38025_/X
 _38026_/Y
 _38027_/Y
 _38028_/X
 _38029_/X
 _38030_/X
 _38031_/X
 _38032_/Y
 _38033_/Y
 _38034_/Y
 _38035_/X
 _38036_/X
 _38037_/X
 _38038_/X
 _38039_/X
 _38040_/Y
 _38041_/Y
 _38042_/Y
 _38043_/X
 _38044_/X
 _38045_/X
 _38046_/Y
 _38047_/Y
 _38048_/Y
 _38049_/X
 _38050_/X
 _38051_/X
 _38052_/X
 _38053_/X
 _38054_/Y
 _38055_/Y
 _38056_/Y
 _38057_/X
 _38058_/X
 _38059_/X
 _38060_/Y
 _38061_/Y
 _38062_/Y
 _38063_/X
 _38064_/X
 _38065_/X
 _38066_/Y
 _38067_/Y
 _38068_/Y
 _38069_/X
 _38070_/X
 _38071_/X
 _38072_/Y
 _38073_/Y
 _38074_/Y
 _38075_/X
 _38076_/X
 _38077_/X
 _38078_/X
 _38079_/Y
 _38080_/Y
 _38081_/Y
 _38082_/X
 _38083_/X
 _38084_/X
 _38085_/Y
 _38086_/Y
 _38087_/Y
 _38088_/X
 _38089_/X
 _38090_/X
 _38091_/X
 _38092_/X
 _38093_/Y
 _38094_/Y
 _38095_/Y
 _38096_/X
 _38097_/X
 _38098_/X
 _38099_/Y
 _38100_/Y
 _38101_/Y
 _38102_/X
 _38103_/X
 _38104_/X
 _38105_/Y
 _38106_/Y
 _38107_/Y
 _38108_/X
 _38109_/X
 _38110_/X
 _38111_/Y
 _38112_/Y
 _38113_/Y
 _38114_/X
 _38115_/X
 _38116_/X
 _38117_/X
 _38118_/Y
 _38119_/Y
 _38120_/Y
 _38121_/X
 _38122_/X
 _38123_/X
 _38124_/Y
 _38125_/Y
 _38126_/Y
 _38127_/X
 _38128_/X
 _38129_/X
 _38130_/X
 _38131_/X
 _38132_/X
 _38133_/Y
 _38134_/Y
 _38135_/Y
 _38136_/X
 _38137_/X
 _38138_/X
 _38139_/Y
 _38140_/Y
 _38141_/X
 _38142_/X
 _38143_/X
 _38144_/Y
 _38145_/X
 _38146_/Y
 _38147_/X
 _38148_/X
 _38149_/Y
 _38150_/Y
 _38151_/Y
 _38152_/X
 _38153_/X
 _38154_/X
 _38155_/Y
 _38156_/Y
 _38157_/Y
 _38158_/X
 _38159_/X
 _38160_/X
 _38161_/Y
 _38162_/X
 _38163_/Y
 _38164_/X
 _38165_/X
 _38166_/Y
 _38167_/X
 _38168_/Y
 _38169_/X
 _38170_/X
 _38171_/X
 _38172_/Y
 _38173_/Y
 _38174_/Y
 _38175_/X
 _38176_/X
 _38177_/X
 _38178_/X
 _38179_/Y
 _38180_/Y
 _38181_/Y
 _38182_/X
 _38183_/X
 _38184_/Y
 _38185_/Y
 _38186_/Y
 _38187_/Y
 _38188_/Y
 _38189_/Y
 _38190_/Y
 _38191_/Y
 _38192_/Y
 _38193_/Y
 _38194_/Y
 _38195_/Y
 _38196_/Y
 _38197_/Y
 _38198_/Y
 _38199_/Y
 _38200_/Y
 _38201_/Y
 _38202_/X
 _38203_/X
 _38204_/Y
 _38205_/Y
 _38206_/Y
 _38207_/Y
 _38208_/X
 _38209_/Y
 _38210_/X
 _38211_/Y
 _38212_/X
 _38213_/Y
 _38214_/Y
 _38215_/Y
 _38216_/X
 _38217_/Y
 _38218_/Y
 _38219_/Y
 _38220_/X
 _38221_/Y
 _38222_/X
 _38223_/Y
 _38224_/X
 _38225_/Y
 _38226_/X
 _38227_/Y
 _38228_/X
 _38229_/Y
 _38230_/X
 _38231_/Y
 _38232_/X
 _38233_/Y
 _38234_/X
 _38235_/Y
 _38236_/X
 _38237_/Y
 _38238_/X
 _38239_/Y
 _38240_/X
 _38241_/Y
 _38242_/X
 _38243_/Y
 _38244_/X
 _38245_/Y
 _38246_/X
 _38247_/Y
 _38248_/X
 _38249_/Y
 _38250_/X
 _38251_/Y
 _38252_/X
 _38253_/Y
 _38254_/X
 _38255_/Y
 _38256_/Y
 _38257_/X
 _38258_/Y
 _38259_/Y
 _38260_/X
 _38261_/X
 _38262_/X
 _38263_/X
 _38264_/Y
 _38265_/Y
 _38266_/X
 _38267_/Y
 _38268_/Y
 _38269_/X
 _38270_/X
 _38271_/X
 _38272_/Y
 _38273_/Y
 _38274_/X
 _38275_/Y
 _38276_/Y
 _38277_/X
 _38278_/X
 _38279_/X
 _38280_/X
 _38281_/Y
 _38282_/Y
 _38283_/X
 _38284_/Y
 _38285_/Y
 _38286_/X
 _38287_/X
 _38288_/X
 _38289_/Y
 _38290_/Y
 _38291_/X
 _38292_/Y
 _38293_/Y
 _38294_/X
 _38295_/X
 _38296_/X
 _38297_/Y
 _38298_/Y
 _38299_/X
 _38300_/Y
 _38301_/Y
 _38302_/X
 _38303_/X
 _38304_/X
 _38305_/Y
 _38306_/X
 _38307_/Y
 _38308_/X
 _38309_/Y
 _38310_/Y
 _38311_/X
 _38312_/X
 _38313_/X
 _38314_/Y
 _38315_/X
 _38316_/Y
 _38317_/Y
 _38318_/X
 _38319_/X
 _38320_/X
 _38321_/Y
 _38322_/Y
 _38323_/Y
 _38324_/X
 _38325_/X
 _38326_/X
 _38327_/Y
 _38328_/Y
 _38329_/Y
 _38330_/X
 _38331_/X
 _38332_/X
 _38333_/X
 _38334_/Y
 _38335_/Y
 _38336_/Y
 _38337_/X
 _38338_/X
 _38339_/X
 _38340_/Y
 _38341_/Y
 _38342_/Y
 _38343_/X
 _38344_/X
 _38345_/X
 _38346_/X
 _38347_/X
 _38348_/Y
 _38349_/Y
 _38350_/Y
 _38351_/X
 _38352_/X
 _38353_/X
 _38354_/Y
 _38355_/Y
 _38356_/Y
 _38357_/X
 _38358_/X
 _38359_/X
 _38360_/Y
 _38361_/Y
 _38362_/Y
 _38363_/X
 _38364_/X
 _38365_/X
 _38366_/Y
 _38367_/Y
 _38368_/Y
 _38369_/X
 _38370_/X
 _38371_/X
 _38372_/X
 _38373_/Y
 _38374_/Y
 _38375_/Y
 _38376_/X
 _38377_/X
 _38378_/X
 _38379_/Y
 _38380_/Y
 _38381_/Y
 _38382_/X
 _38383_/X
 _38384_/X
 _38385_/X
 _38386_/X
 _38387_/X
 _38388_/Y
 _38389_/Y
 _38390_/Y
 _38391_/X
 _38392_/X
 _38393_/X
 _38394_/Y
 _38395_/Y
 _38396_/Y
 _38397_/X
 _38398_/X
 _38399_/X
 _38400_/Y
 _38401_/Y
 _38402_/Y
 _38403_/X
 _38404_/X
 _38405_/X
 _38406_/Y
 _38407_/Y
 _38408_/Y
 _38409_/X
 _38410_/X
 _38411_/X
 _38412_/X
 _38413_/Y
 _38414_/Y
 _38415_/Y
 _38416_/X
 _38417_/X
 _38418_/X
 _38419_/Y
 _38420_/Y
 _38421_/Y
 _38422_/X
 _38423_/X
 _38424_/X
 _38425_/X
 _38426_/Y
 _38427_/Y
 _38428_/X
 _38429_/X
 _38430_/X
 _38431_/Y
 _38432_/X
 _38433_/Y
 _38434_/X
 _38435_/X
 _38436_/Y
 _38437_/Y
 _38438_/Y
 _38439_/X
 _38440_/X
 _38441_/X
 _38442_/Y
 _38443_/Y
 _38444_/Y
 _38445_/X
 _38446_/X
 _38447_/X
 _38448_/Y
 _38449_/X
 _38450_/Y
 _38451_/X
 _38452_/X
 _38453_/Y
 _38454_/X
 _38455_/Y
 _38456_/X
 _38457_/X
 _38458_/X
 _38459_/Y
 _38460_/Y
 _38461_/Y
 _38462_/X
 _38463_/X
 _38464_/X
 _38465_/X
 _38466_/X
 _38467_/Y
 _38468_/Y
 _38469_/Y
 _38470_/X
 _38471_/X
 _38472_/X
 _38473_/X
 _38474_/Y
 _38475_/Y
 _38476_/Y
 _38477_/Y
 _38478_/Y
 _38479_/Y
 _38480_/Y
 _38481_/Y
 _38482_/Y
 _38483_/Y
 _38484_/Y
 _38485_/Y
 _38486_/Y
 _38487_/Y
 _38488_/Y
 _38489_/Y
 _38490_/Y
 _38491_/Y
 _38492_/X
 _38493_/X
 _38494_/Y
 _38495_/Y
 _38496_/Y
 _38497_/Y
 _38498_/X
 _38499_/Y
 _38500_/X
 _38501_/Y
 _38502_/X
 _38503_/Y
 _38504_/Y
 _38505_/Y
 _38506_/X
 _38507_/Y
 _38508_/Y
 _38509_/Y
 _38510_/X
 _38511_/Y
 _38512_/X
 _38513_/Y
 _38514_/X
 _38515_/Y
 _38516_/X
 _38517_/Y
 _38518_/X
 _38519_/Y
 _38520_/X
 _38521_/Y
 _38522_/X
 _38523_/Y
 _38524_/X
 _38525_/Y
 _38526_/X
 _38527_/Y
 _38528_/X
 _38529_/Y
 _38530_/X
 _38531_/Y
 _38532_/X
 _38533_/Y
 _38534_/X
 _38535_/Y
 _38536_/X
 _38537_/Y
 _38538_/X
 _38539_/Y
 _38540_/X
 _38541_/Y
 _38542_/X
 _38543_/Y
 _38544_/X
 _38545_/Y
 _38546_/Y
 _38547_/X
 _38548_/Y
 _38549_/Y
 _38550_/X
 _38551_/X
 _38552_/X
 _38553_/Y
 _38554_/Y
 _38555_/X
 _38556_/Y
 _38557_/Y
 _38558_/X
 _38559_/X
 _38560_/X
 _38561_/Y
 _38562_/Y
 _38563_/X
 _38564_/Y
 _38565_/Y
 _38566_/X
 _38567_/X
 _38568_/X
 _38569_/X
 _38570_/Y
 _38571_/Y
 _38572_/X
 _38573_/Y
 _38574_/Y
 _38575_/X
 _38576_/X
 _38577_/X
 _38578_/Y
 _38579_/Y
 _38580_/X
 _38581_/Y
 _38582_/Y
 _38583_/X
 _38584_/X
 _38585_/X
 _38586_/Y
 _38587_/Y
 _38588_/X
 _38589_/Y
 _38590_/Y
 _38591_/X
 _38592_/X
 _38593_/X
 _38594_/X
 _38595_/X
 _38596_/Y
 _38597_/X
 _38598_/Y
 _38599_/X
 _38600_/Y
 _38601_/Y
 _38602_/X
 _38603_/X
 _38604_/Y
 _38605_/X
 _38606_/Y
 _38607_/Y
 _38608_/X
 _38609_/X
 _38610_/X
 _38611_/Y
 _38612_/Y
 _38613_/Y
 _38614_/X
 _38615_/X
 _38616_/X
 _38617_/Y
 _38618_/Y
 _38619_/Y
 _38620_/X
 _38621_/X
 _38622_/X
 _38623_/Y
 _38624_/Y
 _38625_/Y
 _38626_/X
 _38627_/X
 _38628_/X
 _38629_/X
 _38630_/Y
 _38631_/Y
 _38632_/Y
 _38633_/X
 _38634_/X
 _38635_/X
 _38636_/Y
 _38637_/Y
 _38638_/Y
 _38639_/X
 _38640_/X
 _38641_/X
 _38642_/X
 _38643_/X
 _38644_/Y
 _38645_/Y
 _38646_/Y
 _38647_/X
 _38648_/X
 _38649_/X
 _38650_/Y
 _38651_/Y
 _38652_/Y
 _38653_/X
 _38654_/X
 _38655_/X
 _38656_/Y
 _38657_/Y
 _38658_/Y
 _38659_/X
 _38660_/X
 _38661_/X
 _38662_/Y
 _38663_/Y
 _38664_/Y
 _38665_/X
 _38666_/X
 _38667_/X
 _38668_/X
 _38669_/Y
 _38670_/Y
 _38671_/Y
 _38672_/X
 _38673_/X
 _38674_/X
 _38675_/Y
 _38676_/Y
 _38677_/Y
 _38678_/X
 _38679_/X
 _38680_/X
 _38681_/X
 _38682_/X
 _38683_/Y
 _38684_/Y
 _38685_/Y
 _38686_/X
 _38687_/X
 _38688_/X
 _38689_/Y
 _38690_/Y
 _38691_/Y
 _38692_/X
 _38693_/X
 _38694_/X
 _38695_/Y
 _38696_/Y
 _38697_/Y
 _38698_/X
 _38699_/X
 _38700_/X
 _38701_/Y
 _38702_/Y
 _38703_/Y
 _38704_/X
 _38705_/X
 _38706_/X
 _38707_/X
 _38708_/Y
 _38709_/Y
 _38710_/Y
 _38711_/X
 _38712_/X
 _38713_/X
 _38714_/Y
 _38715_/Y
 _38716_/X
 _38717_/X
 _38718_/X
 _38719_/X
 _38720_/Y
 _38721_/X
 _38722_/Y
 _38723_/X
 _38724_/X
 _38725_/Y
 _38726_/Y
 _38727_/Y
 _38728_/X
 _38729_/X
 _38730_/X
 _38731_/Y
 _38732_/Y
 _38733_/Y
 _38734_/X
 _38735_/X
 _38736_/X
 _38737_/Y
 _38738_/X
 _38739_/Y
 _38740_/X
 _38741_/X
 _38742_/Y
 _38743_/X
 _38744_/Y
 _38745_/X
 _38746_/X
 _38747_/X
 _38748_/X
 _38749_/Y
 _38750_/Y
 _38751_/Y
 _38752_/X
 _38753_/X
 _38754_/X
 _38755_/X
 _38756_/Y
 _38757_/Y
 _38758_/Y
 _38759_/X
 _38760_/X
 _38761_/X
 _38762_/X
 _38763_/X
 _38764_/X
 _38765_/X
 _38766_/X
 _38767_/X
 _38768_/X
 _38769_/X
 _38770_/X
 _38771_/X
 _38772_/X
 _38773_/X
 _38774_/X
 _38775_/X
 _38776_/X
 _38777_/X
 _38778_/X
 _38779_/X
 _38780_/X
 _38781_/X
 _38782_/X
 _38783_/X
 _38784_/X
 _38785_/X
 _38786_/X
 _38787_/X
 _38788_/X
 _38789_/X
 _38790_/X
 _38791_/X
 _38792_/X
 _38793_/X
 _38794_/Y
 _38795_/Y
 _38796_/X
 _38797_/X
 _38798_/X
 _38799_/Y
 _38800_/Y
 _38801_/X
 _38802_/Y
 _38803_/Y
 _38804_/X
 _38805_/X
 _38806_/Y
 _38807_/X
 _38808_/Y
 _38809_/Y
 _38810_/X
 _38811_/X
 _38812_/X
 _38813_/X
 _38814_/Y
 _38815_/X
 _38816_/X
 _38817_/Y
 _38818_/Y
 _38819_/Y
 _38820_/X
 _38821_/X
 _38822_/Y
 _38823_/X
 _38824_/X
 _38825_/Y
 _38826_/X
 _38827_/X
 _38828_/X
 _38829_/X
 _38830_/Y
 _38831_/X
 _38832_/X
 _38833_/Y
 _38834_/X
 _38835_/X
 _38836_/X
 _38837_/Y
 _38838_/X
 _38839_/Y
 _38840_/X
 _38841_/Y
 _38842_/Y
 _38843_/Y
 _38844_/X
 _38845_/X
 _38846_/X
 _38847_/X
 _38848_/Y
 _38849_/X
 _38850_/X
 _38851_/X
 _38852_/X
 _38853_/Y
 _38854_/X
 _38855_/Y
 _38856_/X
 _38857_/Y
 _38858_/X
 _38859_/X
 _38860_/X
 _38861_/Y
 _38862_/Y
 _38863_/X
 _38864_/X
 _38865_/Y
 _38866_/X
 _38867_/X
 _38868_/Y
 _38869_/X
 _38870_/Y
 _38871_/Y
 _38872_/X
 _38873_/X
 _38874_/X
 _38875_/Y
 _38876_/X
 _38877_/X
 _38878_/Y
 _38879_/X
 _38880_/X
 _38881_/X
 _38882_/Y
 _38883_/X
 _38884_/Y
 _38885_/X
 _38886_/Y
 _38887_/Y
 _38888_/X
 _38889_/X
 _38890_/X
 _38891_/Y
 _38892_/X
 _38893_/Y
 _38894_/X
 _38895_/X
 _38896_/X
 _38897_/Y
 _38898_/Y
 _38899_/X
 _38900_/X
 _38901_/Y
 _38902_/X
 _38903_/Y
 _38904_/X
 _38905_/X
 _38906_/X
 _38907_/X
 _38908_/X
 _38909_/Y
 _38910_/Y
 _38911_/X
 _38912_/X
 _38913_/Y
 _38914_/Y
 _38915_/X
 _38916_/X
 _38917_/Y
 _38918_/X
 _38919_/Y
 _38920_/X
 _38921_/X
 _38922_/X
 _38923_/X
 _38924_/Y
 _38925_/Y
 _38926_/X
 _38927_/X
 _38928_/X
 _38929_/Y
 _38930_/Y
 _38931_/X
 _38932_/X
 _38933_/Y
 _38934_/Y
 _38935_/X
 _38936_/X
 _38937_/X
 _38938_/X
 _38939_/X
 _38940_/X
 _38941_/X
 _38942_/X
 _38943_/X
 _38944_/X
 _38945_/Y
 _38946_/Y
 _38947_/X
 _38948_/X
 _38949_/Y
 _38950_/X
 _38951_/Y
 _38952_/X
 _38953_/X
 _38954_/X
 _38955_/Y
 _38956_/X
 _38957_/X
 _38958_/X
 _38959_/Y
 _38960_/X
 _38961_/X
 _38962_/X
 _38963_/X
 _38964_/Y
 _38965_/X
 _38966_/Y
 _38967_/X
 _38968_/X
 _38969_/Y
 _38970_/X
 _38971_/Y
 _38972_/X
 _38973_/X
 _38974_/Y
 _38975_/X
 _38976_/Y
 _38977_/X
 _38978_/X
 _38979_/X
 _38980_/X
 _38981_/Y
 _38982_/X
 _38983_/X
 _38984_/Y
 _38985_/Y
 _38986_/Y
 _38987_/X
 _38988_/Y
 _38989_/Y
 _38990_/Y
 _38991_/X
 _38992_/Y
 _38993_/Y
 _38994_/Y
 _38995_/Y
 _38996_/X
 _38997_/Y
 _38998_/X
 _38999_/Y
 _39000_/X
 _39001_/Y
 _39002_/Y
 _39003_/X
 _39004_/X
 _39005_/Y
 _39006_/Y
 _39007_/Y
 _39008_/X
 _39009_/X
 _39010_/X
 _39011_/Y
 _39012_/Y
 _39013_/X
 _39014_/X
 _39015_/X
 _39016_/Y
 _39017_/X
 _39018_/X
 _39019_/Y
 _39020_/Y
 _39021_/Y
 _39022_/Y
 _39023_/X
 _39024_/X
 _39025_/X
 _39026_/Y
 _39027_/Y
 _39028_/Y
 _39029_/Y
 _39030_/Y
 _39031_/Y
 _39032_/X
 _39033_/X
 _39034_/Y
 _39035_/X
 _39036_/X
 _39037_/Y
 _39038_/X
 _39039_/X
 _39040_/X
 _39041_/Y
 _39042_/Y
 _39043_/X
 _39044_/X
 _39045_/Y
 _39046_/X
 _39047_/X
 _39048_/X
 _39049_/X
 _39050_/Y
 _39051_/X
 _39052_/Y
 _39053_/X
 _39054_/Y
 _39055_/X
 _39056_/X
 _39057_/X
 _39058_/Y
 _39059_/Y
 _39060_/Y
 _39061_/Y
 _39062_/Y
 _39063_/X
 _39064_/X
 _39065_/X
 _39066_/Y
 _39067_/Y
 _39068_/Y
 _39069_/X
 _39070_/X
 _39071_/X
 _39072_/Y
 _39073_/Y
 _39074_/X
 _39075_/X
 _39076_/X
 _39077_/Y
 _39078_/Y
 _39079_/X
 _39080_/Y
 _39081_/X
 _39082_/X
 _39083_/Y
 _39084_/Y
 _39085_/Y
 _39086_/Y
 _39087_/Y
 _39088_/X
 _39089_/X
 _39090_/Y
 _39091_/Y
 _39092_/X
 _39093_/X
 _39094_/X
 _39095_/X
 _39096_/Y
 _39097_/Y
 _39098_/X
 _39099_/X
 _39100_/X
 _39101_/Y
 _39102_/Y
 _39103_/X
 _39104_/X
 _39105_/X
 _39106_/X
 _39107_/Y
 _39108_/X
 _39109_/X
 _39110_/Y
 _39111_/X
 _39112_/Y
 _39113_/X
 _39114_/X
 _39115_/X
 _39116_/Y
 _39117_/Y
 _39118_/X
 _39119_/X
 _39120_/X
 _39121_/Y
 _39122_/Y
 _39123_/X
 _39124_/X
 _39125_/X
 _39126_/X
 _39127_/Y
 _39128_/Y
 _39129_/X
 _39130_/X
 _39131_/X
 _39132_/Y
 _39133_/Y
 _39134_/X
 _39135_/X
 _39136_/X
 _39137_/Y
 _39138_/Y
 _39139_/X
 _39140_/X
 _39141_/Y
 _39142_/Y
 _39143_/X
 _39144_/X
 _39145_/X
 _39146_/Y
 _39147_/X
 _39148_/Y
 _39149_/X
 _39150_/X
 _39151_/Y
 _39152_/X
 _39153_/Y
 _39154_/X
 _39155_/X
 _39156_/X
 _39157_/Y
 _39158_/Y
 _39159_/X
 _39160_/Y
 _39161_/X
 _39162_/X
 _39163_/X
 _39164_/Y
 _39165_/X
 _39166_/Y
 _39167_/X
 _39168_/X
 _39169_/Y
 _39170_/X
 _39171_/Y
 _39172_/X
 _39173_/X
 _39174_/X
 _39175_/X
 _39176_/X
 _39177_/X
 _39178_/Y
 _39179_/Y
 _39180_/X
 _39181_/X
 _39182_/X
 _39183_/Y
 _39184_/Y
 _39185_/Y
 _39186_/X
 _39187_/X
 _39188_/Y
 _39189_/Y
 _39190_/X
 _39191_/X
 _39192_/Y
 _39193_/Y
 _39194_/X
 _39195_/X
 _39196_/X
 _39197_/X
 _39198_/Y
 _39199_/X
 _39200_/Y
 _39201_/X
 _39202_/X
 _39203_/Y
 _39204_/Y
 _39205_/X
 _39206_/X
 _39207_/X
 _39208_/Y
 _39209_/Y
 _39210_/X
 _39211_/Y
 _39212_/Y
 _39213_/X
 _39214_/X
 _39215_/X
 _39216_/X
 _39217_/X
 _39218_/Y
 _39219_/Y
 _39220_/Y
 _39221_/X
 _39222_/X
 _39223_/X
 _39224_/X
 _39225_/X
 _39226_/X
 _39227_/X
 _39228_/X
 _39229_/X
 _39230_/Y
 _39231_/X
 _39232_/Y
 _39233_/X
 _39234_/X
 _39235_/X
 _39236_/Y
 _39237_/X
 _39238_/Y
 _39239_/X
 _39240_/Y
 _39241_/Y
 _39242_/X
 _39243_/X
 _39244_/Y
 _39245_/Y
 _39246_/Y
 _39247_/X
 _39248_/X
 _39249_/X
 _39250_/Y
 _39251_/Y
 _39252_/X
 _39253_/Y
 _39254_/Y
 _39255_/X
 _39256_/Y
 _39257_/Y
 _39258_/Y
 _39259_/Y
 _39260_/X
 _39261_/X
 _39262_/X
 _39263_/X
 _39264_/X
 _39265_/Y
 _39266_/Y
 _39267_/X
 _39268_/X
 _39269_/X
 _39270_/X
 _39271_/Y
 _39272_/X
 _39273_/Y
 _39274_/Y
 _39275_/X
 _39276_/X
 _39277_/X
 _39278_/X
 _39279_/Y
 _39280_/X
 _39281_/X
 _39282_/X
 _39283_/Y
 _39284_/Y
 _39285_/X
 _39286_/X
 _39287_/X
 _39288_/Y
 _39289_/X
 _39290_/X
 _39291_/Y
 _39292_/X
 _39293_/X
 _39294_/X
 _39295_/Y
 _39296_/X
 _39297_/X
 _39298_/X
 _39299_/Y
 _39300_/Y
 _39301_/X
 _39302_/X
 _39303_/Y
 _39304_/X
 _39305_/Y
 _39306_/X
 _39307_/X
 _39308_/X
 _39309_/Y
 _39310_/X
 _39311_/X
 _39312_/Y
 _39313_/X
 _39314_/X
 _39315_/Y
 _39316_/Y
 _39317_/X
 _39318_/X
 _39319_/Y
 _39320_/X
 _39321_/Y
 _39322_/X
 _39323_/X
 _39324_/Y
 _39325_/X
 _39326_/Y
 _39327_/X
 _39328_/X
 _39329_/X
 _39330_/X
 _39331_/Y
 _39332_/Y
 _39333_/X
 _39334_/X
 _39335_/X
 _39336_/X
 _39337_/Y
 _39338_/Y
 _39339_/Y
 _39340_/X
 _39341_/X
 _39342_/Y
 _39343_/Y
 _39344_/X
 _39345_/X
 _39346_/Y
 _39347_/X
 _39348_/Y
 _39349_/X
 _39350_/X
 _39351_/X
 _39352_/Y
 _39353_/Y
 _39354_/X
 _39355_/X
 _39356_/Y
 _39357_/X
 _39358_/Y
 _39359_/X
 _39360_/X
 _39361_/Y
 _39362_/X
 _39363_/Y
 _39364_/X
 _39365_/X
 _39366_/X
 _39367_/X
 _39368_/X
 _39369_/Y
 _39370_/Y
 _39371_/X
 _39372_/X
 _39373_/X
 _39374_/X
 _39375_/Y
 _39376_/Y
 _39377_/Y
 _39378_/X
 _39379_/X
 _39380_/X
 _39381_/X
 _39382_/X
 _39383_/Y
 _39384_/X
 _39385_/X
 _39386_/Y
 _39387_/X
 _39388_/Y
 _39389_/X
 _39390_/X
 _39391_/Y
 _39392_/Y
 _39393_/X
 _39394_/X
 _39395_/X
 _39396_/X
 _39397_/Y
 _39398_/X
 _39399_/Y
 _39400_/X
 _39401_/X
 _39402_/Y
 _39403_/X
 _39404_/Y
 _39405_/X
 _39406_/X
 _39407_/X
 _39408_/Y
 _39409_/X
 _39410_/X
 _39411_/X
 _39412_/Y
 _39413_/Y
 _39414_/Y
 _39415_/X
 _39416_/X
 _39417_/X
 _39418_/X
 _39419_/X
 _39420_/X
 _39421_/X
 _39422_/X
 _39423_/X
 _39424_/X
 _39425_/Y
 _39426_/X
 _39427_/X
 _39428_/Y
 _39429_/Y
 _39430_/X
 _39431_/X
 _39432_/X
 _39433_/Y
 _39434_/Y
 _39435_/X
 _39436_/X
 _39437_/Y
 _39438_/X
 _39439_/X
 _39440_/Y
 _39441_/Y
 _39442_/X
 _39443_/X
 _39444_/X
 _39445_/Y
 _39446_/X
 _39447_/Y
 _39448_/X
 _39449_/X
 _39450_/X
 _39451_/X
 _39452_/Y
 _39453_/X
 _39454_/Y
 _39455_/Y
 _39456_/X
 _39457_/X
 _39458_/Y
 _39459_/X
 _39460_/Y
 _39461_/Y
 _39462_/Y
 _39463_/X
 _39464_/X
 _39465_/Y
 _39466_/X
 _39467_/Y
 _39468_/X
 _39469_/Y
 _39470_/Y
 _39471_/X
 _39472_/X
 _39473_/X
 _39474_/X
 _39475_/Y
 _39476_/X
 _39477_/X
 _39478_/Y
 _39479_/X
 _39480_/X
 _39481_/Y
 _39482_/X
 _39483_/Y
 _39484_/X
 _39485_/Y
 _39486_/X
 _39487_/X
 _39488_/Y
 _39489_/X
 _39490_/X
 _39491_/Y
 _39492_/X
 _39493_/Y
 _39494_/X
 _39495_/Y
 _39496_/X
 _39497_/X
 _39498_/X
 _39499_/Y
 _39500_/X
 _39501_/Y
 _39502_/X
 _39503_/X
 _39504_/X
 _39505_/Y
 _39506_/Y
 _39507_/X
 _39508_/X
 _39509_/Y
 _39510_/Y
 _39511_/Y
 _39512_/X
 _39513_/X
 _39514_/Y
 _39515_/Y
 _39516_/X
 _39517_/X
 _39518_/Y
 _39519_/X
 _39520_/X
 _39521_/Y
 _39522_/X
 _39523_/X
 _39524_/Y
 _39525_/X
 _39526_/X
 _39527_/Y
 _39528_/X
 _39529_/Y
 _39530_/X
 _39531_/X
 _39532_/Y
 _39533_/X
 _39534_/X
 _39535_/Y
 _39536_/X
 _39537_/Y
 _39538_/X
 _39539_/X
 _39540_/X
 _39541_/Y
 _39542_/X
 _39543_/Y
 _39544_/X
 _39545_/X
 _39546_/Y
 _39547_/Y
 _39548_/X
 _39549_/X
 _39550_/X
 _39551_/Y
 _39552_/Y
 _39553_/X
 _39554_/X
 _39555_/Y
 _39556_/Y
 _39557_/X
 _39558_/X
 _39559_/X
 _39560_/Y
 _39561_/Y
 _39562_/X
 _39563_/X
 _39564_/Y
 _39565_/X
 _39566_/X
 _39567_/Y
 _39568_/X
 _39569_/X
 _39570_/X
 _39571_/X
 _39572_/Y
 _39573_/X
 _39574_/Y
 _39575_/X
 _39576_/Y
 _39577_/X
 _39578_/Y
 _39579_/X
 _39580_/X
 _39581_/Y
 _39582_/X
 _39583_/X
 _39584_/Y
 _39585_/X
 _39586_/Y
 _39587_/X
 _39588_/X
 _39589_/Y
 _39590_/Y
 _39591_/X
 _39592_/Y
 _39593_/X
 _39594_/Y
 _39595_/Y
 _39596_/X
 _39597_/X
 _39598_/Y
 _39599_/X
 _39600_/X
 _39601_/X
 _39602_/X
 _39603_/X
 _39604_/Y
 _39605_/Y
 _39606_/X
 _39607_/X
 _39608_/Y
 _39609_/Y
 _39610_/X
 _39611_/X
 _39612_/X
 _39613_/X
 _39614_/Y
 _39615_/X
 _39616_/X
 _39617_/X
 _39618_/X
 _39619_/X
 _39620_/X
 _39621_/X
 _39622_/Y
 _39623_/X
 _39624_/X
 _39625_/X
 _39626_/X
 _39627_/X
 _39628_/X
 _39629_/X
 _39630_/X
 _39631_/Y
 _39632_/X
 _39633_/X
 _39634_/X
 _39635_/X
 _39636_/X
 _39637_/X
 _39638_/X
 _39639_/X
 _39640_/X
 _39641_/X
 _39642_/X
 _39643_/X
 _39644_/X
 _39645_/X
 _39646_/X
 _39647_/X
 _39648_/X
 _39649_/Y
 _39650_/X
 _39651_/X
 _39652_/X
 _39653_/Y
 _39654_/Y
 _39655_/X
 _39656_/X
 _39657_/X
 _39658_/Y
 _39659_/X
 _39660_/X
 _39661_/X
 _39662_/X
 _39663_/X
 _39664_/X
 _39665_/Y
 _39666_/X
 _39667_/X
 _39668_/X
 _39669_/X
 _39670_/Y
 _39671_/X
 _39672_/X
 _39673_/X
 _39674_/X
 _39675_/Y
 _39676_/X
 _39677_/X
 _39678_/X
 _39679_/X
 _39680_/Y
 _39681_/X
 _39682_/X
 _39683_/X
 _39684_/X
 _39685_/X
 _39686_/Y
 _39687_/X
 _39688_/X
 _39689_/X
 _39690_/X
 _39691_/X
 _39692_/Y
 _39693_/X
 _39694_/X
 _39695_/X
 _39696_/X
 _39697_/X
 _39698_/Y
 _39699_/X
 _39700_/X
 _39701_/X
 _39702_/X
 _39703_/Y
 _39704_/X
 _39705_/X
 _39706_/X
 _39707_/X
 _39708_/Y
 _39709_/X
 _39710_/X
 _39711_/X
 _39712_/X
 _39713_/X
 _39714_/Y
 _39715_/X
 _39716_/X
 _39717_/X
 _39718_/X
 _39719_/Y
 _39720_/X
 _39721_/X
 _39722_/X
 _39723_/X
 _39724_/Y
 _39725_/X
 _39726_/X
 _39727_/X
 _39728_/X
 _39729_/X
 _39730_/Y
 _39731_/X
 _39732_/X
 _39733_/X
 _39734_/X
 _39735_/Y
 _39736_/X
 _39737_/X
 _39738_/X
 _39739_/X
 _39740_/Y
 _39741_/X
 _39742_/X
 _39743_/X
 _39744_/X
 _39745_/Y
 _39746_/X
 _39747_/X
 _39748_/X
 _39749_/X
 _39750_/Y
 _39751_/X
 _39752_/X
 _39753_/X
 _39754_/X
 _39755_/Y
 _39756_/X
 _39757_/X
 _39758_/X
 _39759_/X
 _39760_/X
 _39761_/Y
 _39762_/X
 _39763_/X
 _39764_/X
 _39765_/X
 _39766_/Y
 _39767_/X
 _39768_/X
 _39769_/X
 _39770_/X
 _39771_/Y
 _39772_/X
 _39773_/X
 _39774_/X
 _39775_/Y
 _39776_/X
 _39777_/X
 _39778_/X
 _39779_/Y
 _39780_/X
 _39781_/X
 _39782_/X
 _39783_/X
 _39784_/X
 _39785_/X
 _39786_/X
 _39787_/Y
 _39788_/X
 _39789_/X
 _39790_/X
 _39791_/X
 _39792_/X
 _39793_/X
 _39794_/Y
 _39795_/X
 _39796_/X
 _39797_/X
 _39798_/X
 _39799_/X
 _39800_/Y
 _39801_/X
 _39802_/X
 _39803_/X
 _39804_/X
 _39805_/X
 _39806_/Y
 _39807_/X
 _39808_/X
 _39809_/X
 _39810_/X
 _39811_/X
 _39812_/Y
 _39813_/X
 _39814_/X
 _39815_/X
 _39816_/X
 _39817_/X
 _39818_/Y
 _39819_/X
 _39820_/X
 _39821_/X
 _39822_/X
 _39823_/X
 _39824_/Y
 _39825_/X
 _39826_/X
 _39827_/X
 _39828_/X
 _39829_/X
 _39830_/Y
 _39831_/X
 _39832_/X
 _39833_/X
 _39834_/X
 _39835_/X
 _39836_/Y
 _39837_/X
 _39838_/X
 _39839_/X
 _39840_/X
 _39841_/X
 _39842_/Y
 _39843_/X
 _39844_/X
 _39845_/X
 _39846_/X
 _39847_/X
 _39848_/X
 _39849_/Y
 _39850_/X
 _39851_/X
 _39852_/X
 _39853_/X
 _39854_/X
 _39855_/Y
 _39856_/X
 _39857_/X
 _39858_/X
 _39859_/Y
 _39860_/X
 _39861_/X
 _39862_/X
 _39863_/X
 _39864_/X
 _39865_/Y
 _39866_/X
 _39867_/X
 _39868_/X
 _39869_/X
 _39870_/X
 _39871_/Y
 _39872_/X
 _39873_/X
 _39874_/X
 _39875_/X
 _39876_/X
 _39877_/Y
 _39878_/X
 _39879_/X
 _39880_/X
 _39881_/X
 _39882_/X
 _39883_/Y
 _39884_/X
 _39885_/X
 _39886_/X
 _39887_/X
 _39888_/X
 _39889_/Y
 _39890_/X
 _39891_/X
 _39892_/X
 _39893_/Y
 _39894_/X
 _39895_/X
 _39896_/X
 _39897_/X
 _39898_/X
 _39899_/Y
 _39900_/X
 _39901_/X
 _39902_/X
 _39903_/X
 _39904_/X
 _39905_/Y
 _39906_/X
 _39907_/X
 _39908_/X
 _39909_/Y
 _39910_/X
 _39911_/X
 _39912_/X
 _39913_/X
 _39914_/X
 _39915_/Y
 _39916_/X
 _39917_/X
 _39918_/X
 _39919_/X
 _39920_/X
 _39921_/Y
 _39922_/X
 _39923_/X
 _39924_/X
 _39925_/Y
 _39926_/X
 _39927_/X
 _39928_/X
 _39929_/X
 _39930_/Y
 _39931_/X
 _39932_/X
 _39933_/X
 _39934_/X
 _39935_/X
 _39936_/X
 _39937_/X
 _39938_/X
 _39939_/X
 _39940_/X
 _39941_/X
 _39942_/X
 _39943_/X
 _39944_/X
 _39945_/Y
 _39946_/X
 _39947_/X
 _39948_/X
 _39949_/Y
 _39950_/X
 _39951_/X
 _39952_/X
 _39953_/X
 _39954_/X
 _39955_/Q
 _39956_/Q
 _39957_/Q
 _39958_/Q
 _39959_/Q
 _39960_/Q
 _39961_/Q
 _39962_/Q
 _39963_/Q
 _39964_/Q
 _39965_/Q
 _39966_/Q
 _39967_/Q
 _39968_/Q
 _39969_/Q
 _39970_/Q
 _39971_/Q
 _39972_/Q
 _39973_/Q
 _39974_/Q
 _39975_/Q
 _39976_/Q
 _39977_/Q
 _39978_/Q
 _39979_/Q
 _39980_/Q
 _39981_/Q
 _39982_/Q
 _39983_/Q
 _39984_/Q
 _39985_/Q
 _39986_/Q
 _39987_/Q
 _39988_/Q
 _39989_/Q
 _39990_/Q
 _39991_/Q
 _39992_/Q
 _39993_/Q
 _39994_/Q
 _39995_/Q
 _39996_/Q
 _39997_/Q
 _39998_/Q
 _39999_/Q
 _40000_/Q
 _40001_/Q
 _40002_/Q
 _40003_/Q
 _40004_/Q
 _40005_/Q
 _40006_/Q
 _40007_/Q
 _40008_/Q
 _40009_/Q
 _40010_/Q
 _40011_/Q
 _40012_/Q
 _40013_/Q
 _40014_/Q
 _40015_/Q
 _40016_/Q
 _40017_/Q
 _40018_/Q
 _40019_/Q
 _40020_/Q
 _40021_/Q
 _40022_/Q
 _40023_/Q
 _40024_/Q
 _40025_/Q
 _40026_/Q
 _40027_/Q
 _40028_/Q
 _40029_/Q
 _40030_/Q
 _40031_/Q
 _40032_/Q
 _40033_/Q
 _40034_/Q
 _40035_/Q
 _40036_/Q
 _40037_/Q
 _40038_/Q
 _40039_/Q
 _40040_/Q
 _40041_/Q
 _40042_/Q
 _40043_/Q
 _40044_/Q
 _40045_/Q
 _40046_/Q
 _40047_/Q
 _40048_/Q
 _40049_/Q
 _40050_/Q
 _40051_/Q
 _40052_/Q
 _40053_/Q
 _40054_/Q
 _40055_/Q
 _40056_/Q
 _40057_/Q
 _40058_/Q
 _40059_/Q
 _40060_/Q
 _40061_/Q
 _40062_/Q
 _40063_/Q
 _40064_/Q
 _40065_/Q
 _40066_/Q
 _40067_/Q
 _40068_/Q
 _40069_/Q
 _40070_/Q
 _40071_/Q
 _40072_/Q
 _40073_/Q
 _40074_/Q
 _40075_/Q
 _40076_/Q
 _40077_/Q
 _40078_/Q
 _40079_/Q
 _40080_/Q
 _40081_/Q
 _40082_/Q
 _40083_/Q
 _40084_/Q
 _40085_/Q
 _40086_/Q
 _40087_/Q
 _40088_/Q
 _40089_/Q
 _40090_/Q
 _40091_/Q
 _40092_/Q
 _40093_/Q
 _40094_/Q
 _40095_/Q
 _40096_/Q
 _40097_/Q
 _40098_/Q
 _40099_/Q
 _40100_/Q
 _40101_/Q
 _40102_/Q
 _40103_/Q
 _40104_/Q
 _40105_/Q
 _40106_/Q
 _40107_/Q
 _40108_/Q
 _40109_/Q
 _40110_/Q
 _40111_/Q
 _40112_/Q
 _40113_/Q
 _40114_/Q
 _40115_/Q
 _40116_/Q
 _40117_/Q
 _40118_/Q
 _40119_/Q
 _40120_/Q
 _40121_/Q
 _40122_/Q
 _40123_/Q
 _40124_/Q
 _40125_/Q
 _40126_/Q
 _40127_/Q
 _40128_/Q
 _40129_/Q
 _40130_/Q
 _40131_/Q
 _40132_/Q
 _40133_/Q
 _40134_/Q
 _40135_/Q
 _40136_/Q
 _40137_/Q
 _40138_/Q
 _40139_/Q
 _40140_/Q
 _40141_/Q
 _40142_/Q
 _40143_/Q
 _40144_/Q
 _40145_/Q
 _40146_/Q
 _40147_/Q
 _40148_/Q
 _40149_/Q
 _40150_/Q
 _40151_/Q
 _40152_/Q
 _40153_/Q
 _40154_/Q
 _40155_/Q
 _40156_/Q
 _40157_/Q
 _40158_/Q
 _40159_/Q
 _40160_/Q
 _40161_/Q
 _40162_/Q
 _40163_/Q
 _40164_/Q
 _40165_/Q
 _40166_/Q
 _40167_/Q
 _40168_/Q
 _40169_/Q
 _40170_/Q
 _40171_/Q
 _40172_/Q
 _40173_/Q
 _40174_/Q
 _40175_/Q
 _40176_/Q
 _40177_/Q
 _40178_/Q
 _40179_/Q
 _40180_/Q
 _40181_/Q
 _40182_/Q
 _40183_/Q
 _40184_/Q
 _40185_/Q
 _40186_/Q
 _40187_/Q
 _40188_/Q
 _40189_/Q
 _40190_/Q
 _40191_/Q
 _40192_/Q
 _40193_/Q
 _40194_/Q
 _40195_/Q
 _40196_/Q
 _40197_/Q
 _40198_/Q
 _40199_/Q
 _40200_/Q
 _40201_/Q
 _40202_/Q
 _40203_/Q
 _40204_/Q
 _40205_/Q
 _40206_/Q
 _40207_/Q
 _40208_/Q
 _40209_/Q
 _40210_/Q
 _40211_/Q
 _40212_/Q
 _40213_/Q
 _40214_/Q
 _40215_/Q
 _40216_/Q
 _40217_/Q
 _40218_/Q
 _40219_/Q
 _40220_/Q
 _40221_/Q
 _40222_/Q
 _40223_/Q
 _40224_/Q
 _40225_/Q
 _40226_/Q
 _40227_/Q
 _40228_/Q
 _40229_/Q
 _40230_/Q
 _40231_/Q
 _40232_/Q
 _40233_/Q
 _40234_/Q
 _40235_/Q
 _40236_/Q
 _40237_/Q
 _40238_/Q
 _40239_/Q
 _40240_/Q
 _40241_/Q
 _40242_/Q
 _40243_/Q
 _40244_/Q
 _40245_/Q
 _40246_/Q
 _40247_/Q
 _40248_/Q
 _40249_/Q
 _40250_/Q
 _40251_/Q
 _40252_/Q
 _40253_/Q
 _40254_/Q
 _40255_/Q
 _40256_/Q
 _40257_/Q
 _40258_/Q
 _40259_/Q
 _40260_/Q
 _40261_/Q
 _40262_/Q
 _40263_/Q
 _40264_/Q
 _40265_/Q
 _40266_/Q
 _40267_/Q
 _40268_/Q
 _40269_/Q
 _40270_/Q
 _40271_/Q
 _40272_/Q
 _40273_/Q
 _40274_/Q
 _40275_/Q
 _40276_/Q
 _40277_/Q
 _40278_/Q
 _40279_/Q
 _40280_/Q
 _40281_/Q
 _40282_/Q
 _40283_/Q
 _40284_/Q
 _40285_/Q
 _40286_/Q
 _40287_/Q
 _40288_/Q
 _40289_/Q
 _40290_/Q
 _40291_/Q
 _40292_/Q
 _40293_/Q
 _40294_/Q
 _40295_/Q
 _40296_/Q
 _40297_/Q
 _40298_/Q
 _40299_/Q
 _40300_/Q
 _40301_/Q
 _40302_/Q
 _40303_/Q
 _40304_/Q
 _40305_/Q
 _40306_/Q
 _40307_/Q
 _40308_/Q
 _40309_/Q
 _40310_/Q
 _40311_/Q
 _40312_/Q
 _40313_/Q
 _40314_/Q
 _40315_/Q
 _40316_/Q
 _40317_/Q
 _40318_/Q
 _40319_/Q
 _40320_/Q
 _40321_/Q
 _40322_/Q
 _40323_/Q
 _40324_/Q
 _40325_/Q
 _40326_/Q
 _40327_/Q
 _40328_/Q
 _40329_/Q
 _40330_/Q
 _40331_/Q
 _40332_/Q
 _40333_/Q
 _40334_/Q
 _40335_/Q
 _40336_/Q
 _40337_/Q
 _40338_/Q
 _40339_/Q
 _40340_/Q
 _40341_/Q
 _40342_/Q
 _40343_/Q
 _40344_/Q
 _40345_/Q
 _40346_/Q
 _40347_/Q
 _40348_/Q
 _40349_/Q
 _40350_/Q
 _40351_/Q
 _40352_/Q
 _40353_/Q
 _40354_/Q
 _40355_/Q
 _40356_/Q
 _40357_/Q
 _40358_/Q
 _40359_/Q
 _40360_/Q
 _40361_/Q
 _40362_/Q
 _40363_/Q
 _40364_/Q
 _40365_/Q
 _40366_/Q
 _40367_/Q
 _40368_/Q
 _40369_/Q
 _40370_/Q
 _40371_/Q
 _40372_/Q
 _40373_/Q
 _40374_/Q
 _40375_/Q
 _40376_/Q
 _40377_/Q
 _40378_/Q
 _40379_/Q
 _40380_/Q
 _40381_/Q
 _40382_/Q
 _40383_/Q
 _40384_/Q
 _40385_/Q
 _40386_/Q
 _40387_/Q
 _40388_/Q
 _40389_/Q
 _40390_/Q
 _40391_/Q
 _40392_/Q
 _40393_/Q
 _40394_/Q
 _40395_/Q
 _40396_/Q
 _40397_/Q
 _40398_/Q
 _40399_/Q
 _40400_/Q
 _40401_/Q
 _40402_/Q
 _40403_/Q
 _40404_/Q
 _40405_/Q
 _40406_/Q
 _40407_/Q
 _40408_/Q
 _40409_/Q
 _40410_/Q
 _40411_/Q
 _40412_/Q
 _40413_/Q
 _40414_/Q
 _40415_/Q
 _40416_/Q
 _40417_/Q
 _40418_/Q
 _40419_/Q
 _40420_/Q
 _40421_/Q
 _40422_/Q
 _40423_/Q
 _40424_/Q
 _40425_/Q
 _40426_/Q
 _40427_/Q
 _40428_/Q
 _40429_/Q
 _40430_/Q
 _40431_/Q
 _40432_/Q
 _40433_/Q
 _40434_/Q
 _40435_/Q
 _40436_/Q
 _40437_/Q
 _40438_/Q
 _40439_/Q
 _40440_/Q
 _40441_/Q
 _40442_/Q
 _40443_/Q
 _40444_/Q
 _40445_/Q
 _40446_/Q
 _40447_/Q
 _40448_/Q
 _40449_/Q
 _40450_/Q
 _40451_/Q
 _40452_/Q
 _40453_/Q
 _40454_/Q
 _40455_/Q
 _40456_/Q
 _40457_/Q
 _40458_/Q
 _40459_/Q
 _40460_/Q
 _40461_/Q
 _40462_/Q
 _40463_/Q
 _40464_/Q
 _40465_/Q
 _40466_/Q
 _40467_/Q
 _40468_/Q
 _40469_/Q
 _40470_/Q
 _40471_/Q
 _40472_/Q
 _40473_/Q
 _40474_/Q
 _40475_/Q
 _40476_/Q
 _40477_/Q
 _40478_/Q
 _40479_/Q
 _40480_/Q
 _40481_/Q
 _40482_/Q
 _40483_/Q
 _40484_/Q
 _40485_/Q
 _40486_/Q
 _40487_/Q
 _40488_/Q
 _40489_/Q
 _40490_/Q
 _40491_/Q
 _40492_/Q
 _40493_/Q
 _40494_/Q
 _40495_/Q
 _40496_/Q
 _40497_/Q
 _40498_/Q
 _40499_/Q
 _40500_/Q
 _40501_/Q
 _40502_/Q
 _40503_/Q
 _40504_/Q
 _40505_/Q
 _40506_/Q
 _40507_/Q
 _40508_/Q
 _40509_/Q
 _40510_/Q
 _40511_/Q
 _40512_/Q
 _40513_/Q
 _40514_/Q
 _40515_/Q
 _40516_/Q
 _40517_/Q
 _40518_/Q
 _40519_/Q
 _40520_/Q
 _40521_/Q
 _40522_/Q
 _40523_/Q
 _40524_/Q
 _40525_/Q
 _40526_/Q
 _40527_/Q
 _40528_/Q
 _40529_/Q
 _40530_/Q
 _40531_/Q
 _40532_/Q
 _40533_/Q
 _40534_/Q
 _40535_/Q
 _40536_/Q
 _40537_/Q
 _40538_/Q
 _40539_/Q
 _40540_/Q
 _40541_/Q
 _40542_/Q
 _40543_/Q
 _40544_/Q
 _40545_/Q
 _40546_/Q
 _40547_/Q
 _40548_/Q
 _40549_/Q
 _40550_/Q
 _40551_/Q
 _40552_/Q
 _40553_/Q
 _40554_/Q
 _40555_/Q
 _40556_/Q
 _40557_/Q
 _40558_/Q
 _40559_/Q
 _40560_/Q
 _40561_/Q
 _40562_/Q
 _40563_/Q
 _40564_/Q
 _40565_/Q
 _40566_/Q
 _40567_/Q
 _40568_/Q
 _40569_/Q
 _40570_/Q
 _40571_/Q
 _40572_/Q
 _40573_/Q
 _40574_/Q
 _40575_/Q
 _40576_/Q
 _40577_/Q
 _40578_/Q
 _40579_/Q
 _40580_/Q
 _40581_/Q
 _40582_/Q
 _40583_/Q
 _40584_/Q
 _40585_/Q
 _40586_/Q
 _40587_/Q
 _40588_/Q
 _40589_/Q
 _40590_/Q
 _40591_/Q
 _40592_/Q
 _40593_/Q
 _40594_/Q
 _40595_/Q
 _40596_/Q
 _40597_/Q
 _40598_/Q
 _40599_/Q
 _40600_/Q
 _40601_/Q
 _40602_/Q
 _40603_/Q
 _40604_/Q
 _40605_/Q
 _40606_/Q
 _40607_/Q
 _40608_/Q
 _40609_/Q
 _40610_/Q
 _40611_/Q
 _40612_/Q
 _40613_/Q
 _40614_/Q
 _40615_/Q
 _40616_/Q
 _40617_/Q
 _40618_/Q
 _40619_/Q
 _40620_/Q
 _40621_/Q
 _40622_/Q
 _40623_/Q
 _40624_/Q
 _40625_/Q
 _40626_/Q
 _40627_/Q
 _40628_/Q
 _40629_/Q
 _40630_/Q
 _40631_/Q
 _40632_/Q
 _40633_/Q
 _40634_/Q
 _40635_/Q
 _40636_/Q
 _40637_/Q
 _40638_/Q
 _40639_/Q
 _40640_/Q
 _40641_/Q
 _40642_/Q
 _40643_/Q
 _40644_/Q
 _40645_/Q
 _40646_/Q
 _40647_/Q
 _40648_/Q
 _40649_/Q
 _40650_/Q
 _40651_/Q
 _40652_/Q
 _40653_/Q
 _40654_/Q
 _40655_/Q
 _40656_/Q
 _40657_/Q
 _40658_/Q
 _40659_/Q
 _40660_/Q
 _40661_/Q
 _40662_/Q
 _40663_/Q
 _40664_/Q
 _40665_/Q
 _40666_/Q
 _40667_/Q
 _40668_/Q
 _40669_/Q
 _40670_/Q
 _40671_/Q
 _40672_/Q
 _40673_/Q
 _40674_/Q
 _40675_/Q
 _40676_/Q
 _40677_/Q
 _40678_/Q
 _40679_/Q
 _40680_/Q
 _40681_/Q
 _40682_/Q
 _40683_/Q
 _40684_/Q
 _40685_/Q
 _40686_/Q
 _40687_/Q
 _40688_/Q
 _40689_/Q
 _40690_/Q
 _40691_/Q
 _40692_/Q
 _40693_/Q
 _40694_/Q
 _40695_/Q
 _40696_/Q
 _40697_/Q
 _40698_/Q
 _40699_/Q
 _40700_/Q
 _40701_/Q
 _40702_/Q
 _40703_/Q
 _40704_/Q
 _40705_/Q
 _40706_/Q
 _40707_/Q
 _40708_/Q
 _40709_/Q
 _40710_/Q
 _40711_/Q
 _40712_/Q
 _40713_/Q
 _40714_/Q
 _40715_/Q
 _40716_/Q
 _40717_/Q
 _40718_/Q
 _40719_/Q
 _40720_/Q
 _40721_/Q
 _40722_/Q
 _40723_/Q
 _40724_/Q
 _40725_/Q
 _40726_/Q
 _40727_/Q
 _40728_/Q
 _40729_/Q
 _40730_/Q
 _40731_/Q
 _40732_/Q
 _40733_/Q
 _40734_/Q
 _40735_/Q
 _40736_/Q
 _40737_/Q
 _40738_/Q
 _40739_/Q
 _40740_/Q
 _40741_/Q
 _40742_/Q
 _40743_/Q
 _40744_/Q
 _40745_/Q
 _40746_/Q
 _40747_/Q
 _40748_/Q
 _40749_/Q
 _40750_/Q
 _40751_/Q
 _40752_/Q
 _40753_/Q
 _40754_/Q
 _40755_/Q
 _40756_/Q
 _40757_/Q
 _40758_/Q
 _40759_/Q
 _40760_/Q
 _40761_/Q
 _40762_/Q
 _40763_/Q
 _40764_/Q
 _40765_/Q
 _40766_/Q
 _40767_/Q
 _40768_/Q
 _40769_/Q
 _40770_/Q
 _40771_/Q
 _40772_/Q
 _40773_/Q
 _40774_/Q
 _40775_/Q
 _40776_/Q
 _40777_/Q
 _40778_/Q
 _40779_/Q
 _40780_/Q
 _40781_/Q
 _40782_/Q
 _40783_/Q
 _40784_/Q
 _40785_/Q
 _40786_/Q
 _40787_/Q
 _40788_/Q
 _40789_/Q
 _40790_/Q
 _40791_/Q
 _40792_/Q
 _40793_/Q
 _40794_/Q
 _40795_/Q
 _40796_/Q
 _40797_/Q
 _40798_/Q
 _40799_/Q
 _40800_/Q
 _40801_/Q
 _40802_/Q
 _40803_/Q
 _40804_/Q
 _40805_/Q
 _40806_/Q
 _40807_/Q
 _40808_/Q
 _40809_/Q
 _40810_/Q
 _40811_/Q
 _40812_/Q
 _40813_/Q
 _40814_/Q
 _40815_/Q
 _40816_/Q
 _40817_/Q
 _40818_/Q
 _40819_/Q
 _40820_/Q
 _40821_/Q
 _40822_/Q
 _40823_/Q
 _40824_/Q
 _40825_/Q
 _40826_/Q
 _40827_/Q
 _40828_/Q
 _40829_/Q
 _40830_/Q
 _40831_/Q
 _40832_/Q
 _40833_/Q
 _40834_/Q
 _40835_/Q
 _40836_/Q
 _40837_/Q
 _40838_/Q
 _40839_/Q
 _40840_/Q
 _40841_/Q
 _40842_/Q
 _40843_/Q
 _40844_/Q
 _40845_/Q
 _40846_/Q
 _40847_/Q
 _40848_/Q
 _40849_/Q
 _40850_/Q
 _40851_/Q
 _40852_/Q
 _40853_/Q
 _40854_/Q
 _40855_/Q
 _40856_/Q
 _40857_/Q
 _40858_/Q
 _40859_/Q
 _40860_/Q
 _40861_/Q
 _40862_/Q
 _40863_/Q
 _40864_/Q
 _40865_/Q
 _40866_/Q
 _40867_/Q
 _40868_/Q
 _40869_/Q
 _40870_/Q
 _40871_/Q
 _40872_/Q
 _40873_/Q
 _40874_/Q
 _40875_/Q
 _40876_/Q
 _40877_/Q
 _40878_/Q
 _40879_/Q
 _40880_/Q
 _40881_/Q
 _40882_/Q
 _40883_/Q
 _40884_/Q
 _40885_/Q
 _40886_/Q
 _40887_/Q
 _40888_/Q
 _40889_/Q
 _40890_/Q
 _40891_/Q
 _40892_/Q
 _40893_/Q
 _40894_/Q
 _40895_/Q
 _40896_/Q
 _40897_/Q
 _40898_/Q
 _40899_/Q
 _40900_/Q
 _40901_/Q
 _40902_/Q
 _40903_/Q
 _40904_/Q
 _40905_/Q
 _40906_/Q
 _40907_/Q
 _40908_/Q
 _40909_/Q
 _40910_/Q
 _40911_/Q
 _40912_/Q
 _40913_/Q
 _40914_/Q
 _40915_/Q
 _40916_/Q
 _40917_/Q
 _40918_/Q
 _40919_/Q
 _40920_/Q
 _40921_/Q
 _40922_/Q
 _40923_/Q
 _40924_/Q
 _40925_/Q
 _40926_/Q
 _40927_/Q
 _40928_/Q
 _40929_/Q
 _40930_/Q
 _40931_/Q
 _40932_/Q
 _40933_/Q
 _40934_/Q
 _40935_/Q
 _40936_/Q
 _40937_/Q
 _40938_/Q
 _40939_/Q
 _40940_/Q
 _40941_/Q
 _40942_/Q
 _40943_/Q
 _40944_/Q
 _40945_/Q
 _40946_/Q
 _40947_/Q
 _40948_/Q
 _40949_/Q
 _40950_/Q
 _40951_/Q
 _40952_/Q
 _40953_/Q
 _40954_/Q
 _40955_/Q
 _40956_/Q
 _40957_/Q
 _40958_/Q
 _40959_/Q
 _40960_/Q
 _40961_/Q
 _40962_/Q
 _40963_/Q
 _40964_/Q
 _40965_/Q
 _40966_/Q
 _40967_/Q
 _40968_/Q
 _40969_/Q
 _40970_/Q
 _40971_/Q
 _40972_/Q
 _40973_/Q
 _40974_/Q
 _40975_/Q
 _40976_/Q
 _40977_/Q
 _40978_/Q
 _40979_/Q
 _40980_/Q
 _40981_/Q
 _40982_/Q
 _40983_/Q
 _40984_/Q
 _40985_/Q
 _40986_/Q
 _40987_/Q
 _40988_/Q
 _40989_/Q
 _40990_/Q
 _40991_/Q
 _40992_/Q
 _40993_/Q
 _40994_/Q
 _40995_/Q
 _40996_/Q
 _40997_/Q
 _40998_/Q
 _40999_/Q
 _41000_/Q
 _41001_/Q
 _41002_/Q
 _41003_/Q
 _41004_/Q
 _41005_/Q
 _41006_/Q
 _41007_/Q
 _41008_/Q
 _41009_/Q
 _41010_/Q
 _41011_/Q
 _41012_/Q
 _41013_/Q
 _41014_/Q
 _41015_/Q
 _41016_/Q
 _41017_/Q
 _41018_/Q
 _41019_/Q
 _41020_/Q
 _41021_/Q
 _41022_/Q
 _41023_/Q
 _41024_/Q
 _41025_/Q
 _41026_/Q
 _41027_/Q
 _41028_/Q
 _41029_/Q
 _41030_/Q
 _41031_/Q
 _41032_/Q
 _41033_/Q
 _41034_/Q
 _41035_/Q
 _41036_/Q
 _41037_/Q
 _41038_/Q
 _41039_/Q
 _41040_/Q
 _41041_/Q
 _41042_/Q
 _41043_/Q
 _41044_/Q
 _41045_/Q
 _41046_/Q
 _41047_/Q
 _41048_/Q
 _41049_/Q
 _41050_/Q
 _41051_/Q
 _41052_/Q
 _41053_/Q
 _41054_/Q
 _41055_/Q
 _41056_/Q
 _41057_/Q
 _41058_/Q
 _41059_/Q
 _41060_/Q
 _41061_/Q
 _41062_/Q
 _41063_/Q
 _41064_/Q
 _41065_/Q
 _41066_/Q
 _41067_/Q
 _41068_/Q
 _41069_/Q
 _41070_/Q
 _41071_/Q
 _41072_/Q
 _41073_/Q
 _41074_/Q
 _41075_/Q
 _41076_/Q
 _41077_/Q
 _41078_/Q
 _41079_/Q
 _41080_/Q
 _41081_/Q
 _41082_/Q
 _41083_/Q
 _41084_/Q
 _41085_/Q
 _41086_/Q
 _41087_/Q
 _41088_/Q
 _41089_/Q
 _41090_/Q
 _41091_/Q
 _41092_/Q
 _41093_/Q
 _41094_/Q
 _41095_/Q
 _41096_/Q
 _41097_/Q
 _41098_/Q
 _41099_/Q
 _41100_/Q
 _41101_/Q
 _41102_/Q
 _41103_/Q
 _41104_/Q
 _41105_/Q
 _41106_/Q
 _41107_/Q
 _41108_/Q
 _41109_/Q
 _41110_/Q
 _41111_/Q
 _41112_/Q
 _41113_/Q
 _41114_/Q
 _41115_/Q
 _41116_/Q
 _41117_/Q
 _41118_/Q
 _41119_/Q
 _41120_/Q
 _41121_/Q
 _41122_/Q
 _41123_/Q
 _41124_/Q
 _41125_/Q
 _41126_/Q
 _41127_/Q
 _41128_/Q
 _41129_/Q
 _41130_/Q
 _41131_/Q
 _41132_/Q
 _41133_/Q
 _41134_/Q
 _41135_/Q
 _41136_/Q
 _41137_/Q
 _41138_/Q
 _41139_/Q
 _41140_/Q
 _41141_/Q
 _41142_/Q
 _41143_/Q
 _41144_/Q
 _41145_/Q
 _41146_/Q
 _41147_/Q
 _41148_/Q
 _41149_/Q
 _41150_/Q
 _41151_/Q
 _41152_/Q
 _41153_/Q
 _41154_/Q
 _41155_/Q
 _41156_/Q
 _41157_/Q
 _41158_/Q
 _41159_/Q
 _41160_/Q
 _41161_/Q
 _41162_/Q
 _41163_/Q
 _41164_/Q
 _41165_/Q
 _41166_/Q
 _41167_/Q
 _41168_/Q
 _41169_/Q
 _41170_/Q
 _41171_/Q
 _41172_/Q
 _41173_/Q
 _41174_/Q
 _41175_/Q
 _41176_/Q
 _41177_/Q
 _41178_/Q
 _41179_/Q
 _41180_/Q
 _41181_/Q
 _41182_/Q
 _41183_/Q
 _41184_/Q
 _41185_/Q
 _41186_/Q
 _41187_/Q
 _41188_/Q
 _41189_/Q
 _41190_/Q
 _41191_/Q
 _41192_/Q
 _41193_/Q
 _41194_/Q
 _41195_/Q
 _41196_/Q
 _41197_/Q
 _41198_/Q
 _41199_/Q
 _41200_/Q
 _41201_/Q
 _41202_/Q
 _41203_/Q
 _41204_/Q
 _41205_/Q
 _41206_/Q
 _41207_/Q
 _41208_/Q
 _41209_/Q
 _41210_/Q
 _41211_/Q
 _41212_/Q
 _41213_/Q
 _41214_/Q
 _41215_/Q
 _41216_/Q
 _41217_/Q
 _41218_/Q
 _41219_/Q
 _41220_/Q
 _41221_/Q
 _41222_/Q
 _41223_/Q
 _41224_/Q
 _41225_/Q
 _41226_/Q
 _41227_/Q
 _41228_/Q
 _41229_/Q
 _41230_/Q
 _41231_/Q
 _41232_/Q
 _41233_/Q
 _41234_/Q
 _41235_/Q
 _41236_/Q
 _41237_/Q
 _41238_/Q
 _41239_/Q
 _41240_/Q
 _41241_/Q
 _41242_/Q
 _41243_/Q
 _41244_/Q
 _41245_/Q
 _41246_/Q
 _41247_/Q
 _41248_/Q
 _41249_/Q
 _41250_/Q
 _41251_/Q
 _41252_/Q
 _41253_/Q
 _41254_/Q
 _41255_/Q
 _41256_/Q
 _41257_/Q
 _41258_/Q
 _41259_/Q
 _41260_/Q
 _41261_/Q
 _41262_/Q
 _41263_/Q
 _41264_/Q
 _41265_/Q
 _41266_/Q
 _41267_/Q
 _41268_/Q
 _41269_/Q
 _41270_/Q
 _41271_/Q
 _41272_/Q
 _41273_/Q
 _41274_/Q
 _41275_/Q
 _41276_/Q
 _41277_/Q
 _41278_/Q
 _41279_/Q
 _41280_/Q
 _41281_/Q
 _41282_/Q
 _41283_/Q
 _41284_/Q
 _41285_/Q
 _41286_/Q
 _41287_/Q
 _41288_/Q
 _41289_/Q
 _41290_/Q
 _41291_/Q
 _41292_/Q
 _41293_/Q
 _41294_/Q
 _41295_/Q
 _41296_/Q
 _41297_/Q
 _41298_/Q
 _41299_/Q
 _41300_/Q
 _41301_/Q
 _41302_/Q
 _41303_/Q
 _41304_/Q
 _41305_/Q
 _41306_/Q
 _41307_/Q
 _41308_/Q
 _41309_/Q
 _41310_/Q
 _41311_/Q
 _41312_/Q
 _41313_/Q
 _41314_/Q
 _41315_/Q
 _41316_/Q
 _41317_/Q
 _41318_/Q
 _41319_/Q
 _41320_/Q
 _41321_/Q
 _41322_/Q
 _41323_/Q
 _41324_/Q
 _41325_/Q
 _41326_/Q
 _41327_/Q
 _41328_/Q
 _41329_/Q
 _41330_/Q
 _41331_/Q
 _41332_/Q
 _41333_/Q
 _41334_/Q
 _41335_/Q
 _41336_/Q
 _41337_/Q
 _41338_/Q
 _41339_/Q
 _41340_/Q
 _41341_/Q
 _41342_/Q
 _41343_/Q
 _41344_/Q
 _41345_/Q
 _41346_/Q
 _41347_/Q
 _41348_/Q
 _41349_/Q
 _41350_/Q
 _41351_/Q
 _41352_/Q
 _41353_/Q
 _41354_/Q
 _41355_/Q
 _41356_/Q
 _41357_/Q
 _41358_/Q
 _41359_/Q
 _41360_/Q
 _41361_/Q
 _41362_/Q
 _41363_/Q
 _41364_/Q
 _41365_/Q
 _41366_/Q
 _41367_/Q
 _41368_/Q
 _41369_/Q
 _41370_/Q
 _41371_/Q
 _41372_/Q
 _41373_/Q
 _41374_/Q
 _41375_/Q
 _41376_/Q
 _41377_/Q
 _41378_/Q
 _41379_/Q
 _41380_/Q
 _41381_/Q
 _41382_/Q
 _41383_/Q
 _41384_/Q
 _41385_/Q
 _41386_/Q
 _41387_/Q
 _41388_/Q
 _41389_/Q
 _41390_/Q
 _41391_/Q
 _41392_/Q
 _41393_/Q
 _41394_/Q
 _41395_/Q
 _41396_/Q
 _41397_/Q
 _41398_/Q
 _41399_/Q
 _41400_/Q
 _41401_/Q
 _41402_/Q
 _41403_/Q
 _41404_/Q
 _41405_/Q
 _41406_/Q
 _41407_/Q
 _41408_/Q
 _41409_/Q
 _41410_/Q
 _41411_/Q
 _41412_/Q
 _41413_/Q
 _41414_/Q
 _41415_/Q
 _41416_/Q
 _41417_/Q
 _41418_/Q
 _41419_/Q
 _41420_/Q
 _41421_/Q
 _41422_/Q
 _41423_/Q
 _41424_/Q
 _41425_/Q
 _41426_/Q
 _41427_/Q
 _41428_/Q
 _41429_/Q
 _41430_/Q
 _41431_/Q
 _41432_/Q
 _41433_/Q
 _41434_/Q
 _41435_/Q
 _41436_/Q
 _41437_/Q
 _41438_/Q
 _41439_/Q
 _41440_/Q
 _41441_/Q
 _41442_/Q
 _41443_/Q
 _41444_/Q
 _41445_/Q
 _41446_/Q
 _41447_/Q
 _41448_/Q
 _41449_/Q
 _41450_/Q
 _41451_/Q
 _41452_/Q
 _41453_/Q
 _41454_/Q
 _41455_/Q
 _41456_/Q
 _41457_/Q
 _41458_/Q
 _41459_/Q
 _41460_/Q
 _41461_/Q
 _41462_/Q
 _41463_/Q
 _41464_/Q
 _41465_/Q
 _41466_/Q
 _41467_/Q
 _41468_/Q
 _41469_/Q
 _41470_/Q
 _41471_/Q
 _41472_/Q
 _41473_/Q
 _41474_/Q
 _41475_/Q
 _41476_/Q
 _41477_/Q
 _41478_/Q
 _41479_/Q
 _41480_/Q
 _41481_/Q
 _41482_/Q
 _41483_/Q
 _41484_/Q
 _41485_/Q
 _41486_/Q
 _41487_/Q
 _41488_/Q
 _41489_/Q
 _41490_/Q
 _41491_/Q
 _41492_/Q
 _41493_/Q
 _41494_/Q
 _41495_/Q
 _41496_/Q
 _41497_/Q
 _41498_/Q
 _41499_/Q
 _41500_/Q
 _41501_/Q
 _41502_/Q
 _41503_/Q
 _41504_/Q
 _41505_/Q
 _41506_/Q
 _41507_/Q
 _41508_/Q
 _41509_/Q
 _41510_/Q
 _41511_/Q
 _41512_/Q
 _41513_/Q
 _41514_/Q
 _41515_/Q
 _41516_/Q
 _41517_/Q
 _41518_/Q
 _41519_/Q
 _41520_/Q
 _41521_/Q
 _41522_/Q
 _41523_/Q
 _41524_/Q
 _41525_/Q
 _41526_/Q
 _41527_/Q
 _41528_/Q
 _41529_/Q
 _41530_/Q
 _41531_/Q
 _41532_/Q
 _41533_/Q
 _41534_/Q
 _41535_/Q
 _41536_/Q
 _41537_/Q
 _41538_/Q
 _41539_/Q
 _41540_/Q
 _41541_/Q
 _41542_/Q
 _41543_/Q
 _41544_/Q
 _41545_/Q
 _41546_/Q
 _41547_/Q
 _41548_/Q
 _41549_/Q
 _41550_/Q
 _41551_/Q
 _41552_/Q
 _41553_/Q
 _41554_/Q
 _41555_/Q
 _41556_/Q
 _41557_/Q
 _41558_/Q
 _41559_/Q
 _41560_/Q
 _41561_/Q
 _41562_/Q
 _41563_/Q
 _41564_/Q
 _41565_/Q
 _41566_/Q
 _41567_/Q
 _41568_/Q
 _41569_/Q
 _41570_/Q
 _41571_/Q
 _41572_/Q
 _41573_/Q
 _41574_/Q
 _41575_/Q
 _41576_/Q
 _41577_/Q
 _41578_/Q
 _41579_/Q
 _41580_/Q
 _41581_/Q
 _41582_/Q
 _41583_/Q
 _41584_/Q
 _41585_/Q
 _41586_/Q
 _41587_/Q
 _41588_/Q
 _41589_/Q
 _41590_/Q
 _41591_/Q
 _41592_/Q
 _41593_/Q
 _41594_/Q
 _41595_/Q
 _41596_/Q
 _41597_/Q
 _41598_/Q
 _41599_/Q
 _41600_/Q
 _41601_/Q
 _41602_/Q
 _41603_/Q
 _41604_/Q
 _41605_/Q
 _41606_/Q
 _41607_/Q
 _41608_/Q
 _41609_/Q
 _41610_/Q
 _41611_/Q
 _41612_/Q
 _41613_/Q
 _41614_/Q
 _41615_/Q
 _41616_/Q
 _41617_/Q
 _41618_/Q
 _41619_/Q
 _41620_/Q
 _41621_/Q
 _41622_/Q
 _41623_/Q
 _41624_/Q
 _41625_/Q
 _41626_/Q
 _41627_/Q
 _41628_/Q
 _41629_/Q
 _41630_/Q
 _41631_/Q
 _41632_/Q
 _41633_/Q
 _41634_/Q
 _41635_/Q
 _41636_/Q
 _41637_/Q
 _41638_/Q
 _41639_/Q
 _41640_/Q
 _41641_/Q
 _41642_/Q
 _41643_/Q
 _41644_/Q
 _41645_/Q
 _41646_/Q
 _41647_/Q
 _41648_/Q
 _41649_/Q
 _41650_/Q
 _41651_/Q
 _41652_/Q
 _41653_/Q
 _41654_/Q
 _41655_/Q
 _41656_/Q
 _41657_/Q
 _41658_/Q
 _41659_/Q
 _41660_/Q
 _41661_/Q
 _41662_/Q
 _41663_/Q
 _41664_/Q
 _41665_/Q
 _41666_/Q
 _41667_/Q
 _41668_/Q
 _41669_/Q
 _41670_/Q
 _41671_/Q
 _41672_/Q
 _41673_/Q
 _41674_/Q
 _41675_/Q
 _41676_/Q
 _41677_/Q
 _41678_/Q
 _41679_/Q
 _41680_/Q
 _41681_/Q
 _41682_/Q
 _41683_/Q
 _41684_/Q
 _41685_/Q
 _41686_/Q
 _41687_/Q
 _41688_/Q
 _41689_/Q
 _41690_/Q
 _41691_/Q
 _41692_/Q
 _41693_/Q
 _41694_/Q
 _41695_/Q
 _41696_/Q
 _41697_/Q
 _41698_/Q
 _41699_/Q
 _41700_/Q
 _41701_/Q
 _41702_/Q
 _41703_/Q
 _41704_/Q
 _41705_/Q
 _41706_/Q
 _41707_/Q
 _41708_/Q
 _41709_/Q
 _41710_/Q
 _41711_/Q
 _41712_/Q
 _41713_/Q
 _41714_/Q
 _41715_/Q
 _41716_/Q
 _41717_/Q
 _41718_/Q
 _41719_/Q
 _41720_/Q
 _41721_/Q
 _41722_/Q
 _41723_/Q
 _41724_/Q
 _41725_/Q
 _41726_/Q
 _41727_/Q
 _41728_/Q
 _41729_/Q
 _41730_/Q
 _41731_/Q
 _41732_/Q
 _41733_/Q
 _41734_/Q
 _41735_/Q
 _41736_/Q
 _41737_/Q
 _41738_/Q
 _41739_/Q
 _41740_/Q
 _41741_/Q
 _41742_/Q
 _41743_/Q
 _41744_/Q
 _41745_/Q
 _41746_/Q
 _41747_/Q
 _41748_/Q
 _41749_/Q
 _41750_/Q
 _41751_/Q
 _41752_/Q
 _41753_/Q
 _41754_/Q
 _41755_/Q
 _41756_/Q
 _41757_/Q
 _41758_/Q
 _41759_/Q
 _41760_/Q
 _41761_/Q
 _41762_/Q
 _41763_/Q
 _41764_/Q
 _41765_/Q
 _41766_/Q
 _41767_/Q
 _41768_/Q
 _41769_/Q
 _41770_/Q
 _41771_/Q
 _41772_/Q
 _41773_/Q
 _41774_/Q
 _41775_/Q
 _41776_/Q
 _41777_/Q
 _41778_/Q
 _41779_/Q
 _41780_/Q
 _41781_/Q
 _41782_/Q
 _41783_/Q
 _41784_/Q
 _41785_/Q
 _41786_/Q
 _41787_/Q
 _41788_/Q
 _41789_/Q
 _41790_/Q
 _41791_/Q
 _41792_/Q
 _41793_/Q
 _41794_/Q
 _41795_/Q
 _41796_/Q
 _41797_/Q
 _41798_/Q
 _41799_/Q
 _41800_/Q
 _41801_/Q
 _41802_/Q
 _41803_/Q
 _41804_/Q
 _41805_/Q
 _41806_/Q
 _41807_/Q
 _41808_/Q
 _41809_/Q
 _41810_/Q
 _41811_/Q
 _41812_/Q
 _41813_/Q
 _41814_/Q
 _41815_/Q
 _41816_/Q
 _41817_/Q
 _41818_/Q
 _41819_/Q
 _41820_/Q
 _41821_/Q
 _41822_/Q
 _41823_/Q
 _41824_/Q
 _41825_/Q
 _41826_/Q
 _41827_/Q
 _41828_/Q
 _41829_/Q
 _41830_/Q
 _41831_/Q
 _41832_/Q
 _41833_/Q
 _41834_/Q
 _41835_/Q
 _41836_/Q
 _41837_/Q
 _41838_/Q
 _41839_/Q
 _41840_/Q
 _41841_/Q
 _41842_/Q
 _41843_/Q
 _41844_/Q
 _41845_/Q
 _41846_/Q
 _41847_/Q
 _41848_/Q
 _41849_/Q
 _41850_/Q
 _41851_/Q
 _41852_/Q
 _41853_/Q
 _41854_/Q
 _41855_/Q
 _41856_/Q
 _41857_/Q
 _41858_/Q
 _41859_/Q
 _41860_/Q
 _41861_/Q
 _41862_/Q
 _41863_/Q
 _41864_/Q
 _41865_/Q
 _41866_/Q
 _41867_/Q
 _41868_/Q
 _41869_/Q
 _41870_/Q
 _41871_/Q
 _41872_/Q
 _41873_/Q
 _41874_/Q
 _41875_/Q
 _41876_/Q
 _41877_/Q
 _41878_/Q
 _41879_/Q
 _41880_/Q
 _41881_/Q
 _41882_/Q
 _41883_/Q
 _41884_/Q
 _41885_/Q
 _41886_/Q
 _41887_/Q
 _41888_/Q
 _41889_/Q
 _41890_/Q
 _41891_/Q
 _41892_/Q
 _41893_/Q
 _41894_/Q
 _41895_/Q
 _41896_/Q
 _41897_/Q
 _41898_/Q
 _41899_/Q
 _41900_/Q
 _41901_/Q
 _41902_/Q
 _41903_/Q
 _41904_/Q
 _41905_/Q
 _41906_/Q
 _41907_/Q
 _41908_/Q
 _41909_/Q
 _41910_/Q
 _41911_/Q
 _41912_/Q
 _41913_/Q
 _41914_/Q
 _41915_/Q
 _41916_/Q
 _41917_/Q
 _41918_/Q
 _41919_/Q
 _41920_/Q
 _41921_/Q
 _41922_/Q
 _41923_/Q
 _41924_/Q
 _41925_/Q
 _41926_/Q
 _41927_/Q
 _41928_/Q
 _41929_/Q
 _41930_/Q
 _41931_/Q
 _41932_/Q
 _41933_/Q
 _41934_/Q
 _41935_/Q
 _41936_/Q
 _41937_/Q
 _41938_/Q
 _41939_/Q
 _41940_/Q
 _41941_/Q
 _41942_/Q
 _41943_/Q
 _41944_/Q
 _41945_/Q
 _41946_/Q
 _41947_/Q
 _41948_/Q
 _41949_/Q
 _41950_/Q
 _41951_/Q
 _41952_/Q
 _41953_/Q
 _41954_/Q
 _41955_/Q
 _41956_/Q
 _41957_/Q
 _41958_/Q
 _41959_/Q
 _41960_/Q
 _41961_/Q
 _41962_/Q
 _41963_/Q
 _41964_/Q
 _41965_/Q
 _41966_/Q
 _41967_/Q
 _41968_/Q
 _41969_/Q
 _41970_/Q
 _41971_/Q
 _41972_/Q
 _41973_/Q
 _41974_/Q
 _41975_/Q
 _41976_/Q
 _41977_/Q
 _41978_/Q
 _41979_/Q
 _41980_/Q
 _41981_/Q
 _41982_/Q
 _41983_/Q
 _41984_/Q
 _41985_/Q
 _41986_/Q
 _41987_/Q
 _41988_/Q
 _41989_/Q
 _41990_/Q
 _41991_/Q
 _41992_/Q
 _41993_/Q
 _41994_/Q
 _41995_/Q
 _41996_/Q
 _41997_/Q
 _41998_/Q
 _41999_/Q
 _42000_/Q
 _42001_/Q
 _42002_/Q
 _42003_/Q
 _42004_/Q
 _42005_/Q
 _42006_/Q
 _42007_/Q
 _42008_/Q
 _42009_/Q
 _42010_/Q
 _42011_/Q
 _42012_/Q
 _42013_/Q
 _42014_/Q
 _42015_/Q
 _42016_/Q
 _42017_/Q
 _42018_/Q
 _42019_/Q
 _42020_/Q
 _42021_/Q
 _42022_/Q
 _42023_/Q
 _42024_/Q
 _42025_/Q
 _42026_/Q
 _42027_/Q
 _42028_/Q
 _42029_/Q
 _42030_/Q
 _42031_/Q
 _42032_/Q
 _42033_/Q
 _42034_/Q
 _42035_/Q
 _42036_/Q
 _42037_/Q
 _42038_/Q
 _42039_/Q
 _42040_/Q
 _42041_/Q
 _42042_/Q
 _42043_/Q
 _42044_/Q
 _42045_/Q
 _42046_/Q
 _42047_/Q
 _42048_/Q
 _42049_/Q
 _42050_/Q
 _42051_/Q
 _42052_/Q
 _42053_/Q
 _42054_/Q
 _42055_/Q
 _42056_/Q
 _42057_/Q
 _42058_/Q
 _42059_/Q
 _42060_/Q
 _42061_/Q
 _42062_/Q
 _42063_/Q
 _42064_/Q
 _42065_/Q
 _42066_/Q
 _42067_/Q
 _42068_/Q
 _42069_/Q
 _42070_/Q
 _42071_/Q
 _42072_/Q
 _42073_/Q
 _42074_/Q
 _42075_/Q
 _42076_/Q
 _42077_/Q
 _42078_/Q
 _42079_/Q
 _42080_/Q
 _42081_/Q
 _42082_/Q
 _42083_/Q
 _42084_/Q
 _42085_/Q
 _42086_/Q
 _42087_/Q
 _42088_/Q
 _42089_/Q
 _42090_/Q
 _42091_/Q
 _42092_/Q
 _42093_/Q
 _42094_/Q
 _42095_/Q
 _42096_/Q
 _42097_/Q
 _42098_/Q
 _42099_/Q
 _42100_/Q
 _42101_/Q
 _42102_/Q
 _42103_/Q
 _42104_/Q
 _42105_/Q
 _42106_/Q
 _42107_/Q
 _42108_/Q
 _42109_/Q
 _42110_/Q
 _42111_/Q
 _42112_/Q
 _42113_/Q
 _42114_/Q
 _42115_/Q
 _42116_/Q
 _42117_/Q
 _42118_/Q
 _42119_/Q
 _42120_/Q
 _42121_/Q
 _42122_/Q
 _42123_/Q
 _42124_/Q
 _42125_/Q
 _42126_/Q
 _42127_/Q
 _42128_/Q
 _42129_/Q
 _42130_/Q
 _42131_/Q
 _42132_/Q
 _42133_/Q
 _42134_/Q
 _42135_/Q
 _42136_/Q
 _42137_/Q
 _42138_/Q
 _42139_/Q
 _42140_/Q
 _42141_/Q
 _42142_/Q
 _42143_/Q
 _42144_/Q
 _42145_/Q
 _42146_/Q
 _42147_/Q
 _42148_/Q
 _42149_/Q
 _42150_/Q
 _42151_/Q
 _42152_/Q
 _42153_/Q
 _42154_/Q
 _42155_/Q
 _42156_/Q
 _42157_/Q
 _42158_/Q
 _42159_/Q
 _42160_/Q
 _42161_/Q
 _42162_/Q
 _42163_/Q
 _42164_/Q
 _42165_/Q
 _42166_/Q
 _42167_/Q
 _42168_/Q
 _42169_/Q
 _42170_/Q
 _42171_/Q
 _42172_/Q
 _42173_/Q
 _42174_/Q
 _42175_/Q
 _42176_/Q
 _42177_/Q
 _42178_/Q
 _42179_/Q
 _42180_/Q
 _42181_/Q
 _42182_/Q
 _42183_/Q
 _42184_/Q
 _42185_/Q
 _42186_/Q
 _42187_/Q
 _42188_/Q
 _42189_/Q
 _42190_/Q
 _42191_/Q
 _42192_/Q
 _42193_/Q
 _42194_/Q
 _42195_/Q
 _42196_/Q
 _42197_/Q
 _42198_/Q
 _42199_/Q
 _42200_/Q
 _42201_/Q
 _42202_/Q
 _42203_/Q
 _42204_/Q
 _42205_/Q
 _42206_/Q
 _42207_/Q
 _42208_/Q
 _42209_/Q
 _42210_/Q
 _42211_/Q
 _42212_/Q
 _42213_/Q
 _42214_/Q
 _42215_/Q
 _42216_/Q
 _42217_/Q
 _42218_/Q
 _42219_/Q
 _42220_/Q
 _42221_/Q
 _42222_/Q
 _42223_/Q
 _42224_/Q
 _42225_/Q
 _42226_/Q
 _42227_/Q
 _42228_/Q
 _42229_/Q
 _42230_/Q
 _42231_/Q
 _42232_/Q
 _42233_/Q
 _42234_/Q
 _42235_/Q
 _42236_/Q
 _42237_/Q
 _42238_/Q
 _42239_/Q
 _42240_/Q
 _42241_/Q
 _42242_/Q
 _42243_/Q
 _42244_/Q
 _42245_/Q
 _42246_/Q
 _42247_/Q
 _42248_/Q
 _42249_/Q
 _42250_/Q
 _42251_/Q
 _42252_/Q
 _42253_/Q
 _42254_/Q
 _42255_/Q
 _42256_/Q
 _42257_/Q
 _42258_/Q
 _42259_/Q
 _42260_/Q
 _42261_/Q
 _42262_/Q
 _42263_/Q
 _42264_/Q
 _42265_/Q
 _42266_/Q
 _42267_/Q
 _42268_/Q
 _42269_/Q
 _42270_/Q
 _42271_/Q
 _42272_/Q
 _42273_/Q
 _42274_/Q
 _42275_/Q
 _42276_/Q
 _42277_/Q
 _42278_/Q
 _42279_/Q
 _42280_/Q
 _42281_/Q
 _42282_/Q
 _42283_/Q
 _42284_/Q
 _42285_/Q
 _42286_/Q
 _42287_/Q
 _42288_/Q
 _42289_/Q
 _42290_/Q
 _42291_/Q
 _42292_/Q
 _42293_/Q
 _42294_/Q
 _42295_/Q
 _42296_/Q
 _42297_/Q
 _42298_/Q
 _42299_/Q
 _42300_/Q
 _42301_/Q
 _42302_/Q
 _42303_/Q
 _42304_/Q
 _42305_/Q
 _42306_/Q
 _42307_/Q
 _42308_/Q
 _42309_/Q
 _42310_/Q
 _42311_/Q
 _42312_/Q
 _42313_/Q
 _42314_/Q
 _42315_/Q
 _42316_/Q
 _42317_/Q
 _42318_/Q
 _42319_/Q
 _42320_/Q
 _42321_/Q
 _42322_/Q
 _42323_/Q
 _42324_/Q
 _42325_/Q
 _42326_/Q
 _42327_/Q
 _42328_/Q
 _42329_/Q
 _42330_/Q
 _42331_/Q
 _42332_/Q
 _42333_/Q
 _42334_/Q
 _42335_/Q
 _42336_/Q
 _42337_/Q
 _42338_/Q
 _42339_/Q
 _42340_/Q
 _42341_/Q
 _42342_/Q
 _42343_/Q
 _42344_/Q
 _42345_/Q
 _42346_/Q
 _42347_/Q
 _42348_/Q
 _42349_/Q
 _42350_/Q
 _42351_/Q
 _42352_/Q
 _42353_/Q
 _42354_/Q
 _42355_/Q
 _42356_/Q
 _42357_/Q
 _42358_/Q
 _42359_/Q
 _42360_/Q
 _42361_/Q
 _42362_/Q
 _42363_/Q
 _42364_/Q
 _42365_/Q
 _42366_/Q
 _42367_/Q
 _42368_/Q
 _42369_/Q
 _42370_/Q
 _42371_/Q
 _42372_/Q
 _42373_/Q
 _42374_/Q
 _42375_/Q
 _42376_/Q
 _42377_/Q
 _42378_/Q
 _42379_/Q
 _42380_/Q
 _42381_/Q
 _42382_/Q
 _42383_/Q
 _42384_/Q
 _42385_/Q
 _42386_/Q
 _42387_/Q
 _42388_/Q
 _42389_/Q
 _42390_/Q
 _42391_/Q
 _42392_/Q
 _42393_/Q
 _42394_/Q
 _42395_/Q
 _42396_/Q
 _42397_/Q
 _42398_/Q
 _42399_/Q
 _42400_/Q
 _42401_/Q
 _42402_/Q
 _42403_/Q
 _42404_/Q
 _42405_/Q
 _42406_/Q
 _42407_/Q
 _42408_/Q
 _42409_/Q
 _42410_/Q
 _42411_/Q
 _42412_/Q
 _42413_/Q
 _42414_/Q
 _42415_/Q
 _42416_/Q
 _42417_/Q
 _42418_/Q
 _42419_/Q
 _42420_/Q
 _42421_/Q
 _42422_/Q
 _42423_/Q
 _42424_/Q
 _42425_/Q
 _42426_/Q
 _42427_/Q
 _42428_/Q
 _42429_/Q
 _42430_/Q
 _42431_/Q
 _42432_/Q
 _42433_/Q
 _42434_/Q
 _42435_/Q
 _42436_/Q
 _42437_/Q
 _42438_/Q
 _42439_/Q
 _42440_/Q
 _42441_/Q
 _42442_/Q
 _42443_/Q
 _42444_/Q
 _42445_/Q
 _42446_/Q
 _42447_/Q
 _42448_/Q
 _42449_/Q
 _42450_/Q
 _42451_/Q
 _42452_/Q
 _42453_/Q
 _42454_/Q
 _42455_/Q
 _42456_/Q
 _42457_/Q
 _42458_/Q
 _42459_/Q
 _42460_/Q
 _42461_/Q
 _42462_/Q
 _42463_/Q
 _42464_/Q
 _42465_/Q
 _42466_/Q
 _42467_/Q
 _42468_/Q
 _42469_/Q
 _42470_/Q
 _42471_/Q
 _42472_/Q
 _42473_/Q
 _42474_/Q
 _42475_/Q
 _42476_/Q
 _42477_/Q
 _42478_/Q
 _42479_/Q
 _42480_/Q
 _42481_/Q
 _42482_/Q
 _42483_/Q
 _42484_/Q
 _42485_/Q
 _42486_/Q
 _42487_/Q
 _42488_/Q
 _42489_/Q
 _42490_/Q
 _42491_/Q
 _42492_/Q
 _42493_/Q
 _42494_/Q
 _42495_/Q
 _42496_/Q
 _42497_/Q
 _42498_/Q
 _42499_/Q
 _42500_/Q
 _42501_/Q
 _42502_/Q
 _42503_/Q
 _42504_/Q
 _42505_/Q
 _42506_/Q
 _42507_/Q
 _42508_/Q
 _42509_/Q
 _42510_/Q
 _42511_/Q
 _42512_/Q
 _42513_/Q
 _42514_/Q
 _42515_/Q
 _42516_/Q
 _42517_/Q
 _42518_/Q
 _42519_/Q
 _42520_/Q
 _42521_/Q
 _42522_/Q
 _42523_/Q
 _42524_/Q
 _42525_/Q
 _42526_/Q
 _42527_/Q
 _42528_/Q
 _42529_/Q
 _42530_/Q
 _42531_/Q
 _42532_/Q
 _42533_/Q
 _42534_/Q
 _42535_/Q
 _42536_/Q
 _42537_/Q
 _42538_/Q
 _42539_/Q
 _42540_/Q
 _42541_/Q
 _42542_/Q
 _42543_/Q
 _42544_/Q
 _42545_/Q
 _42546_/Q
 _42547_/Q
 _42548_/Q
 _42549_/Q
 _42550_/Q
 _42551_/Q
 _42552_/Q
 _42553_/Q
 _42554_/Q
 _42555_/Q
 _42556_/Q
 _42557_/Q
 _42558_/Q
 _42559_/Q
 _42560_/Q
 _42561_/Q
 _42562_/Q
 _42563_/Q
 _42564_/Q
 _42565_/Q
 _42566_/Q
 _42567_/Q
 _42568_/Q
 _42569_/Q
 _42570_/Q
 _42571_/Q
 _42572_/Q
 _42573_/Q
 _42574_/Q
 _42575_/Q
 _42576_/Q
 _42577_/Q
 _42578_/Q
 _42579_/Q
 _42580_/Q
 _42581_/Q
 _42582_/Q
 _42583_/Q
 _42584_/Q
 _42585_/Q
 _42586_/Q
 _42587_/Q
 _42588_/Q
 _42589_/Q
 _42590_/Q
 _42591_/Q
 _42592_/Q
 _42593_/Q
 _42594_/Q
 _42595_/Q
 _42596_/Q
 _42597_/Q
 _42598_/Q
 _42599_/Q
 _42600_/Q
 _42601_/Q
 _42602_/Q
 _42603_/Q
 _42604_/Q
 _42605_/Q
 _42606_/Q
 _42607_/Q
 _42608_/Q
 _42609_/Q
 _42610_/Q
 _42611_/Q
 _42612_/Q
 _42613_/Q
 _42614_/Q
 _42615_/Q
 _42616_/Q
 _42617_/Q
 _42618_/Q
 _42619_/Q
 _42620_/Q
 _42621_/Q
 _42622_/Q
 _42623_/Q
 _42624_/Q
 _42625_/Q
 _42626_/Q
 _42627_/Q
 _42628_/Q
 _42629_/Q
 _42630_/Q
 _42631_/Q
 _42632_/Q
 _42633_/Q
 _42634_/Q
 _42635_/Q
 _42636_/Q
 _42637_/Q
 _42638_/Q
 _42639_/Q
 _42640_/Q
 _42641_/Q
 _42642_/Q
 _42643_/Q
 _42644_/Q
 _42645_/Q
 _42646_/Q
 _42647_/Q
 _42648_/Q
 _42649_/Q
 _42650_/Q
 _42651_/Q
 _42652_/Q
 _42653_/Q
 _42654_/Q
 _42655_/Q
 _42656_/Q
 _42657_/Q
 _42658_/Q
 _42659_/Q
 _42660_/Q
 _42661_/Q
 _42662_/Q
 _42663_/Q
 _42664_/Q
 _42665_/Q
 _42666_/Q
 _42667_/Q
 _42668_/Q
 _42669_/Q
 _42670_/Q
 _42671_/Q
 _42672_/Q
 _42673_/Q
 _42674_/Q
 _42675_/Q
 _42676_/Q
 _42677_/Q
 _42678_/Q
 _42679_/Q
 _42680_/Q
 _42681_/Q
 _42682_/Q
 _42683_/Q
 _42684_/Q
 _42685_/Q
 _42686_/Q
 _42687_/Q
 _42688_/Q
 _42689_/Q
 _42690_/Q
 _42691_/Q
 _42692_/Q
 _42693_/Q
 _42694_/Q
 _42695_/Q
 _42696_/Q
 _42697_/Q
 _42698_/Q
 _42699_/Q
 _42700_/Q
 _42701_/Q
 _42702_/Q
 _42703_/Q
 _42704_/Q
 _42705_/Q
 _42706_/Q
 _42707_/Q
 _42708_/Q
 _42709_/Q
 _42710_/Q
 _42711_/Q
 _42712_/Q
 _42713_/Q
 _42714_/Q
 _42715_/Q
 _42716_/Q
 _42717_/Q
 _42718_/Q
 _42719_/Q
 _42720_/Q
 _42721_/Q
 _42722_/Q
 _42723_/Q
 _42724_/Q
 _42725_/Q
 _42726_/Q
 _42727_/Q
 _42728_/Q
 _42729_/Q
 _42730_/Q
 _42731_/Q
 _42732_/Q
 _42733_/Q
 _42734_/Q
 _42735_/Q
 _42736_/Q
 _42737_/Q
 _42738_/Q
 _42739_/Q
 _42740_/Q
 _42741_/Q
 _42742_/Q
 _42743_/Q
 _42744_/Q
 _42745_/Q
 _42746_/Q
 _42747_/Q
 _42748_/Q
 _42749_/Q
 _42750_/Q
 _42751_/Q
 _42752_/Q
 _42753_/Q
 _42754_/Q
 _42755_/Q
 _42756_/Q
 _42757_/Q
 _42758_/Q
 _42759_/Q
 _42760_/Q
 _42761_/Q
 _42762_/Q
 _42763_/Q
 _42764_/Q
 _42765_/Q
 _42766_/Q
 _42767_/Q
 _42768_/Q
 _42769_/Q
 _42770_/Q
 _42771_/Q
 _42772_/Q
 _42773_/Q
 _42774_/Q
 _42775_/Q
 _42776_/Q
 _42777_/Q
 _42778_/Q
 _42779_/Q
 _42780_/Q
 _42781_/Q
 _42782_/Q
 _42783_/Q
 _42784_/Q
 _42785_/Q
 _42786_/Q
 _42787_/Q
 _42788_/Q
 _42789_/Q
 _42790_/Q
 _42791_/Q
 _42792_/Q
 _42793_/Q
 _42794_/Q
 _42795_/Q
 _42796_/Q
 _42797_/Q
 _42798_/Q
 _42799_/Q
 _42800_/Q
 _42801_/Q
 _42802_/Q
 _42803_/Q
 _42804_/Q
 _42805_/Q
 _42806_/Q
 _42807_/Q
 _42808_/Q
 _42809_/Q
 _42810_/Q
 _42811_/Q
 _42812_/Q
 _42813_/Q
 _42814_/Q
 _42815_/Q
 _42816_/Q
 _42817_/Q
 _42818_/Q
 _42819_/Q
 _42820_/Q
 _42821_/Q
 _42822_/Q
 _42823_/Q
 _42824_/Q
 _42825_/Q
 _42826_/Q
 _42827_/Q
 _42828_/Q
 _42829_/Q
 _42830_/Q
 _42831_/Q
 _42832_/Q
 _42833_/Q
 _42834_/Q
 _42835_/Q
 _42836_/Q
 _42837_/Q
 _42838_/Q
 _42839_/Q
 _42840_/Q
 _42841_/Q
 _42842_/Q
 _42843_/Q
 _42844_/Q
 _42845_/Q
 _42846_/Q
 _42847_/Q
 _42848_/Q
 _42849_/Q
 _42850_/Q
 _42851_/Q
 _42852_/Q
 _42853_/Q
 _42854_/Q
 _42855_/Q
 _42856_/Q
 _42857_/Q
 _42858_/Q
 _42859_/Q
 _42860_/Q
 _42861_/Q
 _42862_/Q
 _42863_/Q
 _42864_/Q
 _42865_/Q
 _42866_/Q
 _42867_/Q
 _42868_/Q
 _42869_/Q
 _42870_/Q
 _42871_/Q
 _42872_/Q
 _42873_/Q
 _42874_/Q
 _42875_/Q
 _42876_/Q
 _42877_/Q
 _42878_/Q
 _42879_/Q
 _42880_/Q
 _42881_/Q
 _42882_/Q
 _42883_/Q
 _42884_/Q
 _42885_/Q
 _42886_/Q
 _42887_/Q
 _42888_/Q
 _42889_/Q
 _42890_/Q
 _42891_/Q
 _42892_/Q
 _42893_/Q
 _42894_/Q
 _42895_/Q
 _42896_/Q
 _42897_/Q
 _42898_/Q
 _42899_/Q
 _42900_/Q
 _42901_/Q
 _42902_/Q
 _42903_/Q
 _42904_/Q
 _42905_/Q
 _42906_/Q
 _42907_/Q
 _42908_/Q
 _42909_/Q
 _42910_/Q
 _42911_/Q
 _42912_/Q
 _42913_/Q
 _42914_/Q
 _42915_/Q
 _42916_/Q
 _42917_/Q
 _42918_/Q
 _42919_/Q
 _42920_/Q
 _42921_/Q
 _42922_/Q
 _42923_/Q
 _42924_/Q
 _42925_/Q
 _42926_/Q
 _42927_/Q
 _42928_/Q
 _42929_/Q
 _42930_/Q
 _42931_/Q
 _42932_/Q
 _42933_/Q
 _42934_/Q
 _42935_/Q
 _42936_/Q
 _42937_/Q
 _42938_/Q
 _42939_/Q
 _42940_/Q
 _42941_/Q
 _42942_/Q
 _42943_/Q
 _42944_/Q
 _42945_/Q
 _42946_/Q
 _42947_/Q
 _42948_/Q
 _42949_/Q
 _42950_/Q
 _42951_/Q
 _42952_/Q
 _42953_/Q
 _42954_/Q
 _42955_/Q
 _42956_/Q
 _42957_/Q
 _42958_/Q
 _42959_/Q
 _42960_/Q
 _42961_/Q
 _42962_/Q
 _42963_/Q
 _42964_/Q
 _42965_/Q
 _42966_/Q
 _42967_/Q
 _42968_/Q
 _42969_/Q
 _42970_/Q
 _42971_/Q
 _42972_/Q
 _42973_/Q
 _42974_/Q
 _42975_/Q
 _42976_/Q
 _42977_/Q
 _42978_/Q
 _42979_/Q
 _42980_/Q
 _42981_/Q
 _42982_/Q
 _42983_/Q
 _42984_/Q
 _42985_/Q
 _42986_/Q
 _42987_/Q
 _42988_/Q
 _42989_/Q
 _42990_/Q
 _42991_/Q
 _42992_/Q
 _42993_/Q
 _42994_/Q
 _42995_/Q
 _42996_/Q
 _42997_/Q
 _42998_/Q
 _42999_/Q
 _43000_/Q
 _43001_/Q
 _43002_/Q
 _43003_/Q
 _43004_/Q
 _43005_/Q
 _43006_/Q
 _43007_/Q
 _43008_/Q
 _43009_/Q
 _43010_/Q
 _43011_/Q
 _43012_/Q
 _43013_/Q
 _43014_/Q
 _43015_/Q
 _43016_/Q
 _43017_/Q
 _43018_/Q
 _43019_/Q
 _43020_/Q
 _43021_/Q
 _43022_/Q
 _43023_/Q
 _43024_/Q
 _43025_/Q
 _43026_/Q
 _43027_/Q
 _43028_/Q
 _43029_/Q
 _43030_/Q
 _43031_/Q
 _43032_/Q
 _43033_/Q
 _43034_/Q
 _43035_/Q
 _43036_/Q
 _43037_/Q
 _43038_/Q
 _43039_/Q
 _43040_/Q
 _43041_/Q
 _43042_/Q
 _43043_/Q
 _43044_/Q
 _43045_/Q
 _43046_/Q
 _43047_/Q
 _43048_/Q
 _43049_/Q
 _43050_/Q
 _43051_/Q
 _43052_/Q
 _43053_/Q
 _43054_/Q
 _43055_/Q
 _43056_/Q
 _43057_/Q
 _43058_/Q
 _43059_/Q
 _43060_/Q
 _43061_/Q
 _43062_/Q
 _43063_/Q
 _43064_/Q
 _43065_/Q
 _43066_/Q
 _43067_/Q
 _43068_/Q
 _43069_/Q
 _43070_/Q
 _43071_/Q
 _43072_/Q
 _43073_/Q
 _43074_/Q
 _43075_/Q
 _43076_/Q
 _43077_/Q
 _43078_/Q
 _43079_/Q
 _43080_/Q
 _43081_/Q
 _43082_/Q
 _43083_/Q
 _43084_/Q
 _43085_/Q
 _43086_/Q
 _43087_/Q
 _43088_/Q
 _43089_/Q
 _43090_/Q
 _43091_/Q
 _43092_/Q
 _43093_/Q
 _43094_/Q
 _43095_/Q
 _43096_/Q
 _43097_/Q
 _43098_/Q
 _43099_/Q
 _43100_/Q
 _43101_/Q
 _43102_/Q
 _43103_/Q
 _43104_/Q
 _43105_/Q
 _43106_/Q
 _43107_/Q
 _43108_/Q
 _43109_/Q
 _43110_/Q
 _43111_/Q
 _43112_/Q
 _43113_/Q
 _43114_/Q
 _43115_/Q
 _43116_/Q
 _43117_/Q
 _43118_/Q
 _43119_/Q
 _43120_/Q
 _43121_/Q
 _43122_/Q
 _43123_/Q
 _43124_/Q
 _43125_/Q
 _43126_/Q
 _43127_/Q
 _43128_/Q
 _43129_/Q
 _43130_/Q
 _43131_/Q
 _43132_/Q
 _43133_/Q
 _43134_/Q
 _43135_/Q
 _43136_/Q
 _43137_/Q
 _43138_/Q
 _43139_/Q
 _43140_/Q
 _43141_/Q
 _43142_/Q
 _43143_/Q
 _43144_/Q
 _43145_/Q
 _43146_/Q
 _43147_/Q
 _43148_/Q
 _43149_/Q
 _43150_/Q
 _43151_/Q
 _43152_/Q
 _43153_/Q
 _43154_/Q
 _43155_/Q
 _43156_/Q
 _43157_/Q
 _43158_/Q
 _43159_/Q
 _43160_/Q
 _43161_/Q
 _43162_/Q
 _43163_/Q
 _43164_/Q
 _43165_/Q
 _43166_/Q
 _43167_/Q
 _43168_/Q
 _43169_/Q
 _43170_/Q
 _43171_/Q
 _43172_/Q
 _43173_/Q
 _43174_/Q
 _43175_/Q
 _43176_/Q
 _43177_/Q
 _43178_/Q
 _43179_/Q
 _43180_/Q
 _43181_/Q
 _43182_/Q
 _43183_/Q
 _43184_/Q
 _43185_/Q
 _43186_/Q
 _43187_/Q
 _43188_/Q
 _43189_/Q
 _43190_/Q
 _43191_/Q
 _43192_/Q
 _43193_/Q
 _43194_/Q
 _43195_/Q
 _43196_/Q
 _43197_/Q
 _43198_/Q
 _43199_/Q
 _43200_/Q
 _43201_/Q
 _43202_/Q
 _43203_/Q
 _43204_/Q
 _43205_/Q
 _43206_/Q
 _43207_/Q
 _43208_/Q
 _43209_/Q
 _43210_/Q
 _43211_/Q
 _43212_/Q
 _43213_/Q
 _43214_/Q
 _43215_/Q
 _43216_/Q
 _43217_/Q
 _43218_/Q
 _43219_/Q
 _43220_/Q
 _43221_/Q
 _43222_/Q
 _43223_/Q
 _43224_/Q
 _43225_/Q
 _43226_/Q
 _43227_/Q
 _43228_/Q
 _43229_/Q
 _43230_/Q
 _43231_/Q
 _43232_/Q
 _43233_/Q
 _43234_/Q
 _43235_/Q
 _43236_/Q
 _43237_/Q
 _43238_/Q
 _43239_/Q
 _43240_/Q
 _43241_/Q
 _43242_/Q
 _43243_/Q
 _43244_/Q
 _43245_/Q
 _43246_/Q
 _43247_/Q
 _43248_/Q
 _43249_/Q
 _43250_/Q
 _43251_/Q
 _43252_/Q
 _43253_/Q
 _43254_/Q
 _43255_/Q
 _43256_/Q
 _43257_/Q
 _43258_/Q
 _43259_/Q
 _43260_/Q
 _43261_/Q
 _43262_/Q
 _43263_/Q
 _43264_/Q
 _43265_/Q
 _43266_/Q
 _43267_/Q
 _43268_/Q
 _43269_/Q
 _43270_/Q
 _43271_/Q
 _43272_/Q
 _43273_/Q
 _43274_/Q
 _43275_/Q
 _43276_/Q
 _43277_/Q
 _43278_/Q
 _43279_/Q
 _43280_/Q
 _43281_/Q
 _43282_/Q
 _43283_/Q
 _43284_/Q
 _43285_/Q
 _43286_/Q
 _43287_/Q
 _43288_/Q
 _43289_/Q
 _43290_/Q
 _43291_/Q
 _43292_/Q
 _43293_/Q
 _43294_/Q
 _43295_/Q
 _43296_/Q
 _43297_/Q
 _43298_/Q
 _43299_/Q
 _43300_/Q
 _43301_/Q
 _43302_/Q
 _43303_/Q
 _43304_/Q
 _43305_/Q
 _43306_/Q
 _43307_/Q
 _43308_/Q
 _43309_/Q
 _43310_/Q
 _43311_/Q
 _43312_/Q
 _43313_/Q
 _43314_/Q
 _43315_/Q
 _43316_/Q
 _43317_/Q
 _43318_/Q
 _43319_/Q
 _43320_/Q
 _43321_/Q
 _43322_/Q
 _43323_/Q
 _43324_/Q
 _43325_/Q
 _43326_/Q
 _43327_/Q
 _43328_/Q
 _43329_/Q
 _43330_/Q
 _43331_/Q
 _43332_/Q
 _43333_/Q
 _43334_/Q
 _43335_/Q
 _43336_/Q
 _43337_/Q
 _43338_/Q
 _43339_/Q
 _43340_/Q
 _43341_/Q
 _43342_/Q
 _43343_/Q
 _43344_/Q
 _43345_/Q
 _43346_/Q
 _43347_/Q
 _43348_/Q
 _43349_/Q
 _43350_/Q
 _43351_/Q
 _43352_/Q
 _43353_/Q
 _43354_/Q
 _43355_/Q
 _43356_/Q
 _43357_/Q
 _43358_/Q
 _43359_/Q
 _43360_/Q
 _43361_/Q
 _43362_/Q
 _43363_/Q
 _43364_/Q
 _43365_/Q
 _43366_/Q
 _43367_/Q
 _43368_/Q
 _43369_/Q
 _43370_/Q
 _43371_/Q
 _43372_/Q
 _43373_/Q
 _43374_/Q
 _43375_/Q
 _43376_/Q
 _43377_/Q
 _43378_/Q
 _43379_/Q
 _43380_/Q
 _43381_/Q
 _43382_/Q
 _43383_/Q
 _43384_/Q
 _43385_/Q
 _43386_/Q
 _43387_/Q
 _43388_/Q
 _43389_/Q
 _43390_/Q
 _43391_/Q
 _43392_/Q
 _43393_/Q
 _43394_/Q
 _43395_/Q
 _43396_/Q
 _43397_/Q
 _43398_/Q
 _43399_/Q
 _43400_/Q
 _43401_/Q
 _43402_/Q
 _43403_/Q
 _43404_/Q
 _43405_/Q
 _43406_/Q
 _43407_/Q
 _43408_/Q
 _43409_/Q
 _43410_/Q
 _43411_/Q
 _43412_/Q
 _43413_/Q
 _43414_/Q
 _43415_/Q
 _43416_/Q
 _43417_/Q
 _43418_/Q
 _43419_/Q
 _43420_/Q
 _43421_/Q
 _43422_/Q
 _43423_/Q
 _43424_/Q
 _43425_/Q
 _43426_/Q
 _43427_/Q
 _43428_/Q
 _43429_/Q
 _43430_/Q
 _43431_/Q
 _43432_/Q
 _43433_/Q
 _43434_/Q
 _43435_/Q
 _43436_/Q
 _43437_/Q
 _43438_/Q
 _43439_/Q
 _43440_/Q
 _43441_/Q
 _43442_/Q
 _43443_/Q
 _43444_/Q
 _43445_/Q
 _43446_/Q
 _43447_/Q
 _43448_/Q
 _43449_/Q
 _43450_/Q
 _43451_/Q
 _43452_/Q
 _43453_/Q
 _43454_/Q
 _43455_/Q
 _43456_/Q
 _43457_/Q
 _43458_/Q
 _43459_/Q
 _43460_/Q
 _43461_/Q
 _43462_/Q
 _43463_/Q
 _43464_/Q
 _43465_/Q
 _43466_/Q
 _43467_/Q
 _43468_/Q
 _43469_/Q
 _43470_/Q
 _43471_/Q
 _43472_/Q
 _43473_/Q
 _43474_/Q
 _43475_/Q
 _43476_/Q
 _43477_/Q
 _43478_/Q
 _43479_/Q
 _43480_/Q
 _43481_/Q
 _43482_/Q
 _43483_/Q
 _43484_/Q
 _43485_/Q
 _43486_/Q
 _43487_/Q
 _43488_/Q
 _43489_/Q
 _43490_/Q
 _43491_/Q
 _43492_/Q
 _43493_/Q
 _43494_/Q
 _43495_/Q
 _43496_/Q
 _43497_/Q
 _43498_/Q
 _43499_/Q
 _43500_/Q
 _43501_/Q
 _43502_/Q
 _43503_/Q
 _43504_/Q
 _43505_/Q
 _43506_/Q
 _43507_/Q
 _43508_/Q
 _43509_/Q
 _43510_/Q
 _43511_/Q
 _43512_/Q
 _43513_/Q
 _43514_/Q
 _43515_/Q
 _43516_/Q
 _43517_/Q
 _43518_/Q
 _43519_/Q
 _43520_/Q
 _43521_/Q
 _43522_/Q
 _43523_/Q
 _43524_/Q
 _43525_/Q
 _43526_/Q
 _43527_/Q
 _43528_/Q
 _43529_/Q
 _43530_/Q
 _43531_/Q
 _43532_/Q
 _43533_/Q
 _43534_/Q
 _43535_/Q
 _43536_/Q
 _43537_/Q
 _43538_/Q
 _43539_/Q
 _43540_/Q
 _43541_/Q
 _43542_/Q
 _43543_/Q
 _43544_/Q
 _43545_/Q
 _43546_/Q
 _43547_/Q
 _43548_/Q
 _43549_/Q
 _43550_/Q
 _43551_/Q
 _43552_/Q
 _43553_/Q
 _43554_/Q
 _43555_/Q
 _43556_/Q
 _43557_/Q
 _43558_/Q
 _43559_/Q
 _43560_/Q
 _43561_/Q
 _43562_/Q
 _43563_/Q
 _43564_/Q
 _43565_/Q
 _43566_/Q
 _43567_/Q
 _43568_/Q
 _43569_/Q
 _43570_/Q
 _43571_/Q
 _43572_/Q
 _43573_/Q
 _43574_/Q
 _43575_/Q
 _43576_/Q
 _43577_/Q
 _43578_/Q
 _43579_/Q
 _43580_/Q
 _43581_/Q
 _43582_/Q
 _43583_/Q
 _43584_/Q
 _43585_/Q
 _43586_/Q
 _43587_/Q
 _43588_/Q
 _43589_/Q
 _43590_/Q
 _43591_/Q
 _43592_/Q
 _43593_/Q
 _43594_/Q
 _43595_/Q
 _43596_/Q
 _43597_/Q
 _43598_/Q
 _43599_/Q
 _43600_/Q
 _43601_/Q
 _43602_/Q
 _43603_/Q
 _43604_/Q
 _43605_/Q
 _43606_/Q
 _43607_/Q
 _43608_/Q
 _43609_/Q
 _43610_/Q
 _43611_/Q
 _43612_/Q
 _43613_/Q
 _43614_/Q
 _43615_/Q
 _43616_/Q
 _43617_/Q
 _43618_/Q
 _43619_/Q
 _43620_/Q
 _43621_/Q
 _43622_/Q
 _43623_/Q
 _43624_/Q
 _43625_/Q
 _43626_/Q
 _43627_/Q
 _43628_/Q
 _43629_/Q
 _43630_/Q
 _43631_/Q
 clkbuf_0_clk/X
 clkbuf_2_0_0_clk/X
 clkbuf_2_1_0_clk/X
 clkbuf_2_2_0_clk/X
 clkbuf_2_3_0_clk/X
 clkbuf_3_0_0_clk/X
 clkbuf_3_1_0_clk/X
 clkbuf_3_2_0_clk/X
 clkbuf_3_3_0_clk/X
 clkbuf_3_4_0_clk/X
 clkbuf_3_5_0_clk/X
 clkbuf_3_6_0_clk/X
 clkbuf_3_7_0_clk/X
 clkbuf_6_0_0_clk/X
 clkbuf_6_10_0_clk/X
 clkbuf_6_11_0_clk/X
 clkbuf_6_12_0_clk/X
 clkbuf_6_13_0_clk/X
 clkbuf_6_14_0_clk/X
 clkbuf_6_15_0_clk/X
 clkbuf_6_16_0_clk/X
 clkbuf_6_17_0_clk/X
 clkbuf_6_18_0_clk/X
 clkbuf_6_19_0_clk/X
 clkbuf_6_1_0_clk/X
 clkbuf_6_20_0_clk/X
 clkbuf_6_21_0_clk/X
 clkbuf_6_22_0_clk/X
 clkbuf_6_23_0_clk/X
 clkbuf_6_24_0_clk/X
 clkbuf_6_25_0_clk/X
 clkbuf_6_26_0_clk/X
 clkbuf_6_27_0_clk/X
 clkbuf_6_28_0_clk/X
 clkbuf_6_29_0_clk/X
 clkbuf_6_2_0_clk/X
 clkbuf_6_30_0_clk/X
 clkbuf_6_31_0_clk/X
 clkbuf_6_32_0_clk/X
 clkbuf_6_33_0_clk/X
 clkbuf_6_34_0_clk/X
 clkbuf_6_35_0_clk/X
 clkbuf_6_36_0_clk/X
 clkbuf_6_37_0_clk/X
 clkbuf_6_38_0_clk/X
 clkbuf_6_39_0_clk/X
 clkbuf_6_3_0_clk/X
 clkbuf_6_40_0_clk/X
 clkbuf_6_41_0_clk/X
 clkbuf_6_42_0_clk/X
 clkbuf_6_43_0_clk/X
 clkbuf_6_44_0_clk/X
 clkbuf_6_45_0_clk/X
 clkbuf_6_46_0_clk/X
 clkbuf_6_47_0_clk/X
 clkbuf_6_48_0_clk/X
 clkbuf_6_49_0_clk/X
 clkbuf_6_4_0_clk/X
 clkbuf_6_50_0_clk/X
 clkbuf_6_51_0_clk/X
 clkbuf_6_52_0_clk/X
 clkbuf_6_53_0_clk/X
 clkbuf_6_54_0_clk/X
 clkbuf_6_55_0_clk/X
 clkbuf_6_56_0_clk/X
 clkbuf_6_57_0_clk/X
 clkbuf_6_58_0_clk/X
 clkbuf_6_59_0_clk/X
 clkbuf_6_5_0_clk/X
 clkbuf_6_60_0_clk/X
 clkbuf_6_61_0_clk/X
 clkbuf_6_62_0_clk/X
 clkbuf_6_63_0_clk/X
 clkbuf_6_6_0_clk/X
 clkbuf_6_7_0_clk/X
 clkbuf_6_8_0_clk/X
 clkbuf_6_9_0_clk/X
 clkbuf_leaf_0_clk/X
 clkbuf_leaf_100_clk/X
 clkbuf_leaf_101_clk/X
 clkbuf_leaf_102_clk/X
 clkbuf_leaf_103_clk/X
 clkbuf_leaf_104_clk/X
 clkbuf_leaf_105_clk/X
 clkbuf_leaf_106_clk/X
 clkbuf_leaf_107_clk/X
 clkbuf_leaf_108_clk/X
 clkbuf_leaf_109_clk/X
 clkbuf_leaf_10_clk/X
 clkbuf_leaf_110_clk/X
 clkbuf_leaf_111_clk/X
 clkbuf_leaf_112_clk/X
 clkbuf_leaf_113_clk/X
 clkbuf_leaf_114_clk/X
 clkbuf_leaf_115_clk/X
 clkbuf_leaf_116_clk/X
 clkbuf_leaf_117_clk/X
 clkbuf_leaf_118_clk/X
 clkbuf_leaf_119_clk/X
 clkbuf_leaf_11_clk/X
 clkbuf_leaf_120_clk/X
 clkbuf_leaf_121_clk/X
 clkbuf_leaf_122_clk/X
 clkbuf_leaf_123_clk/X
 clkbuf_leaf_124_clk/X
 clkbuf_leaf_125_clk/X
 clkbuf_leaf_126_clk/X
 clkbuf_leaf_127_clk/X
 clkbuf_leaf_128_clk/X
 clkbuf_leaf_129_clk/X
 clkbuf_leaf_12_clk/X
 clkbuf_leaf_130_clk/X
 clkbuf_leaf_131_clk/X
 clkbuf_leaf_132_clk/X
 clkbuf_leaf_133_clk/X
 clkbuf_leaf_134_clk/X
 clkbuf_leaf_135_clk/X
 clkbuf_leaf_136_clk/X
 clkbuf_leaf_137_clk/X
 clkbuf_leaf_138_clk/X
 clkbuf_leaf_139_clk/X
 clkbuf_leaf_13_clk/X
 clkbuf_leaf_140_clk/X
 clkbuf_leaf_141_clk/X
 clkbuf_leaf_142_clk/X
 clkbuf_leaf_143_clk/X
 clkbuf_leaf_144_clk/X
 clkbuf_leaf_145_clk/X
 clkbuf_leaf_146_clk/X
 clkbuf_leaf_147_clk/X
 clkbuf_leaf_148_clk/X
 clkbuf_leaf_149_clk/X
 clkbuf_leaf_14_clk/X
 clkbuf_leaf_150_clk/X
 clkbuf_leaf_151_clk/X
 clkbuf_leaf_152_clk/X
 clkbuf_leaf_153_clk/X
 clkbuf_leaf_154_clk/X
 clkbuf_leaf_155_clk/X
 clkbuf_leaf_156_clk/X
 clkbuf_leaf_157_clk/X
 clkbuf_leaf_158_clk/X
 clkbuf_leaf_159_clk/X
 clkbuf_leaf_15_clk/X
 clkbuf_leaf_160_clk/X
 clkbuf_leaf_161_clk/X
 clkbuf_leaf_162_clk/X
 clkbuf_leaf_163_clk/X
 clkbuf_leaf_164_clk/X
 clkbuf_leaf_165_clk/X
 clkbuf_leaf_166_clk/X
 clkbuf_leaf_167_clk/X
 clkbuf_leaf_168_clk/X
 clkbuf_leaf_169_clk/X
 clkbuf_leaf_16_clk/X
 clkbuf_leaf_170_clk/X
 clkbuf_leaf_171_clk/X
 clkbuf_leaf_172_clk/X
 clkbuf_leaf_173_clk/X
 clkbuf_leaf_174_clk/X
 clkbuf_leaf_175_clk/X
 clkbuf_leaf_176_clk/X
 clkbuf_leaf_177_clk/X
 clkbuf_leaf_178_clk/X
 clkbuf_leaf_179_clk/X
 clkbuf_leaf_17_clk/X
 clkbuf_leaf_180_clk/X
 clkbuf_leaf_181_clk/X
 clkbuf_leaf_182_clk/X
 clkbuf_leaf_183_clk/X
 clkbuf_leaf_184_clk/X
 clkbuf_leaf_185_clk/X
 clkbuf_leaf_186_clk/X
 clkbuf_leaf_187_clk/X
 clkbuf_leaf_188_clk/X
 clkbuf_leaf_189_clk/X
 clkbuf_leaf_18_clk/X
 clkbuf_leaf_190_clk/X
 clkbuf_leaf_191_clk/X
 clkbuf_leaf_192_clk/X
 clkbuf_leaf_193_clk/X
 clkbuf_leaf_194_clk/X
 clkbuf_leaf_195_clk/X
 clkbuf_leaf_196_clk/X
 clkbuf_leaf_197_clk/X
 clkbuf_leaf_198_clk/X
 clkbuf_leaf_199_clk/X
 clkbuf_leaf_19_clk/X
 clkbuf_leaf_1_clk/X
 clkbuf_leaf_200_clk/X
 clkbuf_leaf_201_clk/X
 clkbuf_leaf_202_clk/X
 clkbuf_leaf_203_clk/X
 clkbuf_leaf_204_clk/X
 clkbuf_leaf_205_clk/X
 clkbuf_leaf_206_clk/X
 clkbuf_leaf_208_clk/X
 clkbuf_leaf_209_clk/X
 clkbuf_leaf_20_clk/X
 clkbuf_leaf_210_clk/X
 clkbuf_leaf_211_clk/X
 clkbuf_leaf_212_clk/X
 clkbuf_leaf_213_clk/X
 clkbuf_leaf_214_clk/X
 clkbuf_leaf_215_clk/X
 clkbuf_leaf_216_clk/X
 clkbuf_leaf_217_clk/X
 clkbuf_leaf_218_clk/X
 clkbuf_leaf_219_clk/X
 clkbuf_leaf_220_clk/X
 clkbuf_leaf_221_clk/X
 clkbuf_leaf_222_clk/X
 clkbuf_leaf_223_clk/X
 clkbuf_leaf_224_clk/X
 clkbuf_leaf_225_clk/X
 clkbuf_leaf_226_clk/X
 clkbuf_leaf_227_clk/X
 clkbuf_leaf_228_clk/X
 clkbuf_leaf_229_clk/X
 clkbuf_leaf_22_clk/X
 clkbuf_leaf_230_clk/X
 clkbuf_leaf_231_clk/X
 clkbuf_leaf_232_clk/X
 clkbuf_leaf_233_clk/X
 clkbuf_leaf_235_clk/X
 clkbuf_leaf_236_clk/X
 clkbuf_leaf_237_clk/X
 clkbuf_leaf_238_clk/X
 clkbuf_leaf_23_clk/X
 clkbuf_leaf_240_clk/X
 clkbuf_leaf_241_clk/X
 clkbuf_leaf_242_clk/X
 clkbuf_leaf_244_clk/X
 clkbuf_leaf_245_clk/X
 clkbuf_leaf_246_clk/X
 clkbuf_leaf_247_clk/X
 clkbuf_leaf_248_clk/X
 clkbuf_leaf_249_clk/X
 clkbuf_leaf_24_clk/X
 clkbuf_leaf_250_clk/X
 clkbuf_leaf_251_clk/X
 clkbuf_leaf_252_clk/X
 clkbuf_leaf_253_clk/X
 clkbuf_leaf_254_clk/X
 clkbuf_leaf_255_clk/X
 clkbuf_leaf_256_clk/X
 clkbuf_leaf_257_clk/X
 clkbuf_leaf_258_clk/X
 clkbuf_leaf_259_clk/X
 clkbuf_leaf_25_clk/X
 clkbuf_leaf_260_clk/X
 clkbuf_leaf_261_clk/X
 clkbuf_leaf_262_clk/X
 clkbuf_leaf_263_clk/X
 clkbuf_leaf_264_clk/X
 clkbuf_leaf_265_clk/X
 clkbuf_leaf_266_clk/X
 clkbuf_leaf_267_clk/X
 clkbuf_leaf_268_clk/X
 clkbuf_leaf_269_clk/X
 clkbuf_leaf_26_clk/X
 clkbuf_leaf_270_clk/X
 clkbuf_leaf_271_clk/X
 clkbuf_leaf_272_clk/X
 clkbuf_leaf_273_clk/X
 clkbuf_leaf_274_clk/X
 clkbuf_leaf_275_clk/X
 clkbuf_leaf_276_clk/X
 clkbuf_leaf_277_clk/X
 clkbuf_leaf_278_clk/X
 clkbuf_leaf_279_clk/X
 clkbuf_leaf_27_clk/X
 clkbuf_leaf_280_clk/X
 clkbuf_leaf_281_clk/X
 clkbuf_leaf_282_clk/X
 clkbuf_leaf_283_clk/X
 clkbuf_leaf_284_clk/X
 clkbuf_leaf_285_clk/X
 clkbuf_leaf_286_clk/X
 clkbuf_leaf_287_clk/X
 clkbuf_leaf_288_clk/X
 clkbuf_leaf_289_clk/X
 clkbuf_leaf_28_clk/X
 clkbuf_leaf_290_clk/X
 clkbuf_leaf_291_clk/X
 clkbuf_leaf_292_clk/X
 clkbuf_leaf_293_clk/X
 clkbuf_leaf_294_clk/X
 clkbuf_leaf_295_clk/X
 clkbuf_leaf_296_clk/X
 clkbuf_leaf_297_clk/X
 clkbuf_leaf_298_clk/X
 clkbuf_leaf_299_clk/X
 clkbuf_leaf_29_clk/X
 clkbuf_leaf_2_clk/X
 clkbuf_leaf_301_clk/X
 clkbuf_leaf_302_clk/X
 clkbuf_leaf_303_clk/X
 clkbuf_leaf_304_clk/X
 clkbuf_leaf_305_clk/X
 clkbuf_leaf_306_clk/X
 clkbuf_leaf_307_clk/X
 clkbuf_leaf_308_clk/X
 clkbuf_leaf_309_clk/X
 clkbuf_leaf_30_clk/X
 clkbuf_leaf_310_clk/X
 clkbuf_leaf_311_clk/X
 clkbuf_leaf_312_clk/X
 clkbuf_leaf_313_clk/X
 clkbuf_leaf_314_clk/X
 clkbuf_leaf_315_clk/X
 clkbuf_leaf_316_clk/X
 clkbuf_leaf_317_clk/X
 clkbuf_leaf_318_clk/X
 clkbuf_leaf_319_clk/X
 clkbuf_leaf_31_clk/X
 clkbuf_leaf_320_clk/X
 clkbuf_leaf_321_clk/X
 clkbuf_leaf_322_clk/X
 clkbuf_leaf_323_clk/X
 clkbuf_leaf_324_clk/X
 clkbuf_leaf_325_clk/X
 clkbuf_leaf_326_clk/X
 clkbuf_leaf_327_clk/X
 clkbuf_leaf_328_clk/X
 clkbuf_leaf_329_clk/X
 clkbuf_leaf_32_clk/X
 clkbuf_leaf_330_clk/X
 clkbuf_leaf_331_clk/X
 clkbuf_leaf_332_clk/X
 clkbuf_leaf_333_clk/X
 clkbuf_leaf_334_clk/X
 clkbuf_leaf_335_clk/X
 clkbuf_leaf_336_clk/X
 clkbuf_leaf_337_clk/X
 clkbuf_leaf_338_clk/X
 clkbuf_leaf_339_clk/X
 clkbuf_leaf_33_clk/X
 clkbuf_leaf_340_clk/X
 clkbuf_leaf_342_clk/X
 clkbuf_leaf_343_clk/X
 clkbuf_leaf_344_clk/X
 clkbuf_leaf_345_clk/X
 clkbuf_leaf_346_clk/X
 clkbuf_leaf_347_clk/X
 clkbuf_leaf_348_clk/X
 clkbuf_leaf_349_clk/X
 clkbuf_leaf_34_clk/X
 clkbuf_leaf_350_clk/X
 clkbuf_leaf_351_clk/X
 clkbuf_leaf_352_clk/X
 clkbuf_leaf_353_clk/X
 clkbuf_leaf_354_clk/X
 clkbuf_leaf_355_clk/X
 clkbuf_leaf_356_clk/X
 clkbuf_leaf_357_clk/X
 clkbuf_leaf_358_clk/X
 clkbuf_leaf_359_clk/X
 clkbuf_leaf_35_clk/X
 clkbuf_leaf_360_clk/X
 clkbuf_leaf_361_clk/X
 clkbuf_leaf_362_clk/X
 clkbuf_leaf_366_clk/X
 clkbuf_leaf_368_clk/X
 clkbuf_leaf_369_clk/X
 clkbuf_leaf_36_clk/X
 clkbuf_leaf_374_clk/X
 clkbuf_leaf_375_clk/X
 clkbuf_leaf_376_clk/X
 clkbuf_leaf_377_clk/X
 clkbuf_leaf_378_clk/X
 clkbuf_leaf_37_clk/X
 clkbuf_leaf_380_clk/X
 clkbuf_leaf_381_clk/X
 clkbuf_leaf_386_clk/X
 clkbuf_leaf_388_clk/X
 clkbuf_leaf_389_clk/X
 clkbuf_leaf_38_clk/X
 clkbuf_leaf_390_clk/X
 clkbuf_leaf_391_clk/X
 clkbuf_leaf_392_clk/X
 clkbuf_leaf_393_clk/X
 clkbuf_leaf_394_clk/X
 clkbuf_leaf_395_clk/X
 clkbuf_leaf_396_clk/X
 clkbuf_leaf_397_clk/X
 clkbuf_leaf_398_clk/X
 clkbuf_leaf_399_clk/X
 clkbuf_leaf_39_clk/X
 clkbuf_leaf_3_clk/X
 clkbuf_leaf_400_clk/X
 clkbuf_leaf_401_clk/X
 clkbuf_leaf_402_clk/X
 clkbuf_leaf_403_clk/X
 clkbuf_leaf_405_clk/X
 clkbuf_leaf_406_clk/X
 clkbuf_leaf_407_clk/X
 clkbuf_leaf_408_clk/X
 clkbuf_leaf_40_clk/X
 clkbuf_leaf_410_clk/X
 clkbuf_leaf_411_clk/X
 clkbuf_leaf_412_clk/X
 clkbuf_leaf_414_clk/X
 clkbuf_leaf_416_clk/X
 clkbuf_leaf_418_clk/X
 clkbuf_leaf_419_clk/X
 clkbuf_leaf_41_clk/X
 clkbuf_leaf_420_clk/X
 clkbuf_leaf_421_clk/X
 clkbuf_leaf_422_clk/X
 clkbuf_leaf_423_clk/X
 clkbuf_leaf_424_clk/X
 clkbuf_leaf_425_clk/X
 clkbuf_leaf_426_clk/X
 clkbuf_leaf_429_clk/X
 clkbuf_leaf_42_clk/X
 clkbuf_leaf_430_clk/X
 clkbuf_leaf_431_clk/X
 clkbuf_leaf_433_clk/X
 clkbuf_leaf_434_clk/X
 clkbuf_leaf_435_clk/X
 clkbuf_leaf_436_clk/X
 clkbuf_leaf_437_clk/X
 clkbuf_leaf_438_clk/X
 clkbuf_leaf_439_clk/X
 clkbuf_leaf_43_clk/X
 clkbuf_leaf_440_clk/X
 clkbuf_leaf_441_clk/X
 clkbuf_leaf_442_clk/X
 clkbuf_leaf_443_clk/X
 clkbuf_leaf_444_clk/X
 clkbuf_leaf_445_clk/X
 clkbuf_leaf_446_clk/X
 clkbuf_leaf_447_clk/X
 clkbuf_leaf_448_clk/X
 clkbuf_leaf_449_clk/X
 clkbuf_leaf_44_clk/X
 clkbuf_leaf_450_clk/X
 clkbuf_leaf_451_clk/X
 clkbuf_leaf_452_clk/X
 clkbuf_leaf_453_clk/X
 clkbuf_leaf_454_clk/X
 clkbuf_leaf_455_clk/X
 clkbuf_leaf_456_clk/X
 clkbuf_leaf_457_clk/X
 clkbuf_leaf_458_clk/X
 clkbuf_leaf_459_clk/X
 clkbuf_leaf_45_clk/X
 clkbuf_leaf_460_clk/X
 clkbuf_leaf_461_clk/X
 clkbuf_leaf_462_clk/X
 clkbuf_leaf_463_clk/X
 clkbuf_leaf_464_clk/X
 clkbuf_leaf_465_clk/X
 clkbuf_leaf_466_clk/X
 clkbuf_leaf_467_clk/X
 clkbuf_leaf_468_clk/X
 clkbuf_leaf_469_clk/X
 clkbuf_leaf_46_clk/X
 clkbuf_leaf_470_clk/X
 clkbuf_leaf_472_clk/X
 clkbuf_leaf_473_clk/X
 clkbuf_leaf_474_clk/X
 clkbuf_leaf_475_clk/X
 clkbuf_leaf_476_clk/X
 clkbuf_leaf_477_clk/X
 clkbuf_leaf_479_clk/X
 clkbuf_leaf_47_clk/X
 clkbuf_leaf_480_clk/X
 clkbuf_leaf_481_clk/X
 clkbuf_leaf_482_clk/X
 clkbuf_leaf_483_clk/X
 clkbuf_leaf_484_clk/X
 clkbuf_leaf_485_clk/X
 clkbuf_leaf_486_clk/X
 clkbuf_leaf_487_clk/X
 clkbuf_leaf_488_clk/X
 clkbuf_leaf_489_clk/X
 clkbuf_leaf_48_clk/X
 clkbuf_leaf_490_clk/X
 clkbuf_leaf_492_clk/X
 clkbuf_leaf_493_clk/X
 clkbuf_leaf_494_clk/X
 clkbuf_leaf_495_clk/X
 clkbuf_leaf_496_clk/X
 clkbuf_leaf_497_clk/X
 clkbuf_leaf_499_clk/X
 clkbuf_leaf_49_clk/X
 clkbuf_leaf_4_clk/X
 clkbuf_leaf_500_clk/X
 clkbuf_leaf_501_clk/X
 clkbuf_leaf_502_clk/X
 clkbuf_leaf_503_clk/X
 clkbuf_leaf_504_clk/X
 clkbuf_leaf_505_clk/X
 clkbuf_leaf_506_clk/X
 clkbuf_leaf_507_clk/X
 clkbuf_leaf_508_clk/X
 clkbuf_leaf_509_clk/X
 clkbuf_leaf_50_clk/X
 clkbuf_leaf_510_clk/X
 clkbuf_leaf_511_clk/X
 clkbuf_leaf_512_clk/X
 clkbuf_leaf_513_clk/X
 clkbuf_leaf_514_clk/X
 clkbuf_leaf_515_clk/X
 clkbuf_leaf_516_clk/X
 clkbuf_leaf_517_clk/X
 clkbuf_leaf_518_clk/X
 clkbuf_leaf_519_clk/X
 clkbuf_leaf_51_clk/X
 clkbuf_leaf_520_clk/X
 clkbuf_leaf_521_clk/X
 clkbuf_leaf_522_clk/X
 clkbuf_leaf_523_clk/X
 clkbuf_leaf_524_clk/X
 clkbuf_leaf_525_clk/X
 clkbuf_leaf_526_clk/X
 clkbuf_leaf_527_clk/X
 clkbuf_leaf_528_clk/X
 clkbuf_leaf_529_clk/X
 clkbuf_leaf_52_clk/X
 clkbuf_leaf_530_clk/X
 clkbuf_leaf_531_clk/X
 clkbuf_leaf_532_clk/X
 clkbuf_leaf_533_clk/X
 clkbuf_leaf_534_clk/X
 clkbuf_leaf_535_clk/X
 clkbuf_leaf_536_clk/X
 clkbuf_leaf_537_clk/X
 clkbuf_leaf_538_clk/X
 clkbuf_leaf_539_clk/X
 clkbuf_leaf_53_clk/X
 clkbuf_leaf_540_clk/X
 clkbuf_leaf_541_clk/X
 clkbuf_leaf_542_clk/X
 clkbuf_leaf_543_clk/X
 clkbuf_leaf_544_clk/X
 clkbuf_leaf_545_clk/X
 clkbuf_leaf_546_clk/X
 clkbuf_leaf_547_clk/X
 clkbuf_leaf_548_clk/X
 clkbuf_leaf_549_clk/X
 clkbuf_leaf_54_clk/X
 clkbuf_leaf_550_clk/X
 clkbuf_leaf_551_clk/X
 clkbuf_leaf_552_clk/X
 clkbuf_leaf_553_clk/X
 clkbuf_leaf_555_clk/X
 clkbuf_leaf_556_clk/X
 clkbuf_leaf_557_clk/X
 clkbuf_leaf_558_clk/X
 clkbuf_leaf_559_clk/X
 clkbuf_leaf_55_clk/X
 clkbuf_leaf_560_clk/X
 clkbuf_leaf_561_clk/X
 clkbuf_leaf_562_clk/X
 clkbuf_leaf_563_clk/X
 clkbuf_leaf_564_clk/X
 clkbuf_leaf_565_clk/X
 clkbuf_leaf_566_clk/X
 clkbuf_leaf_567_clk/X
 clkbuf_leaf_568_clk/X
 clkbuf_leaf_569_clk/X
 clkbuf_leaf_56_clk/X
 clkbuf_leaf_570_clk/X
 clkbuf_leaf_571_clk/X
 clkbuf_leaf_572_clk/X
 clkbuf_leaf_573_clk/X
 clkbuf_leaf_574_clk/X
 clkbuf_leaf_575_clk/X
 clkbuf_leaf_576_clk/X
 clkbuf_leaf_577_clk/X
 clkbuf_leaf_578_clk/X
 clkbuf_leaf_579_clk/X
 clkbuf_leaf_57_clk/X
 clkbuf_leaf_580_clk/X
 clkbuf_leaf_581_clk/X
 clkbuf_leaf_582_clk/X
 clkbuf_leaf_583_clk/X
 clkbuf_leaf_584_clk/X
 clkbuf_leaf_585_clk/X
 clkbuf_leaf_586_clk/X
 clkbuf_leaf_587_clk/X
 clkbuf_leaf_588_clk/X
 clkbuf_leaf_589_clk/X
 clkbuf_leaf_58_clk/X
 clkbuf_leaf_590_clk/X
 clkbuf_leaf_591_clk/X
 clkbuf_leaf_592_clk/X
 clkbuf_leaf_594_clk/X
 clkbuf_leaf_595_clk/X
 clkbuf_leaf_596_clk/X
 clkbuf_leaf_598_clk/X
 clkbuf_leaf_599_clk/X
 clkbuf_leaf_59_clk/X
 clkbuf_leaf_5_clk/X
 clkbuf_leaf_600_clk/X
 clkbuf_leaf_601_clk/X
 clkbuf_leaf_602_clk/X
 clkbuf_leaf_603_clk/X
 clkbuf_leaf_604_clk/X
 clkbuf_leaf_605_clk/X
 clkbuf_leaf_606_clk/X
 clkbuf_leaf_607_clk/X
 clkbuf_leaf_608_clk/X
 clkbuf_leaf_609_clk/X
 clkbuf_leaf_60_clk/X
 clkbuf_leaf_610_clk/X
 clkbuf_leaf_611_clk/X
 clkbuf_leaf_612_clk/X
 clkbuf_leaf_613_clk/X
 clkbuf_leaf_614_clk/X
 clkbuf_leaf_615_clk/X
 clkbuf_leaf_616_clk/X
 clkbuf_leaf_617_clk/X
 clkbuf_leaf_618_clk/X
 clkbuf_leaf_619_clk/X
 clkbuf_leaf_61_clk/X
 clkbuf_leaf_620_clk/X
 clkbuf_leaf_621_clk/X
 clkbuf_leaf_622_clk/X
 clkbuf_leaf_623_clk/X
 clkbuf_leaf_624_clk/X
 clkbuf_leaf_625_clk/X
 clkbuf_leaf_626_clk/X
 clkbuf_leaf_627_clk/X
 clkbuf_leaf_628_clk/X
 clkbuf_leaf_629_clk/X
 clkbuf_leaf_62_clk/X
 clkbuf_leaf_630_clk/X
 clkbuf_leaf_631_clk/X
 clkbuf_leaf_632_clk/X
 clkbuf_leaf_633_clk/X
 clkbuf_leaf_634_clk/X
 clkbuf_leaf_635_clk/X
 clkbuf_leaf_636_clk/X
 clkbuf_leaf_637_clk/X
 clkbuf_leaf_638_clk/X
 clkbuf_leaf_639_clk/X
 clkbuf_leaf_63_clk/X
 clkbuf_leaf_640_clk/X
 clkbuf_leaf_641_clk/X
 clkbuf_leaf_642_clk/X
 clkbuf_leaf_643_clk/X
 clkbuf_leaf_644_clk/X
 clkbuf_leaf_645_clk/X
 clkbuf_leaf_646_clk/X
 clkbuf_leaf_647_clk/X
 clkbuf_leaf_648_clk/X
 clkbuf_leaf_649_clk/X
 clkbuf_leaf_64_clk/X
 clkbuf_leaf_650_clk/X
 clkbuf_leaf_651_clk/X
 clkbuf_leaf_653_clk/X
 clkbuf_leaf_654_clk/X
 clkbuf_leaf_655_clk/X
 clkbuf_leaf_656_clk/X
 clkbuf_leaf_657_clk/X
 clkbuf_leaf_658_clk/X
 clkbuf_leaf_659_clk/X
 clkbuf_leaf_65_clk/X
 clkbuf_leaf_660_clk/X
 clkbuf_leaf_661_clk/X
 clkbuf_leaf_662_clk/X
 clkbuf_leaf_663_clk/X
 clkbuf_leaf_664_clk/X
 clkbuf_leaf_665_clk/X
 clkbuf_leaf_666_clk/X
 clkbuf_leaf_667_clk/X
 clkbuf_leaf_668_clk/X
 clkbuf_leaf_669_clk/X
 clkbuf_leaf_66_clk/X
 clkbuf_leaf_670_clk/X
 clkbuf_leaf_671_clk/X
 clkbuf_leaf_672_clk/X
 clkbuf_leaf_673_clk/X
 clkbuf_leaf_674_clk/X
 clkbuf_leaf_675_clk/X
 clkbuf_leaf_676_clk/X
 clkbuf_leaf_677_clk/X
 clkbuf_leaf_678_clk/X
 clkbuf_leaf_679_clk/X
 clkbuf_leaf_67_clk/X
 clkbuf_leaf_680_clk/X
 clkbuf_leaf_681_clk/X
 clkbuf_leaf_682_clk/X
 clkbuf_leaf_683_clk/X
 clkbuf_leaf_684_clk/X
 clkbuf_leaf_685_clk/X
 clkbuf_leaf_686_clk/X
 clkbuf_leaf_687_clk/X
 clkbuf_leaf_688_clk/X
 clkbuf_leaf_689_clk/X
 clkbuf_leaf_68_clk/X
 clkbuf_leaf_690_clk/X
 clkbuf_leaf_691_clk/X
 clkbuf_leaf_692_clk/X
 clkbuf_leaf_693_clk/X
 clkbuf_leaf_694_clk/X
 clkbuf_leaf_695_clk/X
 clkbuf_leaf_696_clk/X
 clkbuf_leaf_697_clk/X
 clkbuf_leaf_698_clk/X
 clkbuf_leaf_699_clk/X
 clkbuf_leaf_69_clk/X
 clkbuf_leaf_6_clk/X
 clkbuf_leaf_700_clk/X
 clkbuf_leaf_701_clk/X
 clkbuf_leaf_702_clk/X
 clkbuf_leaf_703_clk/X
 clkbuf_leaf_704_clk/X
 clkbuf_leaf_705_clk/X
 clkbuf_leaf_707_clk/X
 clkbuf_leaf_708_clk/X
 clkbuf_leaf_709_clk/X
 clkbuf_leaf_70_clk/X
 clkbuf_leaf_710_clk/X
 clkbuf_leaf_711_clk/X
 clkbuf_leaf_712_clk/X
 clkbuf_leaf_713_clk/X
 clkbuf_leaf_714_clk/X
 clkbuf_leaf_715_clk/X
 clkbuf_leaf_716_clk/X
 clkbuf_leaf_717_clk/X
 clkbuf_leaf_718_clk/X
 clkbuf_leaf_719_clk/X
 clkbuf_leaf_71_clk/X
 clkbuf_leaf_720_clk/X
 clkbuf_leaf_721_clk/X
 clkbuf_leaf_722_clk/X
 clkbuf_leaf_723_clk/X
 clkbuf_leaf_724_clk/X
 clkbuf_leaf_725_clk/X
 clkbuf_leaf_726_clk/X
 clkbuf_leaf_727_clk/X
 clkbuf_leaf_728_clk/X
 clkbuf_leaf_729_clk/X
 clkbuf_leaf_72_clk/X
 clkbuf_leaf_730_clk/X
 clkbuf_leaf_731_clk/X
 clkbuf_leaf_732_clk/X
 clkbuf_leaf_733_clk/X
 clkbuf_leaf_734_clk/X
 clkbuf_leaf_735_clk/X
 clkbuf_leaf_736_clk/X
 clkbuf_leaf_737_clk/X
 clkbuf_leaf_738_clk/X
 clkbuf_leaf_739_clk/X
 clkbuf_leaf_73_clk/X
 clkbuf_leaf_740_clk/X
 clkbuf_leaf_741_clk/X
 clkbuf_leaf_742_clk/X
 clkbuf_leaf_744_clk/X
 clkbuf_leaf_745_clk/X
 clkbuf_leaf_746_clk/X
 clkbuf_leaf_747_clk/X
 clkbuf_leaf_748_clk/X
 clkbuf_leaf_749_clk/X
 clkbuf_leaf_74_clk/X
 clkbuf_leaf_750_clk/X
 clkbuf_leaf_751_clk/X
 clkbuf_leaf_752_clk/X
 clkbuf_leaf_753_clk/X
 clkbuf_leaf_754_clk/X
 clkbuf_leaf_755_clk/X
 clkbuf_leaf_756_clk/X
 clkbuf_leaf_757_clk/X
 clkbuf_leaf_758_clk/X
 clkbuf_leaf_759_clk/X
 clkbuf_leaf_75_clk/X
 clkbuf_leaf_760_clk/X
 clkbuf_leaf_761_clk/X
 clkbuf_leaf_762_clk/X
 clkbuf_leaf_763_clk/X
 clkbuf_leaf_764_clk/X
 clkbuf_leaf_765_clk/X
 clkbuf_leaf_766_clk/X
 clkbuf_leaf_767_clk/X
 clkbuf_leaf_768_clk/X
 clkbuf_leaf_769_clk/X
 clkbuf_leaf_76_clk/X
 clkbuf_leaf_770_clk/X
 clkbuf_leaf_771_clk/X
 clkbuf_leaf_772_clk/X
 clkbuf_leaf_773_clk/X
 clkbuf_leaf_774_clk/X
 clkbuf_leaf_775_clk/X
 clkbuf_leaf_776_clk/X
 clkbuf_leaf_777_clk/X
 clkbuf_leaf_778_clk/X
 clkbuf_leaf_779_clk/X
 clkbuf_leaf_77_clk/X
 clkbuf_leaf_780_clk/X
 clkbuf_leaf_781_clk/X
 clkbuf_leaf_783_clk/X
 clkbuf_leaf_784_clk/X
 clkbuf_leaf_785_clk/X
 clkbuf_leaf_786_clk/X
 clkbuf_leaf_787_clk/X
 clkbuf_leaf_788_clk/X
 clkbuf_leaf_789_clk/X
 clkbuf_leaf_78_clk/X
 clkbuf_leaf_790_clk/X
 clkbuf_leaf_791_clk/X
 clkbuf_leaf_792_clk/X
 clkbuf_leaf_793_clk/X
 clkbuf_leaf_794_clk/X
 clkbuf_leaf_795_clk/X
 clkbuf_leaf_796_clk/X
 clkbuf_leaf_797_clk/X
 clkbuf_leaf_798_clk/X
 clkbuf_leaf_799_clk/X
 clkbuf_leaf_79_clk/X
 clkbuf_leaf_7_clk/X
 clkbuf_leaf_800_clk/X
 clkbuf_leaf_80_clk/X
 clkbuf_leaf_81_clk/X
 clkbuf_leaf_82_clk/X
 clkbuf_leaf_83_clk/X
 clkbuf_leaf_84_clk/X
 clkbuf_leaf_85_clk/X
 clkbuf_leaf_87_clk/X
 clkbuf_leaf_88_clk/X
 clkbuf_leaf_89_clk/X
 clkbuf_leaf_8_clk/X
 clkbuf_leaf_90_clk/X
 clkbuf_leaf_91_clk/X
 clkbuf_leaf_92_clk/X
 clkbuf_leaf_93_clk/X
 clkbuf_leaf_94_clk/X
 clkbuf_leaf_95_clk/X
 clkbuf_leaf_96_clk/X
 clkbuf_leaf_97_clk/X
 clkbuf_leaf_98_clk/X
 clkbuf_leaf_99_clk/X
 clkbuf_leaf_9_clk/X
 hold1/X
 hold10/X
 hold100/X
 hold1000/X
 hold1001/X
 hold1002/X
 hold1003/X
 hold1004/X
 hold1005/X
 hold1006/X
 hold1007/X
 hold1008/X
 hold1009/X
 hold101/X
 hold1010/X
 hold1011/X
 hold1012/X
 hold1013/X
 hold1014/X
 hold1015/X
 hold1016/X
 hold1017/X
 hold1018/X
 hold1019/X
 hold102/X
 hold1020/X
 hold1021/X
 hold1022/X
 hold1023/X
 hold1024/X
 hold1025/X
 hold1026/X
 hold1027/X
 hold1028/X
 hold1029/X
 hold103/X
 hold1030/X
 hold1031/X
 hold1032/X
 hold1033/X
 hold1034/X
 hold1035/X
 hold1036/X
 hold1037/X
 hold1038/X
 hold1039/X
 hold104/X
 hold1040/X
 hold1041/X
 hold1042/X
 hold1043/X
 hold1044/X
 hold1045/X
 hold1046/X
 hold1047/X
 hold1048/X
 hold1049/X
 hold105/X
 hold1050/X
 hold1051/X
 hold1052/X
 hold1053/X
 hold1054/X
 hold1055/X
 hold1056/X
 hold1057/X
 hold1058/X
 hold1059/X
 hold106/X
 hold1060/X
 hold1061/X
 hold1062/X
 hold1063/X
 hold1064/X
 hold1065/X
 hold1066/X
 hold1067/X
 hold1068/X
 hold1069/X
 hold107/X
 hold1070/X
 hold1071/X
 hold1072/X
 hold1073/X
 hold1074/X
 hold1075/X
 hold1076/X
 hold1077/X
 hold1078/X
 hold1079/X
 hold108/X
 hold1080/X
 hold1081/X
 hold1082/X
 hold1083/X
 hold1084/X
 hold1085/X
 hold1086/X
 hold1087/X
 hold1088/X
 hold1089/X
 hold109/X
 hold1090/X
 hold1091/X
 hold1092/X
 hold1093/X
 hold1094/X
 hold1095/X
 hold1096/X
 hold1097/X
 hold1098/X
 hold1099/X
 hold11/X
 hold110/X
 hold1100/X
 hold1101/X
 hold1102/X
 hold1103/X
 hold1104/X
 hold1105/X
 hold1106/X
 hold1107/X
 hold1108/X
 hold1109/X
 hold111/X
 hold1110/X
 hold1111/X
 hold1112/X
 hold1113/X
 hold1114/X
 hold1115/X
 hold1116/X
 hold1117/X
 hold1118/X
 hold1119/X
 hold112/X
 hold1120/X
 hold1121/X
 hold1122/X
 hold1123/X
 hold1124/X
 hold1125/X
 hold1126/X
 hold1127/X
 hold1128/X
 hold1129/X
 hold113/X
 hold1130/X
 hold1131/X
 hold1132/X
 hold1133/X
 hold1134/X
 hold1135/X
 hold1136/X
 hold1137/X
 hold1138/X
 hold1139/X
 hold114/X
 hold1140/X
 hold1141/X
 hold1142/X
 hold1143/X
 hold1144/X
 hold1145/X
 hold1146/X
 hold1147/X
 hold1148/X
 hold1149/X
 hold115/X
 hold1150/X
 hold1151/X
 hold1152/X
 hold1153/X
 hold1154/X
 hold1155/X
 hold1156/X
 hold1157/X
 hold1158/X
 hold1159/X
 hold116/X
 hold1160/X
 hold1161/X
 hold1162/X
 hold1163/X
 hold1164/X
 hold1165/X
 hold1166/X
 hold1167/X
 hold1168/X
 hold1169/X
 hold117/X
 hold1170/X
 hold1171/X
 hold1172/X
 hold1173/X
 hold1174/X
 hold1175/X
 hold1176/X
 hold1177/X
 hold1178/X
 hold1179/X
 hold118/X
 hold1180/X
 hold1181/X
 hold1182/X
 hold1183/X
 hold1184/X
 hold1185/X
 hold1186/X
 hold1187/X
 hold1188/X
 hold1189/X
 hold119/X
 hold1190/X
 hold1191/X
 hold1192/X
 hold1193/X
 hold1194/X
 hold1195/X
 hold1196/X
 hold1197/X
 hold1198/X
 hold1199/X
 hold12/X
 hold120/X
 hold1200/X
 hold1201/X
 hold1202/X
 hold1203/X
 hold1204/X
 hold1205/X
 hold1206/X
 hold1207/X
 hold1208/X
 hold1209/X
 hold121/X
 hold1210/X
 hold1211/X
 hold1212/X
 hold1213/X
 hold1214/X
 hold1215/X
 hold1216/X
 hold1217/X
 hold1218/X
 hold1219/X
 hold122/X
 hold1220/X
 hold1221/X
 hold1222/X
 hold1223/X
 hold1224/X
 hold1225/X
 hold1226/X
 hold1227/X
 hold1228/X
 hold1229/X
 hold123/X
 hold1230/X
 hold1231/X
 hold1232/X
 hold1233/X
 hold1234/X
 hold1235/X
 hold1236/X
 hold1237/X
 hold1238/X
 hold1239/X
 hold124/X
 hold1240/X
 hold1241/X
 hold1242/X
 hold1243/X
 hold1244/X
 hold1245/X
 hold1246/X
 hold1247/X
 hold1248/X
 hold1249/X
 hold125/X
 hold1250/X
 hold1251/X
 hold1252/X
 hold1253/X
 hold1254/X
 hold1255/X
 hold1256/X
 hold1257/X
 hold1258/X
 hold1259/X
 hold126/X
 hold1260/X
 hold1261/X
 hold1262/X
 hold1263/X
 hold1264/X
 hold1265/X
 hold1266/X
 hold1267/X
 hold1268/X
 hold1269/X
 hold127/X
 hold1270/X
 hold1271/X
 hold1272/X
 hold1273/X
 hold1274/X
 hold1275/X
 hold1276/X
 hold1277/X
 hold1278/X
 hold1279/X
 hold128/X
 hold1280/X
 hold1281/X
 hold1282/X
 hold1283/X
 hold1284/X
 hold1285/X
 hold1286/X
 hold1287/X
 hold1288/X
 hold1289/X
 hold129/X
 hold1290/X
 hold1291/X
 hold1292/X
 hold1293/X
 hold1294/X
 hold1295/X
 hold1296/X
 hold1297/X
 hold1298/X
 hold1299/X
 hold13/X
 hold130/X
 hold1300/X
 hold1301/X
 hold1302/X
 hold1303/X
 hold1304/X
 hold1305/X
 hold1306/X
 hold1307/X
 hold1308/X
 hold1309/X
 hold131/X
 hold1310/X
 hold1311/X
 hold1312/X
 hold1313/X
 hold1314/X
 hold1315/X
 hold1316/X
 hold1317/X
 hold1318/X
 hold1319/X
 hold132/X
 hold1320/X
 hold1321/X
 hold1322/X
 hold1323/X
 hold1324/X
 hold1325/X
 hold1326/X
 hold1327/X
 hold1328/X
 hold1329/X
 hold133/X
 hold1330/X
 hold1331/X
 hold1332/X
 hold1333/X
 hold1334/X
 hold1335/X
 hold1336/X
 hold1337/X
 hold1338/X
 hold1339/X
 hold134/X
 hold1340/X
 hold1341/X
 hold1342/X
 hold1343/X
 hold1344/X
 hold1345/X
 hold1346/X
 hold1347/X
 hold1348/X
 hold1349/X
 hold135/X
 hold1350/X
 hold1351/X
 hold1352/X
 hold1353/X
 hold1354/X
 hold1355/X
 hold1356/X
 hold1357/X
 hold1358/X
 hold1359/X
 hold136/X
 hold1360/X
 hold1361/X
 hold1362/X
 hold1363/X
 hold1364/X
 hold1365/X
 hold1366/X
 hold1367/X
 hold1368/X
 hold1369/X
 hold137/X
 hold1370/X
 hold1371/X
 hold1372/X
 hold1373/X
 hold1374/X
 hold1375/X
 hold1376/X
 hold1377/X
 hold1378/X
 hold1379/X
 hold138/X
 hold1380/X
 hold1381/X
 hold1382/X
 hold1383/X
 hold1384/X
 hold1385/X
 hold1386/X
 hold1387/X
 hold1388/X
 hold1389/X
 hold139/X
 hold1390/X
 hold1391/X
 hold1392/X
 hold1393/X
 hold1394/X
 hold1395/X
 hold1396/X
 hold1397/X
 hold1398/X
 hold1399/X
 hold14/X
 hold140/X
 hold1400/X
 hold1401/X
 hold1402/X
 hold1403/X
 hold1404/X
 hold1405/X
 hold1406/X
 hold1407/X
 hold1408/X
 hold1409/X
 hold141/X
 hold1410/X
 hold1411/X
 hold1412/X
 hold1413/X
 hold1414/X
 hold1415/X
 hold1416/X
 hold1417/X
 hold1418/X
 hold1419/X
 hold142/X
 hold1420/X
 hold1421/X
 hold1422/X
 hold1423/X
 hold1424/X
 hold1425/X
 hold1426/X
 hold1427/X
 hold1428/X
 hold1429/X
 hold143/X
 hold1430/X
 hold1431/X
 hold1432/X
 hold1433/X
 hold1434/X
 hold1435/X
 hold1436/X
 hold1437/X
 hold1438/X
 hold1439/X
 hold144/X
 hold1440/X
 hold1441/X
 hold1442/X
 hold1443/X
 hold1444/X
 hold1445/X
 hold1446/X
 hold1447/X
 hold1448/X
 hold1449/X
 hold145/X
 hold1450/X
 hold1451/X
 hold1452/X
 hold1453/X
 hold1454/X
 hold1455/X
 hold1456/X
 hold1457/X
 hold1458/X
 hold1459/X
 hold146/X
 hold1460/X
 hold1461/X
 hold1462/X
 hold1463/X
 hold1464/X
 hold1465/X
 hold1466/X
 hold1467/X
 hold1468/X
 hold1469/X
 hold147/X
 hold1470/X
 hold1471/X
 hold1472/X
 hold1473/X
 hold1474/X
 hold1475/X
 hold1476/X
 hold1477/X
 hold1478/X
 hold1479/X
 hold148/X
 hold1480/X
 hold1481/X
 hold1482/X
 hold1483/X
 hold1484/X
 hold1485/X
 hold1486/X
 hold1487/X
 hold1488/X
 hold1489/X
 hold149/X
 hold1490/X
 hold1491/X
 hold1492/X
 hold1493/X
 hold1494/X
 hold1495/X
 hold1496/X
 hold1497/X
 hold1498/X
 hold1499/X
 hold15/X
 hold150/X
 hold1500/X
 hold1501/X
 hold1502/X
 hold1503/X
 hold1504/X
 hold1505/X
 hold1506/X
 hold1507/X
 hold1508/X
 hold1509/X
 hold151/X
 hold1510/X
 hold1511/X
 hold1512/X
 hold1513/X
 hold1514/X
 hold1515/X
 hold1516/X
 hold1517/X
 hold1518/X
 hold1519/X
 hold152/X
 hold1520/X
 hold1521/X
 hold1522/X
 hold1523/X
 hold1524/X
 hold1525/X
 hold1526/X
 hold1527/X
 hold1528/X
 hold1529/X
 hold153/X
 hold1530/X
 hold1531/X
 hold1532/X
 hold1533/X
 hold1534/X
 hold1535/X
 hold1536/X
 hold1537/X
 hold1538/X
 hold1539/X
 hold154/X
 hold1540/X
 hold1541/X
 hold1542/X
 hold1543/X
 hold1544/X
 hold1545/X
 hold1546/X
 hold1547/X
 hold1548/X
 hold1549/X
 hold155/X
 hold1550/X
 hold1551/X
 hold1552/X
 hold1553/X
 hold1554/X
 hold1555/X
 hold1556/X
 hold1557/X
 hold1558/X
 hold1559/X
 hold156/X
 hold1560/X
 hold1561/X
 hold1562/X
 hold1563/X
 hold1564/X
 hold1565/X
 hold1566/X
 hold1567/X
 hold1568/X
 hold1569/X
 hold157/X
 hold1570/X
 hold1571/X
 hold1572/X
 hold1573/X
 hold1574/X
 hold1575/X
 hold1576/X
 hold1577/X
 hold1578/X
 hold1579/X
 hold158/X
 hold1580/X
 hold1581/X
 hold1582/X
 hold1583/X
 hold1584/X
 hold1585/X
 hold1586/X
 hold1587/X
 hold1588/X
 hold1589/X
 hold159/X
 hold1590/X
 hold1591/X
 hold1592/X
 hold1593/X
 hold1594/X
 hold1595/X
 hold1596/X
 hold1597/X
 hold1598/X
 hold1599/X
 hold16/X
 hold160/X
 hold1600/X
 hold1601/X
 hold1602/X
 hold1603/X
 hold1604/X
 hold1605/X
 hold1606/X
 hold1607/X
 hold1608/X
 hold1609/X
 hold161/X
 hold1610/X
 hold1611/X
 hold1612/X
 hold1613/X
 hold1614/X
 hold1615/X
 hold1616/X
 hold1617/X
 hold1618/X
 hold1619/X
 hold162/X
 hold1620/X
 hold1621/X
 hold1622/X
 hold1623/X
 hold1624/X
 hold1625/X
 hold1626/X
 hold1627/X
 hold1628/X
 hold1629/X
 hold163/X
 hold1630/X
 hold1631/X
 hold1632/X
 hold1633/X
 hold1634/X
 hold1635/X
 hold1636/X
 hold1637/X
 hold1638/X
 hold1639/X
 hold164/X
 hold1640/X
 hold1641/X
 hold1642/X
 hold1643/X
 hold1644/X
 hold1645/X
 hold1646/X
 hold1647/X
 hold1648/X
 hold1649/X
 hold165/X
 hold1650/X
 hold1651/X
 hold1652/X
 hold1653/X
 hold1654/X
 hold1655/X
 hold1656/X
 hold1657/X
 hold1658/X
 hold1659/X
 hold166/X
 hold1660/X
 hold1661/X
 hold1662/X
 hold1663/X
 hold1664/X
 hold1665/X
 hold1666/X
 hold1667/X
 hold1668/X
 hold1669/X
 hold167/X
 hold1670/X
 hold1671/X
 hold1672/X
 hold1673/X
 hold1674/X
 hold1675/X
 hold1676/X
 hold1677/X
 hold1678/X
 hold1679/X
 hold168/X
 hold1680/X
 hold1681/X
 hold1682/X
 hold1683/X
 hold1684/X
 hold1685/X
 hold1686/X
 hold1687/X
 hold1688/X
 hold1689/X
 hold169/X
 hold1690/X
 hold1691/X
 hold1692/X
 hold1693/X
 hold1694/X
 hold1695/X
 hold1696/X
 hold1697/X
 hold1698/X
 hold1699/X
 hold17/X
 hold170/X
 hold1700/X
 hold1701/X
 hold1702/X
 hold1703/X
 hold1704/X
 hold1705/X
 hold1706/X
 hold1707/X
 hold1708/X
 hold1709/X
 hold171/X
 hold1710/X
 hold1711/X
 hold1712/X
 hold1713/X
 hold1714/X
 hold1715/X
 hold1716/X
 hold1717/X
 hold1718/X
 hold1719/X
 hold172/X
 hold1720/X
 hold1721/X
 hold1722/X
 hold1723/X
 hold1724/X
 hold1725/X
 hold1726/X
 hold1727/X
 hold1728/X
 hold1729/X
 hold173/X
 hold1730/X
 hold1731/X
 hold1732/X
 hold1733/X
 hold1734/X
 hold1735/X
 hold1736/X
 hold1737/X
 hold1738/X
 hold1739/X
 hold174/X
 hold1740/X
 hold1741/X
 hold1742/X
 hold1743/X
 hold1744/X
 hold1745/X
 hold1746/X
 hold1747/X
 hold1748/X
 hold1749/X
 hold175/X
 hold1750/X
 hold1751/X
 hold1752/X
 hold1753/X
 hold1754/X
 hold1755/X
 hold1756/X
 hold1757/X
 hold1758/X
 hold1759/X
 hold176/X
 hold1760/X
 hold1761/X
 hold1762/X
 hold1763/X
 hold1764/X
 hold1765/X
 hold1766/X
 hold1767/X
 hold1768/X
 hold1769/X
 hold177/X
 hold1770/X
 hold1771/X
 hold1772/X
 hold1773/X
 hold1774/X
 hold1775/X
 hold1776/X
 hold1777/X
 hold1778/X
 hold1779/X
 hold178/X
 hold1780/X
 hold1781/X
 hold1782/X
 hold1783/X
 hold1784/X
 hold1785/X
 hold1786/X
 hold1787/X
 hold1788/X
 hold1789/X
 hold179/X
 hold1790/X
 hold1791/X
 hold1792/X
 hold1793/X
 hold1794/X
 hold1795/X
 hold1796/X
 hold1797/X
 hold1798/X
 hold1799/X
 hold18/X
 hold180/X
 hold1800/X
 hold1801/X
 hold1802/X
 hold1803/X
 hold1804/X
 hold1805/X
 hold1806/X
 hold1807/X
 hold1808/X
 hold1809/X
 hold181/X
 hold1810/X
 hold1811/X
 hold1812/X
 hold1813/X
 hold1814/X
 hold1815/X
 hold1816/X
 hold1817/X
 hold1818/X
 hold1819/X
 hold182/X
 hold1820/X
 hold1821/X
 hold1822/X
 hold1823/X
 hold1824/X
 hold1825/X
 hold1826/X
 hold1827/X
 hold1828/X
 hold1829/X
 hold183/X
 hold1830/X
 hold1831/X
 hold1832/X
 hold1833/X
 hold1834/X
 hold1835/X
 hold1836/X
 hold1837/X
 hold1838/X
 hold1839/X
 hold184/X
 hold1840/X
 hold1841/X
 hold1842/X
 hold1843/X
 hold1844/X
 hold1845/X
 hold1846/X
 hold1847/X
 hold1848/X
 hold1849/X
 hold185/X
 hold1850/X
 hold1851/X
 hold1852/X
 hold1853/X
 hold1854/X
 hold1855/X
 hold1856/X
 hold1857/X
 hold1858/X
 hold1859/X
 hold186/X
 hold1860/X
 hold1861/X
 hold1862/X
 hold1863/X
 hold1864/X
 hold1865/X
 hold1866/X
 hold1867/X
 hold1868/X
 hold1869/X
 hold187/X
 hold1870/X
 hold1871/X
 hold1872/X
 hold1873/X
 hold1874/X
 hold1875/X
 hold1876/X
 hold1877/X
 hold1878/X
 hold1879/X
 hold188/X
 hold1880/X
 hold1881/X
 hold1882/X
 hold1883/X
 hold1884/X
 hold1885/X
 hold1886/X
 hold1887/X
 hold1888/X
 hold1889/X
 hold189/X
 hold1890/X
 hold1891/X
 hold1892/X
 hold1893/X
 hold1894/X
 hold1895/X
 hold1896/X
 hold1897/X
 hold1898/X
 hold1899/X
 hold19/X
 hold190/X
 hold1900/X
 hold1901/X
 hold1902/X
 hold1903/X
 hold1904/X
 hold1905/X
 hold1906/X
 hold1907/X
 hold1908/X
 hold1909/X
 hold191/X
 hold1910/X
 hold1911/X
 hold1912/X
 hold1913/X
 hold1914/X
 hold1915/X
 hold1916/X
 hold1917/X
 hold1918/X
 hold1919/X
 hold192/X
 hold1920/X
 hold1921/X
 hold1922/X
 hold1923/X
 hold1924/X
 hold1925/X
 hold1926/X
 hold1927/X
 hold1928/X
 hold1929/X
 hold193/X
 hold1930/X
 hold1931/X
 hold1932/X
 hold1933/X
 hold1934/X
 hold1935/X
 hold1936/X
 hold1937/X
 hold1938/X
 hold1939/X
 hold194/X
 hold1940/X
 hold1941/X
 hold1942/X
 hold1943/X
 hold1944/X
 hold1945/X
 hold1946/X
 hold1947/X
 hold1948/X
 hold1949/X
 hold195/X
 hold1950/X
 hold1951/X
 hold1952/X
 hold1953/X
 hold1954/X
 hold1955/X
 hold1956/X
 hold1957/X
 hold1958/X
 hold1959/X
 hold196/X
 hold1960/X
 hold1961/X
 hold1962/X
 hold1963/X
 hold1964/X
 hold1965/X
 hold1966/X
 hold1967/X
 hold1968/X
 hold1969/X
 hold197/X
 hold1970/X
 hold1971/X
 hold1972/X
 hold1973/X
 hold1974/X
 hold1975/X
 hold1976/X
 hold1977/X
 hold1978/X
 hold1979/X
 hold198/X
 hold1980/X
 hold1981/X
 hold1982/X
 hold1983/X
 hold1984/X
 hold1985/X
 hold1986/X
 hold1987/X
 hold1988/X
 hold1989/X
 hold199/X
 hold1990/X
 hold1991/X
 hold1992/X
 hold1993/X
 hold1994/X
 hold1995/X
 hold1996/X
 hold1997/X
 hold1998/X
 hold1999/X
 hold2/X
 hold20/X
 hold200/X
 hold2000/X
 hold2001/X
 hold2002/X
 hold2003/X
 hold2004/X
 hold2005/X
 hold2006/X
 hold2007/X
 hold2008/X
 hold2009/X
 hold201/X
 hold2010/X
 hold2011/X
 hold2012/X
 hold2013/X
 hold2014/X
 hold2015/X
 hold2016/X
 hold2017/X
 hold2018/X
 hold2019/X
 hold202/X
 hold2020/X
 hold2021/X
 hold2022/X
 hold2023/X
 hold2024/X
 hold2025/X
 hold2026/X
 hold2027/X
 hold2028/X
 hold2029/X
 hold203/X
 hold2030/X
 hold2031/X
 hold2032/X
 hold2033/X
 hold2034/X
 hold2035/X
 hold2036/X
 hold2037/X
 hold2038/X
 hold2039/X
 hold204/X
 hold2040/X
 hold2041/X
 hold2042/X
 hold2043/X
 hold2044/X
 hold2045/X
 hold2046/X
 hold2047/X
 hold2048/X
 hold2049/X
 hold205/X
 hold2050/X
 hold2051/X
 hold2052/X
 hold2053/X
 hold2054/X
 hold2055/X
 hold2056/X
 hold2057/X
 hold2058/X
 hold2059/X
 hold206/X
 hold2060/X
 hold2061/X
 hold2062/X
 hold2063/X
 hold2064/X
 hold2065/X
 hold2066/X
 hold2067/X
 hold2068/X
 hold2069/X
 hold207/X
 hold2070/X
 hold2071/X
 hold2072/X
 hold2073/X
 hold2074/X
 hold2075/X
 hold2076/X
 hold2077/X
 hold2078/X
 hold2079/X
 hold208/X
 hold2080/X
 hold2081/X
 hold2082/X
 hold2083/X
 hold2084/X
 hold2085/X
 hold2086/X
 hold2087/X
 hold2088/X
 hold2089/X
 hold209/X
 hold2090/X
 hold2091/X
 hold2092/X
 hold2093/X
 hold2094/X
 hold2095/X
 hold2096/X
 hold2097/X
 hold2098/X
 hold2099/X
 hold21/X
 hold210/X
 hold2100/X
 hold2101/X
 hold2102/X
 hold2103/X
 hold2104/X
 hold2105/X
 hold2106/X
 hold2107/X
 hold2108/X
 hold2109/X
 hold211/X
 hold2110/X
 hold2111/X
 hold2112/X
 hold2113/X
 hold2114/X
 hold2115/X
 hold2116/X
 hold2117/X
 hold2118/X
 hold2119/X
 hold212/X
 hold2120/X
 hold2121/X
 hold2122/X
 hold2123/X
 hold2124/X
 hold2125/X
 hold2126/X
 hold2127/X
 hold2128/X
 hold2129/X
 hold213/X
 hold2130/X
 hold2131/X
 hold2132/X
 hold2133/X
 hold2134/X
 hold2135/X
 hold2136/X
 hold2137/X
 hold2138/X
 hold2139/X
 hold214/X
 hold2140/X
 hold2141/X
 hold2142/X
 hold2143/X
 hold2144/X
 hold2145/X
 hold2146/X
 hold2147/X
 hold2148/X
 hold2149/X
 hold215/X
 hold2150/X
 hold2151/X
 hold2152/X
 hold2153/X
 hold2154/X
 hold2155/X
 hold2156/X
 hold2157/X
 hold2158/X
 hold2159/X
 hold216/X
 hold2160/X
 hold2161/X
 hold2162/X
 hold2163/X
 hold2164/X
 hold2165/X
 hold2166/X
 hold2167/X
 hold2168/X
 hold2169/X
 hold217/X
 hold2170/X
 hold2171/X
 hold2172/X
 hold2173/X
 hold2174/X
 hold2175/X
 hold2176/X
 hold2177/X
 hold2178/X
 hold2179/X
 hold218/X
 hold2180/X
 hold2181/X
 hold2182/X
 hold2183/X
 hold2184/X
 hold2185/X
 hold2186/X
 hold2187/X
 hold2188/X
 hold2189/X
 hold219/X
 hold2190/X
 hold2191/X
 hold2192/X
 hold2193/X
 hold2194/X
 hold2195/X
 hold2196/X
 hold2197/X
 hold2198/X
 hold2199/X
 hold22/X
 hold220/X
 hold2200/X
 hold2201/X
 hold2202/X
 hold2203/X
 hold2204/X
 hold2205/X
 hold2206/X
 hold2207/X
 hold2208/X
 hold2209/X
 hold221/X
 hold2210/X
 hold2211/X
 hold2212/X
 hold2213/X
 hold2214/X
 hold2215/X
 hold2216/X
 hold2217/X
 hold2218/X
 hold2219/X
 hold222/X
 hold2220/X
 hold2221/X
 hold2222/X
 hold2223/X
 hold2224/X
 hold2225/X
 hold2226/X
 hold2227/X
 hold2228/X
 hold2229/X
 hold223/X
 hold2230/X
 hold2231/X
 hold2232/X
 hold2233/X
 hold2234/X
 hold2235/X
 hold2236/X
 hold2237/X
 hold2238/X
 hold2239/X
 hold224/X
 hold2240/X
 hold2241/X
 hold2242/X
 hold2243/X
 hold2244/X
 hold2245/X
 hold2246/X
 hold2247/X
 hold2248/X
 hold2249/X
 hold225/X
 hold2250/X
 hold2251/X
 hold2252/X
 hold2253/X
 hold2254/X
 hold2255/X
 hold2256/X
 hold2257/X
 hold2258/X
 hold2259/X
 hold226/X
 hold2260/X
 hold2261/X
 hold2262/X
 hold2263/X
 hold2264/X
 hold2265/X
 hold2266/X
 hold2267/X
 hold2268/X
 hold2269/X
 hold227/X
 hold2270/X
 hold2271/X
 hold2272/X
 hold2273/X
 hold2274/X
 hold2275/X
 hold2276/X
 hold2277/X
 hold2278/X
 hold2279/X
 hold228/X
 hold2280/X
 hold2281/X
 hold2282/X
 hold2283/X
 hold2284/X
 hold2285/X
 hold2286/X
 hold2287/X
 hold2288/X
 hold2289/X
 hold229/X
 hold2290/X
 hold2291/X
 hold2292/X
 hold2293/X
 hold2294/X
 hold2295/X
 hold2296/X
 hold2297/X
 hold2298/X
 hold2299/X
 hold23/X
 hold230/X
 hold2300/X
 hold2301/X
 hold2302/X
 hold2303/X
 hold2304/X
 hold2305/X
 hold2306/X
 hold2307/X
 hold2308/X
 hold2309/X
 hold231/X
 hold2310/X
 hold2311/X
 hold2312/X
 hold2313/X
 hold2314/X
 hold2315/X
 hold2316/X
 hold2317/X
 hold2318/X
 hold2319/X
 hold232/X
 hold2320/X
 hold2321/X
 hold2322/X
 hold2323/X
 hold2324/X
 hold2325/X
 hold2326/X
 hold2327/X
 hold2328/X
 hold2329/X
 hold233/X
 hold2330/X
 hold2331/X
 hold2332/X
 hold2333/X
 hold2334/X
 hold2335/X
 hold2336/X
 hold2337/X
 hold2338/X
 hold2339/X
 hold234/X
 hold2340/X
 hold2341/X
 hold2342/X
 hold2343/X
 hold2344/X
 hold2345/X
 hold2346/X
 hold2347/X
 hold2348/X
 hold2349/X
 hold235/X
 hold2350/X
 hold2351/X
 hold2352/X
 hold2353/X
 hold2354/X
 hold2355/X
 hold2356/X
 hold2357/X
 hold2358/X
 hold2359/X
 hold236/X
 hold2360/X
 hold2361/X
 hold2362/X
 hold2363/X
 hold2364/X
 hold2365/X
 hold2366/X
 hold2367/X
 hold2368/X
 hold2369/X
 hold237/X
 hold2370/X
 hold2371/X
 hold2372/X
 hold2373/X
 hold2374/X
 hold2375/X
 hold2376/X
 hold2377/X
 hold2378/X
 hold2379/X
 hold238/X
 hold2380/X
 hold2381/X
 hold2382/X
 hold2383/X
 hold2384/X
 hold2385/X
 hold2386/X
 hold2387/X
 hold2388/X
 hold2389/X
 hold239/X
 hold2390/X
 hold2391/X
 hold2392/X
 hold2393/X
 hold2394/X
 hold2395/X
 hold2396/X
 hold2397/X
 hold2398/X
 hold2399/X
 hold24/X
 hold240/X
 hold2400/X
 hold2401/X
 hold2402/X
 hold2403/X
 hold2404/X
 hold2405/X
 hold2406/X
 hold2407/X
 hold2408/X
 hold2409/X
 hold241/X
 hold2410/X
 hold2411/X
 hold2412/X
 hold2413/X
 hold2414/X
 hold2415/X
 hold2416/X
 hold2417/X
 hold2418/X
 hold2419/X
 hold242/X
 hold2420/X
 hold2421/X
 hold2422/X
 hold2423/X
 hold2424/X
 hold2425/X
 hold2426/X
 hold2427/X
 hold2428/X
 hold2429/X
 hold243/X
 hold2430/X
 hold2431/X
 hold2432/X
 hold2433/X
 hold2434/X
 hold2435/X
 hold2436/X
 hold2437/X
 hold2438/X
 hold2439/X
 hold244/X
 hold2440/X
 hold2441/X
 hold2442/X
 hold2443/X
 hold2444/X
 hold2445/X
 hold2446/X
 hold2447/X
 hold2448/X
 hold2449/X
 hold245/X
 hold2450/X
 hold2451/X
 hold2452/X
 hold2453/X
 hold2454/X
 hold2455/X
 hold2456/X
 hold2457/X
 hold2458/X
 hold2459/X
 hold246/X
 hold2460/X
 hold2461/X
 hold2462/X
 hold2463/X
 hold2464/X
 hold2465/X
 hold2466/X
 hold2467/X
 hold2468/X
 hold2469/X
 hold247/X
 hold2470/X
 hold2471/X
 hold2472/X
 hold2473/X
 hold2474/X
 hold2475/X
 hold2476/X
 hold2477/X
 hold2478/X
 hold2479/X
 hold248/X
 hold2480/X
 hold2481/X
 hold2482/X
 hold2483/X
 hold2484/X
 hold2485/X
 hold2486/X
 hold2487/X
 hold2488/X
 hold2489/X
 hold249/X
 hold2490/X
 hold2491/X
 hold2492/X
 hold2493/X
 hold2494/X
 hold2495/X
 hold2496/X
 hold2497/X
 hold2498/X
 hold2499/X
 hold25/X
 hold250/X
 hold2500/X
 hold2501/X
 hold2502/X
 hold2503/X
 hold2504/X
 hold2505/X
 hold2506/X
 hold2507/X
 hold2508/X
 hold2509/X
 hold251/X
 hold2510/X
 hold2511/X
 hold2512/X
 hold2513/X
 hold2514/X
 hold2515/X
 hold2516/X
 hold2517/X
 hold2518/X
 hold2519/X
 hold252/X
 hold2520/X
 hold2521/X
 hold2522/X
 hold2523/X
 hold2524/X
 hold2525/X
 hold2526/X
 hold2527/X
 hold2528/X
 hold2529/X
 hold253/X
 hold2530/X
 hold2531/X
 hold2532/X
 hold2533/X
 hold2534/X
 hold2535/X
 hold2536/X
 hold2537/X
 hold2538/X
 hold2539/X
 hold254/X
 hold2540/X
 hold2541/X
 hold2542/X
 hold2543/X
 hold2544/X
 hold2545/X
 hold2546/X
 hold2547/X
 hold2548/X
 hold2549/X
 hold255/X
 hold2550/X
 hold2551/X
 hold2552/X
 hold2553/X
 hold2554/X
 hold2555/X
 hold2556/X
 hold2557/X
 hold2558/X
 hold2559/X
 hold256/X
 hold2560/X
 hold2561/X
 hold2562/X
 hold2563/X
 hold2564/X
 hold2565/X
 hold2566/X
 hold2567/X
 hold2568/X
 hold2569/X
 hold257/X
 hold2570/X
 hold2571/X
 hold2572/X
 hold2573/X
 hold2574/X
 hold2575/X
 hold2576/X
 hold2577/X
 hold2578/X
 hold2579/X
 hold258/X
 hold2580/X
 hold2581/X
 hold2582/X
 hold2583/X
 hold2584/X
 hold2585/X
 hold2586/X
 hold2587/X
 hold2588/X
 hold2589/X
 hold259/X
 hold2590/X
 hold2591/X
 hold2592/X
 hold2593/X
 hold2594/X
 hold2595/X
 hold2596/X
 hold2597/X
 hold2598/X
 hold2599/X
 hold26/X
 hold260/X
 hold2600/X
 hold2601/X
 hold2602/X
 hold2603/X
 hold2604/X
 hold2605/X
 hold2606/X
 hold2607/X
 hold2608/X
 hold2609/X
 hold261/X
 hold2610/X
 hold2611/X
 hold2612/X
 hold2613/X
 hold2614/X
 hold2615/X
 hold2616/X
 hold2617/X
 hold2618/X
 hold2619/X
 hold262/X
 hold2620/X
 hold2621/X
 hold2622/X
 hold2623/X
 hold2624/X
 hold2625/X
 hold2626/X
 hold2627/X
 hold2628/X
 hold2629/X
 hold263/X
 hold2630/X
 hold2631/X
 hold2632/X
 hold2633/X
 hold2634/X
 hold2635/X
 hold2636/X
 hold2637/X
 hold2638/X
 hold2639/X
 hold264/X
 hold2640/X
 hold2641/X
 hold2642/X
 hold2643/X
 hold2644/X
 hold2645/X
 hold2646/X
 hold2647/X
 hold2648/X
 hold2649/X
 hold265/X
 hold2650/X
 hold2651/X
 hold2652/X
 hold2653/X
 hold2654/X
 hold2655/X
 hold2656/X
 hold2657/X
 hold2658/X
 hold2659/X
 hold266/X
 hold2660/X
 hold2661/X
 hold2662/X
 hold2663/X
 hold2664/X
 hold2665/X
 hold2666/X
 hold2667/X
 hold2668/X
 hold2669/X
 hold267/X
 hold2670/X
 hold2671/X
 hold2672/X
 hold2673/X
 hold2674/X
 hold2675/X
 hold2676/X
 hold2677/X
 hold2678/X
 hold2679/X
 hold268/X
 hold2680/X
 hold2681/X
 hold2682/X
 hold2683/X
 hold2684/X
 hold2685/X
 hold2686/X
 hold2687/X
 hold2688/X
 hold2689/X
 hold269/X
 hold2690/X
 hold2691/X
 hold2692/X
 hold2693/X
 hold2694/X
 hold2695/X
 hold2696/X
 hold2697/X
 hold2698/X
 hold2699/X
 hold27/X
 hold270/X
 hold2700/X
 hold2701/X
 hold2702/X
 hold2703/X
 hold2704/X
 hold2705/X
 hold2706/X
 hold2707/X
 hold2708/X
 hold2709/X
 hold271/X
 hold2710/X
 hold2711/X
 hold2712/X
 hold2713/X
 hold2714/X
 hold2715/X
 hold2716/X
 hold2717/X
 hold2718/X
 hold2719/X
 hold272/X
 hold2720/X
 hold2721/X
 hold2722/X
 hold2723/X
 hold2724/X
 hold2725/X
 hold2726/X
 hold2727/X
 hold2728/X
 hold2729/X
 hold273/X
 hold2730/X
 hold2731/X
 hold2732/X
 hold2733/X
 hold2734/X
 hold2735/X
 hold2736/X
 hold2737/X
 hold2738/X
 hold2739/X
 hold274/X
 hold2740/X
 hold2741/X
 hold2742/X
 hold2743/X
 hold2744/X
 hold2745/X
 hold2746/X
 hold2747/X
 hold2748/X
 hold2749/X
 hold275/X
 hold2750/X
 hold2751/X
 hold2752/X
 hold2753/X
 hold2754/X
 hold2755/X
 hold2756/X
 hold2757/X
 hold2758/X
 hold2759/X
 hold276/X
 hold2760/X
 hold2761/X
 hold2762/X
 hold2763/X
 hold2764/X
 hold2765/X
 hold2766/X
 hold2767/X
 hold2768/X
 hold2769/X
 hold277/X
 hold2770/X
 hold2771/X
 hold2772/X
 hold2773/X
 hold2774/X
 hold2775/X
 hold2776/X
 hold2777/X
 hold2778/X
 hold2779/X
 hold278/X
 hold2780/X
 hold2781/X
 hold2782/X
 hold2783/X
 hold2784/X
 hold2785/X
 hold2786/X
 hold2787/X
 hold2788/X
 hold2789/X
 hold279/X
 hold2790/X
 hold2791/X
 hold2792/X
 hold2793/X
 hold2794/X
 hold2795/X
 hold2796/X
 hold2797/X
 hold2798/X
 hold2799/X
 hold28/X
 hold280/X
 hold2800/X
 hold2801/X
 hold2802/X
 hold2803/X
 hold2804/X
 hold2805/X
 hold2806/X
 hold2807/X
 hold2808/X
 hold2809/X
 hold281/X
 hold2810/X
 hold2811/X
 hold2812/X
 hold2813/X
 hold2814/X
 hold2815/X
 hold2816/X
 hold2817/X
 hold2818/X
 hold2819/X
 hold282/X
 hold2820/X
 hold2821/X
 hold2822/X
 hold2823/X
 hold2824/X
 hold2825/X
 hold2826/X
 hold2827/X
 hold2828/X
 hold2829/X
 hold283/X
 hold2830/X
 hold2831/X
 hold2832/X
 hold2833/X
 hold2834/X
 hold2835/X
 hold2836/X
 hold2837/X
 hold2838/X
 hold2839/X
 hold284/X
 hold2840/X
 hold2841/X
 hold2842/X
 hold2843/X
 hold2844/X
 hold2845/X
 hold2846/X
 hold2847/X
 hold2848/X
 hold2849/X
 hold285/X
 hold2850/X
 hold2851/X
 hold2852/X
 hold2853/X
 hold2854/X
 hold2855/X
 hold2856/X
 hold2857/X
 hold2858/X
 hold2859/X
 hold286/X
 hold2860/X
 hold2861/X
 hold2862/X
 hold2863/X
 hold2864/X
 hold2865/X
 hold2866/X
 hold2867/X
 hold2868/X
 hold2869/X
 hold287/X
 hold2870/X
 hold2871/X
 hold2872/X
 hold2873/X
 hold2874/X
 hold2875/X
 hold2876/X
 hold2877/X
 hold2878/X
 hold2879/X
 hold288/X
 hold2880/X
 hold2881/X
 hold2882/X
 hold2883/X
 hold2884/X
 hold2885/X
 hold2886/X
 hold2887/X
 hold2888/X
 hold2889/X
 hold289/X
 hold2890/X
 hold2891/X
 hold2892/X
 hold2893/X
 hold2894/X
 hold2895/X
 hold2896/X
 hold2897/X
 hold2898/X
 hold2899/X
 hold29/X
 hold290/X
 hold2900/X
 hold2901/X
 hold2902/X
 hold2903/X
 hold2904/X
 hold2905/X
 hold2906/X
 hold2907/X
 hold2908/X
 hold2909/X
 hold291/X
 hold2910/X
 hold2911/X
 hold2912/X
 hold2913/X
 hold2914/X
 hold2915/X
 hold2916/X
 hold2917/X
 hold2918/X
 hold2919/X
 hold292/X
 hold2920/X
 hold2921/X
 hold2922/X
 hold2923/X
 hold2924/X
 hold2925/X
 hold2926/X
 hold2927/X
 hold2928/X
 hold2929/X
 hold293/X
 hold2930/X
 hold2931/X
 hold2932/X
 hold2933/X
 hold2934/X
 hold2935/X
 hold2936/X
 hold2937/X
 hold2938/X
 hold2939/X
 hold294/X
 hold2940/X
 hold2941/X
 hold2942/X
 hold2943/X
 hold2944/X
 hold2945/X
 hold2946/X
 hold2947/X
 hold2948/X
 hold2949/X
 hold295/X
 hold2950/X
 hold2951/X
 hold2952/X
 hold2953/X
 hold2954/X
 hold2955/X
 hold2956/X
 hold2957/X
 hold2958/X
 hold2959/X
 hold296/X
 hold2960/X
 hold2961/X
 hold2962/X
 hold2963/X
 hold2964/X
 hold2965/X
 hold2966/X
 hold2967/X
 hold2968/X
 hold2969/X
 hold297/X
 hold2970/X
 hold2971/X
 hold2972/X
 hold2973/X
 hold2974/X
 hold2975/X
 hold2976/X
 hold2977/X
 hold2978/X
 hold2979/X
 hold298/X
 hold2980/X
 hold2981/X
 hold2982/X
 hold2983/X
 hold2984/X
 hold2985/X
 hold2986/X
 hold2987/X
 hold2988/X
 hold2989/X
 hold299/X
 hold2990/X
 hold2991/X
 hold2992/X
 hold2993/X
 hold2994/X
 hold2995/X
 hold2996/X
 hold2997/X
 hold2998/X
 hold2999/X
 hold3/X
 hold30/X
 hold300/X
 hold3000/X
 hold3001/X
 hold3002/X
 hold3003/X
 hold3004/X
 hold3005/X
 hold3006/X
 hold3007/X
 hold3008/X
 hold3009/X
 hold301/X
 hold3010/X
 hold3011/X
 hold3012/X
 hold3013/X
 hold3014/X
 hold3015/X
 hold3016/X
 hold3017/X
 hold3018/X
 hold3019/X
 hold302/X
 hold3020/X
 hold3021/X
 hold3022/X
 hold3023/X
 hold3024/X
 hold3025/X
 hold3026/X
 hold3027/X
 hold3028/X
 hold3029/X
 hold303/X
 hold3030/X
 hold3031/X
 hold3032/X
 hold3033/X
 hold3034/X
 hold3035/X
 hold3036/X
 hold3037/X
 hold3038/X
 hold3039/X
 hold304/X
 hold3040/X
 hold3041/X
 hold3042/X
 hold3043/X
 hold3044/X
 hold3045/X
 hold3046/X
 hold3047/X
 hold3048/X
 hold3049/X
 hold305/X
 hold3050/X
 hold3051/X
 hold3052/X
 hold3053/X
 hold3054/X
 hold3055/X
 hold3056/X
 hold3057/X
 hold3058/X
 hold3059/X
 hold306/X
 hold3060/X
 hold3061/X
 hold3062/X
 hold3063/X
 hold3064/X
 hold3065/X
 hold3066/X
 hold3067/X
 hold3068/X
 hold3069/X
 hold307/X
 hold3070/X
 hold3071/X
 hold3072/X
 hold3073/X
 hold3074/X
 hold3075/X
 hold3076/X
 hold3077/X
 hold3078/X
 hold3079/X
 hold308/X
 hold3080/X
 hold3081/X
 hold3082/X
 hold3083/X
 hold3084/X
 hold3085/X
 hold3086/X
 hold3087/X
 hold3088/X
 hold3089/X
 hold309/X
 hold3090/X
 hold3091/X
 hold3092/X
 hold3093/X
 hold3094/X
 hold3095/X
 hold3096/X
 hold3097/X
 hold3098/X
 hold3099/X
 hold31/X
 hold310/X
 hold3100/X
 hold3101/X
 hold3102/X
 hold3103/X
 hold3104/X
 hold3105/X
 hold3106/X
 hold3107/X
 hold3108/X
 hold3109/X
 hold311/X
 hold3110/X
 hold3111/X
 hold3112/X
 hold3113/X
 hold3114/X
 hold3115/X
 hold3116/X
 hold3117/X
 hold3118/X
 hold3119/X
 hold312/X
 hold3120/X
 hold3121/X
 hold3122/X
 hold3123/X
 hold3124/X
 hold3125/X
 hold3126/X
 hold3127/X
 hold3128/X
 hold3129/X
 hold313/X
 hold3130/X
 hold3131/X
 hold3132/X
 hold3133/X
 hold3134/X
 hold3135/X
 hold3136/X
 hold3137/X
 hold3138/X
 hold3139/X
 hold314/X
 hold3140/X
 hold3141/X
 hold3142/X
 hold3143/X
 hold3144/X
 hold3145/X
 hold3146/X
 hold3147/X
 hold3148/X
 hold3149/X
 hold315/X
 hold3150/X
 hold3151/X
 hold3152/X
 hold3153/X
 hold3154/X
 hold3155/X
 hold3156/X
 hold3157/X
 hold3158/X
 hold3159/X
 hold316/X
 hold3160/X
 hold3161/X
 hold3162/X
 hold3163/X
 hold3164/X
 hold3165/X
 hold3166/X
 hold3167/X
 hold3168/X
 hold3169/X
 hold317/X
 hold3170/X
 hold3171/X
 hold3172/X
 hold3173/X
 hold3174/X
 hold3175/X
 hold3176/X
 hold3177/X
 hold3178/X
 hold3179/X
 hold318/X
 hold3180/X
 hold3181/X
 hold3182/X
 hold3183/X
 hold3184/X
 hold3185/X
 hold3186/X
 hold3187/X
 hold3188/X
 hold3189/X
 hold319/X
 hold3190/X
 hold3191/X
 hold3192/X
 hold3193/X
 hold3194/X
 hold3195/X
 hold3196/X
 hold3197/X
 hold3198/X
 hold3199/X
 hold32/X
 hold320/X
 hold3200/X
 hold3201/X
 hold3202/X
 hold3203/X
 hold3204/X
 hold3205/X
 hold3206/X
 hold3207/X
 hold3208/X
 hold3209/X
 hold321/X
 hold3210/X
 hold3211/X
 hold3212/X
 hold3213/X
 hold3214/X
 hold3215/X
 hold3216/X
 hold3217/X
 hold3218/X
 hold3219/X
 hold322/X
 hold3220/X
 hold3221/X
 hold3222/X
 hold3223/X
 hold3224/X
 hold3225/X
 hold3226/X
 hold3227/X
 hold3228/X
 hold3229/X
 hold323/X
 hold3230/X
 hold3231/X
 hold3232/X
 hold3233/X
 hold3234/X
 hold3235/X
 hold3236/X
 hold3237/X
 hold3238/X
 hold3239/X
 hold324/X
 hold3240/X
 hold3241/X
 hold3242/X
 hold3243/X
 hold3244/X
 hold3245/X
 hold3246/X
 hold3247/X
 hold3248/X
 hold3249/X
 hold325/X
 hold3250/X
 hold3251/X
 hold3252/X
 hold3253/X
 hold3254/X
 hold3255/X
 hold3256/X
 hold3257/X
 hold3258/X
 hold3259/X
 hold326/X
 hold3260/X
 hold3261/X
 hold3262/X
 hold3263/X
 hold3264/X
 hold3265/X
 hold3266/X
 hold3267/X
 hold3268/X
 hold3269/X
 hold327/X
 hold3270/X
 hold3271/X
 hold3272/X
 hold3273/X
 hold3274/X
 hold3275/X
 hold3276/X
 hold3277/X
 hold3278/X
 hold3279/X
 hold328/X
 hold3280/X
 hold3281/X
 hold3282/X
 hold3283/X
 hold3284/X
 hold3285/X
 hold3286/X
 hold3287/X
 hold3288/X
 hold3289/X
 hold329/X
 hold3290/X
 hold3291/X
 hold3292/X
 hold3293/X
 hold3294/X
 hold3295/X
 hold3296/X
 hold3297/X
 hold3298/X
 hold3299/X
 hold33/X
 hold330/X
 hold3300/X
 hold3301/X
 hold3302/X
 hold3303/X
 hold3304/X
 hold3305/X
 hold3306/X
 hold3307/X
 hold3308/X
 hold3309/X
 hold331/X
 hold3310/X
 hold3311/X
 hold3312/X
 hold3313/X
 hold3314/X
 hold3315/X
 hold3316/X
 hold3317/X
 hold3318/X
 hold3319/X
 hold332/X
 hold3320/X
 hold3321/X
 hold3322/X
 hold3323/X
 hold3324/X
 hold3325/X
 hold3326/X
 hold3327/X
 hold3328/X
 hold3329/X
 hold333/X
 hold3330/X
 hold3331/X
 hold3332/X
 hold3333/X
 hold3334/X
 hold3335/X
 hold3336/X
 hold3337/X
 hold3338/X
 hold3339/X
 hold334/X
 hold3340/X
 hold3341/X
 hold3342/X
 hold3343/X
 hold3344/X
 hold3345/X
 hold3346/X
 hold3347/X
 hold3348/X
 hold3349/X
 hold335/X
 hold3350/X
 hold3351/X
 hold3352/X
 hold3353/X
 hold3354/X
 hold3355/X
 hold3356/X
 hold3357/X
 hold3358/X
 hold3359/X
 hold336/X
 hold3360/X
 hold3361/X
 hold3362/X
 hold3363/X
 hold3364/X
 hold3365/X
 hold3366/X
 hold3367/X
 hold3368/X
 hold3369/X
 hold337/X
 hold3370/X
 hold3371/X
 hold3372/X
 hold3373/X
 hold3374/X
 hold3375/X
 hold3376/X
 hold3377/X
 hold3378/X
 hold3379/X
 hold338/X
 hold3380/X
 hold3381/X
 hold3382/X
 hold3383/X
 hold3384/X
 hold3385/X
 hold3386/X
 hold3387/X
 hold3388/X
 hold3389/X
 hold339/X
 hold3390/X
 hold3391/X
 hold3392/X
 hold3393/X
 hold3394/X
 hold3395/X
 hold3396/X
 hold3397/X
 hold3398/X
 hold3399/X
 hold34/X
 hold340/X
 hold3400/X
 hold3401/X
 hold3402/X
 hold3403/X
 hold3404/X
 hold3405/X
 hold3406/X
 hold3407/X
 hold3408/X
 hold3409/X
 hold341/X
 hold3410/X
 hold3411/X
 hold3412/X
 hold3413/X
 hold3414/X
 hold3415/X
 hold3416/X
 hold3417/X
 hold3418/X
 hold3419/X
 hold342/X
 hold3420/X
 hold3421/X
 hold3422/X
 hold3423/X
 hold3424/X
 hold3425/X
 hold3426/X
 hold3427/X
 hold3428/X
 hold3429/X
 hold343/X
 hold3430/X
 hold3431/X
 hold3432/X
 hold3433/X
 hold3434/X
 hold3435/X
 hold3436/X
 hold3437/X
 hold3438/X
 hold3439/X
 hold344/X
 hold3440/X
 hold3441/X
 hold3442/X
 hold3443/X
 hold3444/X
 hold3445/X
 hold3446/X
 hold3447/X
 hold3448/X
 hold3449/X
 hold345/X
 hold3450/X
 hold3451/X
 hold3452/X
 hold3453/X
 hold3454/X
 hold3455/X
 hold3456/X
 hold3457/X
 hold3458/X
 hold3459/X
 hold346/X
 hold3460/X
 hold3461/X
 hold3462/X
 hold3463/X
 hold3464/X
 hold3465/X
 hold3466/X
 hold3467/X
 hold3468/X
 hold3469/X
 hold347/X
 hold3470/X
 hold3471/X
 hold3472/X
 hold3473/X
 hold3474/X
 hold3475/X
 hold3476/X
 hold3477/X
 hold3478/X
 hold3479/X
 hold348/X
 hold3480/X
 hold3481/X
 hold3482/X
 hold3483/X
 hold3484/X
 hold3485/X
 hold3486/X
 hold3487/X
 hold3488/X
 hold3489/X
 hold349/X
 hold3490/X
 hold3491/X
 hold3492/X
 hold3493/X
 hold3494/X
 hold3495/X
 hold3496/X
 hold3497/X
 hold3498/X
 hold3499/X
 hold35/X
 hold350/X
 hold3500/X
 hold3501/X
 hold3502/X
 hold3503/X
 hold3504/X
 hold3505/X
 hold3506/X
 hold3507/X
 hold3508/X
 hold3509/X
 hold351/X
 hold3510/X
 hold3511/X
 hold3512/X
 hold3513/X
 hold3514/X
 hold3515/X
 hold3516/X
 hold3517/X
 hold3518/X
 hold3519/X
 hold352/X
 hold3520/X
 hold3521/X
 hold3522/X
 hold3523/X
 hold3524/X
 hold3525/X
 hold3526/X
 hold3527/X
 hold3528/X
 hold3529/X
 hold353/X
 hold3530/X
 hold3531/X
 hold3532/X
 hold3533/X
 hold3534/X
 hold3535/X
 hold3536/X
 hold3537/X
 hold3538/X
 hold3539/X
 hold354/X
 hold3540/X
 hold3541/X
 hold3542/X
 hold3543/X
 hold3544/X
 hold3545/X
 hold3546/X
 hold3547/X
 hold3548/X
 hold3549/X
 hold355/X
 hold3550/X
 hold3551/X
 hold3552/X
 hold3553/X
 hold3554/X
 hold3555/X
 hold3556/X
 hold3557/X
 hold3558/X
 hold3559/X
 hold356/X
 hold3560/X
 hold3561/X
 hold3562/X
 hold3563/X
 hold3564/X
 hold3565/X
 hold3566/X
 hold3567/X
 hold3568/X
 hold3569/X
 hold357/X
 hold3570/X
 hold3571/X
 hold3572/X
 hold3573/X
 hold3574/X
 hold3575/X
 hold3576/X
 hold3577/X
 hold3578/X
 hold3579/X
 hold358/X
 hold3580/X
 hold3581/X
 hold3582/X
 hold3583/X
 hold3584/X
 hold3585/X
 hold3586/X
 hold3587/X
 hold3588/X
 hold3589/X
 hold359/X
 hold3590/X
 hold3591/X
 hold3592/X
 hold3593/X
 hold3594/X
 hold3595/X
 hold3596/X
 hold3597/X
 hold3598/X
 hold3599/X
 hold36/X
 hold360/X
 hold3600/X
 hold3601/X
 hold3602/X
 hold3603/X
 hold3604/X
 hold3605/X
 hold3606/X
 hold3607/X
 hold3608/X
 hold3609/X
 hold361/X
 hold3610/X
 hold3611/X
 hold3612/X
 hold3613/X
 hold3614/X
 hold3615/X
 hold3616/X
 hold3617/X
 hold3618/X
 hold3619/X
 hold362/X
 hold3620/X
 hold3621/X
 hold3622/X
 hold3623/X
 hold3624/X
 hold3625/X
 hold3626/X
 hold3627/X
 hold3628/X
 hold3629/X
 hold363/X
 hold3630/X
 hold3631/X
 hold3632/X
 hold3633/X
 hold3634/X
 hold3635/X
 hold3636/X
 hold3637/X
 hold3638/X
 hold3639/X
 hold364/X
 hold3640/X
 hold3641/X
 hold3642/X
 hold3643/X
 hold3644/X
 hold3645/X
 hold3646/X
 hold3647/X
 hold3648/X
 hold3649/X
 hold365/X
 hold3650/X
 hold3651/X
 hold3652/X
 hold3653/X
 hold3654/X
 hold3655/X
 hold3656/X
 hold3657/X
 hold3658/X
 hold3659/X
 hold366/X
 hold3660/X
 hold3661/X
 hold3662/X
 hold3663/X
 hold3664/X
 hold3665/X
 hold3666/X
 hold3667/X
 hold3668/X
 hold3669/X
 hold367/X
 hold3670/X
 hold3671/X
 hold3672/X
 hold3673/X
 hold3674/X
 hold3675/X
 hold3676/X
 hold3677/X
 hold3678/X
 hold3679/X
 hold368/X
 hold3680/X
 hold3681/X
 hold3682/X
 hold3683/X
 hold3684/X
 hold3685/X
 hold3686/X
 hold3687/X
 hold3688/X
 hold3689/X
 hold369/X
 hold3690/X
 hold3691/X
 hold3692/X
 hold3693/X
 hold3694/X
 hold3695/X
 hold3696/X
 hold3697/X
 hold3698/X
 hold3699/X
 hold37/X
 hold370/X
 hold3700/X
 hold3701/X
 hold3702/X
 hold3703/X
 hold3704/X
 hold3705/X
 hold3706/X
 hold3707/X
 hold3708/X
 hold3709/X
 hold371/X
 hold3710/X
 hold3711/X
 hold3712/X
 hold3713/X
 hold3714/X
 hold3715/X
 hold3716/X
 hold3717/X
 hold3718/X
 hold3719/X
 hold372/X
 hold3720/X
 hold3721/X
 hold3722/X
 hold3723/X
 hold3724/X
 hold3725/X
 hold3726/X
 hold3727/X
 hold3728/X
 hold3729/X
 hold373/X
 hold3730/X
 hold3731/X
 hold3732/X
 hold3733/X
 hold3734/X
 hold3735/X
 hold3736/X
 hold3737/X
 hold3738/X
 hold3739/X
 hold374/X
 hold3740/X
 hold3741/X
 hold3742/X
 hold3743/X
 hold3744/X
 hold3745/X
 hold3746/X
 hold3747/X
 hold3748/X
 hold3749/X
 hold375/X
 hold3750/X
 hold3751/X
 hold3752/X
 hold3753/X
 hold3754/X
 hold3755/X
 hold3756/X
 hold3757/X
 hold3758/X
 hold3759/X
 hold376/X
 hold3760/X
 hold3761/X
 hold3762/X
 hold3763/X
 hold3764/X
 hold3765/X
 hold3766/X
 hold3767/X
 hold3768/X
 hold3769/X
 hold377/X
 hold3770/X
 hold3771/X
 hold3772/X
 hold3773/X
 hold3774/X
 hold3775/X
 hold3776/X
 hold3777/X
 hold3778/X
 hold3779/X
 hold378/X
 hold3780/X
 hold3781/X
 hold3782/X
 hold3783/X
 hold3784/X
 hold3785/X
 hold3786/X
 hold3787/X
 hold3788/X
 hold3789/X
 hold379/X
 hold3790/X
 hold3791/X
 hold3792/X
 hold3793/X
 hold3794/X
 hold3795/X
 hold3796/X
 hold3797/X
 hold3798/X
 hold3799/X
 hold38/X
 hold380/X
 hold3800/X
 hold3801/X
 hold3802/X
 hold3803/X
 hold3804/X
 hold3805/X
 hold3806/X
 hold3807/X
 hold3808/X
 hold3809/X
 hold381/X
 hold3810/X
 hold3811/X
 hold3812/X
 hold3813/X
 hold3814/X
 hold3815/X
 hold3816/X
 hold3817/X
 hold3818/X
 hold3819/X
 hold382/X
 hold3820/X
 hold3821/X
 hold3822/X
 hold3823/X
 hold3824/X
 hold3825/X
 hold3826/X
 hold3827/X
 hold3828/X
 hold3829/X
 hold383/X
 hold3830/X
 hold3831/X
 hold3832/X
 hold3833/X
 hold3834/X
 hold3835/X
 hold3836/X
 hold3837/X
 hold3838/X
 hold3839/X
 hold384/X
 hold3840/X
 hold3841/X
 hold3842/X
 hold3843/X
 hold3844/X
 hold3845/X
 hold3846/X
 hold3847/X
 hold3848/X
 hold3849/X
 hold385/X
 hold3850/X
 hold3851/X
 hold3852/X
 hold3853/X
 hold3854/X
 hold3855/X
 hold3856/X
 hold3857/X
 hold3858/X
 hold3859/X
 hold386/X
 hold3860/X
 hold3861/X
 hold3862/X
 hold3863/X
 hold3864/X
 hold3865/X
 hold3866/X
 hold3867/X
 hold3868/X
 hold3869/X
 hold387/X
 hold3870/X
 hold3871/X
 hold3872/X
 hold3873/X
 hold3874/X
 hold3875/X
 hold3876/X
 hold3877/X
 hold3878/X
 hold3879/X
 hold388/X
 hold3880/X
 hold3881/X
 hold3882/X
 hold3883/X
 hold3884/X
 hold3885/X
 hold3886/X
 hold3887/X
 hold3888/X
 hold3889/X
 hold389/X
 hold3890/X
 hold3891/X
 hold3892/X
 hold3893/X
 hold3894/X
 hold3895/X
 hold3896/X
 hold3897/X
 hold3898/X
 hold3899/X
 hold39/X
 hold390/X
 hold3900/X
 hold3901/X
 hold3902/X
 hold3903/X
 hold3904/X
 hold3905/X
 hold3906/X
 hold3907/X
 hold3908/X
 hold3909/X
 hold391/X
 hold3910/X
 hold3911/X
 hold3912/X
 hold3913/X
 hold3914/X
 hold3915/X
 hold3916/X
 hold3917/X
 hold3918/X
 hold3919/X
 hold392/X
 hold3920/X
 hold3921/X
 hold3922/X
 hold3923/X
 hold3924/X
 hold3925/X
 hold3926/X
 hold3927/X
 hold3928/X
 hold3929/X
 hold393/X
 hold3930/X
 hold3931/X
 hold3932/X
 hold3933/X
 hold3934/X
 hold3935/X
 hold3936/X
 hold3937/X
 hold3938/X
 hold3939/X
 hold394/X
 hold3940/X
 hold3941/X
 hold3942/X
 hold3943/X
 hold3944/X
 hold3945/X
 hold3946/X
 hold3947/X
 hold3948/X
 hold3949/X
 hold395/X
 hold3950/X
 hold3951/X
 hold3952/X
 hold3953/X
 hold3954/X
 hold3955/X
 hold3956/X
 hold3957/X
 hold3958/X
 hold3959/X
 hold396/X
 hold3960/X
 hold3961/X
 hold3962/X
 hold3963/X
 hold3964/X
 hold3965/X
 hold3966/X
 hold3967/X
 hold3968/X
 hold3969/X
 hold397/X
 hold3970/X
 hold3971/X
 hold3972/X
 hold3973/X
 hold3974/X
 hold3975/X
 hold3976/X
 hold3977/X
 hold3978/X
 hold3979/X
 hold398/X
 hold3980/X
 hold3981/X
 hold3982/X
 hold3983/X
 hold3984/X
 hold3985/X
 hold3986/X
 hold3987/X
 hold3988/X
 hold3989/X
 hold399/X
 hold3990/X
 hold3991/X
 hold3992/X
 hold3993/X
 hold3994/X
 hold3995/X
 hold3996/X
 hold3997/X
 hold3998/X
 hold3999/X
 hold4/X
 hold40/X
 hold400/X
 hold4000/X
 hold4001/X
 hold4002/X
 hold4003/X
 hold4004/X
 hold4005/X
 hold4006/X
 hold4007/X
 hold4008/X
 hold4009/X
 hold401/X
 hold4010/X
 hold4011/X
 hold4012/X
 hold4013/X
 hold4014/X
 hold4015/X
 hold4016/X
 hold4017/X
 hold4018/X
 hold4019/X
 hold402/X
 hold4020/X
 hold4021/X
 hold4022/X
 hold4023/X
 hold4024/X
 hold4025/X
 hold4026/X
 hold4027/X
 hold4028/X
 hold4029/X
 hold403/X
 hold4030/X
 hold4031/X
 hold4032/X
 hold4033/X
 hold4034/X
 hold4035/X
 hold4036/X
 hold4037/X
 hold4038/X
 hold4039/X
 hold404/X
 hold4040/X
 hold4041/X
 hold4042/X
 hold4043/X
 hold4044/X
 hold4045/X
 hold4046/X
 hold4047/X
 hold4048/X
 hold4049/X
 hold405/X
 hold4050/X
 hold4051/X
 hold4052/X
 hold4053/X
 hold4054/X
 hold4055/X
 hold4056/X
 hold4057/X
 hold4058/X
 hold4059/X
 hold406/X
 hold4060/X
 hold4061/X
 hold4062/X
 hold4063/X
 hold4064/X
 hold4065/X
 hold4066/X
 hold4067/X
 hold4068/X
 hold4069/X
 hold407/X
 hold4070/X
 hold4071/X
 hold4072/X
 hold4073/X
 hold4074/X
 hold4075/X
 hold4076/X
 hold4077/X
 hold4078/X
 hold4079/X
 hold408/X
 hold4080/X
 hold4081/X
 hold4082/X
 hold4083/X
 hold4084/X
 hold4085/X
 hold4086/X
 hold4087/X
 hold4088/X
 hold4089/X
 hold409/X
 hold4090/X
 hold4091/X
 hold4092/X
 hold4093/X
 hold4094/X
 hold4095/X
 hold4096/X
 hold4097/X
 hold4098/X
 hold4099/X
 hold41/X
 hold410/X
 hold4100/X
 hold4101/X
 hold4102/X
 hold4103/X
 hold4104/X
 hold4105/X
 hold4106/X
 hold4107/X
 hold4108/X
 hold4109/X
 hold411/X
 hold4110/X
 hold4111/X
 hold4112/X
 hold4113/X
 hold4114/X
 hold4115/X
 hold4116/X
 hold4117/X
 hold4118/X
 hold4119/X
 hold412/X
 hold4120/X
 hold4121/X
 hold4122/X
 hold4123/X
 hold4124/X
 hold4125/X
 hold4126/X
 hold4127/X
 hold4128/X
 hold4129/X
 hold413/X
 hold4130/X
 hold4131/X
 hold4132/X
 hold4133/X
 hold4134/X
 hold4135/X
 hold4136/X
 hold4137/X
 hold4138/X
 hold4139/X
 hold414/X
 hold4140/X
 hold4141/X
 hold4142/X
 hold4143/X
 hold4144/X
 hold4145/X
 hold4146/X
 hold4147/X
 hold4148/X
 hold4149/X
 hold415/X
 hold4150/X
 hold4151/X
 hold4152/X
 hold4153/X
 hold4154/X
 hold4155/X
 hold4156/X
 hold4157/X
 hold4158/X
 hold4159/X
 hold416/X
 hold4160/X
 hold4161/X
 hold4162/X
 hold4163/X
 hold4164/X
 hold4165/X
 hold4166/X
 hold4167/X
 hold4168/X
 hold4169/X
 hold417/X
 hold4170/X
 hold4171/X
 hold4172/X
 hold4173/X
 hold4174/X
 hold4175/X
 hold4176/X
 hold4177/X
 hold4178/X
 hold4179/X
 hold418/X
 hold4180/X
 hold4181/X
 hold4182/X
 hold4183/X
 hold4184/X
 hold4185/X
 hold4186/X
 hold4187/X
 hold4188/X
 hold4189/X
 hold419/X
 hold4190/X
 hold4191/X
 hold4192/X
 hold4193/X
 hold4194/X
 hold4195/X
 hold4196/X
 hold4197/X
 hold4198/X
 hold4199/X
 hold42/X
 hold420/X
 hold4200/X
 hold4201/X
 hold4202/X
 hold4203/X
 hold4204/X
 hold4205/X
 hold4206/X
 hold4207/X
 hold4208/X
 hold4209/X
 hold421/X
 hold4210/X
 hold4211/X
 hold4212/X
 hold4213/X
 hold4214/X
 hold4215/X
 hold4216/X
 hold4217/X
 hold4218/X
 hold4219/X
 hold422/X
 hold4220/X
 hold4221/X
 hold4222/X
 hold4223/X
 hold4224/X
 hold4225/X
 hold4226/X
 hold4227/X
 hold4228/X
 hold4229/X
 hold423/X
 hold4230/X
 hold4231/X
 hold4232/X
 hold4233/X
 hold4234/X
 hold4235/X
 hold4236/X
 hold4237/X
 hold4238/X
 hold4239/X
 hold424/X
 hold4240/X
 hold4241/X
 hold4242/X
 hold4243/X
 hold4244/X
 hold4245/X
 hold4246/X
 hold4247/X
 hold4248/X
 hold4249/X
 hold425/X
 hold4250/X
 hold4251/X
 hold4252/X
 hold4253/X
 hold4254/X
 hold4255/X
 hold4256/X
 hold4257/X
 hold4258/X
 hold4259/X
 hold426/X
 hold4260/X
 hold4261/X
 hold4262/X
 hold4263/X
 hold4264/X
 hold4265/X
 hold4266/X
 hold4267/X
 hold4268/X
 hold4269/X
 hold427/X
 hold4270/X
 hold4271/X
 hold4272/X
 hold4273/X
 hold4274/X
 hold4275/X
 hold4276/X
 hold4277/X
 hold4278/X
 hold4279/X
 hold428/X
 hold4280/X
 hold4281/X
 hold4282/X
 hold4283/X
 hold4284/X
 hold4285/X
 hold4286/X
 hold4287/X
 hold4288/X
 hold4289/X
 hold429/X
 hold4290/X
 hold4291/X
 hold4292/X
 hold4293/X
 hold4294/X
 hold4295/X
 hold4296/X
 hold4297/X
 hold4298/X
 hold4299/X
 hold43/X
 hold430/X
 hold4300/X
 hold4301/X
 hold4302/X
 hold4303/X
 hold4304/X
 hold4305/X
 hold4306/X
 hold4307/X
 hold4308/X
 hold4309/X
 hold431/X
 hold4310/X
 hold4311/X
 hold4312/X
 hold4313/X
 hold4314/X
 hold4315/X
 hold4316/X
 hold4317/X
 hold4318/X
 hold4319/X
 hold432/X
 hold4320/X
 hold4321/X
 hold4322/X
 hold4323/X
 hold4324/X
 hold4325/X
 hold4326/X
 hold4327/X
 hold4328/X
 hold4329/X
 hold433/X
 hold4330/X
 hold4331/X
 hold4332/X
 hold4333/X
 hold4334/X
 hold4335/X
 hold4336/X
 hold4337/X
 hold4338/X
 hold4339/X
 hold434/X
 hold4340/X
 hold4341/X
 hold4342/X
 hold4343/X
 hold4344/X
 hold4345/X
 hold4346/X
 hold4347/X
 hold4348/X
 hold4349/X
 hold435/X
 hold4350/X
 hold4351/X
 hold4352/X
 hold4353/X
 hold4354/X
 hold4355/X
 hold4356/X
 hold4357/X
 hold4358/X
 hold4359/X
 hold436/X
 hold4360/X
 hold4361/X
 hold4362/X
 hold4363/X
 hold4364/X
 hold4365/X
 hold4366/X
 hold4367/X
 hold4368/X
 hold4369/X
 hold437/X
 hold4370/X
 hold4371/X
 hold4372/X
 hold4373/X
 hold4374/X
 hold4375/X
 hold4376/X
 hold4377/X
 hold4378/X
 hold4379/X
 hold438/X
 hold4380/X
 hold4381/X
 hold4382/X
 hold4383/X
 hold4384/X
 hold4385/X
 hold4386/X
 hold4387/X
 hold4388/X
 hold4389/X
 hold439/X
 hold4390/X
 hold4391/X
 hold4392/X
 hold4393/X
 hold4394/X
 hold4395/X
 hold4396/X
 hold4397/X
 hold4398/X
 hold4399/X
 hold44/X
 hold440/X
 hold4400/X
 hold4401/X
 hold4402/X
 hold4403/X
 hold4404/X
 hold4405/X
 hold4406/X
 hold4407/X
 hold4408/X
 hold4409/X
 hold441/X
 hold4410/X
 hold4411/X
 hold4412/X
 hold4413/X
 hold4414/X
 hold4415/X
 hold4416/X
 hold4417/X
 hold4418/X
 hold4419/X
 hold442/X
 hold4420/X
 hold4421/X
 hold4422/X
 hold4423/X
 hold4424/X
 hold4425/X
 hold4426/X
 hold4427/X
 hold4428/X
 hold4429/X
 hold443/X
 hold4430/X
 hold4431/X
 hold4432/X
 hold4433/X
 hold4434/X
 hold4435/X
 hold4436/X
 hold4437/X
 hold4438/X
 hold4439/X
 hold444/X
 hold4440/X
 hold4441/X
 hold4442/X
 hold4443/X
 hold4444/X
 hold4445/X
 hold4446/X
 hold4447/X
 hold4448/X
 hold4449/X
 hold445/X
 hold4450/X
 hold4451/X
 hold4452/X
 hold4453/X
 hold4454/X
 hold4455/X
 hold4456/X
 hold4457/X
 hold4458/X
 hold4459/X
 hold446/X
 hold4460/X
 hold4461/X
 hold4462/X
 hold4463/X
 hold4464/X
 hold4465/X
 hold4466/X
 hold4467/X
 hold4468/X
 hold4469/X
 hold447/X
 hold4470/X
 hold4471/X
 hold4472/X
 hold4473/X
 hold4474/X
 hold4475/X
 hold4476/X
 hold4477/X
 hold4478/X
 hold4479/X
 hold448/X
 hold4480/X
 hold4481/X
 hold4482/X
 hold4483/X
 hold4484/X
 hold4485/X
 hold4486/X
 hold4487/X
 hold4488/X
 hold4489/X
 hold449/X
 hold4490/X
 hold4491/X
 hold4492/X
 hold4493/X
 hold4494/X
 hold4495/X
 hold4496/X
 hold4497/X
 hold4498/X
 hold4499/X
 hold45/X
 hold450/X
 hold4500/X
 hold4501/X
 hold4502/X
 hold4503/X
 hold4504/X
 hold4505/X
 hold4506/X
 hold4507/X
 hold4508/X
 hold4509/X
 hold451/X
 hold4510/X
 hold4511/X
 hold4512/X
 hold4513/X
 hold4514/X
 hold4515/X
 hold4516/X
 hold4517/X
 hold4518/X
 hold4519/X
 hold452/X
 hold4520/X
 hold4521/X
 hold4522/X
 hold4523/X
 hold4524/X
 hold4525/X
 hold4526/X
 hold4527/X
 hold4528/X
 hold4529/X
 hold453/X
 hold4530/X
 hold4531/X
 hold4532/X
 hold4533/X
 hold4534/X
 hold4535/X
 hold4536/X
 hold4537/X
 hold4538/X
 hold4539/X
 hold454/X
 hold4540/X
 hold4541/X
 hold4542/X
 hold4543/X
 hold4544/X
 hold4545/X
 hold4546/X
 hold4547/X
 hold4548/X
 hold4549/X
 hold455/X
 hold4550/X
 hold4551/X
 hold4552/X
 hold4553/X
 hold4554/X
 hold4555/X
 hold4556/X
 hold4557/X
 hold4558/X
 hold4559/X
 hold456/X
 hold4560/X
 hold4561/X
 hold4562/X
 hold4563/X
 hold4564/X
 hold4565/X
 hold4566/X
 hold4567/X
 hold4568/X
 hold4569/X
 hold457/X
 hold4570/X
 hold4571/X
 hold4572/X
 hold4573/X
 hold4574/X
 hold4575/X
 hold4576/X
 hold4577/X
 hold4578/X
 hold4579/X
 hold458/X
 hold4580/X
 hold4581/X
 hold4582/X
 hold4583/X
 hold4584/X
 hold4585/X
 hold4586/X
 hold4587/X
 hold4588/X
 hold4589/X
 hold459/X
 hold4590/X
 hold4591/X
 hold4592/X
 hold4593/X
 hold4594/X
 hold4595/X
 hold4596/X
 hold4597/X
 hold4598/X
 hold4599/X
 hold46/X
 hold460/X
 hold4600/X
 hold4601/X
 hold4602/X
 hold4603/X
 hold4604/X
 hold4605/X
 hold4606/X
 hold4607/X
 hold4608/X
 hold4609/X
 hold461/X
 hold4610/X
 hold4611/X
 hold4612/X
 hold4613/X
 hold4614/X
 hold4615/X
 hold4616/X
 hold4617/X
 hold4618/X
 hold4619/X
 hold462/X
 hold4620/X
 hold4621/X
 hold4622/X
 hold4623/X
 hold4624/X
 hold4625/X
 hold4626/X
 hold4627/X
 hold4628/X
 hold4629/X
 hold463/X
 hold4630/X
 hold4631/X
 hold4632/X
 hold4633/X
 hold4634/X
 hold4635/X
 hold4636/X
 hold4637/X
 hold4638/X
 hold4639/X
 hold464/X
 hold4640/X
 hold4641/X
 hold4642/X
 hold4643/X
 hold4644/X
 hold4645/X
 hold4646/X
 hold4647/X
 hold4648/X
 hold4649/X
 hold465/X
 hold4650/X
 hold4651/X
 hold4652/X
 hold4653/X
 hold4654/X
 hold4655/X
 hold4656/X
 hold4657/X
 hold4658/X
 hold4659/X
 hold466/X
 hold4660/X
 hold4661/X
 hold4662/X
 hold4663/X
 hold4664/X
 hold4665/X
 hold4666/X
 hold4667/X
 hold4668/X
 hold4669/X
 hold467/X
 hold4670/X
 hold4671/X
 hold4672/X
 hold4673/X
 hold4674/X
 hold4675/X
 hold4676/X
 hold4677/X
 hold4678/X
 hold4679/X
 hold468/X
 hold4680/X
 hold4681/X
 hold4682/X
 hold4683/X
 hold4684/X
 hold4685/X
 hold4686/X
 hold4687/X
 hold4688/X
 hold4689/X
 hold469/X
 hold4690/X
 hold4691/X
 hold4692/X
 hold4693/X
 hold4694/X
 hold4695/X
 hold4696/X
 hold4697/X
 hold47/X
 hold470/X
 hold471/X
 hold472/X
 hold473/X
 hold474/X
 hold475/X
 hold476/X
 hold477/X
 hold478/X
 hold479/X
 hold48/X
 hold480/X
 hold481/X
 hold482/X
 hold483/X
 hold484/X
 hold485/X
 hold486/X
 hold487/X
 hold488/X
 hold489/X
 hold49/X
 hold490/X
 hold491/X
 hold492/X
 hold493/X
 hold494/X
 hold495/X
 hold496/X
 hold497/X
 hold498/X
 hold499/X
 hold5/X
 hold50/X
 hold500/X
 hold501/X
 hold502/X
 hold503/X
 hold504/X
 hold505/X
 hold506/X
 hold507/X
 hold508/X
 hold509/X
 hold51/X
 hold510/X
 hold511/X
 hold512/X
 hold513/X
 hold514/X
 hold515/X
 hold516/X
 hold517/X
 hold518/X
 hold519/X
 hold52/X
 hold520/X
 hold521/X
 hold522/X
 hold523/X
 hold524/X
 hold525/X
 hold526/X
 hold527/X
 hold528/X
 hold529/X
 hold53/X
 hold530/X
 hold531/X
 hold532/X
 hold533/X
 hold534/X
 hold535/X
 hold536/X
 hold537/X
 hold538/X
 hold539/X
 hold54/X
 hold540/X
 hold541/X
 hold542/X
 hold543/X
 hold544/X
 hold545/X
 hold546/X
 hold547/X
 hold548/X
 hold549/X
 hold55/X
 hold550/X
 hold551/X
 hold552/X
 hold553/X
 hold554/X
 hold555/X
 hold556/X
 hold557/X
 hold558/X
 hold559/X
 hold56/X
 hold560/X
 hold561/X
 hold562/X
 hold563/X
 hold564/X
 hold565/X
 hold566/X
 hold567/X
 hold568/X
 hold569/X
 hold57/X
 hold570/X
 hold571/X
 hold572/X
 hold573/X
 hold574/X
 hold575/X
 hold576/X
 hold577/X
 hold578/X
 hold579/X
 hold58/X
 hold580/X
 hold581/X
 hold582/X
 hold583/X
 hold584/X
 hold585/X
 hold586/X
 hold587/X
 hold588/X
 hold589/X
 hold59/X
 hold590/X
 hold591/X
 hold592/X
 hold593/X
 hold594/X
 hold595/X
 hold596/X
 hold597/X
 hold598/X
 hold599/X
 hold6/X
 hold60/X
 hold600/X
 hold601/X
 hold602/X
 hold603/X
 hold604/X
 hold605/X
 hold606/X
 hold607/X
 hold608/X
 hold609/X
 hold61/X
 hold610/X
 hold611/X
 hold612/X
 hold613/X
 hold614/X
 hold615/X
 hold616/X
 hold617/X
 hold618/X
 hold619/X
 hold62/X
 hold620/X
 hold621/X
 hold622/X
 hold623/X
 hold624/X
 hold625/X
 hold626/X
 hold627/X
 hold628/X
 hold629/X
 hold63/X
 hold630/X
 hold631/X
 hold632/X
 hold633/X
 hold634/X
 hold635/X
 hold636/X
 hold637/X
 hold638/X
 hold639/X
 hold64/X
 hold640/X
 hold641/X
 hold642/X
 hold643/X
 hold644/X
 hold645/X
 hold646/X
 hold647/X
 hold648/X
 hold649/X
 hold65/X
 hold650/X
 hold651/X
 hold652/X
 hold653/X
 hold654/X
 hold655/X
 hold656/X
 hold657/X
 hold658/X
 hold659/X
 hold66/X
 hold660/X
 hold661/X
 hold662/X
 hold663/X
 hold664/X
 hold665/X
 hold666/X
 hold667/X
 hold668/X
 hold669/X
 hold67/X
 hold670/X
 hold671/X
 hold672/X
 hold673/X
 hold674/X
 hold675/X
 hold676/X
 hold677/X
 hold678/X
 hold679/X
 hold68/X
 hold680/X
 hold681/X
 hold682/X
 hold683/X
 hold684/X
 hold685/X
 hold686/X
 hold687/X
 hold688/X
 hold689/X
 hold69/X
 hold690/X
 hold691/X
 hold692/X
 hold693/X
 hold694/X
 hold695/X
 hold696/X
 hold697/X
 hold698/X
 hold699/X
 hold7/X
 hold70/X
 hold700/X
 hold701/X
 hold702/X
 hold703/X
 hold704/X
 hold705/X
 hold706/X
 hold707/X
 hold708/X
 hold709/X
 hold71/X
 hold710/X
 hold711/X
 hold712/X
 hold713/X
 hold714/X
 hold715/X
 hold716/X
 hold717/X
 hold718/X
 hold719/X
 hold72/X
 hold720/X
 hold721/X
 hold722/X
 hold723/X
 hold724/X
 hold725/X
 hold726/X
 hold727/X
 hold728/X
 hold729/X
 hold73/X
 hold730/X
 hold731/X
 hold732/X
 hold733/X
 hold734/X
 hold735/X
 hold736/X
 hold737/X
 hold738/X
 hold739/X
 hold74/X
 hold740/X
 hold741/X
 hold742/X
 hold743/X
 hold744/X
 hold745/X
 hold746/X
 hold747/X
 hold748/X
 hold749/X
 hold75/X
 hold750/X
 hold751/X
 hold752/X
 hold753/X
 hold754/X
 hold755/X
 hold756/X
 hold757/X
 hold758/X
 hold759/X
 hold76/X
 hold760/X
 hold761/X
 hold762/X
 hold763/X
 hold764/X
 hold765/X
 hold766/X
 hold767/X
 hold768/X
 hold769/X
 hold77/X
 hold770/X
 hold771/X
 hold772/X
 hold773/X
 hold774/X
 hold775/X
 hold776/X
 hold777/X
 hold778/X
 hold779/X
 hold78/X
 hold780/X
 hold781/X
 hold782/X
 hold783/X
 hold784/X
 hold785/X
 hold786/X
 hold787/X
 hold788/X
 hold789/X
 hold79/X
 hold790/X
 hold791/X
 hold792/X
 hold793/X
 hold794/X
 hold795/X
 hold796/X
 hold797/X
 hold798/X
 hold799/X
 hold8/X
 hold80/X
 hold800/X
 hold801/X
 hold802/X
 hold803/X
 hold804/X
 hold805/X
 hold806/X
 hold807/X
 hold808/X
 hold809/X
 hold81/X
 hold810/X
 hold811/X
 hold812/X
 hold813/X
 hold814/X
 hold815/X
 hold816/X
 hold817/X
 hold818/X
 hold819/X
 hold82/X
 hold820/X
 hold821/X
 hold822/X
 hold823/X
 hold824/X
 hold825/X
 hold826/X
 hold827/X
 hold828/X
 hold829/X
 hold83/X
 hold830/X
 hold831/X
 hold832/X
 hold833/X
 hold834/X
 hold835/X
 hold836/X
 hold837/X
 hold838/X
 hold839/X
 hold84/X
 hold840/X
 hold841/X
 hold842/X
 hold843/X
 hold844/X
 hold845/X
 hold846/X
 hold847/X
 hold848/X
 hold849/X
 hold85/X
 hold850/X
 hold851/X
 hold852/X
 hold853/X
 hold854/X
 hold855/X
 hold856/X
 hold857/X
 hold858/X
 hold859/X
 hold86/X
 hold860/X
 hold861/X
 hold862/X
 hold863/X
 hold864/X
 hold865/X
 hold866/X
 hold867/X
 hold868/X
 hold869/X
 hold87/X
 hold870/X
 hold871/X
 hold872/X
 hold873/X
 hold874/X
 hold875/X
 hold876/X
 hold877/X
 hold878/X
 hold879/X
 hold88/X
 hold880/X
 hold881/X
 hold882/X
 hold883/X
 hold884/X
 hold885/X
 hold886/X
 hold887/X
 hold888/X
 hold889/X
 hold89/X
 hold890/X
 hold891/X
 hold892/X
 hold893/X
 hold894/X
 hold895/X
 hold896/X
 hold897/X
 hold898/X
 hold899/X
 hold9/X
 hold90/X
 hold900/X
 hold901/X
 hold902/X
 hold903/X
 hold904/X
 hold905/X
 hold906/X
 hold907/X
 hold908/X
 hold909/X
 hold91/X
 hold910/X
 hold911/X
 hold912/X
 hold913/X
 hold914/X
 hold915/X
 hold916/X
 hold917/X
 hold918/X
 hold919/X
 hold92/X
 hold920/X
 hold921/X
 hold922/X
 hold923/X
 hold924/X
 hold925/X
 hold926/X
 hold927/X
 hold928/X
 hold929/X
 hold93/X
 hold930/X
 hold931/X
 hold932/X
 hold933/X
 hold934/X
 hold935/X
 hold936/X
 hold937/X
 hold938/X
 hold939/X
 hold94/X
 hold940/X
 hold941/X
 hold942/X
 hold943/X
 hold944/X
 hold945/X
 hold946/X
 hold947/X
 hold948/X
 hold949/X
 hold95/X
 hold950/X
 hold951/X
 hold952/X
 hold953/X
 hold954/X
 hold955/X
 hold956/X
 hold957/X
 hold958/X
 hold959/X
 hold96/X
 hold960/X
 hold961/X
 hold962/X
 hold963/X
 hold964/X
 hold965/X
 hold966/X
 hold967/X
 hold968/X
 hold969/X
 hold97/X
 hold970/X
 hold971/X
 hold972/X
 hold973/X
 hold974/X
 hold975/X
 hold976/X
 hold977/X
 hold978/X
 hold979/X
 hold98/X
 hold980/X
 hold981/X
 hold982/X
 hold983/X
 hold984/X
 hold985/X
 hold986/X
 hold987/X
 hold988/X
 hold989/X
 hold99/X
 hold990/X
 hold991/X
 hold992/X
 hold993/X
 hold994/X
 hold995/X
 hold996/X
 hold997/X
 hold998/X
 hold999/X
 input1/X
 input10/X
 input11/X
 input12/X
 input13/X
 input14/X
 input15/X
 input16/X
 input17/X
 input18/X
 input19/X
 input2/X
 input20/X
 input21/X
 input22/X
 input23/X
 input24/X
 input25/X
 input26/X
 input27/X
 input28/X
 input29/X
 input3/X
 input30/X
 input31/X
 input32/X
 input33/X
 input34/X
 input35/X
 input36/X
 input37/X
 input38/X
 input39/X
 input4/X
 input40/X
 input41/X
 input42/X
 input43/X
 input5/X
 input6/X
 input7/X
 input8/X
 input9/X
 load_slew1/X
 max_cap100/X
 max_cap105/X
 max_cap106/X
 max_cap107/X
 max_cap108/X
 max_cap109/X
 max_cap110/X
 max_cap111/X
 max_cap112/X
 max_cap113/X
 max_cap114/X
 max_cap115/X
 max_cap116/X
 max_cap117/X
 max_cap118/X
 max_cap119/X
 max_cap120/X
 max_cap121/X
 max_cap122/X
 max_cap123/X
 max_cap125/X
 max_cap126/X
 max_cap127/X
 max_cap128/X
 max_cap130/X
 max_cap131/X
 max_cap133/X
 max_cap134/X
 max_cap136/X
 max_cap138/X
 max_cap139/X
 max_cap140/X
 max_cap141/X
 max_cap142/X
 max_cap143/X
 max_cap144/X
 max_cap145/X
 max_cap146/X
 max_cap147/X
 max_cap149/X
 max_cap150/X
 max_cap152/X
 max_cap153/X
 max_cap154/X
 max_cap155/X
 max_cap156/X
 max_cap157/X
 max_cap158/X
 max_cap159/X
 max_cap160/X
 max_cap161/X
 max_cap162/X
 max_cap163/X
 max_cap164/X
 max_cap165/X
 max_cap166/X
 max_cap167/X
 max_cap168/X
 max_cap170/X
 max_cap171/X
 max_cap172/X
 max_cap173/X
 max_cap174/X
 max_cap176/X
 max_cap177/X
 max_cap179/X
 max_cap180/X
 max_cap181/X
 max_cap182/X
 max_cap183/X
 max_cap184/X
 max_cap185/X
 max_cap186/X
 max_cap187/X
 max_cap188/X
 max_cap189/X
 max_cap190/X
 max_cap191/X
 max_cap192/X
 max_cap194/X
 max_cap195/X
 max_cap196/X
 max_cap197/X
 max_cap2/X
 max_cap79/X
 max_cap80/X
 max_cap82/X
 max_cap85/X
 max_cap86/X
 max_cap87/X
 max_cap91/X
 max_cap96/X
 output44/X
 output45/X
 output46/X
 output47/X
 output48/X
 output49/X
 output50/X
 output51/X
 output52/X
 output53/X
 output54/X
 output55/X
 output56/X
 output57/X
 output58/X
 output59/X
 output60/X
 output61/X
 output62/X
 output63/X
 output64/X
 output65/X
 output66/X
 output67/X
 output68/X
 output69/X
 output70/X
 output71/X
 output72/X
 output73/X
 output74/X
 output75/X
 output76/X
 wire101/X
 wire102/X
 wire103/X
 wire104/X
 wire124/X
 wire129/X
 wire132/X
 wire135/X
 wire137/X
 wire148/X
 wire151/X
 wire169/X
 wire175/X
 wire178/X
 wire193/X
 wire198/X
 wire199/X
 wire77/X
 wire78/X
 wire81/X
 wire83/X
 wire84/X
 wire88/X
 wire89/X
 wire90/X
 wire92/X
 wire93/X
 wire94/X
 wire95/X
 wire97/X
 wire98/X
 wire99/X
Found 0 partially unannotated drivers.

===========================================================================
max slew violation count 0
max fanout violation count 2468
max cap violation count 0
============================================================================

===========================================================================
check_setup -verbose -unconstrained_endpoints -multiple_clock -no_clock -no_input_delay -loops -generated_clocks
===========================================================================
