net,length_um
net28,2273.815
_19863_,2165.89
_19932_,2098.14
net30,2074.22
net35,2037.37
_19920_,1975.11
net20,1967.82
_19928_,1954.62
net36,1934.91
_19924_,1924.63
_19944_,1913.48
net24,1883.09
_19804_,1848.22
net27,1831.63
_19940_,1827.44
_14021_,1824.28
_19796_,1824.115
_19942_,1797.85
_19917_,1789.54
_19930_,1788.08
net14,1786.1
_19926_,1780.73
_19861_,1777.23
net40,1753.33
_19859_,1750.73
net26,1726.175
_19936_,1698.86
_19951_,1692.82
_19959_,1650.76
net19,1648.92
_19955_,1645.48
net18,1596.93
_19946_,1596.34
_18039_,1596.335
_19593_,1587.91
_03677_,1585.12
_19948_,1576.19
_13771_,1564.285
_19599_,1559.63
_13355_,1558.85
_19595_,1545.94
_19597_,1541
_13942_,1539.775
_14020_,1539.51
_03697_,1536.93
net43,1528.96
_19957_,1526.33
_14180_,1520.25
_19316_,1516.97
_03679_,1515.13
_19589_,1505.8
_19601_,1499.99
_13161_,1486.24
_19608_,1471.85
_19604_,1456.16
_19610_,1453.24
_19582_,1451.83
net32,1451.315
_19586_,1446.36
_19614_,1443.6
_19574_,1431.26
_19612_,1419.06
_19616_,1417.8
_19580_,1415.02
_19584_,1409.62
_18104_,1401.24
_03688_,1399.725
_03682_,1397.27
_15979_,1393.49
_14433_,1388.71
net44,1381.34
_19571_,1378.57
net13,1372.23
_03694_,1370.2
_03686_,1369.13
net16,1365.1
_19578_,1354.6
net31,1353.46
_03690_,1351.8
_13507_,1349.11
_03692_,1344.73
_15726_,1342.25
core.qr1.y0\[10\],1339.13
_18814_,1329.99
net6,1314.94
core.qr1.y0\[21\],1314.285
_19870_,1309.26
_18839_,1301.41
core.qr1.y0\[7\],1301.22
_08406_,1300.88
_03699_,1298.61
net39,1298.48
_13426_,1293.25
_03848_,1286.79
_18833_,1273.86
_14078_,1272.855
_05835_,1270.855
_08284_,1262.93
_13943_,1259.78
_18047_,1258.36
_18836_,1255.25
net52,1254.37
_14101_,1250.69
_08257_,1248.33
_05815_,1242.265
_19742_,1239.19
core.qr1.y0\[6\],1237.25
net73,1231.71
net29,1231.12
_19193_,1222.22
_13700_,1218.665
_05818_,1217.86
_10522_,1217.175
_08555_,1215.74
_17567_,1214.505
net2,1208.76
_08265_,1206.75
net5,1203.68
_14022_,1200.6
_08488_,1196.08
_19620_,1187.41
_19516_,1186.8
_13506_,1182.91
_19626_,1181.36
net9,1176.81
net3,1173.44
_15716_,1172.1
_19630_,1168.73
_19624_,1162.78
_19457_,1162.54
_19446_,1157.56
_19235_,1156.38
_19637_,1155.21
_18873_,1154.38
_18101_,1151.09
_19514_,1147.43
_18828_,1137.76
_19628_,1136.44
_19512_,1131.72
_08514_,1126.1
_15661_,1124.93
_10521_,1123.88
_08704_,1120.25
_08586_,1119.775
_19635_,1118.58
_08542_,1112.21
_14811_,1108.49
_19632_,1105.06
core.x5_reg\[20\],1098.16
_09267_,1096.17
core.x5_reg\[10\],1095.395
_08536_,1092.42
_08683_,1082.09
_08504_,1079.31
_08403_,1074.68
_08350_,1071.27
_04094_,1068.34
net1519,1066.06
_08570_,1065.39
_18089_,1063.67
core.x5_reg\[18\],1059.79
core.x5_reg\[17\],1053.65
_19191_,1051.12
_03791_,1050.84
core.x5_reg\[21\],1049.27
_03808_,1046.65
_13124_,1046.07
_14965_,1037.94
net21,1037.81
_08417_,1037.53
_08579_,1034.3
net55,1033.14
_18862_,1032.14
_14085_,1031.28
net33,1028.75
_05836_,1025.79
net58,1021.94
core.x5_reg\[8\],1020.975
net64,1019.4
_12242_,1014.28
core.x5_reg\[9\],1012.465
_06151_,1010.99
core.x5_reg\[16\],1010.79
_18842_,1009.05
_18103_,1005.96
_08722_,1005.39
_08376_,1004.855
_15958_,1004.26
core.x5_reg\[14\],1004.01
_04065_,1003.02
core.qr3.y0\[1\],1002.97
core.x5_reg\[12\],1000.84
_19905_,1000.75
_15960_,1000.43
_07337_,999.06
core.x5_reg\[13\],995.48
_08338_,993.36
_08193_,992.62
_18875_,990.37
core.x5_reg\[11\],989.82
_18869_,985.73
_18871_,984.28
_18048_,984.03
_07950_,982.85
_08566_,981.72
core.x6_reg\[10\],981.62
_10550_,978.875
core.x5_reg\[15\],975.71
_14174_,974.49
_19209_,972.21
_11080_,972.07
core.x6_reg\[8\],972.055
_05810_,970.41
net45,969.19
_09373_,963.9
net15,963.46
_15738_,960.26
net47,959.18
core.x6_reg\[12\],958.74
net65,956.48
core.x6_reg\[9\],954.48
_10779_,949.7
_08685_,949.48
_04070_,947.42
_07293_,946.3
core.x6_reg\[11\],945.93
_19187_,944.97
core.data_out_valid_new,944.76
core.x5_reg\[23\],944.55
_08456_,944.33
core.x5_reg\[19\],943.51
_19205_,941.22
_18040_,939.3
_13376_,938.49
_18885_,935.34
_04620_,934.72
core.x5_reg\[28\],933
core.x5_reg\[25\],932.03
core.x5_reg\[24\],931.15
_19214_,929.25
core.x5_reg\[22\],927.81
_19201_,925.97
_13379_,924.86
_15486_,923.63
_05771_,923.11
_04532_,921.65
_19203_,919.47
core.qr3.y0\[2\],918.41
core.x6_reg\[14\],917.78
core.qr2.y0\[8\],917.355
core.x6_reg\[13\],917.2
_09955_,915.65
net22,913.66
_19216_,911.23
_07006_,909.91
_13941_,908.75
_19222_,907.85
_11066_,907.64
net41,907.29
_19185_,906.41
_19254_,903.31
core.x5_reg\[29\],902.96
core.x5_reg\[30\],902.22
core.state2_reg\[2\],901.01
_05922_,899.1
_19207_,896.7
core.x5_reg\[7\],896.695
_19218_,895.81
core.x5_reg\[26\],895.32
core.x6_reg\[7\],893.17
net57,892.53
net25,891.78
_14609_,889.96
_18889_,889.79
_15223_,889.32
_19257_,888.71
_18883_,885.34
_09865_,885.1
_09117_,883.95
_09587_,881.07
net71,880.1
_19220_,879.855
core.qr2.y0\[28\],879.725
_10689_,879.56
_19224_,878.73
_18867_,878.27
core.x6_reg\[15\],878.22
core.qr2.y0\[31\],877.74
_19444_,876.17
_09809_,876.06
net62,875.78
_09738_,875.67
core.x5_reg\[27\],875.61
_19250_,875.26
core.qr3.y0\[31\],874.895
_09693_,873.86
_10696_,873.81
core.qr2.y0\[30\],871.75
_15592_,870.85
_05814_,868.835
core.qr0.y0\[12\],867.42
_13530_,867.275
core.qr1.y0\[1\],865.19
_13533_,863.795
core.x4_reg\[9\],862.9
_13935_,862.82
net42,862.24
_19199_,862.175
_09620_,857.52
_09421_,856.795
core.x5_reg\[31\],856.72
_11051_,855.69
core.x4_reg\[20\],855.125
_19434_,854.65
_10667_,854.43
_09397_,854.18
_09745_,853
core.x6_reg\[6\],852.78
_05990_,852.555
_18856_,852.45
core.key0_reg\[3\],851.375
_19239_,851.11
_15236_,850.98
_10810_,848.75
net63,847.78
net46,846.84
core.x4_reg\[12\],846.58
_19189_,845.86
_17218_,845.12
data_out13_reg\[3\],845.12
_18831_,845.08
_18084_,843.02
_10868_,842.56
_12729_,842.11
core.x6_reg\[20\],841.79
_18887_,840.18
_06157_,840.12
_05347_,839.54
data_out13_reg\[4\],838.525
core.x6_reg\[2\],838.01
_08051_,837.51
_05988_,836.255
core.x4_reg\[23\],835.96
core.x6_reg\[5\],835.705
core.x5_reg\[6\],833.36
core.key1_reg\[13\],832.8
_13382_,831.8
core.x4_reg\[31\],831.66
_05292_,831.64
core.x6_reg\[3\],830.74
_17141_,830.16
_14084_,829.66
_18877_,829.01
_07324_,828.88
_05050_,828.775
core.key1_reg\[10\],828.44
_06695_,828.09
_09654_,825.96
_11825_,825.93
_10678_,824.495
_18854_,824.47
core.x5_reg\[2\],824.01
_11072_,823.73
_09418_,823.64
net76,822.68
core.qr2.y0\[1\],822.58
_19248_,822.23
_04614_,821.65
core.x6_reg\[4\],821.49
core.x5_reg\[4\],821.36
_13356_,821.22
core.x5_reg\[0\],820.235
_12252_,820.18
core.x6_reg\[0\],816.91
_07219_,816.67
_03970_,816.43
_15994_,814.9
_09502_,814.79
_09635_,811.64
_11952_,811.06
_09537_,810.43
core.x5_reg\[3\],809.75
_10496_,809.54
_10877_,809.5
core.x4_reg\[21\],808.98
_15996_,807.23
core.x6_reg\[21\],807.2
core.x5_reg\[5\],807.1
_09540_,805.62
_04354_,804.62
_05982_,804.07
core.key1_reg\[14\],803.71
_09607_,803.44
core.x6_reg\[22\],802.9
core.x4_reg\[18\],802.79
core.x6_reg\[16\],802.72
core.key0_reg\[19\],802.16
_09742_,802.09
_09858_,802.015
net34,801.52
_07216_,800.44
core.qr0.y0\[31\],799.64
core.x6_reg\[31\],798.57
core.key0_reg\[1\],798.29
_12227_,797.8
_15100_,797.47
_09889_,797.14
core.x6_reg\[18\],797.06
_09642_,796.65
_10894_,796.58
net77,796.05
net50,794.65
_19345_,794.27
core.x6_reg\[1\],793.53
net74,793.31
_11047_,793.14
core.x5_reg\[1\],792.25
core.x4_reg\[17\],792.11
_10333_,791.69
_19229_,791
_10642_,790.96
_10814_,790.94
_13132_,790.72
_12275_,790.705
_07309_,790.18
core.x4_reg\[30\],790.14
_07314_,788.575
net3463,787.8
_18100_,787.34
data_out13_reg\[29\],787.17
_07239_,786.66
_07301_,786.42
_09732_,786.12
core.x6_reg\[19\],783.27
_19233_,782.3
core.qr2.y0\[4\],782.12
_18860_,780.9
_16010_,780.5
_14664_,780.26
core.x6_reg\[17\],780.17
core.x6_reg\[23\],779.95
_19231_,779.77
net17,779.18
_18858_,778.87
core.x4_reg\[24\],778.15
core.x4_reg\[14\],777.9
core.x6_reg\[27\],777.7
_05304_,776.78
core.x4_reg\[29\],774.38
_06927_,774.2
core.x4_reg\[28\],773.37
_09866_,772.58
core.x4_reg\[19\],772.425
_09791_,770.49
net4172,768.98
_07019_,767.58
net3467,767.4
core.x6_reg\[26\],766.23
data_out2_reg\[3\],765.12
core.x4_reg\[16\],764.68
core.x4_reg\[27\],764.04
_09582_,763.82
core.x6_reg\[28\],763.18
_07156_,761.99
_08189_,761.745
_11814_,761.59
core.x4_reg\[15\],760.54
_10890_,760.3
core.x4_reg\[22\],760.04
_09579_,759.715
_08050_,759.33
net4227,759.04
data_out14_reg\[27\],758.46
core.key1_reg\[12\],758.42
_13369_,757.67
core.x6_reg\[24\],757.62
core.qr2.y0\[13\],756.635
_07936_,756.33
_07431_,756.16
core.x4_reg\[13\],755.635
core.x6_reg\[29\],755.58
net60,755.46
clk,753.6
_04613_,751.27
_07910_,750.78
core.x4_reg\[0\],750.09
_07397_,749.96
_05298_,749.4
_10751_,749.19
net8,748.06
core.key1_reg\[8\],747.415
_18891_,747.15
core.x6_reg\[25\],746.96
net75,746.94
core.x13_reg\[20\],746.72
net10,746.22
net4397,746.2
core.qr0.y0\[1\],743.74
data_out2_reg\[2\],742.78
core.x6_reg\[30\],742.48
net4384,741.3
net4316,740.98
_10776_,740.32
_10886_,740.29
_07194_,740.12
_09849_,739.8
_19237_,738.14
_09874_,736.82
_07361_,736.76
_07415_,736.36
core.qr0.y0\[23\],736.15
data_out14_reg\[28\],735.3
core.x4_reg\[11\],734.515
_10402_,733.32
_07347_,733.2
core.key1_reg\[17\],732.92
_10789_,732.34
net4069,732.15
data_out14_reg\[1\],730.82
core.x13_reg\[18\],729.95
_09709_,729.86
clknet_3_1_0_clk,728.29
core.x4_reg\[10\],727.5
_09554_,725.59
_07259_,724.04
_10840_,723.64
_18813_,723.32
_05951_,722.34
data_out13_reg\[5\],722
_10765_,721.83
_16015_,720.76
_07176_,720.52
_10739_,720.4
net199,720.2
_06945_,719.79
_05984_,719.63
_09740_,719.46
net4358,719.45
core.x7_reg\[14\],719.11
core.x4_reg\[26\],719.06
_04360_,718.6
_19442_,718.34
_06078_,718.31
_09807_,717.96
_10900_,717.38
_07070_,715.56
core.x7_reg\[22\],715.35
_03914_,715.23
clknet_6_63_0_clk,713.77
_08691_,713.74
core.qr0.y0\[30\],713.1
_19246_,712.93
_06011_,711.78
_19174_,710.155
core.x14_reg\[14\],708.415
_06955_,707.24
core.x7_reg\[13\],706.98
net122,704.64
_05865_,703.55
_07964_,702.34
net4580,701.49
_14907_,700.88
_07090_,699.92
_19252_,699.22
_08635_,698.59
_12216_,698.54
_11954_,698.44
net4410,696.73
core.x4_reg\[25\],696.29
net37,695.44
_12523_,694.12
_03917_,691.54
net53,691.34
_17111_,691.16
_09735_,691.09
_09726_,690.9
clknet_3_3_0_clk,690.83
_08372_,690.78
core.x15_reg\[8\],690.22
net4229,687.93
_07888_,687.5
_08005_,686.52
_09703_,686.42
core.x13_reg\[21\],685.545
_07408_,685.49
core.key0_reg\[0\],684.95
_11588_,683.9
core.x14_reg\[15\],683.37
core.x7_reg\[10\],683.05
_07866_,682.45
core.x7_reg\[15\],681.74
_10040_,680.56
_18904_,679.77
clknet_3_2_0_clk,677.85
core.qr0.y0\[18\],677.6
data_out13_reg\[2\],676.425
core.x13_reg\[17\],676.3
_09576_,675.83
_06951_,675.56
_08560_,675.39
_19244_,675.31
clknet_3_4_0_clk,674.74
clknet_3_5_0_clk,674.18
_08388_,674.1
_08364_,673.8
_06000_,673.72
_08696_,673.28
_17045_,672.85
_12496_,672.41
_12202_,671.57
core.x15_reg\[13\],671.31
core.key1_reg\[21\],670.51
core.iv\[63\],670.08
core.x14_reg\[18\],669.755
_05816_,669.58
_04021_,669.32
core.key2_reg\[18\],668.67
_05863_,668.3
_18041_,667.84
_09885_,667.8
_07345_,667.66
_07184_,666.925
net100,666.92
core.x14_reg\[11\],666.9
_05912_,666.81
core.x4_reg\[2\],666.68
core.x4_reg\[8\],666.32
core.x13_reg\[16\],666.03
_07080_,666.005
_11657_,664.52
_05919_,664.105
_05927_,664
_05847_,662.7
clknet_3_0_0_clk,662.18
core.key2_reg\[17\],662.16
_06422_,662.06
_08344_,661.08
core.iv\[62\],660.58
core.x7_reg\[2\],660.19
net59,660.04
core.qr_ctr_inc,659.74
_07525_,659.46
core.x13_reg\[19\],659.1
core.x15_reg\[9\],658.96
_06101_,658.66
_08450_,658.55
_09829_,658.23
_18082_,658.22
_19443_,658.05
_08879_,655.84
core.x7_reg\[8\],655.08
core.x7_reg\[31\],654.73
_09877_,654.54
_07443_,654.08
core.iv\[33\],653.3
_13126_,653.18
core.x7_reg\[12\],653
core.x14_reg\[17\],652.89
core.x7_reg\[7\],652.18
_07889_,651.94
core.key1_reg\[15\],651.915
core.iv\[54\],651.79
_08668_,651.25
_19563_,650.56
clknet_6_5_0_clk,649.86
core.x13_reg\[22\],649.27
core.key1_reg\[20\],649.23
_13125_,649.16
core.x14_reg\[10\],648.41
core.x4_reg\[7\],648.38
net51,648.38
core.x15_reg\[10\],648.255
_08370_,647.54
data_out13_reg\[9\],647.4
_08894_,647.22
core.key2_reg\[22\],646.43
core.x7_reg\[9\],646.08
_04018_,645.9
core.key1_reg\[23\],644.76
_06056_,644.015
_18250_,642.92
core.iv\[36\],642.75
core.x4_reg\[4\],642.72
_05945_,642.53
core.key0_reg\[2\],642.53
_18852_,642.42
core.x7_reg\[21\],642.07
core.key0_reg\[5\],641.42
core.key1_reg\[16\],641.02
core.key2_reg\[21\],640.1
_10032_,639.5
_12209_,639.48
core.key1_reg\[18\],638.95
core.key2_reg\[20\],638.66
core.x15_reg\[15\],638.56
core.x4_reg\[1\],637.69
core.x7_reg\[0\],637.25
_09377_,637.13
_10049_,637.13
_08556_,637.07
_08062_,636.44
_18092_,636.35
data_out13_reg\[10\],635.56
_09689_,634.75
_19642_,634.5
_11816_,634.46
_08413_,632.72
core.key0_reg\[12\],632.66
_12460_,632.54
data_out13_reg\[8\],632.14
core.x13_reg\[23\],632.08
_19639_,631.86
core.x15_reg\[22\],631.57
data_out12_reg\[1\],631.37
_09715_,630.92
core.x4_reg\[6\],630.1
core.iv\[52\],628.84
core.x7_reg\[1\],628.23
data_out2_reg\[4\],627.94
core.iv\[30\],627.76
core.x15_reg\[11\],627.665
_19559_,627.5
_09427_,626.96
_16998_,626.88
_04101_,626.68
_09718_,626.68
core.iv\[60\],626.4
core.x4_reg\[3\],626.26
core.x14_reg\[16\],625.83
_04677_,623.98
core.iv\[58\],622.8
core.key0_reg\[10\],622.44
core.x14_reg\[19\],622.14
clknet_6_31_0_clk,621.94
core.x7_reg\[11\],621.245
clknet_6_45_0_clk,620.355
core.x14_reg\[13\],620.09
clknet_3_6_0_clk,619.13
data_out3_reg\[1\],619.06
_11812_,618.62
clknet_6_26_0_clk,618.57
core.key2_reg\[24\],618.5
_19686_,618
_08524_,617.68
_08725_,617.28
core.key2_reg\[15\],616.82
_05923_,616.62
clknet_3_7_0_clk,616.26
data_out13_reg\[12\],614.52
_09406_,614.09
net61,613.5
_06934_,613.4
_12243_,613.24
clknet_6_15_0_clk,612.65
data_out12_reg\[3\],612.6
_08474_,611.93
_14024_,611.74
_08459_,611.12
data_out13_reg\[11\],609.44
_09899_,609.34
core.x7_reg\[20\],609.1
_09500_,607.02
_06108_,606.78
_09561_,606.4
_10258_,606.38
_08593_,606.035
net48,605.98
_19315_,605.94
net49,605.66
_08886_,603.5
data_out12_reg\[4\],603.43
_06122_,602.82
_09905_,602.39
core.key2_reg\[16\],601.99
core.x13_reg\[24\],601.82
_09530_,601.5
_09667_,601.02
core.key0_reg\[7\],600.72
_18091_,600.44
core.x7_reg\[4\],600.19
data_out13_reg\[13\],599.94
_08538_,599.62
clknet_0_clk,599.45
core.key0_reg\[31\],599.25
_06957_,599.18
data_out13_reg\[16\],599.18
core.x7_reg\[6\],598.145
_09429_,597.54
_05910_,597.42
_07226_,597.2
_05892_,597.02
core.x15_reg\[7\],596.88
_05843_,596.56
core.key0_reg\[4\],596.55
data_out13_reg\[27\],595.17
_08382_,594.81
_07367_,594.13
core.x15_reg\[12\],594.06
_09344_,593.92
net491,593.72
data_out13_reg\[26\],593.675
data_out13_reg\[21\],593.06
net4421,592.99
data_out12_reg\[0\],592.82
core.x13_reg\[13\],592.34
data_out13_reg\[17\],592.28
data_out13_reg\[14\],591.66
_17336_,590.18
core.key2_reg\[6\],589.38
net82,589.33
core.qr0.y0\[20\],589.1
data_out12_reg\[2\],589.07
_09584_,588.96
_18902_,588.73
data_out13_reg\[20\],588.555
_09528_,587.87
core.key2_reg\[25\],587.79
clknet_6_47_0_clk,587.34
net96,587.205
data_out13_reg\[19\],586.85
core.x15_reg\[20\],586.44
_18847_,585.81
_16788_,585.28
data_out13_reg\[6\],584.765
data_out13_reg\[15\],584.575
core.x7_reg\[3\],584.55
core.x15_reg\[21\],584.25
_09853_,584.24
clknet_6_1_0_clk,584.06
core.key0_reg\[8\],583.875
_09327_,582.47
data_out13_reg\[28\],582.07
core.x7_reg\[18\],582.025
_04375_,581.675
_11819_,581.5
_08540_,581.28
_08461_,580.99
_14327_,580.78
data_out12_reg\[6\],580.6
_11691_,580.17
_06947_,579.87
net4440,579.72
_07074_,579.64
_06198_,579.54
core.key1_reg\[25\],579.49
core.x14_reg\[12\],579.45
data_out3_reg\[0\],579.07
clknet_6_2_0_clk,578.99
_11667_,578.85
data_out13_reg\[25\],578.69
net108,578.17
core.x7_reg\[19\],577.24
_09989_,577.18
_03759_,576.92
data_out3_reg\[3\],576.76
core.x15_reg\[6\],576.695
core.x14_reg\[7\],576.415
_09657_,576.22
data_out13_reg\[24\],576.18
data_out13_reg\[22\],576
_06022_,575.81
core.x4_reg\[5\],575.68
core.data_in_reg\[202\],575.08
clknet_6_58_0_clk,574.815
data_out12_reg\[5\],574.68
data_out14_reg\[21\],574.67
_08857_,574.37
data_out12_reg\[7\],574.32
_08481_,572.795
clknet_2_2_0_clk,572.75
_09514_,572.38
_18911_,571.76
net176,571.6
net103,571.56
core.key0_reg\[15\],569.37
core.key1_reg\[26\],569.115
_12730_,569.04
_08827_,568.9
_09925_,568.78
core.x15_reg\[18\],568.61
_18829_,568
data_out13_reg\[18\],567.88
net104,567.01
net81,566.74
_18192_,566.72
_05812_,566.095
_09890_,565.83
_18081_,565.82
core.key1_reg\[27\],565.75
_18893_,565.6
data_out13_reg\[7\],564.84
core.key1_reg\[7\],564.34
core.x14_reg\[20\],564.32
core.x13_reg\[10\],564.29
_03756_,563.92
core.x7_reg\[16\],563.825
net4144,562.93
_08353_,562.79
_08393_,562.62
core.x15_reg\[17\],562.49
data_out14_reg\[20\],561.88
core.iv\[53\],561.7
_05044_,561.1
net68,561.02
_19405_,560.755
_09545_,560.72
net457,560.7
net95,560.58
_05874_,559.88
_08812_,559.78
_10047_,559.755
net97,559.06
net4,558.14
data_out14_reg\[22\],557.78
_03862_,557.45
_09520_,556.68
core.x13_reg\[9\],556.475
data_out13_reg\[30\],555.27
net4119,554.92
_04988_,554.915
core.x7_reg\[5\],553.78
_07119_,553.7
clknet_2_0_0_clk,553.5
_18262_,553.39
clknet_6_34_0_clk,552.94
core.data_in_reg\[203\],552.78
net78,552.25
net99,552.17
_10446_,551.61
_09422_,551.52
_06191_,551.315
data_out3_reg\[4\],550.97
net4055,550.97
_03865_,550.87
clknet_6_61_0_clk,550.8
_09969_,550.76
_06490_,550.42
core.key2_reg\[23\],550.34
data_out13_reg\[23\],550.34
core.iv\[51\],549.92
_07890_,549.65
core.x13_reg\[29\],549.4
core.key1_reg\[28\],549.07
data_out14_reg\[18\],548.55
_06941_,548.53
_09601_,548.18
clknet_6_46_0_clk,548.14
clknet_6_7_0_clk,548.08
_06184_,547.56
data_out14_reg\[29\],547.44
net527,547.15
_09408_,547.08
net93,547.01
core.x13_reg\[25\],546.56
_07986_,546.48
_06194_,546.18
data_out1_reg\[1\],546.18
_09416_,546.07
_16714_,545.96
core.key2_reg\[0\],545.55
data_out14_reg\[19\],545.48
_10189_,545.18
clknet_6_37_0_clk,545.03
core.x15_reg\[16\],544.745
core.key0_reg\[13\],544.53
core.x15_reg\[19\],544.52
core.x7_reg\[29\],544.37
_12669_,544.11
data_out12_reg\[8\],543.83
net1708,543.37
core.key1_reg\[19\],543.18
net90,542.87
_11846_,542.48
net455,542.41
core.x15_reg\[14\],542.295
net56,542.16
_09245_,542.04
net89,541.69
data_out14_reg\[23\],541.61
net752,541.42
net2779,541.24
_05879_,541.22
core.x7_reg\[17\],541.07
net493,540.9
_09880_,540.58
core.x13_reg\[30\],540.42
net83,540.3
clknet_6_11_0_clk,540.29
net182,539.7
net94,539.11
data_out12_reg\[13\],539.03
_09610_,538.72
_06146_,538.575
_09760_,537.89
_17050_,537.68
data_out13_reg\[1\],537.565
net117,537.13
net165,536.8
core.x15_reg\[23\],536.74
_14053_,536.32
core.x14_reg\[22\],536.25
core.x13_reg\[12\],536.04
data_out3_reg\[2\],535.97
net84,535.86
net102,535.83
_10433_,535.7
_05884_,535.47
net11,535.47
core.block1_ctr_reg\[26\],535.3
core.x13_reg\[14\],534.98
core.key0_reg\[14\],534.905
_12424_,534.69
net2875,533.95
_06181_,533.88
_09395_,533.82
_07908_,533.54
data_out12_reg\[14\],533.37
net101,532.58
data_out12_reg\[10\],532.37
_09552_,532.26
_06188_,532.1
core.key2_reg\[1\],531.965
_08627_,531.56
core.x14_reg\[21\],531.56
_18085_,531.36
net191,531.07
data_out13_reg\[31\],530.73
_09439_,529.8
core.x13_reg\[6\],529.74
_09374_,529.58
_16407_,529.575
core.x13_reg\[27\],529.19
net169,528.91
_09957_,528.9
core.x12_reg\[18\],528.24
_10278_,528.22
core.data_in_reg\[201\],527.88
net555,527.475
net549,527.23
_10120_,527.04
_19183_,527.02
_18090_,526.22
_08510_,525.62
clknet_6_28_0_clk,525.345
_08420_,525.12
net129,525.09
_10180_,524.96
core.x13_reg\[28\],524.76
_18044_,524.42
_10158_,524.26
_04370_,523.34
data_out12_reg\[11\],523.17
core.x14_reg\[9\],523.02
net175,522.96
core.x12_reg\[17\],522.94
clknet_6_32_0_clk,522.65
core.x14_reg\[5\],522.405
_08097_,522
core.data_in_reg\[204\],521.54
data_out12_reg\[9\],521.32
clknet_6_40_0_clk,521.11
clknet_6_19_0_clk,521.1
clknet_6_16_0_clk,521.04
_03849_,521.035
_07435_,520.83
_09674_,520.78
_06216_,520.72
_04028_,520.64
core.x11_reg\[10\],520.575
net98,520.51
clknet_6_23_0_clk,520.305
core.key1_reg\[1\],520.13
core.x13_reg\[15\],519.815
net529,519.78
_09443_,519.74
_18046_,519.625
_09419_,519.38
net160,519.04
_08815_,518.74
_09381_,518.58
_04706_,518.4
core.key1_reg\[3\],518.16
net1159,517.5
_10187_,516.85
_12405_,516.78
clknet_6_35_0_clk,516.59
clknet_6_36_0_clk,516.22
_09617_,515.98
_10457_,515.88
_17051_,515.49
data_out1_reg\[0\],515.295
_09680_,515.18
core.x10_reg\[25\],515.035
clknet_6_33_0_clk,514.915
data_out14_reg\[31\],514.78
_09034_,514.74
_11556_,514.555
_12530_,514.43
data_out12_reg\[21\],514.01
_19197_,513.88
_14135_,513.76
_12214_,513.44
core.data_in_reg\[205\],513.26
core.key2_reg\[4\],513.22
_16902_,513.14
core.x14_reg\[24\],513.03
clknet_6_25_0_clk,512.72
_09414_,512.62
data_out14_reg\[26\],512.38
net1493,512.34
_18900_,512.28
_08876_,512.02
core.key2_reg\[26\],511.76
net539,511.715
core.x14_reg\[31\],511.445
core.iv\[32\],511.44
core.x14_reg\[6\],511.4
_09185_,511.38
_09569_,511.32
net192,510.48
core.x11_reg\[13\],510.46
data_out13_reg\[0\],510.41
core.key1_reg\[30\],510
data_out14_reg\[24\],509.67
_08717_,509.5
_08092_,509.42
net69,509.22
_09385_,509.21
net170,509.21
net1261,509.13
_06621_,509.1
_12665_,508.96
_08467_,508.86
_13829_,508.64
_17231_,508.58
clknet_6_18_0_clk,508.41
core.x7_reg\[23\],508.31
core.x13_reg\[26\],508.01
core.key1_reg\[4\],507.84
net1167,507.47
net4154,507.25
core.key1_reg\[22\],507.2
_14380_,507.08
core.x11_reg\[16\],506.98
_09328_,506.86
_07039_,506.38
data_out14_reg\[0\],506.28
_06203_,505.7
data_out14_reg\[25\],505.15
net127,505
net604,504.72
_06995_,504.26
net107,504.13
core.qr3.y0\[4\],504.1
_11153_,504.02
_07674_,503.9
_12198_,503.32
_09015_,503.28
net3066,503.22
net164,503.18
_07816_,502.94
_04700_,502.87
_18898_,502.7
clknet_2_1_0_clk,502.7
_06206_,502.44
data_out12_reg\[16\],502.31
_06982_,502.235
net159,501.945
data_out1_reg\[4\],501.9
_08428_,501.89
core.x15_reg\[3\],501.755
_09389_,501.68
core.x13_reg\[31\],501.36
_04964_,501.32
_09398_,501.26
core.x11_reg\[12\],501.06
net3183,500.99
_09940_,500.94
data_out12_reg\[15\],500.38
_17773_,500.28
core.x13_reg\[11\],500.25
_07469_,499.94
net202,499.85
clknet_6_53_0_clk,499.485
clknet_6_20_0_clk,499.46
_08828_,499.05
_08491_,498.97
_06220_,498.9
_18098_,498.9
_09503_,498.64
core.x10_reg\[24\],498.36
clknet_6_38_0_clk,498.04
clknet_6_24_0_clk,498.03
_18906_,498.02
net331,497.83
core.x7_reg\[28\],497.77
_06992_,497.68
net1139,497.58
_04188_,497.215
data_out12_reg\[12\],496.87
_08360_,496.86
_10201_,496.68
net321,496.66
_12527_,496.43
data_out12_reg\[17\],496.1
_09982_,495.84
_19435_,495.51
core.key1_reg\[29\],495.26
net575,495.2
core.iv\[48\],495
_12718_,494.78
_07022_,494.59
_07098_,494.33
net123,494.1
_13929_,494.04
core.key0_reg\[28\],493.74
_06210_,493.48
net135,493.22
core.x11_reg\[15\],493.12
core.key3_reg\[8\],493
_06933_,492.93
_08653_,492.825
_06987_,492.53
net86,492.33
core.x7_reg\[30\],492.27
_07043_,491.98
_10080_,491.94
core.x14_reg\[23\],491.84
core.x15_reg\[4\],491.55
_18908_,491.42
core.x13_reg\[8\],490.86
core.iv\[46\],490.06
_07034_,489.84
core.x12_reg\[31\],489.76
core.x13_reg\[1\],489.63
_09589_,489.46
net1295,489.2
_10915_,488.96
_06498_,488.92
_08110_,488.4
_08517_,488.35
core.data_in_reg\[206\],487.72
_08568_,487.7
net118,487.425
_12233_,487.27
net4457,486.75
_09639_,486.66
core.x7_reg\[24\],486.55
_06213_,486.18
net395,486.16
_18830_,486.06
core.key2_reg\[8\],485.68
net137,485.14
clknet_6_17_0_clk,485.055
_08633_,484.43
data_out12_reg\[18\],484.15
_06501_,483.82
_10255_,483.6
net194,483.33
data_out10_reg\[3\],483.3
_10379_,483.06
clknet_6_10_0_clk,482.94
core.x11_reg\[14\],482.93
net437,482.23
core.x7_reg\[26\],481.99
_07651_,481.35
net677,481.22
clknet_6_52_0_clk,481.01
net184,480.86
_09348_,480.815
_08497_,480.63
data_out12_reg\[19\],480.18
net154,480
core.data_in_reg\[200\],479.92
_09917_,479.86
_06963_,479.52
_17212_,479.05
_17052_,478.955
core.key0_reg\[27\],478.88
data_out1_reg\[2\],478.56
_08053_,478.35
core.x14_reg\[8\],478.24
data_out14_reg\[2\],478.05
_05634_,477.16
data_out12_reg\[20\],477.12
_07030_,477.08
_04182_,477.02
net85,476.94
_09039_,476.38
net106,476.06
_08735_,475.91
net152,475.74
core.x15_reg\[5\],474.95
net87,474.42
net193,474.29
clknet_6_22_0_clk,474.1
data_out14_reg\[3\],473.86
_11128_,473.78
_06763_,473.74
net565,473.075
core.x7_reg\[27\],472.81
net178,471.9
_09447_,471.76
net158,471.31
net3214,471.09
_09449_,470.5
_07334_,470.48
core.iv\[35\],469.95
core.key0_reg\[16\],469.78
_05828_,469.66
core.x10_reg\[26\],469.56
core.x13_reg\[2\],469.45
core.x13_reg\[7\],469.13
net3199,468.51
_09896_,467.7
core.key0_reg\[25\],467.35
data_out12_reg\[30\],466.54
_11396_,466.2
data_out12_reg\[31\],465.47
net1212,465.38
_06721_,465.12
net195,465.06
core.x11_reg\[11\],464.76
data_out10_reg\[1\],464.72
_05643_,463.84
core.x14_reg\[4\],463.84
core.x7_reg\[25\],463.75
clknet_6_39_0_clk,463.67
net79,463.6
_08842_,463.56
_08740_,463.17
_09903_,462.63
core.iv\[50\],462.46
core.x12_reg\[27\],462.11
net124,461.87
_07289_,461.66
_19909_,461.5
_12657_,461.45
_09664_,461.32
_18231_,461.235
clknet_6_59_0_clk,461.04
_09591_,460.94
core.iv\[49\],459.96
_17009_,459.44
_09467_,459.255
core.x15_reg\[30\],459.07
_08390_,458.81
net110,458.75
core.x11_reg\[9\],458.535
data_out10_reg\[2\],458.14
net80,458.13
core.key0_reg\[23\],457.9
clknet_6_44_0_clk,457.76
_07801_,457.75
core.iv0_reg\[1\],457.675
_10144_,457.35
clknet_6_30_0_clk,457.26
data_out1_reg\[3\],457.2
_10132_,457.16
clknet_6_43_0_clk,456.9
_09458_,456.82
net721,456.775
net2824,456.735
_05834_,456.08
data_out14_reg\[5\],456.08
_13701_,455.48
core.key1_reg\[31\],455.35
core.iv\[39\],455.25
data_out14_reg\[16\],455.19
clknet_6_13_0_clk,454.9
_09914_,454.49
_13241_,454.26
data_out10_reg\[4\],454.05
data_out14_reg\[17\],453.79
_08847_,453.6
_07382_,453.43
net185,453.13
_05529_,452.8
net166,452.77
core.keylen_reg,452.22
_09646_,451.65
_19452_,451.58
data_out14_reg\[30\],451.38
_09648_,451.16
_19906_,451.08
core.x14_reg\[26\],451.01
net431,450.48
_09472_,450.42
_15136_,450.24
_07220_,449.76
net72,449.62
core.data_in_reg\[208\],449.5
_06967_,449.34
_12571_,448.96
_17048_,448.72
net105,447.84
data_out12_reg\[23\],447.8
core.x13_reg\[3\],447.4
clknet_6_54_0_clk,447.32
clknet_6_29_0_clk,447.08
net2387,446.72
core.x12_reg\[25\],446.7
net67,446.24
_07339_,446.055
_07649_,446
data_out14_reg\[4\],445.68
core.x9_reg\[26\],445.46
_06988_,445.26
data_out12_reg\[29\],445.23
net4897,445.05
core.data_out_valid,445.02
core.key2_reg\[11\],444.92
_19344_,444.14
core.x15_reg\[31\],444.02
core.x15_reg\[24\],443.745
net54,443.71
core.x11_reg\[18\],443.2
net3133,443.13
_13333_,443.02
net197,442.98
data_out14_reg\[11\],442.93
_08736_,442.8
_08902_,442.77
_07140_,442.725
_03859_,442.56
_11167_,442.3
clknet_6_0_0_clk,442.04
_08121_,442.02
core.x14_reg\[2\],441.62
data_out14_reg\[9\],441.61
core.x11_reg\[17\],441.1
_09355_,441.02
_09465_,440.72
_08484_,440.5
_05428_,440.395
_04268_,440.08
_09817_,440
_10933_,439.58
data_out10_reg\[0\],439.36
net2853,439.34
_08645_,439.2
clknet_6_4_0_clk,439.09
_06227_,439.08
net1313,438.92
data_out14_reg\[14\],438.89
_10026_,438.72
_08932_,438.57
_07681_,438.56
_03701_,437.3
core.iv\[16\],436.64
core.x14_reg\[3\],436.53
clknet_6_3_0_clk,436.51
_07013_,436
net772,435.99
net2790,435.835
_09469_,435.62
_03704_,435.6
net1299,435.58
clknet_6_48_0_clk,435.32
net179,435.31
_09456_,435.3
_13851_,435
_18071_,434.95
core.x15_reg\[29\],434.77
net1088,432.685
core.x9_reg\[25\],432.44
clknet_6_9_0_clk,432.11
clknet_6_12_0_clk,431.76
core.key0_reg\[30\],431.67
core.x13_reg\[4\],431.64
core.x15_reg\[0\],431.55
data_out12_reg\[28\],431.38
core.x14_reg\[1\],431.34
data_out14_reg\[6\],431.24
_07244_,431.21
core.key2_reg\[10\],431.2
data_out14_reg\[8\],431.2
_07659_,431.15
data_out12_reg\[22\],430.94
clknet_6_56_0_clk,430.94
_06738_,430.7
data_out12_reg\[27\],430.5
core.iv\[15\],430.48
_12010_,430.42
_17053_,430.18
core.x12_reg\[20\],430.025
data_out2_reg\[12\],429.82
net270,429.47
_07690_,429.42
_06359_,429.17
data_out14_reg\[15\],428.75
net266,428.63
_05051_,428.6
core.data_in_reg\[209\],428.5
core.key2_reg\[12\],428.46
core.data_in_reg\[199\],428.27
data_out14_reg\[12\],428.24
_09659_,428.23
net1279,428.17
_08582_,428.09
_08122_,427.97
net707,427.93
_06147_,427.88
_08038_,427.5
_18698_,427.32
_06230_,426.54
core.x10_reg\[27\],426.17
clknet_6_27_0_clk,425.48
core.x14_reg\[27\],425.47
_07983_,425.46
net296,425.3
_18951_,425.04
core.x15_reg\[28\],424.91
_11118_,424.85
core.x12_reg\[26\],424.76
net421,424.59
net120,424.14
_08768_,423.98
core.x10_reg\[28\],423.98
_18099_,423.975
_07017_,423.97
core.key1_reg\[11\],423.8
_19431_,423.7
_19256_,423.375
_11659_,423.34
core.x11_reg\[8\],423.24
_08576_,423.14
_07237_,423.06
net1651,422.73
_07193_,422.68
_07874_,422.68
net3393,421.7
_11073_,421.63
net109,421.36
core.x15_reg\[25\],420.65
net141,420.42
_06286_,420.4
core.iv\[40\],420.4
_07767_,420.28
core.qr3.y0\[15\],420.02
_09906_,419.82
core.iv\[55\],419.46
core.x12_reg\[16\],419.2
_08786_,419.14
_04958_,418.955
net7,418.88
core.x9_reg\[24\],418.42
net608,418.31
_08892_,417.75
data_out12_reg\[24\],417.73
core.x14_reg\[28\],417.56
_04226_,417.54
_18713_,417.535
core.x14_reg\[0\],417.42
data_out14_reg\[10\],417.35
_09131_,417.26
_09687_,416.41
_07763_,415.78
net132,415.66
_07697_,415.62
_18147_,415.57
net272,415.31
net2391,414.93
_08095_,414.44
_07009_,413.88
data_out14_reg\[13\],413.85
core.x9_reg\[28\],413.68
net487,413.56
_13794_,413.48
_10875_,413.44
core.x12_reg\[19\],413.36
core.x15_reg\[1\],413.3
data_out12_reg\[26\],413.28
_09107_,413.24
_11091_,413.12
data_out2_reg\[13\],412.98
_08109_,412.48
_06072_,412.39
core.x11_reg\[20\],412.37
_12560_,412.095
core.x15_reg\[2\],411.88
_08724_,411.39
_06645_,411.155
_19744_,411.04
net451,410.46
_06063_,409.93
core.key1_reg\[24\],409.06
_07484_,409.02
_09218_,408.9
core.x11_reg\[21\],408.68
core.x15_reg\[27\],408.45
_06386_,408.21
data_out2_reg\[10\],407.86
_06235_,407.72
_09248_,407.26
_19541_,407.14
net70,407.08
_05954_,406.96
net535,406.87
core.x10_reg\[29\],406.62
data_out12_reg\[25\],406.58
core.block1_ctr_reg\[18\],406.48
_07240_,406.46
_12751_,406.43
core.key1_reg\[2\],406.42
_06659_,406.4
core.x9_reg\[27\],406.36
net2219,405.86
core.x12_reg\[23\],405.7
_07318_,405.42
_13714_,405.26
core.key\[103\],405.17
net2873,405.035
core.x10_reg\[1\],404.78
_15432_,404.46
_06150_,404.18
core.x9_reg\[31\],404.04
net531,403.81
_08783_,403.74
net2170,403.64
_03909_,403.34
_07233_,402.1
net675,402.06
_07672_,401.76
net183,401.64
net659,401.62
net139,401.36
_11463_,401.22
_12404_,401.22
core.data_in_reg\[210\],401.16
_18674_,401.14
_12208_,401.075
core.x9_reg\[29\],400.98
core.x10_reg\[2\],400.8
data_out14_reg\[7\],400.76
net2116,400.27
_12181_,400.02
_09624_,399.94
net401,399.56
core.x14_reg\[30\],399.54
net3305,399.53
_11234_,399.415
core.x14_reg\[29\],399.4
_09083_,399.12
_18729_,398.98
core.iv0_reg\[4\],398.475
clknet_6_62_0_clk,398.42
_09173_,398.38
_04872_,398.22
_12777_,398
_06746_,397.9
_12235_,397.48
_07024_,397.2
_09698_,397.16
core.key0_reg\[18\],396.92
core.x13_reg\[5\],396.86
_08195_,396.475
_10883_,396.28
_12234_,396.14
net113,395.94
_17149_,395.82
_05600_,395.675
core.key0_reg\[21\],395.655
_08509_,395.11
_07136_,394.12
_08958_,394.06
_09908_,393.74
net2797,393.38
core.key1_reg\[0\],393.31
clknet_2_3_0_clk,393.21
core.iv\[42\],393.12
core.key\[102\],393.06
core.x12_reg\[21\],392.94
_09939_,392.93
core.x11_reg\[22\],392.735
net695,392.66
net112,392.44
_06377_,392.38
data_out4_reg\[6\],392.25
_08706_,392.23
data_out10_reg\[6\],391.92
net856,391.63
data_out2_reg\[11\],391.58
_12191_,391.39
_10366_,391.36
_08407_,391.29
core.key0_reg\[20\],391.21
data_out2_reg\[14\],391.21
_04878_,391.12
core.x11_reg\[19\],390.78
data_out1_reg\[10\],390.68
_06755_,389.8
data_out4_reg\[7\],389.77
_06980_,389.615
net3914,389.58
core.key\[34\],389.3
core.x15_reg\[26\],388.76
data_out8_reg\[3\],388.62
_11002_,388.515
clknet_6_6_0_clk,388.14
data_out15_reg\[16\],387.76
_12148_,387.66
_12409_,387.6
_11663_,387.43
_06381_,387.16
core.x11_reg\[23\],386.78
net1424,386.48
_12206_,386.355
_08130_,386.3
data_out2_reg\[9\],386.3
_17047_,386.29
_08801_,386.28
_11438_,386.23
net1024,386.02
data_out1_reg\[11\],385.96
_16366_,385.62
net1997,384.66
net1690,384.54
_03908_,384.38
net12,384.26
data_out15_reg\[18\],383.93
_06238_,383.74
core.iv\[45\],383.66
_07166_,383.48
net142,383.46
net1218,382.86
core.x14_reg\[25\],382.82
core.qr3.y0\[11\],382.52
core.block1_ctr_reg\[21\],382.42
data_out1_reg\[9\],382.18
_07468_,381.87
net3996,381.86
_06973_,381.575
data_out2_reg\[8\],381.32
core.key2_reg\[7\],381.08
core.x9_reg\[30\],381.06
_18072_,380.85
_13816_,380.52
_18216_,380.52
clknet_6_42_0_clk,380.43
_10755_,380.37
_06965_,380.26
_03915_,379.88
_07161_,379.84
_12815_,379.82
clknet_6_41_0_clk,379.815
_10845_,379.6
core.iv\[26\],379.54
core.x12_reg\[22\],379.17
_04907_,379.16
_18819_,379.14
_07893_,378.835
net1373,378.74
net3946,378.7
_08856_,378.46
_13484_,378.46
_15204_,378.46
_15192_,377.93
_13542_,377.82
clknet_6_14_0_clk,377.77
_08762_,377.4
_18495_,377.345
_08178_,377.06
core.x10_reg\[0\],376.87
_03918_,376.84
core.iv0_reg\[3\],376.36
_08819_,375.96
net4164,375.74
_13219_,375.45
core.iv1_reg\[16\],375.335
_08707_,375.22
_11693_,374.96
net177,374.9
net465,374.84
_11205_,374.62
net419,374.62
net144,374.27
_06396_,374.18
data_out4_reg\[17\],374.09
core.x12_reg\[28\],374
_12290_,373.865
net136,373.48
data_out4_reg\[20\],373.315
_19498_,373.16
net149,373.06
_09171_,373.04
_10819_,372.92
_09207_,372.76
_07097_,372.62
clknet_6_21_0_clk,372.615
_08531_,372.57
net4002,372.42
core.iv\[47\],372.25
core.x11_reg\[7\],371.92
_05809_,371.48
_18232_,371.46
_07746_,371.15
_17427_,370.88
_08508_,370.85
_07388_,370.695
_15458_,370.68
_07356_,370.3
_11320_,370.25
_11429_,370.14
_06492_,370.08
_08877_,369.75
core.key\[64\],369.51
data_out1_reg\[12\],369.5
_08937_,369.4
_10700_,369.12
core.x12_reg\[24\],368.68
core.block1_ctr_reg\[23\],368.62
_09231_,368.595
_10747_,368.36
_11134_,368.23
_04849_,367.74
_10987_,367.67
net147,367.66
data_out1_reg\[8\],367.65
_07706_,367.46
core.x11_reg\[24\],367.3
data_out4_reg\[15\],367.13
_07880_,366.94
_07165_,366.85
_03676_,366.54
_17049_,366.54
_07477_,366.235
_09697_,366.18
_10462_,366.12
data_out4_reg\[18\],366.06
core.x11_reg\[25\],365.9
net3953,365.8
_06079_,365.74
_07467_,365.735
core.iv\[41\],365.67
net1111,365.56
_19858_,365.36
core.x12_reg\[30\],364.98
_04527_,364.895
_06369_,364.79
data_out8_reg\[4\],364.58
_06389_,364.5
_05991_,364.46
_07562_,364.41
_09965_,364.26
data_out10_reg\[7\],364.24
_06601_,364.1
_09902_,363.96
data_out15_reg\[17\],363.88
_09048_,363.74
net121,363.6
core.key0_reg\[11\],363.52
core.qr3.y0\[9\],363.48
_11454_,363.4
net162,363.36
_06393_,363.16
_15452_,362.96
data_out1_reg\[13\],362.58
data_out4_reg\[14\],362.56
net485,362.4
data_out2_reg\[15\],362.36
_17420_,361.8
_06241_,361.44
_19845_,361.34
_07460_,361.26
_11246_,361.075
_18235_,360.8
_06076_,360.71
data_out15_reg\[19\],360.58
_13027_,360.46
core.x10_reg\[30\],360.28
net114,360.1
_12883_,359.86
data_out2_reg\[17\],359.13
net409,359
core.block1_ctr_reg\[12\],358.78
data_out4_reg\[11\],358.78
core.x12_reg\[29\],358.5
net441,358.3
_13678_,358.2
_10769_,358.19
net1643,358.16
_06478_,358.12
net1883,357.86
core.iv1_reg\[9\],357.475
_07138_,357.44
data_out4_reg\[16\],357.38
data_out4_reg\[22\],357.28
_11407_,357.19
core.x12_reg\[14\],356.915
_10958_,356.895
_08667_,356.1
core.iv\[21\],356.1
clknet_6_8_0_clk,356.055
_09215_,355.72
data_out15_reg\[21\],355.31
_07304_,355.22
_08951_,355.02
core.qr3.y0\[25\],355
_18455_,354.48
net3874,354.04
_06475_,353.94
core.x13_reg\[0\],353.835
net125,353.665
_07295_,353.52
core.block1_ctr_reg\[28\],353.36
_07657_,353.28
_14464_,353.28
net4222,353.26
_10971_,352.92
_11020_,352.795
_11747_,352.54
_07401_,352.52
net2200,352.36
core.iv\[22\],352.22
clknet_6_55_0_clk,352.06
core.data_in_reg\[196\],351.91
_08962_,351.88
net4549,351.8
_11269_,351.62
core.key0_reg\[17\],351.3
core.data_in_reg\[212\],351.28
core.iv1_reg\[11\],351.255
_12272_,351
core.data_in_reg\[197\],350.9
_11377_,350.48
net343,350.46
data_out15_reg\[20\],350.425
_06485_,350.42
_18255_,350.38
_06488_,350.24
_11485_,349.96
_06600_,349.94
net567,349.86
data_out2_reg\[5\],349.84
_16187_,349.8
_10940_,349.65
data_out4_reg\[21\],349.56
net746,349.48
data_out8_reg\[2\],349.46
_06403_,349.42
_06612_,349.07
_13656_,348.98
_19011_,348.835
_12566_,348.78
net551,348.6
data_out4_reg\[10\],348.3
core.x9_reg\[23\],348.1
_08689_,348
_09972_,347.99
net140,347.92
_06086_,347.89
_06451_,347.515
data_out1_reg\[14\],347.5
_06482_,347.16
_06245_,347.02
core.key0_reg\[9\],346.78
_08294_,346.44
_12557_,346.02
_15442_,346
_07548_,345.98
net131,345.9
core.iv0_reg\[2\],345.88
data_out4_reg\[19\],345.81
data_out15_reg\[5\],345.71
_12933_,345.64
net4166,345.54
_13391_,345.43
net620,345.31
_08806_,345.28
core.iv\[23\],345.14
_09176_,345.11
_16487_,345
core.qr3.y0\[19\],344.92
_08863_,344.8
net119,344.7
_08953_,344.615
_19562_,344.58
net3331,344.58
_08080_,344.555
_18823_,344.48
data_out6_reg\[4\],343.72
_07787_,343.62
net187,343.57
core.x11_reg\[6\],343.32
_12293_,343.28
_06399_,343.16
net581,343.06
data_out15_reg\[23\],342.74
core.iv1_reg\[10\],342.56
_07192_,342.5
_12568_,342.26
data_out4_reg\[13\],342.24
_11530_,342.21
_12617_,342.08
core.x11_reg\[27\],342.02
core.block1_ctr_reg\[15\],341.855
core.iv\[44\],341.685
data_out2_reg\[16\],341.6
_05297_,341.495
_09199_,341.28
_11254_,341.06
_09623_,341.02
_11769_,340.88
_07258_,340.78
data_out1_reg\[6\],340.76
_12562_,340.7
_05543_,340.5
_12285_,340.44
_07271_,340.24
net3749,340.22
_06730_,340.2
core.iv\[43\],340.08
core.block1_ctr_reg\[29\],340.06
net327,339.92
_09162_,339.88
_07217_,339.46
_08318_,339.44
_12210_,339.44
net3413,339.28
net2345,339.26
_04792_,339.22
_13643_,338.74
_07737_,338.605
_07648_,338.5
_06250_,338.49
_07499_,338.46
core.iv\[59\],338.22
_07754_,338.18
core.data_in_reg\[198\],338.18
_10442_,338.01
core.iv\[24\],337.9
_17046_,337.8
_06594_,337.72
net397,337.72
_03966_,337.56
_08644_,337.56
core.key4_reg\[11\],337.44
_06172_,337.43
_18618_,337.34
_11033_,337.12
_15447_,337.1
net1785,337.02
_11842_,336.88
data_out4_reg\[23\],336.63
_07738_,336.22
_10018_,336.17
core.data_in_reg\[211\],336.1
net172,335.91
_12581_,335.78
core.qr3.y0\[17\],335.7
data_out15_reg\[4\],335.53
_06938_,335.5
net143,335.25
_06168_,335.08
_08770_,334.83
_12570_,334.8
core.x11_reg\[3\],334.74
_14077_,334.36
net196,334.32
_18434_,334.2
_16964_,334.04
_13564_,333.84
_08599_,333.62
net3276,333.6
net1804,333.52
_08871_,333.21
net148,332.98
_08394_,332.92
_18845_,332.9
data_out4_reg\[12\],332.89
core.key\[32\],332.88
data_out15_reg\[22\],332.84
_11184_,332.62
data_out1_reg\[15\],332.58
core.key\[68\],332.54
net4051,332.53
net161,332.26
_09037_,332.21
net163,331.98
core.iv\[1\],331.84
net1,331.665
_18602_,331.64
_15238_,331.62
_12278_,331.49
data_out2_reg\[6\],331.22
_07353_,330.86
core.next,330.82
_10930_,330.67
core.iv\[38\],330.56
core.x11_reg\[26\],330.38
net3385,330.26
core.qr1.y0\[31\],329.9
net156,329.5
data_out15_reg\[3\],329.34
net449,329.22
data_out1_reg\[7\],329.1
_08789_,329.08
data_out4_reg\[31\],328.96
net2324,328.63
_08618_,328.45
core.block1_ctr_reg\[30\],328.38
_08625_,328.29
core.key\[33\],327.91
_12871_,327.78
core.iv\[11\],327.78
net3220,327.76
core.x12_reg\[10\],327.61
_06109_,327.53
_06597_,327.275
core.key4_reg\[10\],326.64
core.qr3.y0\[7\],326.54
_18337_,326.4
_12653_,326.34
_18840_,326
_10163_,325.88
_10162_,325.66
net115,325.66
_09895_,325.65
_09030_,325.6
_11416_,325.42
_08598_,325.4
_12203_,325.21
_18743_,325.08
_08652_,325.02
_15315_,324.96
clknet_6_49_0_clk,324.87
core.iv\[19\],324.76
net3192,324.615
core.key0_reg\[24\],324.58
data_out15_reg\[27\],324.5
_06175_,324.48
_18587_,324.4
net3697,324.24
_18095_,324.125
_18952_,324.07
_16237_,323.99
net174,323.915
_18491_,323.88
_11474_,323.48
_06100_,323.42
data_out2_reg\[18\],323.26
_12942_,323.18
clknet_6_50_0_clk,323.13
net3188,323.08
_18523_,322.98
core.qr1.y0\[5\],322.94
core.state11_reg\[0\],322.9
_08751_,322.73
net23,322.68
_11516_,322.65
core.x11_reg\[2\],322.62
_17128_,322.48
data_out1_reg\[5\],322.32
_06817_,322.06
_07453_,321.76
data_out8_reg\[9\],321.42
_05357_,321.14
_17024_,321.065
core.key4_reg\[8\],321.02
_08748_,320.84
_13298_,320.84
net3582,320.48
data_out5_reg\[19\],320.455
net171,320.28
data_out4_reg\[8\],320.25
core.x8_reg\[29\],320.24
core.iv\[14\],320.08
data_out2_reg\[19\],320.04
_06176_,319.96
_10695_,319.91
_05066_,319.5
data_out15_reg\[0\],319.44
data_out1_reg\[16\],319.28
_09792_,319.205
_11170_,319.14
data_out15_reg\[15\],319.04
_12554_,319.01
_07130_,318.92
core.key\[66\],318.58
_06154_,317.82
_08397_,317.5
core.iv\[34\],317.385
_07586_,317.29
core.key\[67\],316.34
_18479_,316.2
clknet_6_60_0_clk,316.2
_09638_,316.12
_13758_,316.1
core.iv\[0\],315.7
_07752_,315.66
core.key4_reg\[9\],315.54
_07277_,315.24
_12924_,315.155
_09946_,315.1
_08543_,315.02
_09325_,314.91
core.key4_reg\[21\],314.68
_06466_,314.62
core.x11_reg\[4\],314.43
core.key1_reg\[9\],314.33
_06171_,314.22
_19618_,314.22
core.key4_reg\[20\],314.2
_06165_,314.06
core.iv\[27\],313.52
_12577_,313.42
_08321_,313.36
core.block1_ctr_reg\[5\],313.34
_08919_,313.31
data_out1_reg\[19\],313.175
core.data_in_reg\[214\],313
core.qr0.y0\[15\],312.92
_10952_,312.9
net3926,312.9
_16246_,312.655
_15375_,312.54
_12222_,312.52
data_out5_reg\[20\],312.325
core.key0_reg\[6\],312.035
core.iv\[13\],311.98
_00333_,311.96
data_out4_reg\[9\],311.94
net501,311.88
net3022,311.74
_17118_,311.64
_18757_,311.52
_06470_,311.48
_09333_,311.36
_06604_,311.08
_07985_,311.06
net2474,311.06
_07781_,310.99
_07462_,310.67
_18771_,310.62
_10238_,310.505
core.iv\[18\],310.26
_18510_,310.2
_06161_,310.14
data_out4_reg\[29\],309.98
core.x8_reg\[25\],309.92
net3211,309.78
_11096_,309.74
_12455_,309.64
net188,309.6
_09288_,309.575
_09096_,309.57
net519,309.28
_07688_,309.12
_18175_,308.99
core.x11_reg\[5\],308.92
core.data_in_reg\[195\],308.64
_05520_,308.52
_18365_,308.44
_07621_,308.38
_18843_,308.36
net173,308.35
_17055_,308.28
data_out1_reg\[17\],308.1
net303,307.92
net3349,307.88
core.x10_reg\[3\],307.71
_06420_,307.7
core.iv\[61\],307.66
_06410_,307.64
_15437_,307.6
_10501_,307.46
data_out4_reg\[28\],307.46
_12516_,307.34
_06447_,307.22
_11101_,307.06
core.iv\[37\],306.64
_06232_,306.5
net4686,306.36
_18313_,306.27
net128,306.26
_12575_,306.24
core.qr2.y0\[14\],306.135
_13276_,306.04
data_out5_reg\[15\],305.805
_09672_,305.46
core.key\[35\],305.46
_08590_,304.75
core.key4_reg\[13\],304.6
data_out15_reg\[2\],304.53
_09009_,304.4
net2720,304.29
_08274_,304.22
net2586,304.2
_18380_,304.1
data_out5_reg\[23\],303.94
_06705_,303.9
data_out4_reg\[5\],303.66
_07488_,303.54
_11546_,303.32
net4898,303.26
_12345_,303.16
core.key4_reg\[12\],302.78
_11762_,302.61
_07150_,302.28
net3101,302.12
core.qr1.y0\[12\],302.06
_12929_,301.99
_12371_,301.98
data_out15_reg\[1\],301.705
_18507_,301.56
_15959_,301.2
_11555_,301.18
net403,301.14
core.qr3.y0\[16\],300.78
core.key4_reg\[15\],300.76
_12951_,300.72
_18440_,300.61
_11039_,300.57
_18545_,300.56
_09198_,300.52
_11194_,300.34
_17198_,300.32
_07151_,300
_19854_,300
_10702_,299.96
data_out5_reg\[16\],299.915
_19745_,299.9
net4141,299.72
_04735_,299.655
core.x11_reg\[1\],299.62
_11811_,299.48
_07574_,299.47
_08987_,299.37
core.key\[65\],299.31
_18452_,299.2
_09873_,299.1
data_out8_reg\[10\],298.98
clknet_6_57_0_clk,298.76
_09366_,298.72
data_out2_reg\[21\],298.72
data_out11_reg\[27\],298.68
data_out4_reg\[27\],298.66
data_out1_reg\[18\],298.315
_19448_,298.13
net3037,298.08
data_out8_reg\[13\],298.02
_05691_,297.92
_19851_,297.88
_12906_,297.82
_07506_,297.79
_11953_,297.64
_08240_,297.48
_17032_,297.48
_18412_,297.26
_18226_,297.24
_12997_,297.1
net126,296.98
core.iv\[25\],296.96
data_out8_reg\[11\],296.96
net3382,296.96
_03809_,296.46
core.key4_reg\[14\],296.46
core.x10_reg\[4\],296.38
net2587,296.3
_18634_,296.1
_07510_,296.09
_11295_,295.96
core.x8_reg\[26\],295.86
data_out4_reg\[30\],295.82
core.x12_reg\[11\],295.77
_06425_,295.6
_09696_,295.5
_18201_,295.38
data_out8_reg\[8\],295.16
data_out5_reg\[18\],295.095
core.x9_reg\[0\],294.78
_07413_,294.7
_06503_,294.64
core.key3_reg\[17\],294.42
core.x10_reg\[21\],294.36
net2367,294.22
core.x8_reg\[24\],293.96
_07582_,293.92
_06456_,293.73
_19748_,293.68
data_out8_reg\[14\],293.52
_08233_,293.44
core.x10_reg\[22\],293.17
core.x8_reg\[28\],293.16
_11684_,293.08
net2639,293.05
_06440_,292.95
core.qr0.y0\[9\],292.85
_03812_,292.73
_08911_,292.73
_12454_,292.66
_12414_,292.36
core.x8_reg\[30\],292.21
net3335,292.09
_06253_,292.04
_07687_,292.02
_08997_,292
_07935_,291.96
_08971_,291.92
_06430_,291.7
_08639_,291.65
net133,291.6
_12237_,291.58
_11743_,291.51
_06278_,291.44
net2961,291.43
net2867,291.41
_11946_,291.295
_18396_,291.28
_08290_,291.12
core.key0_reg\[22\],291.12
_12622_,291.06
data_out4_reg\[2\],291.03
_07249_,290.92
_08571_,290.78
net3674,290.78
data_out5_reg\[17\],290.665
core.key4_reg\[18\],290.64
_15380_,290.6
data_out8_reg\[12\],290.16
_18815_,290.08
core.x10_reg\[5\],290.02
net153,289.94
_17518_,289.845
_08710_,289.84
_15741_,289.82
core.key4_reg\[5\],289.82
core.qr2.y0\[12\],289.32
net130,289.295
core.key\[133\],289.275
_16975_,289.26
_14941_,289.25
_12629_,289.06
_18476_,289.06
_13940_,289.02
net2771,289.02
core.key\[128\],288.84
_06417_,288.8
_08940_,288.78
_13414_,288.705
net3076,288.68
_09756_,288.64
_11273_,288.64
core.key4_reg\[6\],288.58
core.key3_reg\[12\],288.475
net3124,288.4
_06274_,287.77
_18563_,287.74
_11683_,287.5
_13733_,287.48
_07452_,287.4
net365,287.4
core.key4_reg\[7\],287.25
_16970_,287.24
_11680_,287.185
core.qr3.y0\[27\],287.08
_19793_,287.02
_06343_,286.9
data_out15_reg\[14\],286.84
_17039_,286.72
_10086_,286.7
_10774_,286.66
net1291,286.57
net4353,286.5
_08659_,286.38
_05371_,286.32
_09583_,286.22
data_out15_reg\[6\],286.21
core.x10_reg\[23\],286.2
data_out5_reg\[14\],286.165
net3013,286.14
_12001_,286
data_out10_reg\[5\],285.96
_13523_,285.915
core.key3_reg\[0\],285.91
core.key4_reg\[19\],285.9
_12492_,285.84
data_out1_reg\[21\],285.84
_07456_,285.5
net521,285.395
_10891_,285.325
net138,285.24
core.state13_reg\[0\],285.08
data_out5_reg\[21\],284.98
data_out2_reg\[20\],284.96
core.x9_reg\[20\],284.92
core.block0_ctr_reg\[26\],284.82
core.x8_reg\[27\],284.66
_12128_,284.38
_13417_,284.38
_09258_,284.24
data_out15_reg\[29\],284.11
_11700_,283.995
core.qr3.y0\[18\],283.92
_06414_,283.54
_13388_,283.36
_09104_,283.34
_11288_,283.14
_12923_,282.84
_18656_,282.78
core.state10_reg\[25\],282.715
data_out5_reg\[22\],282.525
data_out2_reg\[7\],282.49
_05405_,282.335
_07982_,282.16
data_out15_reg\[28\],281.99
_06443_,281.92
_11507_,281.88
_07107_,281.56
_05131_,281.455
_08440_,281.38
_06437_,281.28
_07544_,281.12
_07403_,280.68
data_out15_reg\[9\],280.57
core.iv\[29\],280.48
net4561,280.44
_06713_,280.34
_13772_,280.31
core.key3_reg\[16\],280.26
data_out1_reg\[20\],280.26
_08607_,280.03
_07911_,279.78
_18083_,279.78
net4245,279.35
data_out15_reg\[25\],279.24
net4360,279.2
_06460_,279.12
net66,279.1
_06481_,279
_15385_,278.9
_06463_,278.77
core.key4_reg\[16\],278.74
net361,278.74
core.x11_reg\[28\],278.665
_09150_,278.5
_10683_,278.5
core.x11_reg\[29\],278.495
_05658_,278.36
data_out4_reg\[24\],278.22
_12877_,278.08
data_out4_reg\[4\],278.06
core.key0_reg\[29\],277.7
_07556_,277.6
core.key\[55\],277.46
_12579_,277.42
net3909,277.4
_08327_,277.38
_19346_,277.26
_12513_,277.25
_09916_,277.04
_06506_,277.02
_18818_,276.98
clknet_6_51_0_clk,276.97
_18564_,276.94
net307,276.54
net3985,276.48
_07288_,276.22
_11787_,276.04
_19507_,276.04
_11161_,275.78
_09663_,275.72
core.data_in_reg\[194\],275.58
_11115_,275.57
data_out4_reg\[26\],275.56
data_out5_reg\[31\],275.52
_19558_,275.41
_15391_,275.04
_07625_,274.96
core.state10_reg\[24\],274.715
core.iv1_reg\[15\],274.58
_12914_,274.29
data_out5_reg\[13\],274.245
_10862_,274.13
_18113_,274.07
_12920_,273.92
_06164_,273.5
_07312_,273.48
_06453_,273.295
_05208_,273.24
data_out15_reg\[26\],273
data_out5_reg\[27\],272.9
data_out15_reg\[8\],272.78
core.iv\[10\],272.4
data_out15_reg\[31\],272.38
net329,272.29
net4841,272.27
_09120_,272.22
_15396_,272.04
_08690_,272.03
data_out8_reg\[16\],272.02
_04440_,272
data_out15_reg\[13\],271.96
_12425_,271.94
data_out5_reg\[30\],271.805
net145,271.74
core.key\[36\],271.68
data_out5_reg\[25\],271.585
data_out15_reg\[30\],271.52
_09304_,271.42
data_out5_reg\[12\],271.42
net116,271.34
data_out4_reg\[25\],271.14
data_out15_reg\[7\],270.96
_12973_,270.9
_07820_,270.73
net2982,270.68
_13029_,270.45
core.qr1.y0\[9\],270.34
net417,270.3
_06318_,270.24
_12239_,270.22
_15717_,270.22
_08718_,270.035
data_out8_reg\[22\],270
_07566_,269.9
_13023_,269.56
_06281_,269.46
net864,269.4
_06433_,269.18
_09622_,269.18
_18229_,269.18
_10094_,269.16
_09069_,269.12
net3422,268.86
_12528_,268.77
core.state10_reg\[26\],268.64
_15746_,268.6
net3884,268.565
_13012_,268.42
_04786_,268.25
core.data_in_reg\[193\],268.22
_10923_,268.19
_06753_,268.16
net3956,268.12
_12115_,268.055
_11561_,268.04
_19019_,267.86
core.key4_reg\[4\],267.86
_06271_,267.82
net325,267.64
_19889_,267.56
_07832_,267.44
_18834_,267.42
core.iv\[31\],267.32
core.key4_reg\[17\],267.1
net2255,266.96
_06407_,266.79
_19022_,266.78
core.key1_reg\[5\],266.66
_07255_,266.42
net1534,266.41
data_out5_reg\[29\],266.34
net3026,265.92
_06509_,265.64
_07667_,265.62
net2993,265.56
_09597_,265.5
core.iv\[17\],265.25
data_out2_reg\[0\],265.21
net2937,265.2
net2970,265.16
net4852,264.95
_14928_,264.72
_07803_,264.64
_17043_,264.58
data_out2_reg\[1\],264.48
_17059_,264.325
_13737_,264.21
_12911_,264.2
net168,264.16
_11734_,264.125
_13042_,264.06
net2972,264.06
_06266_,263.92
net311,263.88
net4861,263.81
_07433_,263.76
net2555,263.72
core.key1_reg\[6\],263.7
core.iv\[28\],263.45
_12958_,263.42
_05653_,263.3
_06590_,263.3
_12981_,263.27
_12917_,263.01
net3018,262.98
_10527_,262.92
_19504_,262.72
data_out8_reg\[17\],262.72
_13014_,262.47
net335,262.46
_18173_,262.3
data_out15_reg\[11\],262.22
_18187_,262.16
_03705_,262.11
core.x11_reg\[30\],262.04
_09996_,261.88
_07522_,261.83
core.data_in_reg\[192\],261.58
core.iv\[5\],261.51
core.data_in_reg\[191\],261.48
data_out8_reg\[15\],261.44
data_out8_reg\[23\],261.36
_09836_,261.31
core.key3_reg\[1\],261.12
_08438_,261.02
_13162_,260.96
data_out9_reg\[1\],260.9
core.data_in_reg\[243\],260.81
_09394_,260.715
net369,260.54
net3019,260.525
data_out8_reg\[20\],260.46
data_out2_reg\[22\],260.24
_06166_,260.2
net3011,260.14
_06582_,260.04
core.x12_reg\[15\],260.02
_12154_,260
data_out15_reg\[24\],259.87
data_out15_reg\[12\],259.74
data_out4_reg\[3\],259.66
_11943_,259.61
data_out15_reg\[10\],259.54
_18548_,259.32
_15403_,259.28
_12641_,259.215
data_out8_reg\[19\],259.12
_18121_,259.04
_08612_,258.91
net637,258.74
_11225_,258.72
net1932,258.68
_07122_,258.485
_12967_,258.16
core.block1_ctr_reg\[0\],258.14
_08139_,258.11
core.iv\[57\],258.06
_11107_,258.04
_10022_,257.98
_18247_,257.91
_10864_,257.76
_04102_,257.74
_12945_,257.66
core.x12_reg\[5\],257.6
_15535_,257.56
_08532_,257.5
_11964_,257.5
_12978_,257.38
_04844_,257.28
_12324_,257.28
_06587_,257.2
_04015_,257.08
_06521_,256.94
core.qr1.y0\[8\],256.94
_11941_,256.8
core.x10_reg\[20\],256.78
net146,256.76
data_out5_reg\[26\],256.645
_11660_,256.32
data_out9_reg\[2\],256.16
_12407_,256.13
core.key4_reg\[0\],256.12
net371,255.88
_11854_,255.74
_13839_,255.73
_09645_,255.56
_08515_,255.4
_18261_,255.2
_16903_,255.08
net3406,255.02
_12618_,254.94
_11382_,254.72
_12213_,254.4
_06512_,254.36
_06940_,254.35
data_out0_reg\[25\],254.22
_06340_,254.1
data_out1_reg\[23\],254.03
_07671_,253.98
data_out5_reg\[28\],253.59
_15529_,253.54
_11069_,253.525
_18785_,253.52
_07584_,253.51
core.state10_reg\[27\],253.31
core.qr0.y0\[25\],252.88
core.key\[0\],252.76
core.qr1.y0\[16\],252.7
_12964_,252.68
core.x9_reg\[1\],252.6
_08272_,252.5
_12901_,252.3
_18539_,252.26
_18486_,252.02
_12399_,251.87
core.key3_reg\[11\],251.715
_17114_,251.625
_13033_,251.52
data_out1_reg\[22\],251.5
_09727_,251.44
core.key7_reg\[31\],251.28
net569,251.02
_07199_,250.98
_09634_,250.92
_11967_,250.69
core.iv\[6\],250.58
_06421_,250.56
_13005_,250.53
net870,250.34
_11780_,250.24
data_out5_reg\[24\],250.165
net180,249.86
core.iv\[4\],249.84
net2915,249.78
net2948,249.72
_04533_,249.56
_03863_,249.46
core.key\[135\],249.375
_06441_,249.365
_08601_,249.3
_12652_,249.24
net2899,249.14
data_out8_reg\[1\],249.125
_06209_,248.92
_18503_,248.74
_17751_,248.68
_05138_,248.6
_06321_,248.52
_05700_,248.28
data_out11_reg\[26\],248.24
_04298_,248.235
_05414_,247.98
_06289_,247.96
_08153_,247.6
core.key7_reg\[30\],247.5
_18559_,247.46
net2655,247.38
_06438_,247.335
_06516_,247.22
_10806_,247.13
_15696_,246.92
data_out7_reg\[4\],246.785
net134,246.76
_06308_,246.68
core.x12_reg\[0\],246.46
_05654_,246.4
core.state6_reg\[19\],246.2
net2735,246.16
_12984_,246.13
net513,246.03
_12296_,245.68
core.x12_reg\[2\],245.68
data_out11_reg\[28\],245.63
core.iv\[9\],245.58
_17127_,245.57
_03702_,245.42
net1664,245.42
_06256_,245.34
net622,245.3
_12204_,245.255
_18614_,244.815
_04701_,244.735
_13836_,244.7
core.key\[139\],244.465
core.key\[134\],244.42
_15408_,244.38
core.x9_reg\[16\],244.34
_19372_,244.32
_11973_,244.29
_12717_,244.2
_12955_,244.13
_06284_,244.05
core.key4_reg\[2\],243.9
core.qr3.y0\[8\],243.7
_04095_,243.58
net2836,243.42
_18837_,243.24
core.iv\[8\],243.2
core.key\[6\],243.18
_06434_,243
_08246_,242.98
_03696_,242.86
core.qr1.y0\[11\],242.72
net2321,242.66
_12228_,242.62
_09298_,242.52
_16247_,242.47
_06148_,242.42
_10507_,242.26
_12715_,242.24
data_out8_reg\[21\],242.2
_07855_,242.1
_19445_,242
net635,241.88
_06932_,241.8
_10893_,241.69
core.data_in_reg\[287\],241.66
_03866_,241.42
data_out8_reg\[18\],241.4
net2877,241.38
_06262_,241.24
core.qr3.y0\[10\],241.18
net2693,241.18
core.x12_reg\[3\],241.16
_06575_,241.1
_09673_,240.88
_03760_,240.76
_16992_,240.38
_12987_,240.34
_12585_,240.33
_15739_,240.27
_07111_,240.25
_10494_,240.16
core.qr1.y0\[13\],240.14
_18597_,240
net2843,240
net2066,239.84
_15413_,239.82
_12398_,239.585
_18629_,239.56
_07363_,239.4
_08918_,239.35
_18588_,239.26
_12961_,239.25
_10261_,239.22
core.state5_reg\[9\],239.18
core.iv\[3\],239.02
_12217_,239
net377,238.94
_07953_,238.93
_08575_,238.9
net950,238.84
_18471_,238.68
core.x12_reg\[8\],238.62
_13020_,238.4
core.iv\[12\],238.36
core.state13_reg\[2\],238.24
core.qr3.y0\[14\],238.18
net1580,238.075
_06426_,237.9
_13449_,237.9
_07412_,237.88
_05806_,237.755
_17058_,237.54
_10921_,237.52
_05705_,237.28
_06658_,237.28
_10029_,237.26
_11750_,237.14
net4869,237.05
net4716,236.99
_10001_,236.96
_10656_,236.86
_15750_,236.82
_18967_,236.74
data_out9_reg\[4\],236.74
_10338_,236.64
_05061_,236.46
_16474_,236.3
_12990_,235.82
_06315_,235.66
_16982_,235.46
_08069_,235.28
_18650_,235.25
_13008_,235.16
core.iv\[2\],235.14
_18619_,235.11
data_out11_reg\[30\],235.09
_11950_,235.08
_18582_,235.08
_06950_,235.065
core.key\[142\],234.985
_19432_,234.92
_09767_,234.88
net1763,234.8
net1064,234.75
_18448_,234.7
_15729_,234.62
net2826,234.62
core.key4_reg\[23\],234.58
_11331_,234.5
net1511,234.47
_06335_,234.46
core.key\[69\],234.44
data_out2_reg\[23\],234.44
_07912_,234.41
_06252_,234.38
core.x9_reg\[11\],234.34
_07316_,234.2
net3849,234.2
net1010,234.16
net2519,234.1
core.x12_reg\[12\],233.96
_06578_,233.9
data_out4_reg\[1\],233.86
data_out2_reg\[28\],233.74
_12078_,233.58
_13001_,233.5
core.key\[7\],233.28
net186,233.24
net4467,233.12
_12219_,233.07
net3094,233
core.key4_reg\[1\],232.92
_12080_,232.68
core.qr1.y0\[4\],232.68
_08754_,232.59
net4441,232.37
_10850_,232.28
_08238_,232.24
net2433,232.24
net167,231.96
_09681_,231.9
_11573_,231.755
_07806_,231.68
net3236,231.66
_17184_,231.64
net900,231.64
net3143,231.58
_12116_,231.47
core.block1_ctr_reg\[14\],231.4
_19375_,231.38
net814,231.28
net4554,231.22
_12095_,231.07
net888,231.04
_18604_,231.015
_06431_,231
_12583_,231
net189,230.935
_07471_,230.88
net3682,230.78
core.x10_reg\[8\],230.7
_09984_,230.46
_10651_,230.1
_06249_,230.04
_12068_,230.02
data_out3_reg\[27\],229.92
_13529_,229.86
_08931_,229.68
_06259_,229.55
net4296,229.55
_11892_,229.31
_07311_,229.28
_19178_,229.21
_18518_,229.14
_10037_,228.85
_08565_,228.82
_15487_,228.8
_12374_,228.76
_04615_,228.72
core.key4_reg\[3\],228.64
core.state10_reg\[28\],228.6
_15527_,228.56
_05772_,228.42
core.key\[159\],228.405
_17151_,228.355
_06770_,228.3
core.x9_reg\[22\],228.2
_12110_,228.18
net481,228.07
core.state5_reg\[11\],227.94
core.x12_reg\[4\],227.94
core.x8_reg\[31\],227.94
_12075_,227.85
data_out9_reg\[3\],227.7
_09717_,227.68
_05921_,227.66
core.key4_reg\[22\],227.6
data_out11_reg\[25\],227.33
net4565,227.27
_15369_,227.26
_12770_,227.16
_06418_,227.14
_11282_,227.12
_06726_,227.08
_07940_,227.08
_10011_,227.05
data_out11_reg\[20\],227.05
_08285_,227.04
core.x9_reg\[10\],227
_11804_,226.82
_18144_,226.82
core.x8_reg\[8\],226.8
net770,226.55
core.iv\[7\],226.42
net1443,226.42
core.key\[140\],226.365
_07509_,226.32
_06144_,226.26
core.qr0.y0\[5\],226.26
_11978_,226.21
_15357_,226
_12880_,225.98
net828,225.94
_12590_,225.92
core.rounds\[3\],225.85
net4541,225.84
core.key\[143\],225.775
_18070_,225.74
_18508_,225.735
net479,225.67
data_out4_reg\[0\],225.48
_05429_,225.46
_08001_,225.06
_04140_,225.04
net1119,225.04
_06870_,224.63
_09559_,224.59
_06032_,224.56
_16905_,224.52
net3482,224.3
_07422_,224.135
core.x10_reg\[9\],224.12
net990,224.1
data_out5_reg\[11\],224.045
data_out0_reg\[14\],224.02
_16987_,223.8
net445,223.8
data_out11_reg\[29\],223.75
_07447_,223.64
net924,223.22
core.key\[141\],222.765
_17094_,222.62
_15798_,222.52
_19934_,222.455
_11981_,222.45
net3545,222.38
_05805_,222.31
_03792_,222.06
_07378_,222.06
core.key\[41\],222.06
_18525_,222.02
data_out1_reg\[24\],222.02
_18195_,221.9
core.rounds\[2\],221.54
_10578_,221.52
core.key\[138\],221.505
core.iv\[20\],221.44
_12594_,221.28
_15734_,221.28
_11887_,221.11
_11012_,221.1
_17493_,221.08
_08939_,221.02
data_out11_reg\[24\],221
_12588_,220.98
_19634_,220.86
_06368_,220.82
_13520_,220.76
_12598_,220.72
core.qr3.y0\[0\],220.72
core.x9_reg\[12\],220.72
net1503,220.66
net998,220.58
net908,220.49
_08244_,220.44
_18670_,220.44
_06331_,220.14
_19002_,220.12
_11834_,220.095
net3717,220.08
_05586_,220.06
_14843_,220
_09816_,219.96
net4856,219.88
_09736_,219.84
_11351_,219.84
_08959_,219.8
_07344_,219.72
_09785_,219.61
_11584_,219.56
_18233_,219.36
_07879_,219.32
_17748_,219.32
_06448_,219.24
net4312,219
_07479_,218.96
_12441_,218.81
_07901_,218.78
_03729_,218.74
_11056_,218.58
core.x12_reg\[9\],218.58
_13139_,218.44
_06572_,218.38
core.qr1.y0\[14\],218.3
core.iv0_reg\[0\],218.18
net2272,218.14
core.iv\[56\],218.12
_19126_,218.1
_06775_,217.98
_06841_,217.92
_07603_,217.84
_12035_,217.8
_03813_,217.66
_17107_,217.54
_18131_,217.45
_07934_,217.34
_10873_,217.34
_10604_,217.28
_18265_,217.275
_15191_,217.2
_10852_,217.16
net473,217.16
_03757_,217.14
_15418_,217.12
core.state13_reg\[3\],217.12
core.qr1.y0\[15\],216.84
_16486_,216.78
net4850,216.73
core.key\[136\],216.58
_19447_,216.54
core.qr0.y0\[17\],216.52
net606,216.44
_04274_,216.32
_07916_,216.32
_18308_,216.28
_19176_,216.21
core.x9_reg\[8\],216.2
net3652,216.2
_07348_,216.12
_06312_,216.06
core.qr3.y0\[12\],216.06
data_out7_reg\[5\],216.04
net1538,216.04
_10676_,215.96
core.x9_reg\[6\],215.94
_04145_,215.89
_09995_,215.88
data_out5_reg\[10\],215.825
data_out0_reg\[27\],215.79
core.state7_reg\[22\],215.72
_07975_,215.635
_17780_,215.52
core.x12_reg\[7\],215.47
_17054_,215.44
_08666_,215.38
net589,215.3
net3657,215.175
_18023_,215.14
_13197_,215.055
_19321_,215.04
_12429_,215.03
_14413_,215.02
_06169_,215
_11305_,215
_09330_,214.73
_12102_,214.7
_18529_,214.62
core.key\[24\],214.54
net792,214.46
_08280_,214.44
_18437_,214.42
_13577_,214.355
net2301,214.32
_06328_,214.26
_06131_,214.2
core.state13_reg\[1\],214.2
core.state5_reg\[19\],214.12
_16399_,214.04
_16997_,214.04
_06158_,214
_13736_,214
_06218_,213.84
_12544_,213.78
_10763_,213.72
_11599_,213.68
core.key\[10\],213.66
_11300_,213.65
_06305_,213.6
core.rounds\[4\],213.52
_06260_,213.46
_18218_,213.44
core.qr0.y0\[13\],213.44
_08910_,213.33
_06325_,213.26
core.state5_reg\[22\],213.2
_11790_,213.02
_09334_,212.91
_07380_,212.9
_11899_,212.9
_13254_,212.88
_09577_,212.7
core.x8_reg\[23\],212.64
_06302_,212.575
net3591,212.38
_06444_,212.28
_08231_,212.26
_12422_,212.22
core.key\[137\],212.18
net1145,212.18
data_out5_reg\[9\],212.135
data_out8_reg\[0\],212.08
net4789,212.08
_08901_,212.04
net730,211.98
_12939_,211.82
core.x9_reg\[13\],211.8
data_out0_reg\[13\],211.76
_11997_,211.72
_15429_,211.58
core.x12_reg\[13\],211.54
_09986_,211.38
_10113_,211.38
core.qr0.y0\[27\],211.28
_11195_,211.26
_18239_,211.24
_15743_,211.14
_12759_,211.1
core.key\[40\],211.03
_11840_,210.98
_14940_,210.82
net3642,210.62
net411,210.56
_11991_,210.52
core.key\[111\],210.44
core.state7_reg\[19\],210.38
core.qr1.y0\[24\],210.33
_07446_,210.32
_12099_,210.12
_10072_,210.02
_13471_,209.88
_12886_,209.84
_16931_,209.82
_12121_,209.72
data_out6_reg\[17\],209.665
_18551_,209.57
_12169_,209.49
core.data_in_reg\[326\],209.38
_16131_,209.32
_16921_,209.14
_08545_,209.115
_07876_,208.98
_18428_,208.98
_09010_,208.9
core.x10_reg\[6\],208.845
core.qr0.y0\[16\],208.82
_14414_,208.81
_12546_,208.8
_18477_,208.715
_18970_,208.69
core.key\[15\],208.68
_14149_,208.67
_12126_,208.66
data_out3_reg\[22\],208.66
_06141_,208.34
_05952_,208.26
_06654_,208.16
_09835_,208.04
core.data_out\[223\],207.86
_13385_,207.78
_04691_,207.64
net4046,207.62
net3428,207.5
_18493_,207.4
net477,207.4
data_out2_reg\[29\],207.38
_18636_,207.285
_19318_,207.24
core.key4_reg\[25\],207.22
_09471_,206.97
data_out11_reg\[31\],206.97
_11661_,206.95
net4546,206.92
_18453_,206.88
_08638_,206.84
net3402,206.68
net150,206.54
core.rounds\[1\],206.52
_19179_,206.22
net824,206.22
_05348_,206.07
_09271_,206.06
_18725_,206.06
_17903_,206
_12088_,205.9
core.key\[48\],205.74
_12936_,205.62
_18739_,205.6
net4268,205.44
_10105_,205.3
_12288_,205.28
core.qr3.y0\[13\],205.275
_06138_,205.18
data_out5_reg\[6\],205.085
core.x9_reg\[19\],204.98
data_out11_reg\[19\],204.96
net2859,204.9
_06454_,204.88
_10413_,204.7
_07505_,204.52
_11226_,204.5
_06088_,204.48
_12000_,204.48
core.key\[25\],204.325
_10817_,204.28
_07322_,204.24
_06134_,204.2
_12817_,204.14
_06524_,204.08
_19069_,204.04
_11817_,203.96
core.key3_reg\[3\],203.84
_18182_,203.82
_14328_,203.735
_10708_,203.22
core.key\[14\],203.16
_11557_,203.14
core.key0_reg\[26\],202.94
_07884_,202.92
_12313_,202.91
net994,202.9
_09852_,202.85
net190,202.84
_10524_,202.82
net391,202.82
_12319_,202.735
core.x9_reg\[21\],202.62
_14586_,202.6
core.x8_reg\[21\],202.5
core.key\[4\],202.38
net1371,202.34
_15607_,202.33
core.data_in_reg\[327\],202.195
data_out2_reg\[30\],202.08
_06298_,201.94
core.key4_reg\[26\],201.94
core.state10_reg\[29\],201.82
data_out9_reg\[0\],201.735
_09686_,201.72
net1143,201.66
_11759_,201.62
_14677_,201.56
_16926_,201.56
_06391_,201.5
core.qr3.y0\[3\],201.4
_08446_,201.34
core.key4_reg\[27\],201.28
_12137_,201.26
_12083_,201.02
_18708_,201.02
_13427_,200.88
_14966_,200.68
net1540,200.52
core.state10_reg\[30\],200.48
data_out0_reg\[26\],200.43
core.qr3.y0\[5\],200.36
data_out11_reg\[22\],200.34
_06415_,200.26
data_out11_reg\[2\],200.26
_07207_,200.18
core.state7_reg\[13\],200.18
net1329,199.93
_07144_,199.9
_09841_,199.9
core.key\[60\],199.9
_07377_,199.88
_14855_,199.84
_17056_,199.8
_19506_,199.78
_18590_,199.52
_06457_,199.5
_03810_,199.46
net4402,199.37
data_out0_reg\[12\],199.34
net851,199.315
_10479_,199.24
_09091_,199.11
_12638_,199.1
data_out0_reg\[15\],199.06
data_out5_reg\[5\],198.935
_18360_,198.9
_04585_,198.88
data_out7_reg\[18\],198.88
_19422_,198.87
_07857_,198.84
_07907_,198.78
net181,198.74
_06139_,198.58
_12535_,198.54
_10693_,198.52
data_out11_reg\[3\],198.5
_18693_,198.48
_13312_,198.34
_06023_,198.3
data_out11_reg\[21\],198.24
_10395_,198.14
core.x10_reg\[14\],198.14
core.key\[56\],198.12
core.key3_reg\[31\],198.08
_05571_,198.07
_13571_,198.03
data_out5_reg\[8\],197.765
_06257_,197.76
_13311_,197.72
_10955_,197.71
_12909_,197.7
data_out0_reg\[16\],197.6
_19694_,197.47
core.x10_reg\[19\],197.42
core.data_in_reg\[439\],197.28
_19503_,197.2
data_out0_reg\[6\],197.06
_09824_,197
net3058,196.84
_10859_,196.82
_11130_,196.815
_07421_,196.76
_18257_,196.72
core.key\[58\],196.68
net3395,196.615
_11705_,196.6
_18659_,196.44
_08790_,196.19
data_out11_reg\[15\],196.18
net4525,196.14
_11815_,196.12
_18640_,196.11
_11994_,196.08
_05399_,196
_12033_,195.98
_12551_,195.96
core.key\[59\],195.94
_14431_,195.78
net1716,195.52
_11722_,195.415
_06990_,195.21
_12420_,195.06
_18621_,195.06
data_out5_reg\[7\],195.01
_17946_,194.93
_11803_,194.9
net689,194.88
_11658_,194.82
_12129_,194.77
net2940,194.75
core.key\[30\],194.7
data_out2_reg\[31\],194.7
_18198_,194.62
_09307_,194.48
_03899_,194.34
_18240_,194.27
core.qr1.y0\[3\],194.26
_11771_,194.24
_19691_,194.23
net3343,194.12
_10273_,194.08
core.key\[2\],194
core.key\[1\],193.98
_17410_,193.94
net2816,193.92
_05534_,193.88
_18392_,193.8
_06255_,193.765
_16937_,193.72
net375,193.72
core.x9_reg\[9\],193.58
_05419_,193.56
_15424_,193.52
_09611_,193.42
net2932,193.3
core.qr0.y0\[7\],193.28
core.key\[26\],193.15
core.qr0.y0\[4\],193.14
_18280_,193.1
_08208_,193.06
data_out11_reg\[4\],192.98
_18606_,192.92
_06568_,192.9
_10964_,192.86
_12549_,192.82
_04461_,192.72
_04686_,192.68
_12030_,192.68
core.key\[54\],192.675
_10373_,192.64
_11730_,192.56
_10288_,192.48
_16256_,192.45
_18407_,192.2
_07926_,192.1
_05657_,192.06
_18375_,192.04
net1410,192.04
data_out7_reg\[17\],191.8
_18414_,191.76
_19075_,191.66
_17003_,191.54
net347,191.41
core.key\[57\],191.1
core.qr1.y0\[2\],191.08
_08185_,191.07
_18259_,191.04
data_out0_reg\[24\],191
core.x10_reg\[10\],190.98
core.key\[5\],190.88
_05811_,190.86
data_out11_reg\[23\],190.86
core.qr1.y0\[26\],190.84
_17211_,190.77
_11751_,190.765
core.x9_reg\[17\],190.68
_18225_,190.65
_17057_,190.56
_08952_,190.52
core.data_in_reg\[443\],190.455
net774,190.4
_11745_,190.36
_08498_,190.32
data_out11_reg\[9\],190.04
_12230_,190.02
_10079_,190
_15359_,189.85
net2911,189.82
_13330_,189.78
net4022,189.78
net594,189.76
_10754_,189.68
data_out5_reg\[0\],189.4
core.x9_reg\[15\],189.38
_13586_,189.34
_10316_,189.27
_12825_,189.2
_17444_,189.18
net389,189.1
data_out2_reg\[25\],188.98
_19746_,188.955
_13568_,188.895
_06699_,188.86
data_out3_reg\[25\],188.86
_17774_,188.8
_14980_,188.78
core.x9_reg\[14\],188.775
core.key\[13\],188.535
_11916_,188.5
_15720_,188.5
net515,188.22
_11766_,188.045
_19907_,187.905
_06513_,187.9
core.data_in_reg\[346\],187.88
net511,187.88
_14678_,187.86
core.x8_reg\[22\],187.86
_18786_,187.76
_09924_,187.74
_06378_,187.62
core.data_in_reg\[324\],187.6
_11795_,187.56
_09755_,187.26
_15616_,187.24
_09761_,187.18
_10997_,187.18
core.data_in_reg\[323\],187.155
core.data_in_reg\[437\],187.12
data_out3_reg\[26\],187
_07783_,186.9
_11135_,186.9
core.state6_reg\[9\],186.66
_12539_,186.6
data_out1_reg\[25\],186.59
core.qr3.y0\[6\],186.56
_12402_,186.32
_18566_,186.32
data_out5_reg\[4\],186.28
_06226_,186.24
_06242_,186.04
_06672_,186.02
_19910_,186.02
_06560_,185.94
core.x11_reg\[31\],185.92
_10266_,185.81
_14945_,185.76
data_out11_reg\[18\],185.68
_19123_,185.66
data_out6_reg\[3\],185.64
net3319,185.64
_06689_,185.58
_11682_,185.52
data_out6_reg\[18\],185.465
core.x12_reg\[1\],185.38
_04830_,185.31
_11217_,185.29
_16260_,185.22
ready_reg,185.15
_18270_,185.12
data_out3_reg\[23\],185.08
core.key\[62\],185.06
_11837_,185.02
core.key\[145\],185.015
_17096_,184.88
core.qr1.y0\[17\],184.8
_11127_,184.76
core.x9_reg\[7\],184.745
_19692_,184.66
_06234_,184.52
core.data_in_reg\[509\],184.44
core.iv0_reg\[13\],184.44
net3281,184.36
core.key\[3\],184.12
_12542_,183.96
_06081_,183.94
net155,183.78
net1965,183.76
_12390_,183.66
core.key\[53\],183.635
_18189_,183.59
_10951_,183.46
_09568_,183.29
_07321_,183.22
core.state7_reg\[9\],183.195
_18881_,183.1
net2865,183.01
net4058,182.96
_19118_,182.92
net2944,182.86
net3043,182.75
_10474_,182.74
_11902_,182.74
_17739_,182.7
_08263_,182.6
_15498_,182.6
_18154_,182.6
_19695_,182.57
core.key\[61\],182.54
net3249,182.24
core.key\[129\],182.22
core.state5_reg\[8\],182.21
core.data_in_reg\[37\],182.2
core.qr3.y0\[21\],182.18
net200,182.18
_19797_,182.16
_18236_,182.14
_18203_,182.135
core.key3_reg\[30\],181.9
core.key\[149\],181.725
_05848_,181.42
_04816_,181.38
_08784_,181.33
_11704_,181.275
data_out11_reg\[0\],181.1
_06142_,181.06
core.x8_reg\[19\],181.02
core.key\[73\],180.98
_10383_,180.96
_07058_,180.88
data_out3_reg\[24\],180.86
data_out3_reg\[5\],180.72
_18418_,180.69
net3339,180.56
_12057_,180.5
_10603_,180.38
_10325_,180.14
core.data_in_reg\[347\],180.1
_12572_,180.035
_06057_,179.995
net3746,179.98
_12824_,179.85
_10737_,179.74
_18124_,179.74
_18176_,179.69
net198,179.66
_07175_,179.56
core.key\[207\],179.52
_09332_,179.5
_19749_,179.32
core.key\[52\],179.28
core.key\[144\],179.135
net1563,179.08
_12054_,179.03
net3758,179.03
_03681_,179.01
_19800_,178.98
data_out11_reg\[14\],178.92
data_out2_reg\[27\],178.9
core.key\[42\],178.88
core.key\[11\],178.84
_11909_,178.81
core.key\[158\],178.735
_12006_,178.635
_19279_,178.62
_19072_,178.52
core.x12_reg\[6\],178.52
core.x10_reg\[31\],178.415
_18123_,178.38
_10843_,178.29
_07360_,178.27
_12050_,178.22
core.key\[205\],178.2
_17775_,178.195
_12039_,178.14
_12082_,178.12
_05299_,178.08
_18243_,178.025
_12047_,177.98
core.key4_reg\[24\],177.96
_12421_,177.94
_07364_,177.79
_11847_,177.6
net3586,177.395
_18179_,177.24
_18817_,177.18
_16495_,177
core.key\[47\],176.91
core.x10_reg\[11\],176.86
_11873_,176.8
_06663_,176.64
_12144_,176.56
_11701_,176.54
core.x10_reg\[7\],176.48
core.x8_reg\[10\],176.4
net3113,176.36
_07317_,176.34
data_out3_reg\[19\],176.14
core.key\[101\],176.1
core.qr1.y0\[23\],176.08
_12072_,176.01
_06244_,175.92
_11832_,175.86
data_out10_reg\[18\],175.8
_06684_,175.735
_12761_,175.68
_17494_,175.67
_17789_,175.62
core.x8_reg\[9\],175.42
_16051_,175.4
_16231_,175.28
_10899_,175.255
_10262_,175.22
net4152,175.2
_15478_,175.19
_05992_,175.16
_13517_,174.98
_12415_,174.94
_12019_,174.86
_11313_,174.72
data_out3_reg\[28\],174.7
_06464_,174.64
_17724_,174.57
data_out5_reg\[3\],174.56
_15724_,174.44
_08072_,174.355
core.state7_reg\[10\],174.34
_14148_,174.32
_08507_,174.31
_18282_,174.28
_15108_,174.27
_10721_,174.23
_05080_,174.2
_18246_,174.175
_06400_,174.16
_09759_,174.16
_06332_,174.12
_11309_,174.04
_10085_,174.02
data_out2_reg\[26\],173.88
_16570_,173.8
net3204,173.78
core.key\[151\],173.62
data_out6_reg\[16\],173.575
core.x8_reg\[20\],173.52
_00005_,173.485
_17728_,173.46
_08749_,173.4
core.qr1.y0\[19\],173.28
_12023_,173.27
_15078_,173.26
_06240_,173.245
_17771_,173.22
data_out11_reg\[5\],173.2
core.key\[87\],173.115
_12410_,173.04
_06374_,173.02
_07392_,172.98
_18758_,172.84
_13315_,172.82
_04707_,172.74
_06135_,172.72
_06229_,172.68
core.key\[51\],172.6
core.qr3.y0\[20\],172.57
_08279_,172.48
_06145_,172.44
_07949_,172.34
_06237_,172.26
_10115_,172.25
data_out7_reg\[19\],172.24
_13873_,172.04
_08354_,171.98
_12042_,171.84
core.key\[204\],171.82
data_out1_reg\[31\],171.78
_10574_,171.62
_06884_,171.58
core.key\[9\],171.44
data_out3_reg\[14\],171.42
core.key\[46\],171.38
data_out6_reg\[14\],171.33
_10798_,171.19
_17405_,171.14
_09337_,170.89
_14908_,170.86
core.key\[8\],170.8
_16750_,170.74
_19132_,170.72
_06132_,170.68
net3620,170.68
_04658_,170.64
_11809_,170.54
data_out11_reg\[11\],170.52
core.key\[43\],170.5
_10772_,170.42
_10660_,170.395
core.key\[74\],170.315
data_out1_reg\[27\],170.3
_06526_,170.1
_08268_,170
_13446_,170
_10738_,169.95
_16526_,169.95
net228,169.82
_14172_,169.72
_14874_,169.64
_11798_,169.56
_14701_,169.46
core.key\[105\],169.46
core.x9_reg\[3\],169.3
data_out6_reg\[19\],169.285
core.key\[12\],169.28
_06371_,169.16
_10858_,169.12
core.data_in_reg\[218\],169.12
core.key\[79\],169.08
core.key\[132\],169.075
_18652_,169.06
core.key\[63\],169.02
core.x10_reg\[18\],168.93
core.data_in_reg\[57\],168.88
core.x10_reg\[17\],168.84
_13621_,168.8
net930,168.8
_09613_,168.74
_15719_,168.7
_06696_,168.66
_08411_,168.64
core.x8_reg\[6\],168.58
net3616,168.52
data_out5_reg\[1\],168.505
_18753_,168.46
net2411,168.42
core.data_in_reg\[438\],168.38
_14311_,168.14
core.key\[146\],168.125
_14938_,168.04
data_out8_reg\[6\],168.02
_06727_,168.01
net3195,167.96
core.qr3.y0\[22\],167.94
_11775_,167.9
core.key2_reg\[13\],167.88
net274,167.84
_15124_,167.635
_11736_,167.62
core.data_in_reg\[444\],167.62
net2974,167.6
_17803_,167.58
net355,167.54
_18397_,167.5
_18183_,167.48
data_out3_reg\[30\],167.46
data_out3_reg\[18\],167.42
_12411_,167.36
net3409,167.22
core.x8_reg\[16\],167.17
core.qr3.y0\[26\],167.1
net399,167.05
_15101_,167.02
_07284_,166.92
_10783_,166.92
_06293_,166.9
_04835_,166.74
data_out0_reg\[28\],166.66
_18767_,166.6
_04526_,166.58
data_out0_reg\[5\],166.47
_10649_,166.44
net367,166.2
data_out3_reg\[31\],166.18
core.qr0.y0\[26\],166.16
_12013_,166
_13327_,165.98
_05052_,165.94
core.data_in_reg\[436\],165.9
_10586_,165.84
data_out10_reg\[14\],165.76
_16600_,165.56
net1594,165.56
_05981_,165.54
_11828_,165.46
data_out6_reg\[2\],165.415
_06754_,165.4
_10298_,165.34
_04022_,165.3
_05997_,165.18
_07096_,165.18
net3600,165.12
_11823_,164.98
core.data_in_reg\[301\],164.98
core.data_in_reg\[26\],164.85
_11009_,164.66
core.key\[70\],164.645
_12133_,164.64
core.key\[45\],164.54
_04543_,164.44
_11783_,164.28
core.key\[120\],164.22
_10947_,164.18
_16949_,164.18
_18672_,164.16
_12141_,164.06
_10698_,164.02
_13599_,164.02
_09739_,163.88
_10996_,163.88
_18382_,163.68
_15279_,163.6
_19450_,163.58
_15490_,163.56
_18145_,163.54
core.key\[50\],163.45
_16942_,163.325
_19801_,163.32
net3057,163.26
_16959_,163.24
_18319_,163.22
core.qr1.y0\[25\],163.22
_10348_,163.12
core.data_in_reg\[240\],163.11
_18744_,163.08
_08410_,163.02
core.x9_reg\[18\],163
_16954_,162.96
_11031_,162.87
core.state12_reg\[24\],162.84
core.key\[100\],162.81
core.data_in_reg\[61\],162.78
_09956_,162.74
_03764_,162.72
_08336_,162.72
_04446_,162.695
_11938_,162.64
data_out0_reg\[8\],162.6
core.qr0.y0\[24\],162.46
_10829_,162.36
_16646_,162.32
_17093_,162.04
_08619_,161.98
_14853_,161.96
_05274_,161.94
data_out1_reg\[28\],161.94
_15830_,161.92
_18795_,161.92
core.data_in_reg\[322\],161.77
_09322_,161.76
_05577_,161.73
_06027_,161.72
_16254_,161.72
_06535_,161.66
_16238_,161.58
data_out0_reg\[19\],161.54
core.key\[44\],161.44
core.x10_reg\[12\],161.4
core.iv1_reg\[28\],161.38
data_out5_reg\[2\],161.3
core.key\[49\],161.295
_13578_,161.26
_18772_,161.14
core.key3_reg\[28\],161.1
_18718_,161.09
_04663_,161.04
_12117_,160.78
_16488_,160.75
_12104_,160.68
_06467_,160.66
core.data_in_reg\[400\],160.61
_16226_,160.5
data_out1_reg\[26\],160.48
core.iv1_reg\[29\],160.24
net3835,160.24
core.key3_reg\[26\],160.16
data_out10_reg\[15\],160.14
data_out10_reg\[17\],160.12
core.key\[148\],160.075
_17419_,160.04
_10580_,160.02
data_out7_reg\[15\],159.98
_03965_,159.955
_12417_,159.93
data_out10_reg\[11\],159.8
net220,159.54
data_out0_reg\[11\],159.52
core.key\[72\],159.425
_18074_,159.41
net848,159.4
core.key3_reg\[29\],159.36
net38,159.32
net413,159.2
_10784_,159.15
net3169,159.12
_18159_,159.1
_11694_,159.095
core.data_in_reg\[58\],159.08
_09958_,159.02
data_out3_reg\[29\],159
core.key\[113\],158.96
_12174_,158.94
_14102_,158.92
data_out11_reg\[17\],158.92
data_out10_reg\[19\],158.88
_12160_,158.84
_09570_,158.77
_06297_,158.76
_08381_,158.72
net359,158.7
_19454_,158.68
core.key2_reg\[2\],158.66
core.key\[147\],158.625
_18133_,158.54
_19012_,158.52
_17931_,158.315
_11985_,158.295
_19131_,158.29
_10251_,158.2
data_out3_reg\[16\],158.2
_16109_,158.12
_05881_,158.08
net3141,158
_07395_,157.975
_18910_,157.93
core.x10_reg\[13\],157.92
_10836_,157.9
data_out11_reg\[10\],157.82
_05472_,157.76
core.key\[16\],157.76
net2407,157.72
data_out3_reg\[10\],157.6
data_out10_reg\[13\],157.54
_10570_,157.48
_07989_,157.46
_13064_,157.44
_14708_,157.38
_11018_,157.34
core.data_in_reg\[38\],157.32
_08830_,157.27
_18314_,157.22
_05194_,157.2
_12064_,157.19
_08771_,156.98
_06556_,156.92
core.data_in_reg\[302\],156.92
_08539_,156.74
_15500_,156.72
_10588_,156.685
_19479_,156.66
core.key3_reg\[27\],156.48
net3109,156.45
core.key\[78\],156.425
_15157_,156.4
_11164_,156.34
core.iv1_reg\[26\],156.24
_05567_,156.12
_16512_,156.12
data_out7_reg\[20\],156.08
core.key\[112\],156.055
net1269,155.97
_16312_,155.96
net910,155.95
_17731_,155.84
_09283_,155.81
net429,155.78
_08335_,155.755
_10746_,155.66
data_out0_reg\[29\],155.64
_10492_,155.6
data_out11_reg\[7\],155.6
core.x9_reg\[2\],155.5
_11090_,155.46
_18677_,155.46
core.key\[107\],155.46
core.key\[131\],155.44
data_out0_reg\[20\],155.42
_19441_,155.4
_16264_,155.36
net111,155.34
_18366_,155.22
core.key\[130\],155.2
_08392_,155.06
core.key\[206\],155.06
_19511_,154.92
core.x10_reg\[16\],154.86
core.data_in_reg\[445\],154.84
_06461_,154.82
_11740_,154.78
_08697_,154.77
_13122_,154.62
data_out10_reg\[20\],154.62
_17906_,154.61
_14526_,154.56
_04240_,154.54
data_out7_reg\[21\],154.54
core.x10_reg\[15\],154.485
_19853_,154.38
net3009,154.38
_07106_,154.37
net3527,154.32
_12434_,154.24
data_out7_reg\[16\],154.24
_04019_,154.2
_18662_,154.2
_18075_,154.18
_16699_,154.14
_06295_,154.02
data_out0_reg\[17\],154.02
core.key\[104\],153.98
net2964,153.72
_03971_,153.66
core.x9_reg\[5\],153.66
_05829_,153.38
data_out10_reg\[9\],153.34
net3072,153.32
_11756_,153.26
_18325_,153.24
data_out2_reg\[24\],153.22
_05415_,153.205
_09725_,153.11
_16681_,152.98
_10466_,152.96
net3540,152.94
core.key\[150\],152.865
_05969_,152.86
data_out0_reg\[23\],152.85
_14564_,152.825
data_out11_reg\[13\],152.58
_14450_,152.54
core.x8_reg\[18\],152.54
_05974_,152.46
_10257_,152.24
_16753_,152.16
_12416_,152.12
_12678_,152.04
net4729,152
_03949_,151.79
_08196_,151.79
_13184_,151.76
_10123_,151.72
_10230_,151.7
_19850_,151.7
_17709_,151.66
_18078_,151.66
_06875_,151.64
core.key\[28\],151.5
data_out10_reg\[10\],151.43
net2316,151.32
core.iv1_reg\[27\],151.26
data_out0_reg\[10\],151.24
core.block1_ctr_reg\[20\],151.22
_10077_,151.16
data_out11_reg\[8\],150.91
core.iv1_reg\[25\],150.88
_10531_,150.84
net3147,150.8
_05924_,150.71
data_out1_reg\[30\],150.7
_15786_,150.6
core.data_in_reg\[36\],150.6
_13036_,150.58
core.data_in_reg\[185\],150.5
_12892_,150.36
_17902_,150.32
net1319,150.32
_11664_,150.28
_12444_,150.28
data_out11_reg\[16\],150.28
data_out6_reg\[20\],150.245
core.key5_reg\[10\],150.2
_09656_,150.16
_18171_,150.02
_03748_,150
_07008_,149.92
core.key2_reg\[9\],149.88
data_out0_reg\[1\],149.76
net4879,149.72
_10715_,149.59
core.data_in_reg\[39\],149.54
_04772_,149.52
core.key\[39\],149.5
core.iv1_reg\[31\],149.46
_12453_,149.44
net3207,149.44
core.data_in_reg\[60\],149.4
_07114_,149.345
core.iv1_reg\[24\],149.34
_06008_,149.28
net3060,149.275
_12438_,149.24
_10835_,149.22
data_out0_reg\[30\],149.1
net357,149.08
_08487_,149.06
_17896_,149.035
data_out6_reg\[15\],149.025
net3050,149
_04275_,148.94
core.key\[75\],148.94
_13072_,148.9
_18317_,148.88
core.iv0_reg\[23\],148.78
_11857_,148.7
_05137_,148.6
_07221_,148.54
core.x9_reg\[4\],148.52
core.state12_reg\[16\],148.5
_19643_,148.48
data_out8_reg\[7\],148.46
_03931_,148.4
_05568_,148.36
net1210,148.28
_14063_,148.22
_15464_,147.99
_13575_,147.96
core.data_in_reg\[298\],147.96
core.data_in_reg\[7\],147.96
core.data_in_reg\[299\],147.94
_10736_,147.88
net2923,147.88
_05757_,147.85
_18702_,147.8
_18063_,147.74
_11884_,147.72
_18642_,147.68
_06557_,147.66
core.data_out\[133\],147.58
_06290_,147.54
_18781_,147.48
_17619_,147.34
_13576_,147.28
core.data_in_reg\[300\],147.26
core.data_in_reg\[242\],147.24
_07278_,147.16
_18190_,146.96
_13129_,146.92
_12873_,146.88
core.data_in_reg\[217\],146.8
_05852_,146.78
_07320_,146.62
data_out3_reg\[13\],146.62
_06861_,146.56
_05265_,146.535
_10719_,146.5
core.key\[110\],146.48
_04355_,146.375
_18561_,146.37
_07213_,146.32
_07250_,146.32
core.data_in_reg\[403\],146.32
net298,146.275
net3007,146.24
_10844_,146.18
_16421_,146.13
net301,146.02
data_out6_reg\[21\],145.84
data_out10_reg\[24\],145.78
core.key\[127\],145.76
core.data_in_reg\[113\],145.74
net214,145.74
_12408_,145.68
_04389_,145.64
_19640_,145.54
_15209_,145.5
_18701_,145.5
core.data_in_reg\[368\],145.5
_19175_,145.49
core.qr2.y0\[29\],145.44
_05075_,145.4
_18821_,145.4
core.data_in_reg\[262\],145.4
_04312_,145.39
core.state12_reg\[18\],145.36
_09926_,145.34
core.key\[95\],145.295
_18681_,145.28
_08807_,145.185
_03850_,145.17
_11878_,145.02
net407,144.98
_14596_,144.94
_18962_,144.845
data_out1_reg\[29\],144.82
net3439,144.82
_14542_,144.8
_18188_,144.8
_06935_,144.78
_18137_,144.76
_13539_,144.72
net216,144.68
net4231,144.64
_18584_,144.6
core.key\[76\],144.545
data_out11_reg\[1\],144.52
_11241_,144.46
_12596_,144.44
_12611_,144.16
_12401_,144.09
core.key\[201\],144
_06065_,143.96
core.data_in_reg\[6\],143.96
data_out3_reg\[12\],143.94
core.data_in_reg\[396\],143.82
data_out11_reg\[6\],143.82
data_out7_reg\[14\],143.795
_13235_,143.78
_08609_,143.64
_07222_,143.49
net2942,143.46
_12882_,143.44
_06223_,143.38
data_out3_reg\[20\],143.2
data_out10_reg\[26\],143.1
net3025,143.06
core.x8_reg\[1\],143.015
_16221_,142.98
_06903_,142.955
net3661,142.94
_11714_,142.88
_06413_,142.87
core.data_in_reg\[297\],142.82
_11266_,142.81
_17881_,142.74
_13056_,142.7
core.state4_reg\[9\],142.7
_08387_,142.61
core.key\[252\],142.56
data_out10_reg\[25\],142.495
_05132_,142.46
_13675_,142.455
net218,142.44
core.iv1_reg\[30\],142.42
_12077_,142.38
_05313_,142.36
_18067_,142.32
net2917,142.3
_10869_,142.26
net3347,142.26
net2997,142.16
_09376_,142.15
_06217_,142.12
_11452_,142.12
_17823_,142.08
_11063_,142.06
core.key\[71\],142.005
_05251_,141.98
_12607_,141.98
_17608_,141.89
net3689,141.86
_09575_,141.85
_15782_,141.84
core.key3_reg\[25\],141.84
net3028,141.8
data_out0_reg\[9\],141.79
_12171_,141.76
data_out10_reg\[21\],141.76
_08347_,141.755
_18797_,141.61
_13264_,141.56
_09679_,141.5
_17477_,141.46
_10938_,141.44
_06357_,141.4
data_out10_reg\[31\],141.26
net3502,141.24
_02184_,141.205
_13079_,141.16
_17529_,141.1
_14470_,141.04
core.data_in_reg\[394\],141.04
_06978_,140.99
_15593_,140.99
data_out3_reg\[21\],140.99
net2669,140.96
_11726_,140.92
_10447_,140.72
net2977,140.72
_10470_,140.64
_19307_,140.62
data_out0_reg\[7\],140.58
_10560_,140.48
net4399,140.48
_08470_,140.44
_06683_,140.42
_10118_,140.36
core.keylen,140.285
data_out10_reg\[22\],140.28
net3472,140.26
core.key\[96\],140.185
_16222_,140.06
_07296_,140
core.data_in_reg\[5\],139.9
_18066_,139.79
_16780_,139.78
data_out6_reg\[13\],139.705
core.data_in_reg\[303\],139.58
net2086,139.48
_11656_,139.46
core.data_in_reg\[264\],139.46
_08363_,139.42
net379,139.3
data_out3_reg\[9\],139.26
net2196,139.26
_15152_,139.24
_19685_,139.22
core.x8_reg\[14\],139.07
_12163_,138.83
_18747_,138.78
net3083,138.78
_06159_,138.72
_10792_,138.6
_12279_,138.56
_19798_,138.48
_11473_,138.3
_18761_,138.28
data_out7_reg\[10\],138.28
_13886_,138.24
_18733_,138.16
core.key\[106\],138.16
core.key\[224\],138.12
core.data_in_reg\[296\],138.1
_18200_,138.095
_08369_,138.04
_03968_,138
net2956,137.84
net363,137.82
data_out6_reg\[5\],137.785
core.key2_reg\[5\],137.78
_18170_,137.74
core.key\[200\],137.74
_18696_,137.7
data_out6_reg\[29\],137.585
_07501_,137.54
net385,137.5
net2422,137.48
_09734_,137.44
core.key\[126\],137.36
_13245_,137.35
core.qr2.y0\[5\],137.3
_15982_,137.28
_14054_,137.22
_18338_,137.18
core.data_in_reg\[389\],137.17
_12044_,137.14
_19263_,137.14
core.key\[118\],137.08
_04096_,137.06
core.key\[17\],137
_10870_,136.99
data_out7_reg\[11\],136.96
core.key\[77\],136.915
_09797_,136.8
core.key\[38\],136.7
_08516_,136.68
_06285_,136.48
core.key\[27\],136.4
data_out11_reg\[12\],136.36
core.data_in_reg\[435\],136.26
core.data_in_reg\[25\],136.24
net4098,136.24
core.key4_reg\[28\],136.22
data_out3_reg\[11\],136.16
net3419,136.16
_09884_,136.1
_12603_,136.1
core.state4_reg\[11\],136.035
_06347_,136
net2701,135.84
_08176_,135.76
_17844_,135.74
core.key\[121\],135.58
net3151,135.58
net3495,135.54
_09603_,135.47
_05463_,135.4
core.data_in_reg\[263\],135.36
_18227_,135.345
core.data_in_reg\[404\],135.3
data_out3_reg\[17\],135.28
_11923_,135.2
core.data_in_reg\[434\],135.2
_16767_,135.18
_12844_,135.17
_18717_,135.17
_06471_,135.16
_06204_,135.14
_08194_,135.14
_14798_,135.08
net2927,134.94
net3453,134.84
core.data_in_reg\[446\],134.82
_08429_,134.81
data_out3_reg\[15\],134.8
_06436_,134.6
net3002,134.6
_09876_,134.53
_06803_,134.475
net339,134.46
_14146_,134.44
core.data_in_reg\[27\],134.42
_16389_,134.36
data_out10_reg\[12\],134.36
_18914_,134.32
_07895_,134.24
_09647_,134.24
core.key\[108\],134.2
core.data_out\[130\],134.06
net1922,134.04
_18353_,134.01
core.data_in_reg\[391\],133.93
net4788,133.93
core.key4_reg\[29\],133.92
core.key5_reg\[13\],133.78
net2891,133.74
_06214_,133.72
net2894,133.72
_06622_,133.695
core.key\[37\],133.58
_11055_,133.56
net2521,133.56
_14465_,133.48
_11940_,133.42
_16107_,133.4
_04548_,133.37
net2905,133.26
_04447_,133.245
net2921,133.17
_16045_,133.14
_12803_,133.1
net2995,133.09
_12605_,133.08
net2930,132.96
_10641_,132.9
_13074_,132.88
_08273_,132.82
_15986_,132.74
_07644_,132.72
_08492_,132.68
core.data_in\[478\],132.68
_13261_,132.67
_18355_,132.64
_11622_,132.62
net309,132.54
_17604_,132.5
data_out10_reg\[23\],132.46
net988,132.43
core.data_in_reg\[402\],132.38
_18114_,132.36
net4214,132.355
_17700_,132.3
core.key3_reg\[24\],132.3
_06267_,132.26
_04557_,132.22
net756,132.22
core.key\[160\],132.16
_05217_,132
_11860_,131.94
core.state6_reg\[14\],131.94
_13324_,131.92
net3122,131.9
core.data_in_reg\[59\],131.84
net2133,131.84
net3632,131.82
core.key\[122\],131.76
_13037_,131.72
net3486,131.66
_16188_,131.6
core.key\[123\],131.58
_07023_,131.56
core.iv1_reg\[20\],131.54
_08525_,131.46
data_out0_reg\[3\],131.32
core.key3_reg\[20\],131.3
_17919_,131.2
net2924,131.2
_13370_,131.16
_17898_,131.14
_18732_,131.04
_15453_,131.02
net4274,131.02
_17598_,131.01
_11765_,130.98
_08591_,130.89
_04758_,130.86
core.key\[94\],130.855
_11095_,130.8
_11719_,130.68
_11876_,130.68
_10093_,130.6
_18622_,130.59
core.data_in_reg\[309\],130.58
_10628_,130.54
_12394_,130.54
core.iv1_reg\[23\],130.54
_13583_,130.44
_13123_,130.395
_14693_,130.28
core.data_in_reg\[492\],130.17
_09854_,130.09
core.data_in_reg\[398\],130.06
data_out6_reg\[25\],130.025
_18340_,130
core.data_in_reg\[395\],129.94
core.data_in_reg\[255\],129.84
_08056_,129.82
_18531_,129.76
_18385_,129.68
core.data_out\[226\],129.64
_09602_,129.6
core.block1_ctr_reg\[17\],129.56
core.iv0_reg\[25\],129.52
_07120_,129.43
core.data_in_reg\[219\],129.42
_10828_,129.375
data_out0_reg\[21\],129.34
core.x8_reg\[0\],129.33
data_out10_reg\[30\],129.3
net2428,129.26
_06272_,129.22
_06818_,129.22
_11687_,129.2
core.data_in_reg\[103\],129.16
_06275_,129.08
_11772_,129.02
core.data_in_reg\[496\],129.02
_07121_,128.98
core.key7_reg\[13\],128.94
core.key\[124\],128.88
_05341_,128.86
data_out6_reg\[26\],128.765
core.state5_reg\[10\],128.72
core.iv1_reg\[21\],128.64
net2855,128.5
_09496_,128.46
_10985_,128.46
_05960_,128.3
_14073_,128.3
_19347_,128.3
core.x11_reg\[0\],128.3
net2625,128.16
_12284_,128.14
net3117,128.04
_16087_,128.02
_07497_,127.92
_12358_,127.9
_15147_,127.88
_11919_,127.82
net826,127.82
_11792_,127.78
core.key\[213\],127.74
_13481_,127.68
_11079_,127.66
core.iv1_reg\[22\],127.66
_13053_,127.54
core.key\[202\],127.54
_17367_,127.46
_06937_,127.36
_11681_,127.34
_17716_,127.16
data_out10_reg\[27\],127.16
net711,127.15
_14141_,127.08
core.key3_reg\[18\],127.08
core.key\[23\],127.04
_18675_,127
net4438,126.98
_10826_,126.94
_16071_,126.88
_06211_,126.84
data_out10_reg\[16\],126.84
data_out3_reg\[8\],126.84
_11145_,126.79
_14494_,126.79
_17723_,126.78
_14812_,126.72
core.data_in_reg\[399\],126.72
_06926_,126.7
_09804_,126.7
core.x8_reg\[11\],126.66
net2135,126.6
_10688_,126.5
_17497_,126.5
core.x8_reg\[13\],126.42
_07723_,126.34
_18274_,126.34
net3644,126.33
_17697_,126.28
data_out7_reg\[30\],126.26
net2841,126.195
net2551,126.18
_06962_,126.12
_17893_,126.06
_10767_,126.04
net3425,126.04
_05714_,126
_11831_,125.95
_14115_,125.9
_14894_,125.8
core.qr0.y0\[3\],125.68
core.block1_ctr_reg\[9\],125.665
_17392_,125.52
_09776_,125.4
_10103_,125.38
core.key\[86\],125.34
_08334_,125.32
_13185_,125.28
_18384_,125.22
net250,125.18
_05035_,125.14
net2332,125.14
_14153_,125.12
_15788_,125
core.data_in_reg\[190\],124.97
_13046_,124.96
net2813,124.9
core.key3_reg\[15\],124.86
_10762_,124.84
_17695_,124.82
_12150_,124.72
core.key\[22\],124.72
_18552_,124.69
_11869_,124.6
_12651_,124.465
_03967_,124.44
data_out6_reg\[22\],124.425
_06548_,124.4
_08797_,124.26
_18025_,124.12
_11236_,124.02
core.data_in_reg\[397\],124.02
_07536_,123.95
_16219_,123.94
core.qr2.y0\[26\],123.94
data_out10_reg\[8\],123.94
_07256_,123.9
_09766_,123.88
_12884_,123.855
core.data_in_reg\[188\],123.78
_18273_,123.615
core.state12_reg\[25\],123.58
_18591_,123.56
core.x8_reg\[15\],123.56
_05838_,123.5
_10566_,123.4
_18399_,123.38
core.key3_reg\[14\],123.36
core.data_out\[136\],123.2
net3081,123.18
core.data_out\[480\],123.16
_09499_,123.14
_13363_,123.12
_10766_,123.1
core.key\[192\],123.1
data_out0_reg\[22\],122.9
_18207_,122.875
_17607_,122.86
_06263_,122.82
_17217_,122.8
_18663_,122.78
core.key\[109\],122.68
_06483_,122.63
_13982_,122.62
core.data_in_reg\[345\],122.53
_06173_,122.52
_18459_,122.48
_12672_,122.46
core.data_in_reg\[498\],122.46
core.data_in_reg\[62\],122.46
_12352_,122.44
_11712_,122.34
_18480_,122.32
core.iv1_reg\[19\],122.3
core.key2_reg\[3\],122.18
core.x8_reg\[17\],122.14
_11613_,122.1
core.key\[253\],122.1
_09175_,122.06
core.qr3.y0\[30\],122.06
data_out6_reg\[1\],121.78
net1765,121.72
_18511_,121.7
core.data_in_reg\[112\],121.7
_10445_,121.68
core.data_in_reg\[34\],121.64
_06842_,121.56
_14136_,121.54
_17735_,121.54
_14169_,121.46
net543,121.27
core.data_in_reg\[390\],121.26
_15062_,121.22
_10995_,121.2
core.key5_reg\[12\],121.2
_14114_,121.18
_07272_,121.16
data_out7_reg\[1\],121.095
_16736_,121.08
data_out6_reg\[31\],121.005
_10793_,120.875
core.qr2.y0\[17\],120.86
_16716_,120.78
data_out7_reg\[23\],120.76
core.data_in_reg\[329\],120.72
core.key\[255\],120.68
_18400_,120.66
_16250_,120.62
core.data_in_reg\[187\],120.62
net3052,120.62
_17821_,120.6
_13609_,120.56
_15976_,120.48
core.data_in_reg\[401\],120.48
_17282_,120.32
_13711_,120.275
core.data_out\[255\],120.24
_18825_,120.14
core.state6_reg\[30\],120.09
core.key\[125\],120.08
_14129_,120.04
core.data_in_reg\[310\],120
data_out6_reg\[24\],119.98
_07305_,119.96
_19743_,119.96
_14562_,119.92
core.data_in_reg\[497\],119.92
_10648_,119.9
_17209_,119.88
_07712_,119.84
_05222_,119.8
core.key\[164\],119.71
core.data_in_reg\[369\],119.7
core.data_in_reg\[35\],119.64
_17354_,119.635
_18631_,119.58
_08259_,119.56
clknet_leaf_170_clk,119.52
_06694_,119.44
_18369_,119.4
net2766,119.4
_11821_,119.38
_12246_,119.36
_16094_,119.3
_13105_,119.28
core.block0_ctr_reg\[31\],119.28
clknet_leaf_493_clk,119.26
core.data_out\[481\],119.24
_10831_,119.15
core.data_in_reg\[32\],119.06
net3356,119.04
_19836_,118.96
_15874_,118.94
net3371,118.94
_13357_,118.9
data_out7_reg\[13\],118.82
_09413_,118.7
core.data_in_reg\[189\],118.7
_05914_,118.66
core.qr0.y0\[19\],118.6
core.data_in_reg\[321\],118.48
core.key\[119\],118.46
_12431_,118.42
net2593,118.42
core.qr1.y0\[27\],118.34
_10498_,118.32
_10791_,118.32
core.data_out\[245\],118.24
core.x8_reg\[2\],118.22
core.data_in_reg\[246\],118.18
_14039_,118.1
core.key\[212\],118.1
_06636_,118
net2210,117.94
core.data_out\[246\],117.9
_15142_,117.86
_18570_,117.82
_05486_,117.8
net4095,117.72
data_out7_reg\[25\],117.695
_07845_,117.66
core.block1_ctr_reg\[24\],117.56
net2615,117.445
_17691_,117.32
_06476_,117.18
net1634,117.16
_10518_,117.12
_13682_,116.96
_16401_,116.88
_12062_,116.84
core.key\[154\],116.82
core.qr2.y0\[7\],116.76
_11068_,116.74
net834,116.68
_18775_,116.54
_13715_,116.48
net2782,116.44
data_out7_reg\[12\],116.42
_11926_,116.4
data_out0_reg\[18\],116.36
_08422_,116.31
_07883_,116.3
_11935_,116.3
_18368_,116.12
net2806,116.12
_12879_,116.1
core.data_in_reg\[320\],116.02
_06798_,115.92
_12654_,115.8
core.state6_reg\[29\],115.78
_13052_,115.72
core.data_out\[243\],115.72
data_out6_reg\[12\],115.705
clknet_leaf_12_clk,115.66
core.key\[29\],115.64
_10071_,115.59
_11864_,115.52
_17077_,115.42
clknet_leaf_747_clk,115.42
_09840_,115.38
_12612_,115.32
_18217_,115.32
net2713,115.3
core.key\[98\],115.28
_12026_,115.26
net2598,115.255
_06279_,115.24
_14158_,115.24
_11708_,115.22
_13889_,115.22
core.qr3.y0\[28\],115.2
net2172,115.2
_06350_,115.16
_09933_,115.14
_06991_,115.11
core.data_in_reg\[285\],115.08
_06553_,115.04
_09815_,115.04
_17159_,115.03
net2178,114.98
_13094_,114.94
_16271_,114.84
_18141_,114.82
_15926_,114.8
_16002_,114.8
core.key\[20\],114.74
_10068_,114.58
_13091_,114.54
_06282_,114.52
core.data_in_reg\[33\],114.48
core.key3_reg\[22\],114.42
core.key\[99\],114.4
_06408_,114.38
_13848_,114.325
_10078_,114.32
_07012_,114.3
_15991_,114.3
net3322,114.26
_11932_,114.18
_18220_,114.14
_18782_,114.14
_18599_,114.12
data_out0_reg\[31\],114.1
_06353_,114.06
_05390_,114.04
core.data_in_reg\[286\],114.02
net2687,113.96
_13360_,113.88
_06847_,113.8
_10541_,113.66
core.iv1_reg\[17\],113.64
_07591_,113.63
_08421_,113.62
_10561_,113.62
_13050_,113.54
core.state6_reg\[28\],113.52
_13087_,113.42
_15190_,113.42
_13302_,113.39
data_out3_reg\[7\],113.26
data_out7_reg\[31\],113.21
core.data_in_reg\[48\],113.18
net3967,113.18
_09075_,113.16
_16498_,113.16
core.data_in_reg\[186\],113.15
clknet_leaf_472_clk,113.12
core.key\[203\],112.96
net2111,112.94
_18789_,112.885
net3337,112.88
_05648_,112.84
_18616_,112.84
core.data_in_reg\[4\],112.82
_15185_,112.78
data_out7_reg\[3\],112.775
core.key\[161\],112.68
core.key\[155\],112.675
_12563_,112.66
net509,112.66
_06221_,112.64
_15858_,112.62
core.key\[246\],112.62
_18345_,112.48
_07092_,112.44
_06565_,112.4
_07105_,112.36
clknet_leaf_714_clk,112.28
_07939_,112.27
core.data_in_reg\[102\],112.2
core.data_in_reg\[144\],112.2
_14381_,112.09
clknet_leaf_557_clk,112.04
net3521,112.04
_19784_,112.015
core.data_in_reg\[231\],111.98
_18333_,111.94
_07372_,111.91
_19068_,111.82
_07542_,111.78
_06179_,111.74
_12457_,111.74
core.x8_reg\[12\],111.7
_13058_,111.66
_07000_,111.62
_18323_,111.6
core.data_in_reg\[49\],111.6
_18022_,111.58
_13887_,111.56
core.key\[117\],111.54
net2674,111.5
_10860_,111.42
_18607_,111.38
_03916_,111.34
core.block0_ctr_reg\[13\],111.34
core.data_in_reg\[308\],111.32
_13443_,111.28
_07381_,111.26
net3259,111.26
_13352_,111.2
_18699_,111.1
_11929_,111.08
_13612_,111.02
_16754_,111
_15494_,110.935
core.data_in_reg\[232\],110.86
_06667_,110.84
_04475_,110.76
core.key\[165\],110.7
core.data_out\[228\],110.68
core.data_out\[247\],110.66
_10017_,110.64
core.data_in_reg\[306\],110.64
_14665_,110.62
core.data_in_reg\[259\],110.62
_05748_,110.59
core.data_in_reg\[433\],110.58
core.data_in_reg\[315\],110.56
_12488_,110.475
net596,110.46
_15925_,110.4
_07494_,110.39
_06187_,110.34
core.key\[31\],110.22
core.data_in_reg\[313\],110.2
_12177_,110.18
core.data_in_reg\[405\],110.15
_14134_,110.1
clknet_leaf_748_clk,110.045
_10058_,110.02
_16359_,109.94
core.key2_reg\[19\],109.76
core.key\[156\],109.755
_13647_,109.72
_16441_,109.72
_12855_,109.71
_10489_,109.66
_15571_,109.62
_11617_,109.56
_16234_,109.56
_10579_,109.42
_12426_,109.32
_11843_,109.315
_17564_,109.28
net3299,109.28
_12299_,109.22
clknet_leaf_656_clk,109.16
_16653_,109.14
_18125_,109.14
_03922_,109.12
core.data_in_reg\[230\],109.08
net3218,109.08
_08277_,109.04
net2818,108.98
_13543_,108.96
net2235,108.96
_18496_,108.945
data_out9_reg\[23\],108.9
data_out7_reg\[27\],108.8
core.data_in_reg\[261\],108.79
core.data_in_reg\[233\],108.78
_17549_,108.775
_13503_,108.77
_08011_,108.76
core.key\[97\],108.76
_10220_,108.7
_16624_,108.68
_18305_,108.625
core.data_out\[242\],108.56
_11850_,108.52
_13580_,108.5
data_out7_reg\[9\],108.46
_04893_,108.38
_10485_,108.32
core.qr2.y0\[23\],108.32
_05544_,108.31
_10104_,108.28
data_out10_reg\[28\],108.24
_10830_,108.1
_15134_,107.96
_16554_,107.96
_18420_,107.92
net405,107.9
core.key\[114\],107.82
core.key3_reg\[21\],107.72
net3171,107.705
core.key\[197\],107.7
_12786_,107.62
core.data_in_reg\[495\],107.58
_06956_,107.53
_13242_,107.46
_18774_,107.42
_18347_,107.38
_12432_,107.28
_18917_,107.235
_13100_,107.12
_13399_,107.12
_12996_,107.06
_17010_,107.055
core.key\[211\],107
_05152_,106.98
_12393_,106.98
clknet_leaf_6_clk,106.96
_09253_,106.9
_17342_,106.9
clknet_leaf_279_clk,106.88
_10797_,106.78
_18769_,106.72
data_out6_reg\[27\],106.615
_09079_,106.58
_11099_,106.54
_18441_,106.54
net3680,106.535
_10538_,106.51
net280,106.5
core.data_out\[440\],106.46
_12644_,106.4
_17297_,106.4
_16584_,106.36
_18215_,106.14
_13685_,106.1
_15336_,106.1
core.key\[18\],106.1
_11894_,106.095
_14448_,106.08
_16141_,106.08
core.qr2.y0\[20\],106.06
_12090_,106.015
_07108_,105.97
_09065_,105.92
data_out6_reg\[30\],105.865
_18334_,105.86
_18788_,105.84
core.state12_reg\[17\],105.75
_06827_,105.68
core.key\[227\],105.67
net2395,105.62
_14338_,105.56
core.data_in_reg\[241\],105.535
_05940_,105.5
_09806_,105.48
_17378_,105.48
clknet_leaf_481_clk,105.48
_18408_,105.4
core.data_in_reg\[44\],105.38
data_out6_reg\[28\],105.36
_10729_,105.34
_05349_,105.325
_06486_,105.3
data_out6_reg\[0\],105.245
_13047_,105.2
core.data_in_reg\[247\],105.2
clknet_leaf_344_clk,105.2
_13198_,105.18
core.iv1_reg\[18\],105.16
_06614_,105.14
net4168,105.14
_04303_,105.1
_13407_,105.03
_08223_,104.92
_10553_,104.92
core.data_in_reg\[342\],104.92
_03773_,104.82
_14196_,104.82
clknet_leaf_226_clk,104.8
_10529_,104.78
core.data_in_reg\[66\],104.76
_06550_,104.72
core.block0_ctr_reg\[10\],104.72
clknet_leaf_571_clk,104.715
_14163_,104.68
clknet_leaf_575_clk,104.68
core.data_in_reg\[50\],104.66
core.data_in_reg\[28\],104.62
_17520_,104.54
_08333_,104.52
net2678,104.52
_07180_,104.48
_12205_,104.47
_17386_,104.47
_15998_,104.465
_14012_,104.42
clknet_leaf_444_clk,104.4
_18065_,104.35
_06423_,104.32
_12155_,104.32
core.x8_reg\[3\],104.32
_16789_,104.31
net3399,104.28
_15723_,104.22
net2737,104.2
_13043_,104.19
_11166_,104.14
_16715_,104.12
_06196_,104.1
_12382_,104.08
core.key\[152\],104.035
_18260_,103.98
_12760_,103.92
_18796_,103.92
data_out0_reg\[2\],103.915
_13097_,103.88
clknet_leaf_62_clk,103.84
_13472_,103.8
_11922_,103.78
core.key\[116\],103.78
_19717_,103.74
clknet_leaf_549_clk,103.74
_17173_,103.72
core.data_in\[382\],103.7
_05644_,103.68
_10914_,103.66
_16881_,103.63
_06631_,103.62
_07915_,103.62
data_out0_reg\[4\],103.565
_17534_,103.56
_13600_,103.46
_18206_,103.45
_17261_,103.44
clknet_leaf_709_clk,103.4
core.data_in_reg\[114\],103.38
_08885_,103.36
core.qr2.y0\[2\],103.36
_04821_,103.3
net537,103.28
clknet_leaf_662_clk,103.16
core.key\[225\],103.14
_10871_,103.095
core.data_out\[31\],103.02
_13567_,102.98
core.state6_reg\[5\],102.96
clknet_leaf_350_clk,102.94
data_out6_reg\[11\],102.905
_08675_,102.86
net2845,102.84
net4891,102.76
_07149_,102.75
_04426_,102.74
core.data_in_reg\[330\],102.74
core.key3_reg\[23\],102.7
clknet_leaf_521_clk,102.68
clknet_leaf_352_clk,102.64
_11144_,102.62
clknet_leaf_624_clk,102.61
_17802_,102.56
_03979_,102.52
core.key\[247\],102.435
_12447_,102.42
clknet_leaf_745_clk,102.38
core.key\[115\],102.34
_03937_,102.33
_06182_,102.32
_04721_,102.3
_18309_,102.3
_17703_,102.28
net3512,102.28
core.key2_reg\[27\],102.26
_04888_,102.22
_06363_,102.18
clknet_leaf_611_clk,102.16
core.data_in_reg\[288\],102.14
net2523,102.14
_13366_,102.12
_19564_,102.1
_08977_,102.09
_03919_,102.08
_18955_,102.04
_12475_,101.98
clknet_leaf_264_clk,101.98
clknet_leaf_356_clk,101.94
_11782_,101.9
_15244_,101.9
net238,101.9
_06784_,101.88
_18820_,101.88
core.key2_reg\[30\],101.86
data_out7_reg\[8\],101.83
_10536_,101.81
_07310_,101.76
_13566_,101.64
_05416_,101.62
_18429_,101.56
net2619,101.52
net2919,101.52
clknet_leaf_173_clk,101.48
core.qr0.y0\[11\],101.46
_18126_,101.455
_17228_,101.42
core.block1_ctr_reg\[8\],101.42
_13687_,101.38
net2553,101.38
_17952_,101.33
_06592_,101.32
core.data_in_reg\[466\],101.32
_12323_,101.26
_08031_,101.24
_15759_,101.21
_07721_,101.2
net2536,101.08
_17361_,101.04
_12498_,101
_18657_,100.955
_08643_,100.88
_16860_,100.82
net2381,100.82
_09823_,100.81
_14122_,100.8
_11647_,100.78
_05457_,100.69
_03839_,100.66
_06042_,100.62
core.key\[85\],100.605
_07389_,100.58
_19159_,100.58
_05871_,100.54
core.data_in_reg\[145\],100.54
net3209,100.54
net2482,100.52
clknet_leaf_229_clk,100.495
_19505_,100.46
_05346_,100.43
_11925_,100.42
_13055_,100.415
net3279,100.39
_18935_,100.38
_18068_,100.35
_12888_,100.32
_07174_,100.21
_11957_,100.205
_12897_,100.18
_13049_,100.18
_13404_,100.16
core.qr0.y0\[8\],100.14
_07128_,100.12
_17277_,100.035
_18393_,100
_06015_,99.995
_08041_,99.86
_14951_,99.82
_14512_,99.78
_11930_,99.7
core.key\[198\],99.7
_17113_,99.68
clknet_leaf_520_clk,99.67
net2847,99.66
_04763_,99.64
_19619_,99.64
core.data_in_reg\[293\],99.64
_18658_,99.635
core.data_out\[244\],99.58
_18975_,99.57
core.data_out\[227\],99.56
core.key2_reg\[14\],99.54
net2546,99.54
net2761,99.5
_13440_,99.48
_15683_,99.44
data_out7_reg\[24\],99.34
_19260_,99.3
core.data_in_reg\[325\],99.28
core.key\[21\],99.26
core.key\[84\],99.26
data_out7_reg\[2\],99.225
core.data_out\[483\],99.22
_11882_,99.16
_04944_,99.1
_18715_,99.1
_04599_,99.06
core.data_in_reg\[311\],99.06
core.data_in_reg\[184\],99.04
core.data_out\[169\],98.9
_18116_,98.875
data_out6_reg\[8\],98.865
_10808_,98.8
_05601_,98.77
_13549_,98.74
_09020_,98.72
_14192_,98.7
_15569_,98.62
_11453_,98.57
_05372_,98.54
_18156_,98.525
net4435,98.51
_05862_,98.46
_10543_,98.46
_11585_,98.44
clknet_leaf_348_clk,98.4
_15197_,98.36
_05161_,98.28
_18936_,98.26
core.data_in_reg\[493\],98.24
net3149,98.22
clknet_leaf_285_clk,98.18
_06309_,98.12
net2564,98
_05089_,97.94
_17146_,97.94
_18541_,97.82
clknet_leaf_693_clk,97.8
_10809_,97.72
_16749_,97.71
_04576_,97.68
_17135_,97.62
_15493_,97.6
_17507_,97.6
_19453_,97.54
_07218_,97.52
_16367_,97.46
_16932_,97.45
_11685_,97.42
clknet_leaf_767_clk,97.36
core.state4_reg\[22\],97.26
_06613_,97.24
data_out3_reg\[6\],97.24
_08165_,97.2
_11793_,97.2
_18361_,97.18
_17122_,97.11
_05487_,97.1
clknet_leaf_454_clk,97.06
_17714_,97.04
_04716_,96.97
net2483,96.96
_12708_,96.94
core.data_in_reg\[222\],96.92
_16097_,96.9
_11061_,96.89
_13694_,96.88
_13229_,96.86
_17911_,96.83
_16342_,96.8
core.data_out\[509\],96.8
core.qr3.y0\[29\],96.76
core.state12_reg\[27\],96.62
_06760_,96.58
_12935_,96.58
_17573_,96.54
_11890_,96.42
clknet_leaf_796_clk,96.42
_18520_,96.4
clknet_leaf_733_clk,96.38
net3232,96.36
_18272_,96.3
core.qr2.y0\[0\],96.28
clknet_leaf_438_clk,96.26
_15202_,96.24
_07980_,96.22
_11506_,96.2
clknet_leaf_162_clk,96.18
_04259_,96.12
_05762_,96.085
clknet_leaf_635_clk,96.08
_13485_,96.04
core.key2_reg\[28\],96.04
net3598,96.02
core.qr0.y0\[6\],96
net3176,95.98
_15492_,95.94
_16101_,95.94
_04571_,95.9
core.block1_ctr_reg\[11\],95.84
_11797_,95.83
data_out6_reg\[23\],95.745
_11718_,95.74
core.state4_reg\[6\],95.74
_06979_,95.68
net2979,95.68
_19560_,95.64
_07191_,95.63
_04085_,95.5
_11998_,95.46
clknet_leaf_117_clk,95.42
_11826_,95.39
_18155_,95.38
_05900_,95.32
_13478_,95.32
_09714_,95.28
_12767_,95.26
_19840_,95.24
clknet_leaf_664_clk,95.22
core.data_in\[383\],95.2
_18166_,95.16
_13691_,95.12
net2445,95.12
_18449_,95.08
core.data_in_reg\[9\],95.08
_19412_,95.04
clknet_leaf_52_clk,94.98
data_out10_reg\[29\],94.96
_12637_,94.84
_13413_,94.82
_18730_,94.8
clknet_leaf_274_clk,94.76
_07898_,94.745
core.key\[232\],94.72
net4742,94.72
_06345_,94.7
_06609_,94.6
_17536_,94.515
_05430_,94.5
_18153_,94.48
_10837_,94.47
core.data_in_reg\[229\],94.46
_13232_,94.41
_14014_,94.38
clknet_leaf_631_clk,94.38
_19163_,94.32
_08352_,94.3
_17934_,94.3
_13905_,94.26
_19168_,94.26
_13397_,94.24
_17694_,94.24
_04441_,94.22
core.data_in_reg\[281\],94.22
_13622_,94.2
clknet_leaf_101_clk,94.195
data_out7_reg\[22\],94.18
clknet_leaf_628_clk,94.18
_17584_,94.16
_12112_,94.15
_15171_,94.15
_04231_,94.14
_18213_,94.085
_16209_,94.08
_12334_,94.06
_16189_,94.06
clknet_leaf_77_clk,93.98
clknet_leaf_267_clk,93.98
clknet_leaf_517_clk,93.98
_11738_,93.96
_17665_,93.92
clknet_leaf_152_clk,93.91
core.key\[80\],93.895
_17574_,93.865
core.key\[163\],93.805
clknet_leaf_607_clk,93.74
_13625_,93.735
_12380_,93.64
_13820_,93.64
_06898_,93.58
clknet_leaf_446_clk,93.56
core.data_in_reg\[45\],93.54
data_out6_reg\[10\],93.485
clknet_leaf_292_clk,93.46
net2136,93.46
_10745_,93.4
_13890_,93.38
_07605_,93.37
net2689,93.315
_06354_,93.3
core.data_out\[252\],93.3
clknet_leaf_331_clk,93.2
_17543_,93.12
clknet_leaf_577_clk,93.12
_05576_,93.1
core.data_in_reg\[2\],93.08
_04431_,93.02
net4695,93.02
clknet_leaf_156_clk,93
clknet_leaf_330_clk,92.975
_05591_,92.96
_05876_,92.96
core.block1_ctr_reg\[6\],92.92
_18341_,92.9
_06366_,92.895
_11903_,92.88
_12847_,92.88
_14648_,92.86
_04042_,92.84
clknet_leaf_536_clk,92.84
_05232_,92.8
data_out9_reg\[29\],92.8
_06233_,92.78
_10021_,92.78
_18504_,92.78
_17232_,92.76
clknet_leaf_333_clk,92.74
core.state7_reg\[20\],92.72
_12623_,92.7
net256,92.68
_13396_,92.64
_11007_,92.62
_04269_,92.6
clknet_leaf_187_clk,92.6
_19839_,92.58
_13292_,92.51
_05002_,92.5
clknet_leaf_269_clk,92.5
_15951_,92.42
_05395_,92.41
_11992_,92.36
data_out9_reg\[28\],92.36
clknet_leaf_14_clk,92.34
_06277_,92.28
_11169_,92.28
_05180_,92.26
_04993_,92.18
net2349,92.18
_04512_,92.14
_17171_,92.14
_08204_,92.1
_13450_,92.1
clknet_leaf_212_clk,92.08
_16669_,91.96
core.data_in_reg\[388\],91.88
_10424_,91.86
_07722_,91.855
_19775_,91.8
_13932_,91.78
_13826_,91.77
core.key\[82\],91.765
_17289_,91.72
clknet_leaf_678_clk,91.7
clknet_leaf_276_clk,91.68
_12547_,91.66
clknet_leaf_455_clk,91.66
_09765_,91.64
_08956_,91.56
_18488_,91.54
_10513_,91.5
_18956_,91.5
core.key3_reg\[6\],91.5
clknet_leaf_786_clk,91.48
clknet_leaf_719_clk,91.44
_17448_,91.435
_18204_,91.4
_13459_,91.36
_05597_,91.34
_14984_,91.32
_06789_,91.25
_13462_,91.24
_18754_,91.22
_18439_,91.2
_04080_,91.14
_05955_,91.12
_17532_,91.12
_17075_,91.11
_18585_,91.08
net495,91.08
_18290_,91.06
_03821_,91.05
core.key7_reg\[7\],91.02
data_out9_reg\[30\],91
clknet_leaf_308_clk,91
_13146_,90.995
_15399_,90.94
_13686_,90.9
_06528_,90.86
_17334_,90.86
_08864_,90.84
_17515_,90.84
core.key\[186\],90.8
_08225_,90.78
core.key\[228\],90.7
_15935_,90.56
_16273_,90.5
_12274_,90.46
core.state6_reg\[2\],90.44
_17270_,90.42
net2093,90.4
_19508_,90.37
_08878_,90.36
_11675_,90.34
clknet_leaf_39_clk,90.32
clknet_leaf_103_clk,90.28
_16090_,90.24
clknet_leaf_523_clk,90.24
_17185_,90.18
_18184_,90.18
net4832,90.16
_18980_,90.14
_04254_,90.1
_18641_,90.1
_19551_,89.94
core.data_in_reg\[260\],89.88
_11885_,89.86
_18376_,89.86
_08529_,89.84
_19938_,89.84
_12347_,89.8
_12891_,89.78
_13223_,89.71
_05496_,89.7
_11074_,89.62
_16608_,89.62
data_out7_reg\[28\],89.6
_12543_,89.585
_10954_,89.58
_03885_,89.54
clknet_leaf_395_clk,89.54
_12472_,89.52
clknet_leaf_556_clk,89.47
clknet_leaf_33_clk,89.46
clknet_leaf_258_clk,89.46
_17570_,89.44
clknet_leaf_595_clk,89.44
_07638_,89.36
_04168_,89.34
_18164_,89.305
_18760_,89.28
core.data_in_reg\[294\],89.28
_19154_,89.26
core.state12_reg\[26\],89.26
core.key\[153\],89.24
_17339_,89.2
_15757_,89.18
_13762_,89.12
_14379_,89.1
_06552_,89.08
_13251_,89.08
_12894_,89.06
clknet_leaf_354_clk,89.06
_19470_,89.04
clknet_leaf_111_clk,89.04
_11639_,89.02
_03936_,89
_18755_,89
core.x8_reg\[4\],88.99
_13400_,88.96
core.data_in_reg\[430\],88.96
core.key\[188\],88.925
_14435_,88.92
clknet_leaf_172_clk,88.9
_13149_,88.88
net2399,88.83
_04245_,88.82
_11755_,88.82
core.key\[243\],88.82
_03788_,88.8
_16651_,88.76
_08993_,88.755
_11242_,88.72
core.state13_reg\[9\],88.68
clknet_leaf_707_clk,88.66
clknet_leaf_70_clk,88.64
_06398_,88.62
_07287_,88.62
_13730_,88.585
_03998_,88.57
_05310_,88.56
_19813_,88.48
_12792_,88.42
net1096,88.42
_18927_,88.4
_04060_,88.38
_18933_,88.38
net2268,88.38
core.data_in_reg\[12\],88.36
net3106,88.34
core.state13_reg\[18\],88.33
_07162_,88.3
_18249_,88.28
_08426_,88.24
clknet_leaf_283_clk,88.2
_10963_,88.18
net4160,88.18
_11179_,88.16
_17978_,88.16
_12193_,88.1
_16368_,88.08
_13273_,88.04
_06395_,88
_19827_,87.98
net2354,87.98
_04489_,87.94
_18186_,87.94
clknet_leaf_663_clk,87.935
clknet_leaf_328_clk,87.93
_11901_,87.9
net890,87.9
clknet_leaf_754_clk,87.89
core.state12_reg\[20\],87.88
net4529,87.84
core.state15_reg\[22\],87.82
net1040,87.82
_10773_,87.77
_13842_,87.74
core.data_in_reg\[234\],87.74
clknet_leaf_603_clk,87.72
clknet_leaf_112_clk,87.68
clknet_leaf_167_clk,87.68
_13453_,87.64
_10623_,87.62
_04965_,87.6
_12564_,87.6
core.data_in_reg\[292\],87.6
clknet_leaf_539_clk,87.6
_03723_,87.56
_03852_,87.54
_05553_,87.52
_11671_,87.52
_04470_,87.48
_05448_,87.46
clknet_leaf_259_clk,87.46
core.data_in_reg\[168\],87.455
net1612,87.42
clknet_leaf_453_clk,87.4
_17586_,87.38
net2293,87.38
_08809_,87.36
_13743_,87.36
_15523_,87.32
net2303,87.3
core.state4_reg\[17\],87.28
clknet_leaf_81_clk,87.28
_04635_,87.22
_08215_,87.21
core.key\[157\],87.205
_12688_,87.14
_17678_,87.115
_13590_,87.11
_03782_,87.08
_11721_,87.08
_13456_,87.06
core.key\[251\],87.02
_13877_,86.98
_14873_,86.94
_17615_,86.94
core.key4_reg\[30\],86.94
net2222,86.94
core.data_in_reg\[507\],86.92
_03840_,86.915
_10114_,86.9
_12938_,86.88
_19708_,86.88
clknet_leaf_617_clk,86.86
_05103_,86.82
core.data_in_reg\[249\],86.76
clknet_leaf_464_clk,86.76
_08651_,86.74
_15884_,86.74
net671,86.74
_07411_,86.71
_06207_,86.7
net2460,86.68
_04212_,86.66
core.data_in_reg\[407\],86.66
_13431_,86.62
_05117_,86.6
core.data_in_reg\[316\],86.6
_06385_,86.56
_13392_,86.56
core.data_in_reg\[1\],86.53
core.data_in_reg\[139\],86.5
_13113_,86.48
_17977_,86.42
_19953_,86.4
_04621_,86.34
_13683_,86.34
core.data_in_reg\[348\],86.32
_11406_,86.3
_12555_,86.3
clknet_leaf_221_clk,86.3
_17453_,86.29
_12461_,86.28
core.state7_reg\[7\],86.28
_17707_,86.26
_13248_,86.2
_15040_,86.18
core.data_in_reg\[30\],86.18
core.data_out\[152\],86.18
_03841_,86.17
_07432_,86.16
_04126_,86.08
_04858_,86.08
core.key\[162\],86.07
_04345_,86.06
net713,86.06
_12834_,86.02
data_out6_reg\[9\],86.005
_17633_,86
_13569_,85.985
core.key\[233\],85.98
net3450,85.98
clknet_leaf_726_clk,85.96
_11696_,85.94
_12388_,85.94
net4818,85.94
_07053_,85.92
_13299_,85.91
core.block0_ctr_reg\[12\],85.9
_10138_,85.88
_06411_,85.86
_18519_,85.84
clknet_leaf_200_clk,85.73
core.x8_reg\[5\],85.72
clknet_leaf_660_clk,85.72
net616,85.72
core.qr0.y0\[14\],85.7
_05314_,85.69
_06264_,85.68
_09149_,85.66
_16085_,85.66
_18202_,85.64
core.key\[245\],85.64
clknet_leaf_608_clk,85.54
net2095,85.54
core.key\[193\],85.525
_03955_,85.51
_19449_,85.5
net4599,85.5
_03999_,85.49
_19451_,85.48
_17337_,85.44
clknet_leaf_619_clk,85.42
_04154_,85.39
_13295_,85.36
clknet_leaf_98_clk,85.36
clknet_leaf_458_clk,85.34
_09878_,85.33
_16169_,85.3
_06856_,85.28
clknet_leaf_720_clk,85.1
core.key\[210\],85
core.state15_reg\[30\],85
_03798_,84.98
_05439_,84.94
_13289_,84.94
clknet_leaf_780_clk,84.94
_05800_,84.88
_12574_,84.88
_18073_,84.85
_05223_,84.84
_06402_,84.84
_04916_,84.8
_06917_,84.76
_18162_,84.76
_16208_,84.74
clknet_leaf_175_clk,84.7
_19455_,84.675
_03980_,84.66
core.data_in_reg\[284\],84.66
clknet_leaf_445_clk,84.52
net2245,84.52
_16978_,84.5
_08862_,84.48
core.state6_reg\[27\],84.48
clknet_leaf_85_clk,84.47
_06710_,84.46
clknet_leaf_96_clk,84.46
net2630,84.44
net3376,84.42
_09119_,84.4
_10768_,84.4
_14076_,84.38
_04902_,84.34
data_out9_reg\[21\],84.33
_05549_,84.32
_15289_,84.28
_16154_,84.28
clknet_leaf_357_clk,84.28
_06201_,84.26
_08611_,84.26
clknet_leaf_47_clk,84.26
clknet_leaf_630_clk,84.26
_13606_,84.24
clknet_leaf_723_clk,84.24
_11910_,84.22
_15648_,84.22
core.key\[242\],84.22
clknet_leaf_134_clk,84.22
net866,84.22
_04047_,84.2
_10782_,84.19
_06570_,84.18
core.data_in_reg\[314\],84.16
core.data_in_reg\[408\],84.16
_03724_,84.14
_10927_,84.14
_19699_,84.13
_05359_,84.06
_06189_,84.06
clknet_leaf_143_clk,84.06
_14631_,84.02
net2247,84.02
net1714,83.98
net2281,83.94
net2205,83.92
_12387_,83.88
core.key\[223\],83.86
clknet_leaf_116_clk,83.86
_03954_,83.855
_18165_,83.82
net2152,83.82
_06392_,83.8
core.block0_ctr_reg\[21\],83.8
core.data_in_reg\[406\],83.76
_17654_,83.73
clknet_leaf_80_clk,83.7
_16351_,83.68
_14344_,83.66
core.data_in_reg\[392\],83.66
_03972_,83.62
net2666,83.6
net3580,83.6
core.qr0.y0\[22\],83.54
_03927_,83.53
_14395_,83.52
clknet_leaf_323_clk,83.52
_08665_,83.49
net435,83.48
clknet_leaf_423_clk,83.46
net3131,83.46
_04284_,83.44
_06137_,83.42
_13270_,83.42
_19705_,83.42
_19919_,83.415
core.data_in_reg\[266\],83.36
clknet_leaf_758_clk,83.36
_04008_,83.34
_05558_,83.3
_11906_,83.24
_11989_,83.24
_16214_,83.22
_19822_,83.22
clknet_leaf_646_clk,83.22
_19528_,83.21
_04503_,83.2
_08200_,83.18
_16586_,83.12
clknet_leaf_160_clk,83.08
_06832_,83.06
core.data_in_reg\[393\],83.06
_04112_,83.05
_09688_,83
_16014_,82.98
_06199_,82.96
_10632_,82.92
clknet_leaf_761_clk,82.84
_19109_,82.815
_07315_,82.76
_10946_,82.74
clknet_leaf_92_clk,82.72
_05773_,82.68
_13823_,82.66
_16748_,82.66
_17408_,82.66
clknet_leaf_738_clk,82.66
_06737_,82.6
_15667_,82.6
core.data_in_reg\[490\],82.6
data_out7_reg\[0\],82.6
core.data_in\[63\],82.58
_13508_,82.54
clknet_leaf_100_clk,82.48
clknet_leaf_237_clk,82.48
core.state4_reg\[20\],82.46
_07268_,82.42
clknet_leaf_288_clk,82.42
_05514_,82.38
_13468_,82.36
_03734_,82.34
_19750_,82.34
clknet_leaf_686_clk,82.34
_05246_,82.32
_14714_,82.32
_12567_,82.3
_12609_,82.3
_15643_,82.3
core.data_in_reg\[500\],82.3
core.key5_reg\[0\],82.3
_04979_,82.26
_16858_,82.22
_03797_,82.2
_12661_,82.2
data_out7_reg\[6\],82.18
net2413,82.18
_08345_,82.16
clknet_leaf_672_clk,82.16
clknet_leaf_61_clk,82.14
_19950_,82.12
core.key\[199\],82.1
_19588_,82.08
core.state7_reg\[21\],82.04
_15621_,82.02
_10699_,82.01
clknet_leaf_79_clk,82
clknet_leaf_270_clk,82
net598,82
_05607_,81.98
_11830_,81.98
_12726_,81.98
_12784_,81.96
net693,81.96
_13830_,81.95
_09026_,81.94
clknet_leaf_495_clk,81.92
_15112_,81.9
core.data_in_reg\[289\],81.9
clknet_leaf_784_clk,81.88
net1919,81.88
_18709_,81.86
_19073_,81.84
clknet_leaf_107_clk,81.84
core.key\[208\],81.78
_19898_,81.74
_04217_,81.72
_06047_,81.68
_19361_,81.68
_14347_,81.67
_04744_,81.58
_13280_,81.58
_15242_,81.56
core.data_in_reg\[270\],81.56
_16957_,81.54
_18768_,81.48
_06579_,81.46
clknet_leaf_165_clk,81.46
clknet_leaf_27_clk,81.44
clknet_leaf_313_clk,81.44
_03940_,81.34
_05386_,81.34
core.data_in_reg\[295\],81.34
_13536_,81.3
clknet_leaf_785_clk,81.28
_13896_,81.26
_04059_,81.24
_15851_,81.215
_10851_,81.18
clknet_leaf_581_clk,81.18
_05511_,81.14
_13423_,81.14
_09481_,81.08
clknet_leaf_115_clk,81.08
net1822,81.04
clknet_leaf_569_clk,80.98
_08957_,80.96
_04131_,80.94
_19952_,80.94
core.data_out\[449\],80.94
_18487_,80.9
_05323_,80.88
_19542_,80.88
_14079_,80.86
_15180_,80.84
clknet_leaf_727_clk,80.82
_13749_,80.8
_17830_,80.8
core.state8_reg\[9\],80.8
core.state9_reg\[25\],80.8
clknet_leaf_64_clk,80.78
core.block1_ctr_reg\[3\],80.76
_16454_,80.74
_06105_,80.7
data_out0_reg\[0\],80.685
_09618_,80.66
_19809_,80.66
clknet_leaf_284_clk,80.66
_08000_,80.65
_10039_,80.64
clknet_leaf_618_clk,80.575
_05501_,80.555
clknet_leaf_504_clk,80.52
_05045_,80.5
_05362_,80.5
_04041_,80.475
_18600_,80.46
clknet_leaf_501_clk,80.44
net3589,80.4
_12674_,80.38
_18199_,80.36
core.data_in_reg\[42\],80.36
data_out9_reg\[15\],80.36
_05610_,80.34
clknet_leaf_217_clk,80.34
_19649_,80.26
_19180_,80.18
_08415_,80.16
_12383_,80.16
clknet_leaf_309_clk,80.16
_14333_,80.15
_10441_,80.14
_18603_,80.11
_04289_,80.08
_16397_,80.04
clknet_leaf_487_clk,80.02
_06300_,79.985
_07623_,79.98
clknet_leaf_724_clk,79.98
_11859_,79.94
core.state6_reg\[3\],79.94
_05203_,79.92
core.data_in_reg\[451\],79.92
_03742_,79.86
_09364_,79.86
clknet_leaf_512_clk,79.86
_13175_,79.82
_18472_,79.82
clknet_leaf_586_clk,79.82
net1872,79.8
clknet_leaf_574_clk,79.76
_08309_,79.74
_14176_,79.74
_15398_,79.72
_08374_,79.7
_18984_,79.68
data_out7_reg\[26\],79.66
clknet_leaf_765_clk,79.66
net3534,79.66
_06479_,79.64
_12452_,79.63
_04793_,79.62
_05676_,79.62
_13618_,79.62
_18746_,79.62
_19298_,79.62
core.key4_reg\[31\],79.62
clknet_leaf_601_clk,79.62
clknet_leaf_763_clk,79.62
_04484_,79.6
_05562_,79.58
clknet_leaf_447_clk,79.58
_19767_,79.56
_04007_,79.54
_04317_,79.54
_05260_,79.54
_09278_,79.54
core.key\[215\],79.54
_05279_,79.5
core.key\[209\],79.48
core.state5_reg\[6\],79.455
clknet_leaf_230_clk,79.44
_12655_,79.42
clknet_leaf_562_clk,79.4
_12315_,79.38
_19124_,79.38
_19591_,79.36
core.data_out\[241\],79.36
clknet_leaf_59_clk,79.32
_17322_,79.31
_03755_,79.3
_17613_,79.28
_07254_,79.24
_13998_,79.24
net341,79.24
net2359,79.24
_12005_,79.23
net2603,79.23
_07616_,79.22
clknet_leaf_49_clk,79.22
_07129_,79.21
_05505_,79.18
_13172_,79.18
core.key5_reg\[1\],79.18
clknet_leaf_37_clk,79.18
_17568_,79.175
_13255_,79.14
_17395_,79.14
_05638_,79.07
core.data_in_reg\[331\],79.06
clknet_leaf_466_clk,79.06
_05692_,79.04
_13226_,79.04
clknet_leaf_268_clk,79.04
_12139_,79.02
_13917_,79.02
clknet_leaf_710_clk,79.02
core.key\[187\],79.005
_10193_,79
core.data_in_reg\[353\],79
clknet_leaf_555_clk,79
_19136_,78.98
_19573_,78.98
_11529_,78.96
net2468,78.96
_06489_,78.9
_12595_,78.88
_09491_,78.86
_16357_,78.84
core.data_in_reg\[499\],78.84
clknet_leaf_151_clk,78.8
_03945_,78.78
_08030_,78.78
core.key\[83\],78.765
_06287_,78.76
_11665_,78.76
_11673_,78.74
_05819_,78.7
core.key\[249\],78.7
_04198_,78.69
_06162_,78.66
_19935_,78.66
_05695_,78.64
net278,78.64
_07805_,78.58
_16344_,78.58
_05464_,78.56
core.data_in_reg\[352\],78.52
clknet_leaf_579_clk,78.52
_04403_,78.435
core.data_in_reg\[370\],78.42
clknet_leaf_338_clk,78.42
_05237_,78.4
_18945_,78.38
_04361_,78.32
core.data_in_reg\[51\],78.32
_19489_,78.3
_18119_,78.24
net1787,78.24
_11272_,78.22
_12694_,78.22
core.key\[19\],78.2
core.data_in_reg\[221\],78.18
_05596_,78.17
_19747_,78.16
clknet_leaf_424_clk,78.12
clknet_leaf_130_clk,78.1
clknet_leaf_730_clk,78.1
_11655_,78.08
_13634_,78.07
clknet_leaf_375_clk,78.06
_16782_,78.055
_04644_,78.04
_07689_,78.04
_14212_,78.03
_17197_,78.02
_18783_,78.02
_13596_,77.98
_04029_,77.96
_05122_,77.96
_08872_,77.94
_04020_,77.92
_13511_,77.9
_15654_,77.9
_10799_,77.86
clknet_leaf_459_clk,77.84
_14602_,77.82
_19155_,77.82
clknet_leaf_685_clk,77.79
_10293_,77.78
_05454_,77.77
_19059_,77.76
_18275_,77.72
_06912_,77.7
clknet_leaf_0_clk,77.68
_14727_,77.675
_19652_,77.67
_03864_,77.66
_04173_,77.6
_12338_,77.6
clknet_leaf_654_clk,77.6
clknet_leaf_29_clk,77.58
_05425_,77.56
clknet_leaf_202_clk,77.56
_15981_,77.53
_17949_,77.52
_09080_,77.5
_16744_,77.46
_13684_,77.44
_13845_,77.42
_19291_,77.42
clknet_leaf_171_clk,77.42
_12565_,77.41
_13163_,77.4
clknet_leaf_532_clk,77.38
_06388_,77.36
_06585_,77.36
clknet_leaf_541_clk,77.34
_09261_,77.32
core.data_in_reg\[318\],77.32
_14821_,77.26
net499,77.24
clknet_leaf_641_clk,77.22
clknet_leaf_224_clk,77.2
net4748,77.2
_06743_,77.16
_13434_,77.16
_12633_,77.12
data_out8_reg\[5\],77.1
clknet_leaf_201_clk,77.1
net3864,77.08
_18726_,77.06
clknet_leaf_181_clk,77.06
_16394_,77.02
_05895_,77
_12573_,76.99
clknet_leaf_757_clk,76.96
core.key\[179\],76.945
core.data_out\[229\],76.94
clknet_leaf_113_clk,76.94
clknet_leaf_798_clk,76.94
net1816,76.94
net4732,76.94
_14782_,76.92
_12829_,76.86
clknet_leaf_358_clk,76.86
_19922_,76.82
net1231,76.82
_05510_,76.8
_18583_,76.8
core.key\[189\],76.8
clknet_leaf_737_clk,76.78
net2334,76.78
_12351_,76.76
_12481_,76.72
_04006_,76.69
_05782_,76.68
_15557_,76.68
_15794_,76.68
_04412_,76.66
core.key\[183\],76.66
core.key\[244\],76.66
core.qr1.y0\[0\],76.64
_13855_,76.6
core.key\[254\],76.6
_16977_,76.58
_10978_,76.56
core.key\[214\],76.56
clknet_leaf_764_clk,76.56
_11175_,76.54
_19680_,76.52
_03730_,76.5
_06459_,76.5
core.data_in_reg\[317\],76.5
net282,76.5
_19895_,76.49
_16183_,76.48
net345,76.48
_05524_,76.46
_05007_,76.44
clknet_leaf_503_clk,76.44
net2793,76.42
core.state9_reg\[26\],76.38
clknet_leaf_450_clk,76.38
clknet_leaf_280_clk,76.36
_12372_,76.34
core.block0_ctr_reg\[20\],76.34
net2036,76.34
_04203_,76.32
_06445_,76.315
core.state15_reg\[21\],76.3
net3064,76.28
_19532_,76.26
_13194_,76.24
_18149_,76.2
_05467_,76.19
_15431_,76.18
_05409_,76.14
_18894_,76.14
_19270_,76.14
clknet_leaf_580_clk,76.14
_10984_,76.12
_18180_,76.1
clknet_leaf_772_clk,76.1
_03893_,76.06
_09784_,76.06
_13740_,76.05
_16889_,76.02
net1874,76.02
clknet_leaf_573_clk,76
_09950_,75.98
clknet_leaf_154_clk,75.98
_08700_,75.97
_10980_,75.96
_03851_,75.95
_18473_,75.94
_17439_,75.935
_05857_,75.92
_06185_,75.92
_13644_,75.88
clknet_leaf_78_clk,75.88
core.key\[180\],75.865
_18740_,75.84
_08055_,75.82
clknet_leaf_742_clk,75.82
clknet_leaf_739_clk,75.8
net242,75.8
_03739_,75.78
_19776_,75.78
net2032,75.78
_04517_,75.76
_16104_,75.76
_18224_,75.72
clknet_leaf_16_clk,75.72
_05021_,75.68
_05519_,75.68
_09335_,75.64
core.state5_reg\[5\],75.64
clknet_leaf_676_clk,75.64
_12306_,75.62
core.key\[166\],75.605
_13888_,75.6
_12746_,75.56
_19894_,75.52
core.data_in\[31\],75.5
clknet_leaf_570_clk,75.48
_07996_,75.455
_06939_,75.44
_19871_,75.4
_04949_,75.37
_05681_,75.37
_12166_,75.36
core.block0_ctr_reg\[11\],75.36
_03743_,75.34
core.data_in_reg\[132\],75.34
data_out9_reg\[18\],75.34
clknet_leaf_600_clk,75.34
_12223_,75.32
net2052,75.32
_19289_,75.3
_13166_,75.29
clknet_leaf_649_clk,75.26
_05578_,75.24
_06936_,75.22
_08889_,75.22
net2628,75.22
_05539_,75.205
_13640_,75.2
_13004_,75.16
_18118_,75.14
clknet_leaf_451_clk,75.12
_04033_,75.08
_16702_,75.08
core.data_in_reg\[258\],75.08
_19461_,75.07
net4282,75.06
net1808,75.04
clknet_leaf_511_clk,75.02
_03811_,75.01
_07891_,75
_19529_,75
_19802_,75
net523,75
clknet_leaf_232_clk,74.98
_04935_,74.94
_19768_,74.93
_13018_,74.9
core.state4_reg\[18\],74.88
_05147_,74.86
net4636,74.84
_06646_,74.8
_05690_,74.785
_05030_,74.78
_16490_,74.76
clknet_leaf_547_clk,74.76
_05742_,74.74
clknet_leaf_732_clk,74.735
core.data_in_reg\[107\],74.7
_11678_,74.68
clknet_leaf_797_clk,74.66
_15659_,74.64
_05301_,74.6
_19877_,74.6
clknet_leaf_315_clk,74.58
_08803_,74.56
_15956_,74.56
_19876_,74.56
clknet_leaf_353_clk,74.56
_12639_,74.5
_19658_,74.5
net1602,74.5
_03989_,74.48
core.block0_ctr_reg\[9\],74.38
net3000,74.36
_10636_,74.35
_17484_,74.34
_19821_,74.34
net2569,74.34
_12805_,74.32
_12857_,74.32
_17478_,74.32
net2018,74.32
_19376_,74.3
core.data_out\[170\],74.3
net323,74.3
core.key\[167\],74.295
_14346_,74.27
_10360_,74.24
clknet_leaf_759_clk,74.2
net1912,74.18
_08948_,74.16
_11969_,74.145
clknet_leaf_147_clk,74.13
_05701_,74.12
_13615_,74.12
clknet_leaf_145_clk,74.095
core.data_in_reg\[138\],74.08
_06270_,74.06
core.key\[250\],74.055
_16006_,74.04
core.data_out\[385\],74.04
clknet_leaf_55_clk,73.99
core.qr0.y0\[29\],73.98
_06033_,73.94
_12330_,73.94
_15273_,73.94
_18221_,73.94
clknet_leaf_260_clk,73.94
net1672,73.94
core.key\[240\],73.935
data_out7_reg\[29\],73.93
_15913_,73.92
_19644_,73.92
clknet_leaf_194_clk,73.915
_06468_,73.86
clknet_leaf_701_clk,73.86
clknet_leaf_271_clk,73.84
core.data_out\[168\],73.8
_10874_,73.78
core.state5_reg\[21\],73.78
_14194_,73.72
_11713_,73.7
core.key\[91\],73.685
_03814_,73.66
_11037_,73.62
_13349_,73.62
_06889_,73.6
_19484_,73.58
net1799,73.56
clknet_leaf_248_clk,73.54
net1937,73.54
_17635_,73.52
_19808_,73.52
net3164,73.52
_05358_,73.495
_16326_,73.48
_04103_,73.46
_13494_,73.46
clknet_leaf_72_clk,73.44
core.data_in_reg\[3\],73.42
_19335_,73.4
_03990_,73.34
_05368_,73.32
_12832_,73.32
clknet_leaf_339_clk,73.32
_09886_,73.29
clknet_leaf_746_clk,73.28
_13902_,73.26
_16655_,73.26
clknet_leaf_775_clk,73.26
_05424_,73.255
_05587_,73.25
_13081_,73.22
net2090,73.22
_17161_,73.2
clknet_leaf_141_clk,73.2
_19360_,73.18
_05189_,73.16
_05309_,73.16
_12436_,73.16
_05559_,73.13
clknet_leaf_462_clk,73.12
clknet_leaf_589_clk,73.12
net483,73.12
clknet_leaf_587_clk,73.08
clknet_leaf_715_clk,73.08
_09462_,73.06
_03769_,73.04
clknet_leaf_418_clk,73.04
_18993_,73.02
_16682_,73
_08860_,72.97
_05893_,72.96
_08712_,72.96
_13216_,72.96
_14611_,72.96
clknet_leaf_535_clk,72.96
_10608_,72.94
_03981_,72.92
_04921_,72.92
_12376_,72.92
_13864_,72.92
_15170_,72.92
_17323_,72.92
_06720_,72.9
core.data_in_reg\[95\],72.9
core.key\[241\],72.9
_05477_,72.88
_13631_,72.87
core.x8_reg\[7\],72.86
clknet_leaf_734_clk,72.86
_08870_,72.84
_11867_,72.835
_06493_,72.82
_12200_,72.82
_06097_,72.8
clknet_leaf_548_clk,72.8
_16155_,72.76
_05319_,72.74
core.iv1_reg\[12\],72.74
_04749_,72.7
_07158_,72.7
_19757_,72.7
_18979_,72.675
_03754_,72.66
_03778_,72.54
clknet_leaf_538_clk,72.52
_12433_,72.5
_13102_,72.5
_19021_,72.5
_05749_,72.48
_03683_,72.445
_18798_,72.44
_12719_,72.42
_13238_,72.42
_11905_,72.38
clknet_leaf_106_clk,72.38
_06606_,72.36
clknet_leaf_246_clk,72.355
_10614_,72.34
clknet_leaf_636_clk,72.34
_04959_,72.32
_05108_,72.32
_09284_,72.32
_15892_,72.32
core.key6_reg\[10\],72.32
_12180_,72.28
_03822_,72.26
_03872_,72.26
_04051_,72.26
_19759_,72.24
clknet_leaf_25_clk,72.24
_17895_,72.22
core.data_in_reg\[257\],72.22
_11176_,72.2
_12591_,72.2
_19671_,72.2
net2014,72.2
_12700_,72.16
clknet_leaf_32_clk,72.16
clknet_leaf_347_clk,72.16
net2437,72.16
_09754_,72.12
_05404_,72.1
_11897_,72.08
_19590_,72.08
clknet_leaf_299_clk,72.035
_14411_,72.02
core.data_in_reg\[431\],72.02
_17612_,71.98
_03733_,71.96
clknet_leaf_530_clk,71.94
_13437_,71.935
_19799_,71.92
_17194_,71.9
clknet_leaf_546_clk,71.9
clknet_leaf_266_clk,71.86
_18163_,71.84
_03958_,71.835
clknet_leaf_114_clk,71.8
_13721_,71.78
_19704_,71.78
clknet_leaf_142_clk,71.76
clknet_leaf_789_clk,71.7
_04050_,71.67
_16444_,71.66
_08660_,71.64
_04974_,71.6
core.state13_reg\[19\],71.58
_14367_,71.56
_17596_,71.535
_08626_,71.515
_06674_,71.5
_19356_,71.48
_17399_,71.46
clknet_leaf_255_clk,71.46
_13552_,71.45
_04930_,71.44
_11936_,71.44
_19641_,71.44
net3263,71.43
_16408_,71.4
clknet_leaf_314_clk,71.4
_05320_,71.38
_11742_,71.36
_15663_,71.315
_13411_,71.3
_14643_,71.3
clknet_leaf_473_clk,71.3
_18942_,71.28
core.block1_ctr_reg\[27\],71.26
_18944_,71.25
_19538_,71.22
net1855,71.22
_05175_,71.2
_05619_,71.2
_06555_,71.2
_05462_,71.18
_05616_,71.18
_19812_,71.18
net4731,71.18
_12701_,71.16
_05435_,71.14
_19758_,71.135
_15662_,71.1
_12499_,71.08
clknet_leaf_298_clk,71.08
_10838_,71.06
clknet_leaf_310_clk,71.06
_05094_,71.02
_13155_,71.02
_04183_,71
_13980_,71
_10557_,70.98
clknet_leaf_568_clk,70.98
clknet_leaf_735_clk,70.98
_13572_,70.96
_15419_,70.94
_18988_,70.92
clknet_leaf_626_clk,70.92
_19261_,70.915
_12526_,70.9
_19867_,70.9
_16453_,70.88
_13401_,70.82
_17683_,70.82
core.state12_reg\[13\],70.795
_13923_,70.79
_19402_,70.79
_03928_,70.78
_18694_,70.76
clknet_leaf_482_clk,70.76
clknet_leaf_650_clk,70.74
net4458,70.68
_07135_,70.66
_13666_,70.64
clknet_leaf_773_clk,70.58
_05474_,70.56
_15158_,70.56
_18322_,70.56
_03881_,70.54
_13514_,70.54
core.data_in_reg\[503\],70.5
_07507_,70.48
_13920_,70.47
_08213_,70.46
net1794,70.46
clknet_leaf_83_clk,70.44
net3178,70.44
_07159_,70.42
_11036_,70.42
_13277_,70.42
net2439,70.4
_17347_,70.38
clknet_leaf_684_clk,70.38
_05166_,70.36
_16362_,70.34
core.data_in\[254\],70.32
_03997_,70.28
_04032_,70.28
net3032,70.28
_03761_,70.26
_06812_,70.24
_13746_,70.22
clknet_leaf_527_clk,70.2
_17102_,70.12
_13178_,70.09
data_out7_reg\[7\],70.08
_05625_,70.055
_14390_,70.04
_19714_,70.03
clknet_leaf_54_clk,70.02
_19406_,70.01
_12427_,69.98
_19082_,69.97
_19415_,69.955
_18918_,69.94
_04023_,69.92
_12835_,69.9
clknet_leaf_392_clk,69.9
clknet_leaf_791_clk,69.9
_03801_,69.88
_19076_,69.855
_05352_,69.84
clknet_leaf_91_clk,69.82
clknet_leaf_522_clk,69.82
_12613_,69.8
_12773_,69.8
core.data_in_reg\[494\],69.8
_16874_,69.78
_13534_,69.74
net1990,69.74
_19880_,69.72
_05685_,69.71
_16945_,69.71
core.data_out\[171\],69.7
_04777_,69.67
_03832_,69.66
_05935_,69.66
_07104_,69.66
clknet_leaf_412_clk,69.66
clknet_leaf_456_clk,69.62
_13817_,69.6
clknet_leaf_565_clk,69.6
_04787_,69.56
_07628_,69.54
_13914_,69.54
_14906_,69.5
_19731_,69.46
core.key3_reg\[4\],69.44
_19006_,69.42
_19696_,69.39
_19606_,69.38
_05667_,69.36
net3070,69.36
clknet_leaf_753_clk,69.34
net1339,69.32
net4697,69.32
core.data_in_reg\[23\],69.3
_12322_,69.28
clknet_leaf_250_clk,69.28
clknet_leaf_621_clk,69.28
_13978_,69.26
data_out9_reg\[16\],69.22
_18997_,69.2
_13220_,69.19
_19387_,69.18
_12344_,69.16
core.state8_reg\[8\],69.12
_13075_,69.1
_19866_,69.1
_18915_,69.08
_16371_,69.04
_18139_,69.02
_05615_,68.98
_18474_,68.94
_19885_,68.92
_04630_,68.9
_19662_,68.89
clknet_leaf_751_clk,68.88
_05406_,68.86
_10910_,68.82
_12553_,68.82
_17441_,68.82
_19921_,68.82
clknet_leaf_22_clk,68.82
net1844,68.82
_19040_,68.8
_04384_,68.76
_06549_,68.74
_05606_,68.72
_13109_,68.7
_14336_,68.7
core.data_in_reg\[43\],68.7
clknet_leaf_721_clk,68.7
_15945_,68.68
_19565_,68.68
clknet_leaf_642_clk,68.68
_05759_,68.65
_19182_,68.64
clknet_leaf_629_clk,68.62
_05492_,68.61
clknet_leaf_722_clk,68.6
_13346_,68.595
_04056_,68.58
_12368_,68.5
clknet_leaf_596_clk,68.5
_09675_,68.49
clknet_leaf_148_clk,68.48
_10818_,68.42
core.key2_reg\[31\],68.4
_18848_,68.39
_07618_,68.36
_05796_,68.33
_04498_,68.32
_11669_,68.32
clknet_leaf_526_clk,68.32
_13428_,68.3
_05624_,68.29
_05672_,68.28
_11986_,68.265
_06651_,68.26
clknet_leaf_537_clk,68.255
_13724_,68.24
_14861_,68.22
_19018_,68.22
_12752_,68.2
_13062_,68.16
net1693,68.16
clknet_leaf_793_clk,68.145
_12569_,68.14
_12841_,68.14
clknet_leaf_711_clk,68.14
_03770_,68.12
_06155_,68.1
_13780_,68.06
net2925,68.06
_13395_,68.02
clknet_leaf_788_clk,68.02
net4766,68.02
_13858_,68
_19041_,67.98
_13773_,67.96
_18971_,67.95
_11666_,67.94
net2069,67.94
_08427_,67.93
_13106_,67.92
clknet_leaf_176_clk,67.9
_06376_,67.88
_10045_,67.88
_13705_,67.86
clknet_leaf_558_clk,67.86
_10585_,67.84
clknet_leaf_434_clk,67.84
clknet_leaf_609_clk,67.84
_13069_,67.82
_13570_,67.78
clknet_leaf_766_clk,67.78
_03715_,67.76
_14304_,67.74
_05473_,67.735
_19547_,67.7
_19653_,67.7
core.state13_reg\[10\],67.7
_06373_,67.68
_19280_,67.68
_13158_,67.635
_08418_,67.62
_12840_,67.6
clknet_leaf_637_clk,67.6
core.data_in_reg\[423\],67.58
clknet_leaf_144_clk,67.58
_14283_,67.56
_17899_,67.56
_05016_,67.52
core.data_in_reg\[283\],67.52
core.state7_reg\[18\],67.52
_19676_,67.5
clknet_leaf_126_clk,67.44
clknet_leaf_670_clk,67.44
_03894_,67.42
net4762,67.4
clknet_leaf_389_clk,67.38
_12350_,67.36
_11889_,67.34
_16328_,67.32
core.data_in_reg\[339\],67.32
_12854_,67.3
_13893_,67.3
clknet_leaf_233_clk,67.3
_07276_,67.28
_19818_,67.26
_13885_,67.24
_12582_,67.22
_11960_,67.2
clknet_leaf_425_clk,67.2
_19561_,67.165
_13181_,67.16
_19726_,67.16
_04562_,67.14
_12750_,67.08
_12994_,67.08
clknet_leaf_46_clk,67.08
_07532_,67.06
_18810_,67.06
clknet_leaf_351_clk,67.04
net2088,67.04
_05633_,67.025
_04863_,67.02
_09867_,67.02
_13972_,67.02
core.data_in_reg\[278\],67.02
clknet_leaf_567_clk,67.02
_19679_,67.01
clknet_leaf_604_clk,67
_04807_,66.98
_09800_,66.975
_04417_,66.96
_19908_,66.96
core.state6_reg\[26\],66.96
clknet_leaf_67_clk,66.96
_14610_,66.955
_17429_,66.94
clknet_leaf_11_clk,66.94
_18882_,66.93
clknet_leaf_700_clk,66.915
_09068_,66.9
_15890_,66.9
_15897_,66.9
_19326_,66.9
_19520_,66.88
clknet_leaf_122_clk,66.88
_06384_,66.86
_08714_,66.84
_12552_,66.83
_06704_,66.82
_10898_,66.82
net1223,66.82
_03779_,66.81
_13672_,66.805
_18878_,66.805
_13807_,66.78
net4667,66.78
net3005,66.76
core.data_in_reg\[414\],66.74
_05530_,66.72
_17882_,66.7
net4725,66.7
_03988_,66.66
_04802_,66.64
clknet_leaf_137_clk,66.6
_18534_,66.595
_04340_,66.58
_07480_,66.58
_19061_,66.58
_19548_,66.56
_10932_,66.54
core.state5_reg\[18\],66.52
net467,66.52
_13068_,66.5
clknet_leaf_251_clk,66.5
_05502_,66.48
net2125,66.48
_18632_,66.44
net612,66.44
net3269,66.44
_11360_,66.42
_12449_,66.4
net1206,66.4
_11982_,66.38
_19831_,66.38
_12578_,66.36
_19007_,66.36
_14644_,66.34
core.block0_ctr_reg\[23\],66.34
clknet_leaf_312_clk,66.32
net4774,66.32
clknet_leaf_696_clk,66.3
net1754,66.3
_19911_,66.28
_04326_,66.26
net1698,66.26
_06180_,66.24
clknet_leaf_53_clk,66.22
core.block0_ctr_reg\[25\],66.2
net4692,66.2
_18550_,66.16
_18684_,66.14
_19177_,66.14
_19576_,66.14
_12600_,66.12
_13116_,66.1
_11813_,66.04
_08909_,66.02
net4800,65.98
_12186_,65.96
clknet_leaf_24_clk,65.96
_19330_,65.935
_04398_,65.92
_08544_,65.92
_03830_,65.89
_10974_,65.88
_13204_,65.88
_18685_,65.88
clknet_leaf_256_clk,65.88
_05710_,65.84
core.data_in_reg\[272\],65.84
clknet_leaf_56_clk,65.84
net461,65.84
_12165_,65.82
core.dr_ctr_reg\[2\],65.82
clknet_leaf_343_clk,65.82
_05581_,65.8
_14822_,65.8
clknet_leaf_651_clk,65.74
clknet_leaf_218_clk,65.72
clknet_leaf_783_clk,65.72
_18598_,65.7
core.data_in_reg\[271\],65.7
_07531_,65.67
_13561_,65.65
clknet_leaf_583_clk,65.64
net294,65.6
_11844_,65.58
_04159_,65.56
_05791_,65.56
core.data_out\[240\],65.56
clknet_leaf_9_clk,65.56
_12025_,65.52
_06452_,65.515
_13768_,65.5
_18197_,65.5
_03867_,65.48
_04189_,65.48
core.data_in_reg\[101\],65.48
clknet_leaf_158_clk,65.46
clknet_leaf_795_clk,65.46
_12423_,65.44
_13213_,65.4
_17063_,65.4
_07173_,65.37
_13650_,65.36
_13883_,65.34
core.data_out\[172\],65.34
_12500_,65.32
_13040_,65.32
core.data_in_reg\[350\],65.32
clknet_leaf_128_clk,65.32
clknet_leaf_591_clk,65.32
_13759_,65.315
_16867_,65.3
_18924_,65.3
clknet_leaf_519_clk,65.3
_19043_,65.28
_05673_,65.26
_05300_,65.255
_13587_,65.24
_19575_,65.22
_19855_,65.22
_13207_,65.2
clknet_leaf_195_clk,65.2
_11126_,65.18
_18953_,65.18
clknet_leaf_467_clk,65.18
net2718,65.18
_04604_,65.16
_19094_,65.14
net1725,65.14
clknet_leaf_281_clk,65.08
clknet_leaf_186_clk,65.06
clknet_leaf_712_clk,65.02
clknet_leaf_164_clk,65
clknet_leaf_422_clk,65
clknet_leaf_690_clk,64.97
_04071_,64.96
_19241_,64.96
net2954,64.96
_04590_,64.92
clknet_leaf_66_clk,64.92
clknet_leaf_157_clk,64.92
clknet_leaf_185_clk,64.92
clknet_leaf_57_clk,64.9
_19937_,64.88
core.data_in_reg\[235\],64.88
core.key\[176\],64.82
clknet_leaf_190_clk,64.82
clknet_leaf_592_clk,64.8
net2962,64.77
_16147_,64.76
_19378_,64.74
_12464_,64.72
clknet_leaf_23_clk,64.72
_06546_,64.7
_17156_,64.7
clknet_leaf_588_clk,64.7
core.data_in\[134\],64.68
core.data_in_reg\[447\],64.68
_15433_,64.66
core.block0_ctr_reg\[22\],64.64
net1770,64.64
core.state12_reg\[2\],64.63
clknet_leaf_657_clk,64.62
_03831_,64.58
_05767_,64.56
_16842_,64.56
_05628_,64.54
_06538_,64.54
core.key\[236\],64.54
core.qr1.y0\[18\],64.5
_03720_,64.49
net2502,64.49
core.state4_reg\[21\],64.46
_19228_,64.42
net2988,64.42
_03903_,64.4
core.data_in\[501\],64.38
_15893_,64.36
clknet_leaf_95_clk,64.32
net447,64.32
_04038_,64.3
_09553_,64.3
_13475_,64.28
clknet_leaf_189_clk,64.28
net2958,64.24
_07270_,64.18
_08414_,64.18
_13553_,64.18
_16892_,64.18
clknet_leaf_150_clk,64.18
net2007,64.18
_03787_,64.16
clknet_leaf_135_clk,64.14
_04331_,64.12
_13337_,64.12
_11984_,64.095
_12440_,64.08
_12283_,64.06
_19050_,64.06
clknet_leaf_219_clk,64.06
_05521_,64.04
_19735_,64.04
_19786_,64
net1469,64
clknet_leaf_494_clk,63.99
clknet_leaf_648_clk,63.96
_13697_,63.86
_18926_,63.86
core.qr2.y0\[16\],63.855
core.data_in_reg\[0\],63.85
clknet_leaf_28_clk,63.84
net1375,63.84
core.state9_reg\[24\],63.815
clknet_leaf_680_clk,63.795
_12501_,63.76
net547,63.76
_15636_,63.72
_19141_,63.72
_12740_,63.68
_10179_,63.64
_15351_,63.64
_19262_,63.64
net1558,63.64
_19313_,63.635
_14933_,63.6
clknet_leaf_193_clk,63.6
_04730_,63.54
_10241_,63.54
clknet_leaf_598_clk,63.54
_03706_,63.52
net1542,63.52
clknet_leaf_407_clk,63.5
_19480_,63.48
_18806_,63.44
clknet_leaf_638_clk,63.44
core.data_in_reg\[256\],63.43
core.data_in_reg\[108\],63.42
core.data_out\[455\],63.38
clknet_leaf_183_clk,63.38
_19127_,63.34
_19373_,63.34
_19537_,63.34
clknet_leaf_68_clk,63.34
_17434_,63.33
_18554_,63.325
_07373_,63.32
_12820_,63.32
_19483_,63.32
_07183_,63.315
_19693_,63.305
_12716_,63.28
net1981,63.28
_13497_,63.26
_18613_,63.26
_12265_,63.22
_16877_,63.22
clknet_leaf_204_clk,63.21
_14784_,63.2
_18671_,63.2
core.key3_reg\[2\],63.2
_05663_,63.16
_15695_,63.145
_13188_,63.12
_18505_,63.12
net1530,63.12
_13810_,63.1
_19198_,63.1
_05387_,63.08
_06380_,63.06
_08419_,63.02
_19240_,63.02
_19785_,63.015
clknet_leaf_531_clk,63
_13874_,62.98
_12052_,62.975
_11871_,62.955
_17287_,62.94
data_out9_reg\[22\],62.94
clknet_leaf_474_clk,62.94
net1575,62.94
_19603_,62.92
_11706_,62.91
_13283_,62.9
_05332_,62.88
_11945_,62.84
_18711_,62.84
_12616_,62.82
_04117_,62.8
clknet_leaf_60_clk,62.78
clknet_leaf_320_clk,62.78
net4698,62.76
_13669_,62.74
_13911_,62.725
_19137_,62.71
_11609_,62.7
core.data_in_reg\[140\],62.7
_19723_,62.66
clknet_leaf_242_clk,62.66
net1507,62.66
_13781_,62.64
_15354_,62.6
_13628_,62.58
_14766_,62.56
clknet_leaf_287_clk,62.56
clknet_leaf_752_clk,62.56
_12363_,62.52
data_out9_reg\[20\],62.5
clknet_leaf_468_clk,62.495
_11728_,62.49
_06361_,62.48
core.state13_reg\[20\],62.48
core.state4_reg\[19\],62.48
_09774_,62.46
_07859_,62.42
core.data_in_reg\[413\],62.4
_15138_,62.38
clknet_leaf_20_clk,62.38
clknet_leaf_305_clk,62.38
_12756_,62.36
_18660_,62.36
_03969_,62.34
clknet_leaf_302_clk,62.34
_18062_,62.32
core.state15_reg\[29\],62.32
_12097_,62.3
_12556_,62.3
_16354_,62.3
_13169_,62.28
_19164_,62.28
clknet_leaf_182_clk,62.28
_04534_,62.26
_05645_,62.26
_05747_,62.24
_19830_,62.24
core.state14_reg\[22\],62.22
core.key3_reg\[5\],62.2
_13491_,62.16
clknet_leaf_291_clk,62.16
core.data_in_reg\[171\],62.14
net1955,62.14
_18410_,62.1
clknet_leaf_440_clk,62.1
_07168_,62.08
_12627_,62.08
_19339_,62.08
_04879_,62.075
_05381_,62.06
_19493_,62.06
_16568_,62.04
clknet_leaf_40_clk,62.04
clknet_leaf_196_clk,62.03
clknet_leaf_697_clk,62.02
_05482_,62
_11851_,62
net2950,62
_17355_,61.96
_03714_,61.94
_18683_,61.94
core.iv1_reg\[13\],61.94
clknet_leaf_311_clk,61.94
_18196_,61.92
net4866,61.92
_11376_,61.9
_14401_,61.89
_18824_,61.88
net645,61.88
net4896,61.88
_06202_,61.82
_12536_,61.82
_19084_,61.82
_05758_,61.815
clknet_leaf_516_clk,61.78
_13663_,61.76
_17856_,61.76
net1567,61.76
_03890_,61.74
_11165_,61.72
_12576_,61.72
_19023_,61.72
core.data_in_reg\[411\],61.7
clknet_leaf_426_clk,61.68
core.qr2.y0\[25\],61.655
_13791_,61.61
_18596_,61.6
_15137_,61.59
_05378_,61.58
clknet_leaf_750_clk,61.58
clknet_leaf_342_clk,61.54
_05635_,61.5
_15629_,61.46
net1445,61.46
_19766_,61.45
_12326_,61.44
clknet_leaf_576_clk,61.44
_05367_,61.38
_15946_,61.38
clknet_leaf_585_clk,61.38
net1451,61.38
_18219_,61.36
clknet_leaf_263_clk,61.36
clknet_leaf_368_clk,61.36
clknet_leaf_639_clk,61.36
_10023_,61.32
_04873_,61.28
core.data_out\[238\],61.28
clknet_leaf_319_clk,61.28
net810,61.28
_19852_,61.26
core.key3_reg\[13\],61.26
core.key\[231\],61.26
clknet_leaf_533_clk,61.26
_19300_,61.24
_10618_,61.21
clknet_leaf_605_clk,61.2
_05715_,61.19
clknet_leaf_606_clk,61.18
_13201_,61.16
_16451_,61.16
_18849_,61.15
_17614_,61.08
core.qr2.y0\[21\],61.08
net2869,61.08
_13032_,61.04
_18581_,61.04
net497,61.04
_10802_,61.02
_19103_,61
clknet_leaf_507_clk,61
net260,60.98
clknet_leaf_18_clk,60.96
_19145_,60.94
_08065_,60.92
clknet_leaf_262_clk,60.92
_08079_,60.88
clknet_leaf_335_clk,60.88
_03884_,60.86
clknet_leaf_75_clk,60.86
_07660_,60.85
_12586_,60.84
_13788_,60.8
_19025_,60.77
_18127_,60.76
core.state7_reg\[29\],60.72
_17812_,60.705
clknet_leaf_337_clk,60.7
_12443_,60.66
_13653_,60.64
clknet_leaf_125_clk,60.64
_14000_,60.62
_17546_,60.62
_19365_,60.62
clknet_leaf_465_clk,60.62
net1427,60.62
_12927_,60.6
_14406_,60.6
_16175_,60.6
_18254_,60.58
_19464_,60.56
_19777_,60.56
core.data_out\[451\],60.54
net2124,60.54
_09658_,60.52
_19282_,60.52
_11464_,60.5
core.data_in_reg\[290\],60.5
_12400_,60.48
net1247,60.46
_16870_,60.44
clknet_leaf_273_clk,60.44
net2934,60.42
_06567_,60.4
_19394_,60.4
clknet_leaf_205_clk,60.4
net319,60.38
net489,60.38
_12354_,60.36
net2863,60.36
_04649_,60.34
clknet_leaf_740_clk,60.29
_05733_,60.28
clknet_leaf_19_clk,60.24
_07726_,60.22
_06117_,60.2
_12318_,60.2
_08855_,60.18
core.data_in_reg\[115\],60.18
_11853_,60.17
_11400_,60.16
_17479_,60.16
_18826_,60.16
_19465_,60.16
clknet_leaf_794_clk,60.16
net2238,60.1
core.key\[81\],60.055
_08142_,60.04
net1559,60.04
_04672_,60
_13556_,60
_19661_,59.98
_19211_,59.96
_05377_,59.94
_13798_,59.94
core.data_in_reg\[147\],59.94
net3456,59.94
_09748_,59.92
_12650_,59.92
_14249_,59.92
core.qr2.y0\[27\],59.92
_19492_,59.88
clknet_leaf_235_clk,59.87
_17559_,59.86
_12439_,59.84
_18251_,59.84
clknet_leaf_97_clk,59.83
_16598_,59.8
core.state13_reg\[21\],59.8
_13573_,59.78
clknet_leaf_411_clk,59.78
clknet_leaf_665_clk,59.78
net898,59.76
_06504_,59.72
_16694_,59.7
_13908_,59.68
net3570,59.68
_18128_,59.66
_19292_,59.66
core.data_out\[173\],59.66
net2230,59.66
_13133_,59.62
core.key\[226\],59.62
net1517,59.62
_09479_,59.6
_15633_,59.6
core.state13_reg\[11\],59.6
net2083,59.6
net2976,59.595
_19058_,59.58
clknet_leaf_301_clk,59.58
clknet_leaf_634_clk,59.58
net2821,59.54
_13966_,59.52
clknet_leaf_191_clk,59.5
_19093_,59.47
_03711_,59.46
clknet_leaf_88_clk,59.44
_07294_,59.42
net4576,59.42
_09043_,59.4
_18540_,59.4
clknet_leaf_252_clk,59.4
_13637_,59.36
_18989_,59.36
core.data_in_reg\[470\],59.36
_13657_,59.35
_18998_,59.34
_08084_,59.24
_12684_,59.24
clknet_leaf_661_clk,59.24
_07028_,59.22
_07139_,59.2
_12561_,59.2
net443,59.2
_17790_,59.18
_18422_,59.16
clknet_leaf_623_clk,59.16
clknet_leaf_483_clk,59.14
_12021_,59.125
core.data_in_reg\[68\],59.12
clknet_leaf_640_clk,59.12
_19225_,59.1
_06383_,59.08
core.state4_reg\[29\],59.06
clknet_leaf_63_clk,59.06
clknet_leaf_153_clk,59.06
_14658_,59.02
_16152_,59.02
_05531_,59
_08936_,59
_12782_,59
net4678,59
_05752_,58.98
_05729_,58.96
_06323_,58.96
_18816_,58.96
_08763_,58.94
_17756_,58.94
net3434,58.94
_12925_,58.92
core.state15_reg\[7\],58.92
_15649_,58.9
_19621_,58.9
clknet_leaf_149_clk,58.9
clknet_leaf_749_clk,58.87
core.data_in_reg\[220\],58.86
_12902_,58.84
_13286_,58.82
clknet_leaf_178_clk,58.82
core.data_in_reg\[360\],58.81
clknet_leaf_213_clk,58.8
clknet_leaf_261_clk,58.8
_17416_,58.78
clknet_leaf_390_clk,58.78
clknet_leaf_688_clk,58.735
_07455_,58.72
_12599_,58.72
_19523_,58.72
_12930_,58.7
core.data_in\[479\],58.7
clknet_leaf_755_clk,58.7
_08366_,58.66
clknet_leaf_84_clk,58.64
_11710_,58.58
_17069_,58.58
clknet_leaf_769_clk,58.56
_03902_,58.55
net1565,58.54
core.rounds_reg\[0\],58.5
net3137,58.5
_11862_,58.475
_07850_,58.46
_19020_,58.46
_06586_,58.44
_18669_,58.44
_18363_,58.42
_19622_,58.42
_10016_,58.4
_12971_,58.37
_09358_,58.32
clknet_leaf_771_clk,58.32
_07160_,58.28
_06195_,58.24
_19396_,58.24
net2951,58.22
_05682_,58.2
_17351_,58.18
_19667_,58.18
_12471_,58.16
_03875_,58.14
_13398_,58.14
_12949_,58.08
core.data_in_reg\[502\],58.08
_18513_,58.07
core.data_out\[216\],58.04
_10979_,58.02
core.state8_reg\[6\],58.02
_12221_,57.98
_19150_,57.97
_14710_,57.96
net1084,57.96
net1287,57.96
_17262_,57.94
net4820,57.94
_12801_,57.92
net2314,57.92
clknet_leaf_470_clk,57.9
_08852_,57.88
_11995_,57.86
_16212_,57.86
_18378_,57.86
clknet_leaf_655_clk,57.86
net2883,57.86
_17070_,57.84
data_out9_reg\[19\],57.82
net2073,57.82
clknet_leaf_327_clk,57.76
clknet_leaf_632_clk,57.76
_19474_,57.74
core.dr_ctr_reg\[1\],57.73
clknet_leaf_687_clk,57.72
_12790_,57.7
core.block0_ctr_reg\[19\],57.7
_03876_,57.66
core.qr3.y0\[24\],57.64
_05711_,57.63
_14607_,57.62
_19111_,57.59
data_out9_reg\[14\],57.58
clknet_leaf_559_clk,57.58
_13613_,57.56
clknet_leaf_477_clk,57.56
clknet_leaf_159_clk,57.54
net1363,57.52
net4418,57.52
_13500_,57.48
core.data_in_reg\[116\],57.46
_08972_,57.45
_13833_,57.42
_19243_,57.42
clknet_leaf_228_clk,57.42
clknet_leaf_671_clk,57.42
_05797_,57.4
core.data_out\[239\],57.38
_07666_,57.36
_13801_,57.36
core.data_out\[109\],57.36
clknet_leaf_102_clk,57.36
_13088_,57.34
_19385_,57.32
_10169_,57.3
_13735_,57.3
_15271_,57.3
clknet_leaf_564_clk,57.3
clknet_leaf_717_clk,57.26
_12305_,57.24
_10982_,57.2
_12478_,57.2
_19272_,57.2
core.state5_reg\[20\],57.2
net1608,57.2
core.data_in\[273\],57.18
_11870_,57.16
_19322_,57.16
_05702_,57.12
clknet_leaf_317_clk,57.12
clknet_leaf_408_clk,57.12
clknet_leaf_550_clk,57.12
_09113_,57.1
core.key\[229\],57.08
clknet_leaf_15_clk,57.08
clknet_leaf_376_clk,57.08
_10101_,57
core.state5_reg\[16\],57
data_out9_reg\[17\],56.98
core.iv0_reg\[5\],56.96
net1728,56.96
_18628_,56.94
core.key\[221\],56.92
_19413_,56.9
clknet_leaf_87_clk,56.9
_09274_,56.88
_11698_,56.86
clknet_leaf_124_clk,56.86
_12904_,56.83
_03606_,56.8
_19605_,56.8
_13702_,56.77
_09446_,56.76
_19102_,56.76
_17551_,56.72
core.data_in_reg\[129\],56.72
net1461,56.72
net2051,56.7
_19283_,56.695
_05588_,56.66
_08466_,56.64
_12587_,56.64
_18132_,56.64
clknet_leaf_513_clk,56.64
net1577,56.64
net4649,56.64
_14081_,56.6
core.key\[181\],56.565
_09051_,56.54
core.key\[185\],56.525
_10019_,56.52
clknet_leaf_729_clk,56.5
clknet_leaf_731_clk,56.5
clknet_leaf_361_clk,56.495
clknet_leaf_51_clk,56.48
clknet_leaf_304_clk,56.48
_17402_,56.46
_18237_,56.42
net2078,56.42
_08337_,56.4
net3737,56.4
clknet_leaf_199_clk,56.36
net1959,56.32
_18409_,56.28
net2077,56.28
core.state15_reg\[17\],56.26
_12215_,56.24
_18897_,56.22
_18665_,56.21
_12519_,56.14
_03946_,56.1
_15802_,56.1
_16164_,56.1
_16965_,56.1
_19091_,56.1
_09810_,56.075
_12253_,56.065
net3048,56.02
_19384_,55.98
clknet_leaf_211_clk,55.98
_13465_,55.96
clknet_leaf_578_clk,55.96
net1973,55.96
_09746_,55.94
core.data_in_reg\[465\],55.94
clknet_leaf_43_clk,55.94
_16882_,55.9
_18136_,55.9
_06543_,55.86
_17425_,55.86
_07725_,55.82
_13210_,55.82
_15175_,55.8
net2827,55.8
core.data_in_reg\[419\],55.78
_03758_,55.76
clknet_leaf_479_clk,55.76
clknet_leaf_669_clk,55.76
net433,55.74
clknet_leaf_394_clk,55.68
clknet_leaf_540_clk,55.68
_12810_,55.66
_10591_,55.64
_11564_,55.61
_12248_,55.6
_18822_,55.6
_19331_,55.6
_05444_,55.58
_15022_,55.56
_17088_,55.54
net2885,55.54
_10030_,55.52
_15386_,55.52
_19049_,55.52
core.state15_reg\[0\],55.52
clknet_leaf_708_clk,55.52
_19722_,55.475
net1836,55.46
_11921_,55.4
net1898,55.4
_19052_,55.39
_19473_,55.38
net3842,55.38
_13787_,55.36
_14718_,55.36
core.data_in_reg\[80\],55.34
clknet_leaf_120_clk,55.325
core.qr0.y0\[10\],55.32
clknet_leaf_318_clk,55.32
clknet_leaf_369_clk,55.26
_07303_,55.22
clknet_leaf_563_clk,55.22
_11062_,55.18
_15064_,55.18
clknet_leaf_647_clk,55.18
core.key\[92\],55.165
_14825_,55.16
_05396_,55.12
clknet_leaf_615_clk,55.12
_11983_,55.11
_16784_,55.1
clknet_leaf_673_clk,55.1
_12249_,55.03
_12045_,55.02
net4867,55.02
_13853_,54.99
core.key5_reg\[2\],54.98
_12510_,54.94
_12108_,54.89
_11196_,54.88
clknet_leaf_303_clk,54.84
_04456_,54.82
net1588,54.82
_18110_,54.8
core.key\[90\],54.765
_08361_,54.76
_19032_,54.76
_19319_,54.76
clknet_leaf_705_clk,54.76
net2016,54.76
net1351,54.75
_10007_,54.72
_12079_,54.7
_11774_,54.64
_17761_,54.64
_18866_,54.63
_10913_,54.61
core.data_in_reg\[504\],54.61
_07416_,54.6
_12300_,54.6
_18194_,54.58
_05724_,54.56
_16420_,54.56
net1485,54.56
_12593_,54.55
_18864_,54.52
_07123_,54.5
clknet_leaf_58_clk,54.5
_18134_,54.48
_18172_,54.475
_12977_,54.46
clknet_leaf_121_clk,54.46
clknet_leaf_566_clk,54.42
_18546_,54.405
_19732_,54.38
core.key7_reg\[10\],54.38
clknet_leaf_82_clk,54.38
clknet_leaf_505_clk,54.38
_11861_,54.36
_12698_,54.36
clknet_leaf_377_clk,54.36
clknet_leaf_139_clk,54.3
_05550_,54.28
core.qr1.y0\[20\],54.28
clknet_leaf_326_clk,54.28
net2838,54.28
_15977_,54.26
_18311_,54.26
_18558_,54.26
_19393_,54.26
core.key\[237\],54.24
clknet_leaf_499_clk,54.24
_13305_,54.22
_14199_,54.22
_19194_,54.21
_07137_,54.195
_08723_,54.18
clknet_leaf_10_clk,54.18
clknet_leaf_104_clk,54.18
clknet_leaf_774_clk,54.18
net2763,54.18
net4853,54.18
_11773_,54.13
_13140_,54.12
_18430_,54.1
clknet_leaf_3_clk,54.1
core.key6_reg\[31\],54.08
_13574_,54.04
_16110_,54.02
core.block0_ctr_reg\[24\],54
_17602_,53.98
_12479_,53.96
_18661_,53.96
core.data_in_reg\[277\],53.96
clknet_leaf_129_clk,53.96
_19213_,53.94
core.data_in_reg\[464\],53.93
_13752_,53.91
_19886_,53.9
_08383_,53.89
_12512_,53.88
_13152_,53.88
_08320_,53.86
core.qr2.y0\[3\],53.86
core.data_in\[62\],53.84
clknet_leaf_457_clk,53.84
core.state14_reg\[20\],53.83
net1829,53.82
_14107_,53.8
core.state9_reg\[15\],53.8
core.key\[230\],53.76
clknet_leaf_674_clk,53.74
_13557_,53.64
clknet_leaf_486_clk,53.64
_11863_,53.62
_18533_,53.6
clknet_leaf_73_clk,53.6
_14829_,53.56
_18394_,53.54
_03703_,53.52
_12381_,53.52
_11699_,53.51
_06370_,53.5
_16773_,53.5
core.data_in_reg\[469\],53.5
_05453_,53.47
net1161,53.46
_17636_,53.44
core.key\[248\],53.44
core.key\[220\],53.38
_08115_,53.34
clknet_leaf_334_clk,53.32
_13884_,53.3
_17831_,53.265
clknet_leaf_779_clk,53.26
_08475_,53.24
core.data_in_reg\[100\],53.24
_17679_,53.22
core.state6_reg\[13\],53.22
core.data_in_reg\[169\],53.18
clknet_leaf_572_clk,53.18
_19320_,53.16
clknet_leaf_209_clk,53.16
_02087_,53.145
_06338_,53.14
_18324_,53.14
clknet_leaf_778_clk,53.14
_17914_,53.125
clknet_leaf_612_clk,53.12
net1275,53.12
_13340_,53.1
_16063_,53.1
_18851_,53.1
_19226_,53.1
core.state12_reg\[28\],53.1
_06541_,53.08
_12406_,53.08
_14498_,53.08
clknet_leaf_69_clk,53.08
_09802_,53.06
core.key\[88\],53.045
core.data_in_reg\[104\],53.04
clknet_leaf_542_clk,53.04
net1890,52.99
_17442_,52.96
clknet_leaf_496_clk,52.96
clknet_leaf_790_clk,52.92
net1178,52.92
_12070_,52.91
core.block0_ctr_reg\[17\],52.91
_09341_,52.88
_16159_,52.88
clknet_leaf_188_clk,52.88
_18327_,52.87
_15912_,52.84
core.key3_reg\[7\],52.84
net3166,52.84
net3760,52.84
_19424_,52.825
net2861,52.78
_07538_,52.76
core.data_in_reg\[106\],52.74
_12866_,52.66
core.iv1_reg\[14\],52.66
net1992,52.66
_15943_,52.64
_14653_,52.62
clknet_leaf_345_clk,52.62
_07579_,52.6
clknet_leaf_289_clk,52.6
clknet_leaf_461_clk,52.6
clknet_leaf_45_clk,52.58
_18707_,52.56
core.key7_reg\[11\],52.56
core.key\[93\],52.56
_11927_,52.54
net2913,52.54
_10117_,52.52
_18431_,52.52
_19100_,52.52
clknet_leaf_442_clk,52.52
_13085_,52.48
_13308_,52.48
core.state14_reg\[18\],52.48
net4567,52.44
_05778_,52.42
_08359_,52.42
clknet_leaf_231_clk,52.42
_13267_,52.415
_08585_,52.41
_19713_,52.4
_03684_,52.36
_10197_,52.36
_12647_,52.36
core.data_in\[351\],52.36
clknet_leaf_497_clk,52.36
net3731,52.36
_12135_,52.34
_18560_,52.3
net1655,52.3
_05779_,52.28
_07759_,52.28
_12808_,52.28
clknet_leaf_329_clk,52.24
_18653_,52.22
net1885,52.2
_10635_,52.18
_16885_,52.14
net2907,52.12
core.data_in_reg\[8\],52.08
clknet_leaf_7_clk,52.08
clknet_leaf_616_clk,52.08
net2879,52.08
_19340_,52.06
_18461_,52.02
clknet_leaf_543_clk,52
net1657,51.98
_11956_,51.96
_09533_,51.945
_05483_,51.93
_12969_,51.92
core.data_in_reg\[183\],51.88
_13143_,51.86
_18968_,51.86
_12608_,51.84
_15461_,51.84
_12346_,51.82
_13410_,51.82
_07519_,51.8
clknet_leaf_689_clk,51.8
_09532_,51.78
_08022_,51.76
core.state5_reg\[14\],51.755
_14372_,51.74
_11778_,51.725
clknet_leaf_643_clk,51.72
_13558_,51.68
_18832_,51.66
_18387_,51.655
_19259_,51.64
net2880,51.62
_10633_,51.6
_17152_,51.6
_17713_,51.58
_19195_,51.58
_19670_,51.58
clknet_leaf_658_clk,51.58
net1367,51.57
_18377_,51.56
net1418,51.56
_10205_,51.54
clknet_leaf_93_clk,51.54
_17611_,51.52
clknet_leaf_108_clk,51.5
clknet_leaf_400_clk,51.5
clknet_leaf_449_clk,51.5
clknet_leaf_489_clk,51.5
net1774,51.5
net1416,51.48
_07741_,51.44
_07933_,51.44
core.data_in_reg\[40\],51.44
_14183_,51.42
net1396,51.4
clknet_leaf_197_clk,51.34
core.qr1.y0\[30\],51.3
_14290_,51.275
_10092_,51.26
net1359,51.26
_14188_,51.24
_19112_,51.2
core.key6_reg\[30\],51.2
core.block0_ctr_reg\[30\],51.18
core.key\[222\],51.16
core.key\[184\],51.145
core.data_in\[489\],51.14
clknet_leaf_703_clk,51.14
_05445_,51.13
_12507_,51.12
core.data_in\[253\],51.12
net1214,51.12
net1791,51.12
core.data_in_reg\[127\],51.07
_10309_,51.06
_19034_,51.06
_18547_,51.04
net764,51.04
_11592_,51
_13970_,51
_16375_,51
clknet_leaf_602_clk,50.98
_11979_,50.96
net1227,50.94
_13783_,50.92
_07029_,50.91
_05738_,50.9
_12311_,50.9
_12671_,50.9
_14948_,50.88
core.iv0_reg\[7\],50.88
net3477,50.88
_18342_,50.84
_13854_,50.82
clknet_leaf_161_clk,50.82
net2253,50.82
_13321_,50.8
clknet_leaf_8_clk,50.8
clknet_leaf_222_clk,50.8
clknet_leaf_553_clk,50.78
clknet_leaf_265_clk,50.77
_17317_,50.76
net982,50.72
_19210_,50.7
net2809,50.7
_14040_,50.68
net868,50.68
_17072_,50.675
_17343_,50.64
_03823_,50.63
clknet_leaf_399_clk,50.6
_14968_,50.56
_12342_,50.5
core.data_in\[487\],50.48
_17090_,50.46
clknet_leaf_227_clk,50.44
net290,50.44
_17924_,50.4
clknet_leaf_123_clk,50.4
_18489_,50.39
clknet_leaf_744_clk,50.38
_12863_,50.36
clknet_leaf_184_clk,50.36
clknet_leaf_306_clk,50.32
_11965_,50.3
_19071_,50.3
net2968,50.3
clknet_leaf_332_clk,50.28
_09056_,50.24
core.state9_reg\[13\],50.24
clknet_leaf_679_clk,50.24
_07127_,50.22
_11477_,50.22
_14171_,50.2
net349,50.16
_12821_,50.14
core.data_in_reg\[410\],50.14
_17638_,50.1
_18615_,50.1
clknet_leaf_336_clk,50.1
_18328_,50.08
_15337_,50.06
_18042_,50.06
_11149_,50.04
_12355_,50.04
_16915_,50.04
core.state12_reg\[23\],50.02
clknet_leaf_272_clk,50.02
clknet_leaf_429_clk,50.02
net2750,50.02
_16863_,50
core.data_in_reg\[166\],50
clknet_leaf_340_clk,50
_12742_,49.98
_13779_,49.98
_19425_,49.98
_13909_,49.96
_15902_,49.96
_16174_,49.96
net934,49.96
_18351_,49.88
clknet_leaf_509_clk,49.88
net463,49.88
clknet_leaf_316_clk,49.86
_15046_,49.84
_14112_,49.82
clknet_leaf_419_clk,49.82
_12780_,49.8
core.iv0_reg\[20\],49.8
_14351_,49.74
_18521_,49.72
clknet_leaf_34_clk,49.72
_13518_,49.71
_06996_,49.7
_11924_,49.7
_18371_,49.7
net88,49.7
clknet_leaf_105_clk,49.7
clknet_leaf_518_clk,49.7
clknet_leaf_396_clk,49.68
_11146_,49.66
core.state13_reg\[4\],49.66
_09313_,49.64
_18630_,49.64
clknet_leaf_166_clk,49.64
_11583_,49.62
_09795_,49.6
_12614_,49.58
clknet_leaf_378_clk,49.58
clknet_leaf_736_clk,49.58
_11944_,49.56
_12630_,49.56
_12292_,49.54
net1604,49.54
_13812_,49.52
_05721_,49.5
core.data_in_reg\[142\],49.5
clknet_leaf_13_clk,49.5
clknet_leaf_524_clk,49.5
net1353,49.48
core.key\[89\],49.42
_18645_,49.4
clknet_leaf_374_clk,49.4
_13021_,49.38
_13334_,49.38
_13313_,49.365
_07376_,49.35
_17084_,49.34
_18799_,49.34
clknet_leaf_627_clk,49.34
core.data_in\[427\],49.32
_14025_,49.26
_11428_,49.2
_12332_,49.2
core.state5_reg\[12\],49.2
net1365,49.18
clknet_leaf_346_clk,49.155
_07336_,49.12
_18879_,49.12
core.data_in\[505\],49.1
_09116_,49.08
_10206_,49.08
_18106_,49.08
_09089_,49.04
_10155_,49.04
_17631_,49.04
clknet_leaf_698_clk,48.98
net1068,48.98
_10153_,48.96
_18109_,48.96
_11802_,48.94
_16896_,48.94
clknet_leaf_324_clk,48.94
clknet_leaf_17_clk,48.92
_12707_,48.9
_15822_,48.9
core.data_out\[110\],48.9
_07635_,48.88
_17286_,48.86
_13785_,48.84
net1171,48.84
_10669_,48.82
_13380_,48.82
_12107_,48.805
_15682_,48.8
_14124_,48.78
clknet_leaf_667_clk,48.78
net4607,48.78
_18624_,48.775
_19146_,48.76
net1305,48.74
clknet_leaf_677_clk,48.7
_19301_,48.69
core.state13_reg\[7\],48.68
data_out9_reg\[12\],48.68
_05739_,48.66
_12807_,48.66
_13593_,48.66
net3085,48.64
_10584_,48.63
_15808_,48.6
core.data_in_reg\[72\],48.58
clknet_leaf_716_clk,48.58
_09919_,48.565
clknet_leaf_401_clk,48.56
core.key3_reg\[9\],48.54
_11948_,48.52
_16661_,48.52
_13076_,48.48
clknet_leaf_65_clk,48.48
_12487_,48.44
_12869_,48.44
net4851,48.44
_18157_,48.36
clknet_leaf_756_clk,48.34
_10245_,48.3
_10943_,48.28
clknet_leaf_402_clk,48.28
clknet_leaf_475_clk,48.28
_09542_,48.26
net2803,48.26
clknet_leaf_236_clk,48.22
_19031_,48.215
_08760_,48.2
_14836_,48.2
_18484_,48.2
clknet_leaf_675_clk,48.2
net4659,48.2
_12722_,48.18
_16728_,48.18
core.iv0_reg\[18\],48.18
_06495_,48.17
_17621_,48.16
core.state13_reg\[5\],48.16
clknet_leaf_109_clk,48.16
_11136_,48.12
clknet_leaf_210_clk,48.12
_07675_,48.08
net2722,48.08
clknet_leaf_691_clk,48.06
net2492,48.06
_06534_,48.02
_18320_,48.02
core.block0_ctr_reg\[27\],48.02
clknet_leaf_293_clk,48.02
_14506_,48
_13532_,47.98
_13554_,47.98
_18069_,47.98
_05787_,47.975
_19085_,47.96
_05730_,47.94
_12954_,47.94
_13734_,47.94
clknet_leaf_614_clk,47.94
core.data_in_reg\[105\],47.92
net4764,47.92
_13992_,47.88
_18310_,47.88
clknet_leaf_322_clk,47.84
_17649_,47.82
_18443_,47.81
net4601,47.8
core.data_in\[486\],47.78
core.data_out\[327\],47.78
_08897_,47.74
_13545_,47.74
_16043_,47.73
_12061_,47.71
_12375_,47.7
_13716_,47.7
_08107_,47.68
_05768_,47.66
net1894,47.66
_16039_,47.64
clknet_leaf_792_clk,47.64
data_out8_reg\[24\],47.62
_06976_,47.6
_05493_,47.56
clknet_leaf_692_clk,47.54
clknet_leaf_277_clk,47.52
clknet_leaf_506_clk,47.52
_08777_,47.48
core.data_in_reg\[87\],47.46
net2730,47.45
core.data_in_reg\[152\],47.44
core.data_in_reg\[457\],47.44
net2897,47.42
net3201,47.42
_13784_,47.4
_18863_,47.36
clknet_leaf_463_clk,47.36
core.key\[170\],47.355
_02093_,47.345
core.data_in_reg\[14\],47.34
core.data_in_reg\[377\],47.34
_07375_,47.32
core.state15_reg\[28\],47.32
clknet_leaf_381_clk,47.32
_18152_,47.3
_09031_,47.28
_08841_,47.26
_18356_,47.26
core.state14_reg\[21\],47.26
_14952_,47.24
_12916_,47.2
core.state12_reg\[15\],47.2
_19264_,47.14
_14764_,47.1
_16786_,47.1
core.data_in_reg\[228\],47.1
net2786,47.08
_17435_,47.06
_17446_,47.02
clknet_leaf_666_clk,47.02
_12505_,47
core.data_in_reg\[133\],47
clknet_leaf_140_clk,47
clknet_leaf_653_clk,46.98
_16844_,46.96
_17245_,46.94
clknet_leaf_36_clk,46.94
clknet_leaf_469_clk,46.94
_13136_,46.9
net1626,46.9
_09138_,46.88
_12659_,46.88
_12270_,46.84
_18181_,46.82
clknet_leaf_297_clk,46.82
_12066_,46.8
_08389_,46.78
_12016_,46.78
clknet_leaf_484_clk,46.78
_09628_,46.74
_18115_,46.74
core.data_in\[350\],46.74
clknet_leaf_163_clk,46.74
clknet_leaf_388_clk,46.74
_05540_,46.72
core.key5_reg\[21\],46.68
clknet_leaf_391_clk,46.66
_13015_,46.64
_18469_,46.64
core.data_in_reg\[11\],46.64
_17384_,46.62
net2741,46.62
core.iv0_reg\[17\],46.58
net1347,46.58
_12797_,46.56
_13343_,46.56
net1573,46.52
core.data_in_reg\[118\],46.515
_06571_,46.5
_10986_,46.46
_11827_,46.44
_15626_,46.44
_16769_,46.42
_07578_,46.36
_18446_,46.36
_13318_,46.34
core.state12_reg\[19\],46.34
net2792,46.3
_17873_,46.275
_18444_,46.26
_11192_,46.24
clknet_leaf_44_clk,46.24
_10320_,46.22
_13260_,46.22
clknet_leaf_492_clk,46.2
_16663_,46.18
_07266_,46.16
_10929_,46.14
_12813_,46.14
_18646_,46.14
core.iv0_reg\[21\],46.14
_12827_,46.12
_18572_,46.04
_07553_,46.02
_10962_,46.02
_07943_,46.01
_13867_,45.98
_12491_,45.96
core.state7_reg\[28\],45.94
clknet_leaf_241_clk,45.94
net4735,45.94
_12995_,45.93
_16944_,45.93
_13420_,45.92
_07974_,45.9
net3536,45.9
_05720_,45.88
_08068_,45.88
core.data_out\[365\],45.86
_14663_,45.84
_12189_,45.82
net1221,45.82
_14801_,45.8
net4840,45.8
core.key\[171\],45.785
core.data_out\[214\],45.76
_07599_,45.74
_08699_,45.74
net1109,45.72
net4842,45.72
_11939_,45.68
_15295_,45.68
_18214_,45.66
_16610_,45.64
_11455_,45.62
core.qr0.y0\[21\],45.62
_15688_,45.6
_17662_,45.6
clknet_leaf_247_clk,45.6
clknet_leaf_528_clk,45.6
net2623,45.58
_16300_,45.56
clknet_leaf_510_clk,45.56
net1780,45.56
_14902_,45.52
_10595_,45.5
core.key\[218\],45.5
net956,45.48
_16306_,45.44
net1666,45.44
net2820,45.42
clknet_leaf_119_clk,45.4
_18692_,45.38
clknet_leaf_582_clk,45.38
_12360_,45.36
_17190_,45.36
_09132_,45.34
clknet_leaf_633_clk,45.34
clknet_leaf_136_clk,45.32
net1662,45.32
core.data_in_reg\[426\],45.3
core.iv1_reg\[2\],45.3
net4481,45.3
core.key6_reg\[28\],45.28
_09922_,45.22
_12763_,45.22
_14267_,45.22
net1030,45.22
net2261,45.22
_08298_,45.2
_11841_,45.18
_18304_,45.18
net3513,45.18
_10318_,45.17
_08057_,45.16
_08875_,45.16
core.iv0_reg\[28\],45.16
_12705_,45.14
_05329_,45.12
_14630_,45.12
_15545_,45.12
clknet_leaf_762_clk,45.12
net2225,45.12
_08826_,45.1
clknet_leaf_645_clk,45.1
clknet_leaf_534_clk,45.095
net2901,45.08
_08262_,45.07
net1054,45.06
_16382_,45.04
core.key6_reg\[29\],44.99
_18177_,44.98
_12878_,44.96
_13804_,44.96
net4491,44.96
_12522_,44.94
_12992_,44.9
_13861_,44.9
_18500_,44.9
core.init,44.9
_12244_,44.88
core.data_in_reg\[428\],44.83
_18895_,44.8
clknet_leaf_4_clk,44.8
net4894,44.8
_09786_,44.78
_12837_,44.78
_13016_,44.78
core.block0_ctr_reg\[28\],44.78
clknet_leaf_799_clk,44.76
_09434_,44.74
_14281_,44.7
clknet_leaf_48_clk,44.68
_18456_,44.645
_09951_,44.64
_10438_,44.64
_12329_,44.63
_14839_,44.62
net1192,44.62
_15012_,44.58
clknet_leaf_26_clk,44.56
clknet_leaf_76_clk,44.56
clknet_leaf_433_clk,44.56
_07764_,44.535
_10807_,44.52
data_out9_reg\[10\],44.52
net1600,44.52
_13045_,44.48
_09974_,44.46
_16404_,44.38
_18373_,44.38
net3167,44.38
_16657_,44.36
_12580_,44.34
net2788,44.34
_14034_,44.32
_10998_,44.31
_08434_,44.3
_17578_,44.3
_18146_,44.3
_19273_,44.3
core.state8_reg\[0\],44.3
clknet_leaf_206_clk,44.3
_12002_,44.28
clknet_leaf_127_clk,44.28
_08102_,44.26
clknet_leaf_787_clk,44.26
net1080,44.26
net1255,44.26
core.data_out\[371\],44.24
net3519,44.24
_08933_,44.22
clknet_leaf_238_clk,44.22
net1704,44.22
_05338_,44.2
_07860_,44.18
_12015_,44.18
net4790,44.16
_16578_,44.14
net2393,44.14
_11456_,44.08
_18635_,44.08
clknet_leaf_99_clk,44.08
_10407_,44.06
_13844_,44.06
core.state15_reg\[5\],44.06
net3743,44.06
_17758_,44.04
_12146_,44.03
_07960_,44.02
_12667_,44.02
_16239_,44
net1686,44
_12029_,43.98
net353,43.98
_10681_,43.96
_19312_,43.96
_14497_,43.94
_18738_,43.92
_11963_,43.91
_08151_,43.9
_09013_,43.9
_11720_,43.9
net1610,43.9
_07920_,43.88
net2060,43.88
net2888,43.88
_14796_,43.86
_05436_,43.84
clknet_leaf_359_clk,43.84
_18354_,43.835
clknet_leaf_443_clk,43.78
_09578_,43.76
_16846_,43.76
_18468_,43.76
core.data_in_reg\[22\],43.76
core.key7_reg\[16\],43.76
_08085_,43.72
_18664_,43.7
_15056_,43.68
net415,43.66
net1092,43.64
_18178_,43.62
_07248_,43.57
_13279_,43.54
clknet_leaf_294_clk,43.54
core.data_in_reg\[448\],43.52
clknet_leaf_169_clk,43.52
_07824_,43.5
clknet_leaf_35_clk,43.5
clknet_leaf_38_clk,43.5
clknet_leaf_525_clk,43.5
clknet_leaf_584_clk,43.48
core.data_in_reg\[412\],43.47
_18289_,43.46
core.data_in_reg\[432\],43.46
net4635,43.46
_17474_,43.42
core.data_in\[268\],43.42
clknet_leaf_325_clk,43.4
net1237,43.4
net2732,43.4
_14361_,43.38
core.state9_reg\[12\],43.37
_05328_,43.36
core.state9_reg\[19\],43.36
_18611_,43.34
clknet_leaf_694_clk,43.34
_11285_,43.32
_14927_,43.3
_17973_,43.3
core.state4_reg\[26\],43.3
clknet_leaf_349_clk,43.3
net4871,43.3
core.data_in_reg\[119\],43.295
_11947_,43.29
_05664_,43.28
core.state12_reg\[10\],43.28
_08207_,43.24
_18111_,43.24
core.key7_reg\[19\],43.24
_11367_,43.22
_07515_,43.18
_14313_,43.18
_12093_,43.15
_18543_,43.12
clknet_leaf_94_clk,43.12
_08865_,43.08
_12349_,43.08
_11366_,43.06
_13627_,43.06
_11240_,43.04
core.state12_reg\[11\],43.02
core.state13_reg\[27\],43.02
_07886_,43
core.iv0_reg\[22\],43
_07799_,42.98
_12601_,42.98
_12952_,42.92
core.data_out\[201\],42.92
core.state13_reg\[30\],42.92
net2749,42.92
_11465_,42.88
_14179_,42.88
_08757_,42.86
_13674_,42.86
_08395_,42.84
_16134_,42.84
core.iv1_reg\[6\],42.84
_07420_,42.81
_13777_,42.8
_17083_,42.8
core.key7_reg\[15\],42.8
core.key3_reg\[10\],42.78
_17006_,42.76
_18271_,42.76
net1653,42.76
_12620_,42.74
_13134_,42.7
data_out8_reg\[29\],42.7
net1141,42.7
_08922_,42.68
_13258_,42.68
_15210_,42.68
_17060_,42.64
_10084_,42.62
_12325_,42.62
_06327_,42.61
_13969_,42.6
_14972_,42.6
net1736,42.6
_16818_,42.58
net1639,42.575
_11216_,42.54
_13551_,42.54
clknet_leaf_30_clk,42.54
clknet_leaf_760_clk,42.54
net252,42.54
_07068_,42.52
clknet_leaf_89_clk,42.52
_07610_,42.5
_15106_,42.5
core.data_in\[488\],42.46
core.state12_reg\[21\],42.46
clknet_leaf_208_clk,42.46
net1812,42.46
_07691_,42.42
_11110_,42.42
_13651_,42.42
_15677_,42.4
_11140_,42.36
_14689_,42.36
_15852_,42.34
_18130_,42.34
clknet_leaf_192_clk,42.34
_07569_,42.33
core.data_in_reg\[52\],42.32
net2811,42.32
_18678_,42.31
_08994_,42.3
_18649_,42.3
_12036_,42.26
core.data_in_reg\[15\],42.26
_19519_,42.255
_07861_,42.22
core.data_out\[447\],42.16
net2664,42.14
_14814_,42.12
net2795,42.12
_11314_,42.1
_13614_,42.1
net2752,42.08
net4862,42.08
net222,42.06
clknet_leaf_223_clk,42.04
_16499_,42.02
_08299_,42
_13535_,42
_17963_,42
clknet_leaf_118_clk,42
clknet_leaf_177_clk,42
clknet_leaf_485_clk,42
net230,42
net996,42
_13813_,41.98
_18390_,41.94
_12540_,41.91
clknet_leaf_476_clk,41.9
_10889_,41.88
_12459_,41.88
_11303_,41.84
_12736_,41.82
_13629_,41.82
_14694_,41.82
core.data_in_reg\[282\],41.82
_07654_,41.815
_11417_,41.8
_18516_,41.8
core.data_in_reg\[275\],41.78
net1622,41.78
core.data_in_reg\[384\],41.76
_14595_,41.74
net2695,41.74
core.key\[173\],41.725
clknet_leaf_220_clk,41.715
core.key7_reg\[12\],41.7
clknet_leaf_5_clk,41.7
net846,41.7
clknet_leaf_174_clk,41.68
_15307_,41.66
_06365_,41.64
_11920_,41.62
_18316_,41.62
_17686_,41.6
_18426_,41.6
core.state5_reg\[3\],41.59
_07755_,41.58
_12851_,41.58
core.data_in_reg\[111\],41.58
core.data_out\[366\],41.58
_08966_,41.56
_11252_,41.54
net1887,41.54
net2671,41.54
_14920_,41.5
net2757,41.5
_08779_,41.46
net1129,41.46
_07784_,41.44
_18542_,41.44
_08656_,41.42
_10043_,41.42
_12152_,41.42
_09812_,41.4
_18537_,41.4
_07680_,41.38
net1121,41.38
net1606,41.38
_10867_,41.36
_13852_,41.36
net4606,41.36
_06542_,41.34
_12900_,41.34
net932,41.34
_11198_,41.32
_11498_,41.32
_14239_,41.32
clknet_leaf_590_clk,41.32
net1133,41.32
_12635_,41.3
core.qr0.y0\[0\],41.3
net1946,41.3
_11013_,41.28
core.data_in\[141\],41.28
core.iv0_reg\[19\],41.28
core.key7_reg\[21\],41.28
_17939_,41.26
clknet_leaf_683_clk,41.26
_13786_,41.24
core.data_out\[176\],41.24
_12788_,41.22
clknet_leaf_488_clk,41.2
_13083_,41.165
net2799,41.16
_14670_,41.14
_12776_,41.12
_15132_,41.12
_18787_,41.1
core.iv0_reg\[8\],41.1
net916,41.1
_16639_,41.08
_17364_,41.06
core.state12_reg\[22\],41.06
core.state9_reg\[20\],41.06
_07977_,41.04
core.data_in_reg\[460\],41.04
core.data_out\[215\],41.04
_11934_,41.02
clknet_leaf_781_clk,41
_10491_,40.98
_17647_,40.98
clknet_leaf_31_clk,40.98
net2831,40.98
_11363_,40.96
_16705_,40.96
_08229_,40.92
_13776_,40.92
_11845_,40.88
_06559_,40.84
_11805_,40.84
_16136_,40.84
net3173,40.84
core.state10_reg\[14\],40.82
clknet_leaf_131_clk,40.82
_11558_,40.8
_14095_,40.78
core.iv1_reg\[8\],40.78
_17294_,40.74
clknet_leaf_452_clk,40.74
core.state14_reg\[17\],40.73
_18538_,40.7
_06311_,40.68
_12910_,40.68
_09053_,40.66
clknet_leaf_282_clk,40.64
_17466_,40.635
_18107_,40.6
_07762_,40.58
_07821_,40.58
_10003_,40.58
net4689,40.58
_08436_,40.56
core.data_in\[504\],40.56
clknet_leaf_515_clk,40.56
_08849_,40.54
_19403_,40.54
_15319_,40.52
_07564_,40.5
_07598_,40.5
clknet_leaf_138_clk,40.5
clknet_leaf_502_clk,40.5
clknet_leaf_625_clk,40.5
_07126_,40.49
net2755,40.48
_13191_,40.46
core.state5_reg\[28\],40.46
_09619_,40.44
_06473_,40.42
clknet_leaf_770_clk,40.4
_18105_,40.39
core.key\[168\],40.385
_12755_,40.38
_02175_,40.365
_14754_,40.36
clknet_leaf_249_clk,40.36
core.state13_reg\[12\],40.34
_13250_,40.32
_13259_,40.32
_13994_,40.32
net2375,40.32
_08965_,40.3
core.data_out\[369\],40.3
_14247_,40.28
_09971_,40.26
_08895_,40.24
_15940_,40.24
_17307_,40.24
net992,40.24
core.state15_reg\[1\],40.22
_18315_,40.205
clknet_leaf_644_clk,40.2
_16458_,40.16
_18230_,40.16
_10133_,40.14
_09163_,40.12
_10036_,40.12
core.data_in_reg\[354\],40.12
net1042,40.12
net2038,40.12
_13732_,40.1
_16899_,40.1
_07573_,40.08
_15168_,40.08
_12968_,40.06
_13510_,40.04
_10876_,40.02
_12875_,40.02
_16302_,40.02
_16924_,40
net2476,40
core.data_in_reg\[123\],39.98
_18530_,39.96
_18567_,39.96
_06474_,39.94
core.data_out\[368\],39.92
core.state6_reg\[23\],39.92
_07489_,39.9
_10675_,39.88
_16830_,39.88
_11237_,39.86
_14251_,39.86
core.data_in\[225\],39.86
net2705,39.86
net1101,39.82
net4429,39.82
_13603_,39.8
_17267_,39.8
core.key7_reg\[14\],39.8
_12819_,39.78
_13910_,39.78
clknet_leaf_545_clk,39.78
clknet_leaf_695_clk,39.78
_16492_,39.76
_09392_,39.755
_16828_,39.75
clknet_leaf_410_clk,39.74
core.key\[172\],39.725
_09353_,39.72
_17667_,39.7
_18666_,39.7
clknet_leaf_41_clk,39.7
net2765,39.68
core.data_in_reg\[467\],39.66
net2494,39.66
_12778_,39.655
_07132_,39.6
_15561_,39.6
net1125,39.6
_09194_,39.58
_10723_,39.58
clknet_leaf_74_clk,39.58
net2697,39.58
core.iv0_reg\[26\],39.54
net1489,39.54
_12109_,39.53
_14805_,39.52
_10657_,39.5
_10307_,39.49
net1008,39.48
_06316_,39.46
_10057_,39.46
_18723_,39.42
_15539_,39.4
net1070,39.4
_13782_,39.38
clknet_leaf_257_clk,39.38
_17438_,39.36
_18690_,39.34
net254,39.32
net425,39.28
_08384_,39.26
clknet_leaf_431_clk,39.26
_10405_,39.24
_14377_,39.24
_16180_,39.24
_17626_,39.24
_17839_,39.225
_13901_,39.22
net4664,39.22
_09494_,39.2
clknet_leaf_225_clk,39.2
_09014_,39.19
_10010_,39.18
_06360_,39.16
_14400_,39.16
core.key\[235\],39.14
_18402_,39.12
core.data_in_reg\[440\],39.12
net986,39.12
net4744,39.12
net2712,39.1
_17074_,39.07
_08340_,39.06
_10587_,39.06
_16566_,39.06
_13899_,39.04
_12014_,39.02
clknet_leaf_275_clk,39
_12084_,38.98
_11324_,38.96
_17233_,38.96
core.qr1.y0\[22\],38.94
_07110_,38.92
_08400_,38.9
_18238_,38.9
core.key\[191\],38.865
_10015_,38.86
_12676_,38.86
net1074,38.86
_07441_,38.84
_09100_,38.84
_17330_,38.84
net2685,38.84
clknet_leaf_380_clk,38.82
_12158_,38.8
_18502_,38.78
_14549_,38.76
clknet_leaf_398_clk,38.76
net4739,38.76
_14832_,38.74
core.state9_reg\[27\],38.74
data_out9_reg\[27\],38.74
_08313_,38.7
_17983_,38.7
core.data_in_reg\[387\],38.7
_17650_,38.68
core.key\[175\],38.68
_08834_,38.66
core.state13_reg\[17\],38.64
net1509,38.64
_15484_,38.62
_13373_,38.58
_18462_,38.58
core.data_out\[372\],38.58
_09541_,38.56
clknet_leaf_253_clk,38.52
core.key\[182\],38.505
_13708_,38.48
_16132_,38.48
_18208_,38.48
clknet_leaf_386_clk,38.48
_18277_,38.46
core.key5_reg\[3\],38.46
_12692_,38.44
_13271_,38.44
_16758_,38.44
core.data_out\[175\],38.44
net906,38.42
clknet_leaf_133_clk,38.41
_08632_,38.4
_08882_,38.4
_09477_,38.4
core.data_in_reg\[334\],38.38
_10650_,38.36
clknet_leaf_1_clk,38.36
net4648,38.36
net4669,38.36
_05788_,38.34
_09196_,38.34
_06531_,38.32
_16347_,38.32
core.data_in_reg\[84\],38.32
_10780_,38.3
core.state6_reg\[10\],38.28
_06581_,38.26
_18654_,38.26
net1827,38.26
_17972_,38.24
net1463,38.24
core.state0_reg\[0\],38.22
core.state4_reg\[16\],38.22
net1554,38.22
_17375_,38.2
core.block0_ctr_reg\[1\],38.2
_06225_,38.18
_11227_,38.18
net1743,38.16
net2728,38.16
_07075_,38.14
_11259_,38.14
_12907_,38.12
core.state13_reg\[14\],38.12
_12845_,38.1
_15014_,38.1
_12367_,38.08
_15054_,38.08
_09707_,38.06
_10801_,38.06
_14500_,38.06
core.state12_reg\[8\],38.06
_09779_,38.05
_07086_,38.04
net3365,38.04
_16320_,38.02
_18432_,38.02
_11914_,38.015
_07844_,38
_11688_,37.98
_13272_,37.98
core.data_out\[174\],37.98
core.state9_reg\[14\],37.98
clknet_leaf_90_clk,37.98
_12947_,37.97
_07211_,37.96
core.data_in_reg\[338\],37.94
clknet_leaf_713_clk,37.94
_15110_,37.92
_11094_,37.89
_15038_,37.88
_09436_,37.86
_13559_,37.86
net3474,37.86
_07812_,37.82
clknet_leaf_561_clk,37.82
net2549,37.82
_13038_,37.81
_10924_,37.8
_12679_,37.8
net2641,37.8
_08998_,37.78
_18419_,37.78
core.data_in_reg\[371\],37.78
core.state5_reg\[7\],37.78
net1467,37.78
_14033_,37.76
net2642,37.76
net936,37.74
_10041_,37.72
clknet_leaf_622_clk,37.72
clknet_leaf_71_clk,37.7
net4758,37.7
_07701_,37.695
_07802_,37.68
_18269_,37.66
core.key7_reg\[9\],37.66
_14068_,37.64
_14579_,37.64
net1289,37.64
_08362_,37.62
_11235_,37.62
_06574_,37.56
_07003_,37.56
_09112_,37.56
core.key7_reg\[20\],37.56
net1058,37.56
_10724_,37.54
_17968_,37.54
_11218_,37.52
_13524_,37.52
net946,37.52
core.data_in_reg\[161\],37.5
net4806,37.5
_07642_,37.48
data_out8_reg\[25\],37.48
clknet_leaf_702_clk,37.48
_16576_,37.44
core.data_in\[135\],37.44
core.state12_reg\[30\],37.44
_16055_,37.43
_10861_,37.41
_17001_,37.4
_17203_,37.4
net2662,37.4
net2668,37.38
core.data_in\[380\],37.36
core.state14_reg\[0\],37.36
clknet_leaf_286_clk,37.36
_19351_,37.345
clknet_leaf_42_clk,37.34
net2057,37.34
core.state8_reg\[3\],37.32
core.data_out\[178\],37.3
_13544_,37.28
core.state13_reg\[24\],37.28
core.data_in\[482\],37.26
core.data_in_reg\[227\],37.24
net2020,37.24
_10972_,37.22
_08408_,37.2
_08813_,37.2
_12538_,37.2
_15541_,37.2
_18689_,37.18
core.data_out\[367\],37.18
core.state5_reg\[30\],37.16
clknet_leaf_421_clk,37.16
_18381_,37.145
_08743_,37.14
_16625_,37.1
clknet_leaf_360_clk,37.1
_11212_,37.08
core.data_in_reg\[110\],37.06
net968,37.06
_10060_,37.04
_12768_,37.04
_15079_,37.04
_17955_,37.02
_09430_,37
_11496_,36.98
_12632_,36.98
_17319_,36.98
_18158_,36.97
_13727_,36.96
core.qr2.y0\[9\],36.96
_10271_,36.955
core.data_out\[364\],36.94
clknet_leaf_296_clk,36.94
net2684,36.9
_18009_,36.88
core.data_in\[381\],36.88
_13249_,36.86
_13870_,36.86
_10389_,36.84
core.iv0_reg\[6\],36.84
clknet_leaf_551_clk,36.84
net862,36.84
net2726,36.84
net4779,36.76
net423,36.74
_08317_,36.72
_08742_,36.72
core.data_in\[161\],36.72
net1046,36.72
_05337_,36.7
_06153_,36.7
_15024_,36.7
core.state13_reg\[15\],36.7
net4801,36.68
_14297_,36.66
net393,36.66
_11391_,36.64
_15918_,36.64
net1526,36.64
net2832,36.64
_07308_,36.6
net1105,36.6
net3579,36.6
_06496_,36.58
net4202,36.58
_11732_,36.57
_18467_,36.57
_08133_,36.56
net3090,36.56
core.key\[194\],36.52
_07486_,36.51
_14056_,36.5
clknet_leaf_155_clk,36.5
_07204_,36.46
core.data_in\[123\],36.46
_10147_,36.44
core.dr_ctr_reg\[0\],36.44
_11250_,36.42
_18557_,36.42
net1487,36.42
core.state4_reg\[24\],36.41
_11737_,36.4
_17207_,36.4
_07351_,36.36
_11255_,36.36
net317,36.36
_06192_,36.35
clknet_leaf_362_clk,36.34
net4575,36.34
_14241_,36.32
_18695_,36.32
clknet_leaf_216_clk,36.3
core.key5_reg\[4\],36.26
net2485,36.26
_09317_,36.255
net762,36.24
net2759,36.24
_08967_,36.22
_10299_,36.22
_15860_,36.2
_18348_,36.2
_12998_,36.195
_09665_,36.18
_18064_,36.15
_08973_,36.14
_11933_,36.14
_07077_,36.12
_11257_,36.12
_16834_,36.12
_18051_,36.11
_15303_,36.1
core.dr_ctr_rst,36.1
net2744,36.1
_11692_,36.095
net4555,36.08
_08469_,36.06
_10226_,36.06
_15456_,36.06
_18724_,36.06
clknet_leaf_420_clk,36.06
net808,36.06
net2557,36.06
data_out6_reg\[6\],36.045
_12017_,36.04
_10742_,36.02
_17258_,36.02
_18625_,36.02
core.data_in\[387\],36
data_out8_reg\[31\],36
_18688_,35.985
clknet_leaf_355_clk,35.98
net942,35.98
_12164_,35.96
_12196_,35.96
_12280_,35.96
net1034,35.94
core.iv0_reg\[29\],35.92
net4890,35.9
_07261_,35.88
clknet_leaf_406_clk,35.88
net4483,35.88
_08346_,35.86
_10419_,35.86
_07836_,35.84
net4543,35.84
_10904_,35.82
_18680_,35.82
_08128_,35.8
_11262_,35.8
_15585_,35.8
net1257,35.8
net1734,35.8
_09560_,35.78
core.data_in_reg\[425\],35.78
_06994_,35.77
_09985_,35.76
clknet_leaf_414_clk,35.76
net4226,35.76
net4653,35.76
_11709_,35.74
_11848_,35.74
_14982_,35.72
_17504_,35.72
net2288,35.72
_12149_,35.7
_14848_,35.7
core.iv0_reg\[9\],35.7
_08680_,35.68
_07851_,35.66
_11911_,35.66
_09822_,35.64
core.rounds_reg\[3\],35.64
net1522,35.64
_11181_,35.62
_13795_,35.6
net4847,35.6
_17732_,35.58
_07794_,35.56
_16243_,35.56
_09038_,35.52
_13767_,35.52
core.data_in\[484\],35.52
core.state15_reg\[15\],35.52
core.data_in_reg\[291\],35.48
_07419_,35.46
_16572_,35.46
net4781,35.46
net4785,35.46
_07167_,35.44
_14436_,35.44
_07508_,35.43
_17450_,35.42
_11603_,35.4
_13769_,35.4
data_out9_reg\[7\],35.4
_18466_,35.385
_14320_,35.38
clknet_leaf_610_clk,35.38
net2165,35.38
_08778_,35.36
_18117_,35.35
_09564_,35.34
core.state10_reg\[22\],35.34
clknet_leaf_435_clk,35.34
core.key\[219\],35.32
_12468_,35.3
_16378_,35.3
clknet_leaf_2_clk,35.3
net315,35.28
_13560_,35.26
_15833_,35.26
clknet_leaf_682_clk,35.26
clknet_leaf_776_clk,35.26
net2306,35.25
core.state10_reg\[23\],35.24
_18001_,35.22
_06062_,35.19
_18403_,35.18
_09438_,35.16
_13168_,35.16
net1439,35.16
core.iv1_reg\[7\],35.14
net1988,35.14
net4876,35.14
_11912_,35.12
_18714_,35.12
_10317_,35.1
_11466_,35.1
clknet_leaf_699_clk,35.1
_06564_,35.08
core.state12_reg\[12\],35.08
_12642_,35.06
core.data_in_reg\[170\],35.06
net2217,35.06
_08452_,35.04
_09606_,35.04
core.data_in\[165\],35.04
_07426_,35.02
_09147_,35.02
_15964_,35.02
core.state15_reg\[18\],35.02
net4585,35
_11261_,34.92
core.state14_reg\[14\],34.92
_09573_,34.9
_18014_,34.9
core.key7_reg\[26\],34.9
core.state13_reg\[22\],34.9
_08197_,34.88
_10759_,34.88
clknet_leaf_416_clk,34.88
net1789,34.88
_12739_,34.84
net4710,34.84
_09412_,34.8
_11010_,34.8
_12838_,34.8
_18679_,34.8
core.data_in\[61\],34.8
core.state12_reg\[5\],34.8
_18423_,34.79
_09563_,34.78
_18501_,34.78
_07046_,34.76
_08587_,34.76
_09033_,34.76
_10599_,34.76
_11027_,34.76
_10083_,34.74
_10934_,34.74
core.state13_reg\[13\],34.74
_09393_,34.72
_13790_,34.72
_19433_,34.72
net2189,34.72
net2829,34.72
_18358_,34.695
core.data_in_reg\[109\],34.68
net2183,34.68
_08541_,34.66
_09008_,34.64
_11424_,34.64
net1618,34.64
_10796_,34.62
_08123_,34.6
_16632_,34.6
clknet_leaf_110_clk,34.6
_18150_,34.585
_12384_,34.58
core.iv0_reg\[15\],34.58
_10530_,34.56
core.state12_reg\[3\],34.56
_10484_,34.54
_17508_,34.54
core.data_in_reg\[409\],34.54
data_out9_reg\[11\],34.52
net1392,34.5
net4661,34.5
net1586,34.48
net4690,34.48
_12928_,34.46
net4605,34.46
core.state4_reg\[3\],34.44
_18416_,34.425
net1190,34.42
_06406_,34.4
net1853,34.4
_10218_,34.38
_13024_,34.38
net786,34.38
net4589,34.38
_07970_,34.375
_11733_,34.34
net4127,34.34
_18292_,34.32
core.key\[234\],34.32
_06961_,34.3
_10505_,34.3
net1078,34.3
core.data_in_reg\[69\],34.29
_17119_,34.26
core.data_in\[502\],34.26
core.state15_reg\[19\],34.26
net4454,34.22
_09417_,34.18
_12849_,34.18
_16508_,34.18
net958,34.18
net2621,34.18
_07350_,34.165
_11030_,34.16
_08358_,34.14
_10601_,34.14
_12226_,34.12
core.data_out\[370\],34.12
_12798_,34.1
_13331_,34.1
data_out9_reg\[25\],34.1
clknet_leaf_544_clk,34.1
net1772,34.1
_15578_,34.08
net2357,34.08
net2650,34.08
_11411_,34.06
core.data_in_reg\[357\],34.06
_14770_,34.04
clknet_leaf_146_clk,34.04
net1016,34.04
_07636_,34.02
_10704_,34.02
_18335_,34.02
_09152_,34
_12745_,34
core.state4_reg\[25\],34
_11392_,33.96
_11419_,33.96
_13984_,33.96
_19352_,33.96
net938,33.96
_07774_,33.94
_07902_,33.94
_16816_,33.94
_09213_,33.92
_11877_,33.92
core.qr0.y0\[28\],33.92
core.state7_reg\[23\],33.92
clknet_leaf_620_clk,33.92
net2534,33.92
core.data_out\[341\],33.9
net1379,33.88
_06607_,33.86
_12648_,33.84
_13252_,33.84
_16113_,33.84
_17651_,33.84
_18424_,33.84
core.key7_reg\[8\],33.84
net4715,33.84
_18498_,33.82
net1501,33.82
_09847_,33.8
clknet_leaf_441_clk,33.8
clknet_leaf_480_clk,33.8
net4765,33.78
_07629_,33.76
_10615_,33.76
_13060_,33.76
net1943,33.76
net4791,33.76
_08530_,33.74
core.data_in\[473\],33.74
_07716_,33.72
_10139_,33.72
_15028_,33.72
net1012,33.72
_09894_,33.69
_18405_,33.68
_10075_,33.66
_13717_,33.66
_14692_,33.66
net4519,33.66
net840,33.64
_17253_,33.62
core.data_in\[124\],33.62
net505,33.62
_07083_,33.6
core.state12_reg\[14\],33.6
net1582,33.6
_10459_,33.58
_13986_,33.58
_17659_,33.58
net788,33.58
net1840,33.58
_09947_,33.57
_06986_,33.54
_07757_,33.54
_07904_,33.54
_16596_,33.54
net3184,33.54
net2532,33.52
_17067_,33.5
net3569,33.5
_06563_,33.49
_11277_,33.48
_13754_,33.48
core.data_in_reg\[167\],33.48
_06405_,33.46
_11139_,33.46
_13442_,33.46
_13464_,33.46
net2577,33.44
core.data_out\[200\],33.42
net2273,33.42
_08161_,33.4
core.data_in_reg\[172\],33.4
_09832_,33.38
clknet_leaf_514_clk,33.38
clknet_leaf_552_clk,33.38
_09493_,33.36
_10291_,33.36
_11276_,33.36
_17820_,33.36
core.key7_reg\[22\],33.36
_09549_,33.35
_13595_,33.34
core.data_out\[203\],33.34
_07967_,33.32
_09857_,33.32
_14383_,33.32
core.key\[238\],33.32
clknet_leaf_529_clk,33.32
_10617_,33.3
_16613_,33.3
_17271_,33.3
_10359_,33.28
_07813_,33.26
_10129_,33.26
_07700_,33.24
_18577_,33.24
_18043_,33.22
net2567,33.22
_15844_,33.2
_18350_,33.2
_10031_,33.18
_11727_,33.18
_10991_,33.175
_18435_,33.17
_08328_,33.16
_18362_,33.16
_18436_,33.15
net1481,33.12
net1778,33.1
net4571,33.1
_07575_,33.08
core.qr1.y0\[28\],33.06
_09539_,33.04
_18463_,33.04
_07612_,33.02
_13912_,33
_16850_,33
_08391_,32.99
_07113_,32.98
_10770_,32.98
_14156_,32.98
core.data_in_reg\[505\],32.98
_09855_,32.96
_14947_,32.96
core.data_in_reg\[355\],32.92
clknet_leaf_490_clk,32.92
net854,32.92
net1598,32.92
_13147_,32.9
net780,32.9
net1457,32.9
_13257_,32.88
_18088_,32.88
clknet_leaf_594_clk,32.88
_17372_,32.86
net1471,32.86
_07299_,32.84
_12842_,32.84
net2496,32.84
_07386_,32.82
_12681_,32.82
net4821,32.82
_09837_,32.8
_16308_,32.8
core.state12_reg\[6\],32.8
net2646,32.8
_17804_,32.775
core.data_in_reg\[130\],32.76
core.state12_reg\[29\],32.76
net1303,32.75
net2373,32.74
net4641,32.74
_06337_,32.7
_08775_,32.7
_18417_,32.7
core.data_in\[24\],32.7
_12018_,32.68
_08802_,32.66
_12065_,32.64
_12860_,32.64
net1730,32.6
_17595_,32.58
core.data_out\[202\],32.58
net872,32.58
core.data_in_reg\[483\],32.56
_07238_,32.54
_08840_,32.54
_10605_,32.54
_12806_,32.54
_18574_,32.54
core.state4_reg\[23\],32.54
core.state5_reg\[15\],32.54
net800,32.54
_07155_,32.52
_12178_,32.52
_13835_,32.52
_06518_,32.5
_11439_,32.5
core.state12_reg\[7\],32.5
_16073_,32.48
_07785_,32.46
_10061_,32.46
_16668_,32.44
_17098_,32.44
_07109_,32.42
_13278_,32.42
_15071_,32.42
_16590_,32.4
_12749_,32.38
core.state11_reg\[23\],32.38
net1153,32.36
_07283_,32.34
_11011_,32.34
_12059_,32.32
_15543_,32.32
_08688_,32.3
core.data_in\[355\],32.3
core.block0_ctr_reg\[14\],32.28
_11015_,32.26
_11833_,32.26
_09987_,32.24
_15299_,32.24
_17656_,32.24
_17657_,32.24
net2382,32.24
_11641_,32.22
_08996_,32.2
_11289_,32.2
_18033_,32.18
net1239,32.18
_11642_,32.16
_14756_,32.16
_18571_,32.16
_09712_,32.12
_16193_,32.12
core.data_in_reg\[349\],32.12
net683,32.12
_07242_,32.1
_09879_,32.1
_18515_,32.1
_17674_,32.08
net886,32.08
_13928_,32.06
_16720_,32.06
_07179_,32.04
_07830_,32.04
_08983_,32.02
_18413_,32.02
core.data_in_reg\[421\],32.02
_07319_,32
_10665_,32
_11503_,32
_14772_,32
_15340_,32
core.state11_reg\[21\],32
_07246_,31.98
_08367_,31.98
core.iv0_reg\[14\],31.98
core.state5_reg\[2\],31.98
_09123_,31.96
_11806_,31.96
_14691_,31.96
_16203_,31.96
core.data_in\[160\],31.96
core.iv0_reg\[10\],31.96
net920,31.96
net926,31.96
net4702,31.96
net794,31.94
_13310_,31.925
_08211_,31.92
net2441,31.92
net2600,31.92
_14177_,31.9
_14788_,31.9
net976,31.9
_12183_,31.88
net3186,31.88
net439,31.86
net2747,31.85
_07965_,31.84
_12140_,31.84
_12369_,31.82
_14538_,31.82
_08378_,31.8
_14286_,31.8
net1090,31.8
net545,31.78
_09045_,31.76
_14750_,31.76
_17308_,31.76
clknet_leaf_295_clk,31.76
net1695,31.74
_08073_,31.72
_18349_,31.71
_06589_,31.7
_09192_,31.7
_15828_,31.7
clknet_leaf_659_clk,31.7
net844,31.7
_07561_,31.66
_12913_,31.66
core.data_in_reg\[122\],31.66
_13065_,31.65
_18458_,31.64
_15450_,31.62
_15921_,31.62
core.state12_reg\[9\],31.62
clknet_leaf_448_clk,31.62
_14698_,31.6
net4417,31.6
_11336_,31.58
_13579_,31.58
_17996_,31.58
clknet_leaf_307_clk,31.58
_14375_,31.56
_14532_,31.54
net587,31.54
_07206_,31.52
_17459_,31.52
core.data_in_reg\[18\],31.52
core.state14_reg\[16\],31.52
_16310_,31.5
core.key5_reg\[16\],31.5
clknet_leaf_800_clk,31.5
_12710_,31.48
_13913_,31.48
net860,31.48
_08533_,31.46
_09653_,31.46
_09731_,31.46
_14522_,31.42
core.state11_reg\[5\],31.42
net802,31.42
_17671_,31.4
_18211_,31.38
clknet_leaf_599_clk,31.38
_07734_,31.36
_12956_,31.36
_13680_,31.355
_15225_,31.355
_07313_,31.34
core.data_in\[414\],31.34
_08302_,31.32
_12060_,31.32
core.iv0_reg\[27\],31.32
_09510_,31.3
_15086_,31.3
core.data_in\[191\],31.28
net2613,31.28
net4513,31.28
_11731_,31.27
_08573_,31.265
_09522_,31.26
_09690_,31.26
net2352,31.26
_09022_,31.24
core.data_out\[177\],31.24
net4701,31.24
_03753_,31.22
_09244_,31.2
_14625_,31.2
clknet_leaf_203_clk,31.2
_07558_,31.18
_11540_,31.18
core.data_in_reg\[453\],31.18
net533,31.18
net2769,31.18
_18492_,31.165
_18527_,31.165
_09225_,31.16
_12764_,31.16
_15818_,31.16
net4714,31.16
_09762_,31.14
_13916_,31.14
_13067_,31.13
core.data_out\[373\],31.12
net3024,31.12
core.data_in_reg\[363\],31.11
core.data_in_reg\[508\],31.105
_08479_,31.1
_08823_,31.1
_10542_,31.1
_12771_,31.1
_16642_,31.1
net1044,31.1
_10063_,31.08
_10596_,31.08
_12373_,31.08
net1738,31.08
_10239_,31.06
_12058_,31.06
_14010_,31.06
core.state6_reg\[11\],31.05
net3145,31.04
net4087,31.04
data_out6_reg\[7\],31.025
_12946_,31.02
core.key\[239\],31.02
_08898_,31
_08900_,30.99
_09643_,30.98
_12182_,30.98
_14881_,30.98
net4746,30.98
_13800_,30.96
_15713_,30.96
core.state6_reg\[7\],30.96
net2566,30.96
net2724,30.96
_07702_,30.94
_14817_,30.94
_18609_,30.94
net2699,30.94
_13624_,30.92
core.state4_reg\[15\],30.92
_16826_,30.9
_18578_,30.9
_07686_,30.88
_07847_,30.88
_08728_,30.88
_12493_,30.88
_17234_,30.88
_07927_,30.86
_10629_,30.82
_11270_,30.82
_16558_,30.82
core.data_in_reg\[177\],30.82
_10217_,30.8
_11928_,30.8
_12103_,30.8
_12335_,30.8
_18389_,30.8
_08793_,30.78
_16602_,30.78
core.data_in\[17\],30.78
_10989_,30.76
net4548,30.74
_18457_,30.71
_07760_,30.7
_14004_,30.7
net1107,30.7
_11339_,30.69
core.rounds_reg\[2\],30.68
core.state11_reg\[13\],30.68
net758,30.68
net4666,30.68
net2389,30.67
_07684_,30.66
_07878_,30.66
_08705_,30.66
_11381_,30.66
_12812_,30.66
_14636_,30.66
net1390,30.66
core.key7_reg\[18\],30.62
net1636,30.62
net2275,30.62
net2420,30.62
_18528_,30.61
_09910_,30.6
net4819,30.6
_09047_,30.58
_15609_,30.58
core.data_in_reg\[94\],30.58
clknet_leaf_393_clk,30.58
net4680,30.58
_08990_,30.56
_17178_,30.56
net2657,30.56
_07539_,30.54
_08301_,30.54
_14751_,30.54
net778,30.54
core.state6_reg\[1\],30.52
net3444,30.52
_08574_,30.5
_09151_,30.5
_18644_,30.5
core.state5_reg\[4\],30.5
core.data_in_reg\[459\],30.48
_08719_,30.46
_10165_,30.44
core.data_in\[164\],30.44
_12003_,30.43
_07243_,30.42
core.block0_ctr_reg\[15\],30.42
net836,30.42
net1243,30.42
net1431,30.42
net1842,30.42
_11451_,30.4
core.block0_ctr_reg\[2\],30.4
core.data_in\[344\],30.4
_13509_,30.38
_15313_,30.36
_18142_,30.36
net4787,30.36
_11488_,30.34
_12364_,30.32
net838,30.32
net1833,30.32
_08209_,30.3
_18638_,30.3
_07437_,30.28
_10731_,30.28
_14366_,30.28
_15297_,30.28
_14516_,30.26
_08032_,30.24
_18438_,30.24
clknet_leaf_321_clk,30.24
_12724_,30.22
_10848_,30.2
_10960_,30.2
core.state7_reg\[3\],30.2
clknet_leaf_741_clk,30.2
_08258_,30.19
_12748_,30.18
_15155_,30.18
_15322_,30.18
_15751_,30.18
_07632_,30.175
core.data_in\[375\],30.16
core.data_in\[456\],30.14
net4365,30.14
_07596_,30.12
core.data_in\[1\],30.12
net4786,30.1
net2317,30.09
_07896_,30.08
_12122_,30.08
_16206_,30.08
_06970_,30.06
_10846_,30.06
_10959_,30.06
_12224_,30.06
_12723_,30.06
_12151_,30.05
_07549_,30.04
_16620_,30.04
core.state7_reg\[11\],30.04
net820,30.04
_08077_,30.02
core.data_in\[426\],30.02
_18579_,30
core.state10_reg\[15\],30
clknet_leaf_366_clk,30
_10682_,29.98
_12085_,29.98
_16201_,29.98
_09660_,29.96
_13555_,29.96
_08552_,29.94
_10344_,29.94
_15034_,29.94
_18648_,29.94
_06610_,29.92
_18344_,29.92
_08326_,29.9
_08424_,29.9
_16824_,29.88
_18372_,29.88
core.iv0_reg\[24\],29.88
net2002,29.88
clknet_leaf_436_clk,29.86
_07330_,29.84
_09003_,29.84
_17929_,29.84
core.data_in\[159\],29.84
_08297_,29.82
_10646_,29.82
_12870_,29.82
core.state8_reg\[28\],29.82
net4814,29.82
_08042_,29.8
_16305_,29.8
core.data_out\[236\],29.8
_09188_,29.78
_10567_,29.78
core.data_in\[126\],29.78
net3488,29.78
_09375_,29.76
_09546_,29.76
_13811_,29.76
_18450_,29.76
net2768,29.76
_10569_,29.74
core.data_in_reg\[96\],29.74
_11026_,29.72
_10145_,29.7
_13531_,29.7
_18321_,29.7
_18357_,29.7
_18612_,29.7
core.state15_reg\[14\],29.7
net2429,29.7
_07846_,29.66
_09508_,29.66
_15287_,29.66
_07491_,29.64
_11106_,29.64
net2631,29.64
_07534_,29.62
_08105_,29.62
_09517_,29.62
clknet_leaf_508_clk,29.62
_07742_,29.58
_09788_,29.58
_12887_,29.58
_15123_,29.58
net1859,29.58
_06949_,29.56
_08243_,29.56
net1702,29.56
net4612,29.56
_08975_,29.54
_13655_,29.54
net2710,29.54
core.data_in\[291\],29.52
net262,29.52
net553,29.5
_12985_,29.48
_14641_,29.48
net832,29.48
net2418,29.48
core.state15_reg\[2\],29.47
_16836_,29.46
_14043_,29.44
_18569_,29.44
core.data_in_reg\[226\],29.44
net3341,29.44
net4379,29.44
_07047_,29.425
_17432_,29.42
clknet_leaf_214_clk,29.42
_10990_,29.415
_07057_,29.4
_15816_,29.4
core.data_in_reg\[91\],29.4
core.state9_reg\[8\],29.4
_07870_,29.38
_12241_,29.38
_17960_,29.38
_12362_,29.36
core.data_in_reg\[449\],29.36
core.key\[174\],29.345
_06248_,29.32
_10613_,29.32
_11504_,29.32
_15804_,29.32
_12004_,29.3
net1414,29.3
_17422_,29.28
net1113,29.28
net1315,29.28
_05813_,29.26
_14790_,29.24
net812,29.24
net1614,29.24
net2652,29.24
_09585_,29.23
_11551_,29.22
core.state11_reg\[22\],29.22
data_out8_reg\[30\],29.2
net1345,29.2
_11975_,29.18
_13882_,29.18
_10177_,29.16
_17264_,29.16
core.data_in\[3\],29.16
_09464_,29.15
_11229_,29.14
_17959_,29.14
_10758_,29.125
_10327_,29.12
_10865_,29.12
_14293_,29.12
core.state6_reg\[24\],29.12
_16852_,29.08
clknet_leaf_215_clk,29.08
_11185_,29.06
_17863_,29.06
core.rounds\[0\],29.06
net1528,29.06
net1688,29.06
net3384,29.06
_17609_,29.04
_11317_,29.02
core.data_in\[250\],29.02
net4256,29
_07044_,28.98
_09490_,28.98
_11442_,28.98
_11446_,28.98
_12339_,28.98
net4146,28.98
net818,28.97
_08216_,28.96
net226,28.96
net2138,28.96
_06692_,28.94
_12975_,28.94
core.data_in\[60\],28.94
core.data_in_reg\[160\],28.94
net2562,28.94
net2660,28.94
_07164_,28.92
_12682_,28.92
_11820_,28.9
_14440_,28.9
_15383_,28.9
_16560_,28.9
_10732_,28.88
_13345_,28.86
_15052_,28.86
_18575_,28.86
_06362_,28.84
core.key\[190\],28.84
_08513_,28.82
core.rounds_reg\[1\],28.82
net583,28.82
net1186,28.81
_13193_,28.8
_13718_,28.8
_13881_,28.8
_15491_,28.8
_10326_,28.78
net1674,28.78
net1928,28.78
_06505_,28.76
_09087_,28.76
core.data_in_reg\[424\],28.76
_10214_,28.74
_12259_,28.74
core.iv1_reg\[1\],28.74
net2876,28.74
net3015,28.74
net4578,28.74
_17433_,28.72
_11221_,28.71
_07718_,28.7
_12034_,28.7
clknet_leaf_254_clk,28.7
net790,28.7
net1028,28.7
net2451,28.7
net4390,28.7
_18573_,28.68
net2426,28.68
_09078_,28.665
core.state10_reg\[21\],28.66
_16139_,28.64
_08764_,28.62
_18470_,28.62
_07577_,28.6
_11024_,28.6
_13111_,28.6
_18244_,28.6
_07693_,28.56
_17539_,28.56
_06519_,28.54
_12663_,28.54
core.iv1_reg\[3\],28.52
core.state14_reg\[13\],28.52
net1297,28.51
_09234_,28.5
_11447_,28.5
net2541,28.5
_11974_,28.48
_12264_,28.48
core.data_in\[269\],28.48
data_out9_reg\[13\],28.48
clknet_leaf_718_clk,28.48
_18343_,28.47
_07520_,28.46
net804,28.46
_10282_,28.44
net858,28.44
_09154_,28.42
_15036_,28.42
core.key2_reg\[29\],28.42
net2488,28.42
_07819_,28.4
_10640_,28.4
_07434_,28.39
net2849,28.38
_09763_,28.36
clknet_leaf_560_clk,28.32
_10204_,28.3
_12377_,28.3
core.data_in_reg\[429\],28.3
core.state13_reg\[29\],28.3
_07145_,28.28
_09415_,28.28
_14161_,28.28
clknet_leaf_179_clk,28.28
net1309,28.28
net3389,28.28
_11881_,28.26
net503,28.26
_13546_,28.24
_17623_,28.24
_15050_,28.22
core.state10_reg\[7\],28.2
net2208,28.2
_02095_,28.16
_11003_,28.16
_14591_,28.14
core.key\[169\],28.125
_06178_,28.12
_11359_,28.12
_14520_,28.1
_16854_,28.1
_17776_,28.1
clknet_leaf_439_clk,28.1
_08311_,28.08
_09921_,28.08
_15474_,28.06
core.data_in\[405\],28.06
core.state11_reg\[3\],28.06
_07771_,28.055
_11208_,28.04
_16385_,28.02
core.data_in\[356\],27.98
net1552,27.98
_12232_,27.96
_13565_,27.96
core.block1_ctr_reg\[1\],27.96
_17521_,27.94
_09794_,27.9
_18809_,27.9
net1216,27.9
_07059_,27.86
_07572_,27.86
net557,27.86
net984,27.86
net2572,27.86
net4683,27.86
_11408_,27.84
core.state14_reg\[9\],27.84
_16057_,27.82
_09454_,27.8
_10966_,27.8
net2339,27.8
_18722_,27.79
_09834_,27.78
net2363,27.78
core.key5_reg\[14\],27.76
_09818_,27.74
_11880_,27.74
_12922_,27.74
_08221_,27.72
_14956_,27.7
_16322_,27.7
net1668,27.7
_17274_,27.695
_08620_,27.68
_09388_,27.68
core.data_in\[386\],27.68
net2424,27.68
net2574,27.68
_08603_,27.67
net151,27.66
_07957_,27.64
_11689_,27.64
_17064_,27.64
net734,27.64
_08629_,27.62
_11023_,27.62
_11296_,27.6
_11535_,27.6
_17175_,27.6
_02183_,27.595
_08021_,27.58
_09177_,27.58
_09948_,27.58
_10685_,27.58
_14869_,27.58
net1402,27.58
_11874_,27.56
_12359_,27.56
_12484_,27.56
_13488_,27.56
_13815_,27.56
_14316_,27.56
core.data_in\[20\],27.56
_17848_,27.555
_09219_,27.54
_11517_,27.54
core.dr_ctr_reg\[3\],27.54
net922,27.54
_07062_,27.52
_07414_,27.52
_08048_,27.52
_08451_,27.52
_10367_,27.52
_14518_,27.52
_13688_,27.5
_10312_,27.49
_08832_,27.48
_09378_,27.48
_10369_,27.48
net2114,27.48
net3596,27.48
_07931_,27.46
_08837_,27.46
_09204_,27.46
_12743_,27.46
_09140_,27.44
_09144_,27.44
_13693_,27.44
_13695_,27.44
_14687_,27.44
_14893_,27.44
_18193_,27.44
net1245,27.44
net4679,27.44
_15465_,27.42
_09006_,27.4
_09195_,27.4
_14556_,27.4
net2456,27.4
_15812_,27.38
_18568_,27.38
core.state15_reg\[12\],27.38
_08883_,27.36
_11519_,27.36
_13470_,27.36
core.data_out\[347\],27.36
_06314_,27.34
net631,27.34
_08312_,27.32
_15824_,27.32
_17143_,27.32
core.state11_reg\[2\],27.32
net1140,27.3
net4582,27.3
core.state13_reg\[6\],27.28
net1404,27.28
_06584_,27.26
_08307_,27.24
_09044_,27.24
_10135_,27.24
_06989_,27.22
_07640_,27.22
_07758_,27.22
_12831_,27.22
_02090_,27.205
_14083_,27.2
net1233,27.2
_10300_,27.18
_11389_,27.18
core.data_in\[255\],27.18
net3500,27.18
net4480,27.18
_09558_,27.16
_17794_,27.155
_08756_,27.14
_10670_,27.14
_15810_,27.14
_16083_,27.14
net1176,27.14
net2329,27.14
_06429_,27.12
_08027_,27.12
_12872_,27.12
_14418_,27.12
_10056_,27.105
_07962_,27.1
_09551_,27.1
_16473_,27.1
net4872,27.1
core.data_in\[474\],27.08
_17857_,27.075
_15837_,27.06
_18288_,27.06
net878,27.06
_07995_,27.04
_11316_,27.03
_12175_,27.02
_14572_,27.02
_17781_,27.02
_18120_,27.02
net2511,27.02
_11539_,27
net3290,27
_08385_,26.98
_14922_,26.98
_16334_,26.98
_18668_,26.98
_19074_,26.98
net1317,26.98
core.data_in\[53\],26.96
core.state11_reg\[11\],26.96
net1513,26.96
_07073_,26.94
_10684_,26.94
_11322_,26.94
net2609,26.94
_14540_,26.92
net2122,26.92
_09898_,26.9
core.state13_reg\[8\],26.9
core.state14_reg\[26\],26.9
core.state4_reg\[12\],26.9
net1225,26.9
_10370_,26.88
_11370_,26.88
_14876_,26.88
_08588_,26.86
_09017_,26.86
core.state7_reg\[4\],26.86
net738,26.86
net2777,26.86
net3253,26.86
_07146_,26.82
_10593_,26.82
_14018_,26.82
_07929_,26.76
_14961_,26.76
core.data_in\[73\],26.76
_08906_,26.74
_10386_,26.74
core.data_in_reg\[99\],26.74
net1684,26.74
_02149_,26.735
_07251_,26.72
_08401_,26.72
_09224_,26.72
_17117_,26.72
core.data_in\[442\],26.72
_10855_,26.7
_16514_,26.7
core.state5_reg\[29\],26.7
_08844_,26.68
_15341_,26.68
_08774_,26.66
_10718_,26.66
core.state13_reg\[26\],26.66
net1137,26.66
_09949_,26.64
_11133_,26.64
_12024_,26.64
_13927_,26.64
core.data_out\[212\],26.64
core.iv1_reg\[0\],26.64
core.key6_reg\[18\],26.64
net2560,26.64
net4527,26.64
net4802,26.64
net3074,26.63
_07442_,26.62
_18627_,26.62
core.data_in\[120\],26.62
_08304_,26.6
_09450_,26.6
_11310_,26.6
_15555_,26.6
_18792_,26.6
core.data_in\[77\],26.6
net1441,26.6
_06596_,26.58
_16592_,26.58
core.state6_reg\[15\],26.58
_11549_,26.56
_12361_,26.56
core.key\[216\],26.56
net2337,26.56
_10753_,26.54
_07765_,26.52
_11818_,26.52
_13477_,26.52
_13789_,26.52
net1473,26.52
net2605,26.52
net1386,26.5
net2240,26.5
_06968_,26.48
net1935,26.48
_12245_,26.46
_12889_,26.46
_16985_,26.46
clknet_leaf_728_clk,26.46
_07664_,26.44
_07944_,26.44
_09929_,26.44
_16723_,26.44
_18138_,26.44
core.state11_reg\[10\],26.44
net337,26.44
_12979_,26.42
net776,26.42
_10346_,26.4
core.state10_reg\[4\],26.4
_11510_,26.36
_12972_,26.36
_13314_,26.36
_16150_,26.36
_02148_,26.34
_10095_,26.34
_06545_,26.32
core.key6_reg\[16\],26.32
core.state6_reg\[12\],26.32
_13144_,26.3
_14305_,26.3
_09399_,26.28
net1767,26.28
net2009,26.28
_02185_,26.265
_07474_,26.265
_08845_,26.26
_15638_,26.26
core.state7_reg\[12\],26.26
_18108_,26.24
_08808_,26.22
_12830_,26.22
_14615_,26.22
net1400,26.22
net4624,26.22
_16494_,26.215
core.state4_reg\[13\],26.2
_07461_,26.18
_10692_,26.18
net2984,26.18
_07873_,26.16
core.state15_reg\[3\],26.16
net1449,26.16
_10283_,26.14
_17592_,26.14
core.state10_reg\[19\],26.12
net2404,26.12
_09282_,26.1
_10221_,26.1
_12123_,26.1
_12134_,26.1
_14269_,26.1
_15814_,26.1
_18639_,26.1
net333,26.1
_11760_,26.08
_15026_,26.08
core.data_in\[475\],26.08
_07265_,26.06
_07450_,26.06
_07731_,26.06
_09626_,26.06
_11576_,26.06
_13519_,26.06
core.data_in_reg\[510\],26.06
_07472_,26.04
_11397_,26.04
_15042_,26.02
_15093_,26.02
net475,26.02
net1327,26.02
_14261_,26.01
_07990_,26
_13996_,26
_18135_,26
_08880_,25.995
_08402_,25.98
_09831_,25.98
_14098_,25.98
core.state10_reg\[17\],25.98
_12853_,25.96
_14277_,25.96
_17324_,25.96
_08295_,25.94
_09813_,25.94
_14786_,25.94
_09425_,25.92
core.block0_ctr_reg\[7\],25.92
net1082,25.92
_08549_,25.9
core.data_in_reg\[182\],25.9
core.data_in_reg\[181\],25.89
_14265_,25.88
_09072_,25.87
_08984_,25.86
core.state15_reg\[23\],25.86
_10182_,25.84
_14428_,25.84
_11427_,25.82
_14888_,25.82
_15291_,25.82
core.key6_reg\[24\],25.82
core.state14_reg\[12\],25.82
_11243_,25.8
_12031_,25.8
core.data_in_reg\[422\],25.8
net748,25.8
_11238_,25.78
_13765_,25.78
_06944_,25.76
_08458_,25.76
_09830_,25.76
_13030_,25.76
_14255_,25.76
_14776_,25.76
net1422,25.76
net3904,25.76
net4504,25.76
_14534_,25.74
core.state8_reg\[29\],25.74
core.state5_reg\[17\],25.7
core.state6_reg\[4\],25.7
net3861,25.7
_07668_,25.68
_07823_,25.68
_07894_,25.68
_16588_,25.68
clknet_leaf_725_clk,25.68
net669,25.68
net2326,25.68
net2539,25.68
_07829_,25.66
_12895_,25.64
net1219,25.64
net2148,25.64
net2715,25.64
_09390_,25.6
_09405_,25.6
_13679_,25.6
net784,25.6
net1180,25.6
net1532,25.6
_09692_,25.58
_14308_,25.58
_17597_,25.58
_09142_,25.56
_11362_,25.56
net4783,25.56
_08248_,25.54
_08314_,25.54
_10012_,25.54
_15549_,25.54
_06346_,25.52
_10741_,25.52
net4192,25.52
_08325_,25.5
net1173,25.5
net4536,25.5
_08343_,25.48
_15565_,25.48
_16077_,25.48
_16124_,25.48
_17787_,25.48
core.data_out\[418\],25.48
_02084_,25.465
_15364_,25.465
core.state14_reg\[11\],25.46
_07500_,25.44
_08357_,25.44
_08824_,25.44
_10720_,25.44
_11042_,25.44
core.state9_reg\[28\],25.44
net1060,25.44
_11159_,25.4
_13002_,25.4
_14323_,25.4
_15329_,25.4
_15547_,25.4
_18388_,25.4
core.state15_reg\[4\],25.4
_10000_,25.38
_12713_,25.38
_15806_,25.38
data_out9_reg\[8\],25.38
_08241_,25.36
_09751_,25.36
_17300_,25.36
core.data_in_reg\[474\],25.36
core.data_out\[205\],25.34
core.state14_reg\[10\],25.34
_14943_,25.32
_16296_,25.32
_06954_,25.3
_12067_,25.3
_16065_,25.3
core.data_out\[179\],25.3
net1263,25.3
_15686_,25.28
net2156,25.28
_08954_,25.26
_14279_,25.26
_09888_,25.24
_13725_,25.24
_10916_,25.22
_18031_,25.22
_18404_,25.22
core.data_in\[83\],25.2
core.iv1_reg\[4\],25.2
core.state11_reg\[18\],25.2
_09487_,25.18
_13294_,25.18
_13755_,25.18
_15820_,25.18
net4547,25.18
net2617,25.17
_10761_,25.16
_11763_,25.16
_13665_,25.16
net2402,25.16
_09363_,25.14
_12714_,25.14
_12738_,25.14
_16059_,25.14
core.data_in\[385\],25.14
_15214_,25.13
core.state4_reg\[30\],25.13
_12704_,25.12
_13206_,25.12
core.key\[196\],25.1
_10128_,25.085
_09098_,25.08
_14467_,25.06
_15281_,25.06
net4250,25.06
_07826_,25.04
_06959_,25.02
_09222_,25.02
_10157_,25.02
_14762_,25.02
core.data_in\[455\],25.02
net798,25.02
net4400,25.02
_09251_,25
core.data_in\[458\],25
core.state5_reg\[0\],25
_14243_,24.98
_15867_,24.98
_16525_,24.98
_10674_,24.96
_14780_,24.96
_08903_,24.94
_17062_,24.94
_09019_,24.92
_15163_,24.92
_16856_,24.92
core.state14_reg\[8\],24.92
net703,24.92
_09586_,24.9
net1056,24.9
net1995,24.9
_14132_,24.88
_16332_,24.88
_17011_,24.88
_18278_,24.88
clknet_leaf_430_clk,24.88
_14271_,24.86
core.state15_reg\[20\],24.86
core.state8_reg\[2\],24.86
_06320_,24.84
_08463_,24.84
_14119_,24.84
core.data_in\[89\],24.84
net4411,24.84
_13880_,24.82
_11168_,24.8
_15680_,24.8
_18916_,24.8
net1546,24.78
_07374_,24.77
_07084_,24.76
_11764_,24.76
_13976_,24.76
net1188,24.76
_10440_,24.74
_10710_,24.74
clknet_leaf_668_clk,24.74
_10639_,24.72
_12809_,24.72
_13660_,24.72
core.state9_reg\[18\],24.72
net541,24.72
_08982_,24.7
_11358_,24.7
_12747_,24.7
_15553_,24.7
core.data_in\[0\],24.7
_10589_,24.68
_11522_,24.68
_12799_,24.68
_13809_,24.68
core.data_in\[251\],24.68
_10246_,24.66
_07504_,24.65
core.data_in\[137\],24.64
clknet_leaf_403_clk,24.64
_07677_,24.62
_09482_,24.62
_13967_,24.62
core.state9_reg\[22\],24.615
_08018_,24.6
_10749_,24.6
_15309_,24.6
core.state10_reg\[13\],24.6
net2046,24.6
net2055,24.6
net2582,24.6
_07170_,24.58
_10922_,24.58
_12011_,24.58
core.iv0_reg\[16\],24.58
_11441_,24.575
_06540_,24.56
net3223,24.56
net3368,24.56
_13061_,24.54
_16503_,24.54
_16557_,24.54
_16777_,24.54
_18129_,24.54
_18595_,24.54
net1649,24.54
net2347,24.54
_08203_,24.52
_13466_,24.52
core.data_in\[354\],24.52
core.state7_reg\[8\],24.52
_09139_,24.505
core.key6_reg\[1\],24.5
core.state4_reg\[8\],24.5
core.state11_reg\[9\],24.48
core.state5_reg\[13\],24.48
core.state5_reg\[23\],24.48
_12890_,24.46
_13988_,24.46
net4845,24.46
_17865_,24.455
core.data_in\[194\],24.44
core.state15_reg\[8\],24.44
core.state6_reg\[6\],24.44
net258,24.44
net914,24.44
_13900_,24.42
net4476,24.42
core.state6_reg\[18\],24.4
net1235,24.4
_15715_,24.38
_15907_,24.38
core.state6_reg\[16\],24.38
net4506,24.38
net4740,24.38
_11931_,24.36
net1147,24.36
net4586,24.36
_07728_,24.34
_09064_,24.34
_10233_,24.34
_14808_,24.34
clknet_leaf_198_clk,24.34
_16336_,24.3
_15301_,24.28
_07235_,24.26
_12366_,24.26
_12826_,24.26
net4824,24.26
_06428_,24.24
core.state7_reg\[24\],24.24
_07230_,24.22
_09641_,24.22
_17463_,24.22
clknet_leaf_240_clk,24.22
_08014_,24.205
_08324_,24.2
net709,24.2
_09350_,24.18
_10822_,24.18
core.state12_reg\[31\],24.18
net1208,24.18
_13990_,24.16
core.data_in\[415\],24.14
core.state9_reg\[7\],24.14
net726,24.14
net3999,24.14
core.data_in\[368\],24.12
clknet_leaf_777_clk,24.12
_07069_,24.1
_13378_,24.1
_18241_,24.06
net2299,24.02
net2708,24.02
_08584_,24
_06269_,23.98
net687,23.98
_07048_,23.97
_09407_,23.96
_11951_,23.96
_12365_,23.96
core.iv0_reg\[30\],23.96
_08286_,23.94
_16314_,23.94
_10967_,23.92
_13581_,23.92
_14530_,23.92
_09827_,23.89
_09911_,23.88
_10918_,23.88
_15368_,23.88
_16061_,23.88
core.key5_reg\[20\],23.88
net912,23.88
_09229_,23.87
_08033_,23.86
_10211_,23.85
_07457_,23.84
_10671_,23.84
_12852_,23.82
net469,23.8
net842,23.8
_09506_,23.78
core.state4_reg\[14\],23.78
net2431,23.78
_10150_,23.775
_08435_,23.76
_11486_,23.76
net740,23.76
net1097,23.76
core.salsa20_ctrl_reg\[0\],23.72
core.state6_reg\[20\],23.72
net2529,23.72
core.key\[178\],23.685
core.state9_reg\[3\],23.68
net2104,23.68
net4221,23.68
net4477,23.68
_11634_,23.66
_08020_,23.64
_16643_,23.64
_07323_,23.62
_07355_,23.62
_12086_,23.62
_15601_,23.62
_10417_,23.61
_06247_,23.6
_10166_,23.6
net1135,23.6
core.state13_reg\[25\],23.56
clknet_leaf_132_clk,23.56
net372,23.56
_11633_,23.55
_16594_,23.54
core.data_in_reg\[276\],23.53
_08649_,23.52
_09486_,23.52
core.data_in\[365\],23.52
core.state4_reg\[5\],23.52
clknet_leaf_290_clk,23.52
_10663_,23.5
_11150_,23.5
_14047_,23.5
_17606_,23.5
core.data_in\[58\],23.5
core.state10_reg\[20\],23.5
net806,23.5
net1475,23.5
net4493,23.5
net3224,23.48
_09118_,23.46
_10110_,23.46
_12389_,23.46
_16067_,23.46
_16840_,23.46
clknet_leaf_500_clk,23.46
net248,23.46
_09778_,23.44
_12711_,23.44
_07655_,23.42
_14002_,23.42
_18807_,23.42
core.block1_ctr_reg\[2\],23.42
net2102,23.42
_07370_,23.4
_10097_,23.38
_13269_,23.38
_13975_,23.38
_16562_,23.38
_18212_,23.38
net1398,23.38
_15348_,23.36
core.data_in\[85\],23.36
clknet_leaf_245_clk,23.36
net4537,23.36
_08642_,23.34
_09636_,23.34
_15708_,23.34
core.data_in\[477\],23.34
net2506,23.34
_14778_,23.32
core.state4_reg\[27\],23.32
_10778_,23.3
_11048_,23.3
net705,23.3
net1277,23.3
_14300_,23.28
_09141_,23.26
_11625_,23.26
_17237_,23.24
core.data_in_reg\[179\],23.24
core.state11_reg\[6\],23.24
net4745,23.24
_10631_,23.22
_14093_,23.22
_08090_,23.2
_17947_,23.2
net4782,23.2
core.key6_reg\[0\],23.19
_07225_,23.18
_14852_,23.18
_16352_,23.18
net2591,23.18
_11430_,23.16
_07842_,23.155
_09093_,23.14
_11741_,23.14
_15581_,23.14
core.state13_reg\[23\],23.14
core.state14_reg\[28\],23.14
core.state4_reg\[28\],23.14
_08255_,23.12
_10081_,23.12
clknet_leaf_613_clk,23.1
_10368_,23.08
_14275_,23.08
_15293_,23.08
net4569,23.08
net4858,23.08
_07627_,23.06
_09596_,23.06
_15032_,23.06
_08615_,23.04
net1022,23.04
net2106,23.04
net3261,23.04
_07979_,23.02
core.state11_reg\[19\],23.02
core.state4_reg\[2\],23.02
core.state6_reg\[17\],23.02
_11653_,23
_14878_,23
_16628_,23
_17485_,23
core.qr_ctr_reg,23
net2444,23
_06330_,22.98
_13756_,22.98
net717,22.98
core.key5_reg\[23\],22.96
net736,22.96
_11156_,22.94
_11335_,22.94
_11547_,22.94
_11563_,22.94
net1459,22.94
_12988_,22.92
_00309_,22.9
_11040_,22.9
_17275_,22.9
core.state4_reg\[4\],22.9
clknet_leaf_768_clk,22.9
net1676,22.9
_15826_,22.88
net2545,22.88
_11188_,22.86
_12686_,22.86
_12915_,22.86
core.iv0_reg\[11\],22.86
core.state7_reg\[15\],22.86
_09203_,22.84
_09470_,22.84
_14008_,22.84
core.data_in\[481\],22.84
core.data_in\[92\],22.84
net1435,22.84
_06352_,22.82
_07208_,22.82
_12893_,22.82
_11122_,22.8
_14441_,22.8
core.key6_reg\[22\],22.8
net1094,22.8
net2361,22.8
net3194,22.8
net4723,22.8
_10800_,22.78
_11112_,22.78
_16940_,22.78
core.qr2.y0\[22\],22.78
_17883_,22.77
_08733_,22.76
_17169_,22.76
_17554_,22.76
_07808_,22.74
_13344_,22.74
core.state7_reg\[26\],22.74
_07747_,22.72
net566,22.72
net2291,22.72
_11147_,22.7
_15796_,22.7
core.state15_reg\[27\],22.7
_07384_,22.69
_09524_,22.68
core.state8_reg\[19\],22.68
net577,22.68
_09737_,22.66
_13662_,22.66
_16580_,22.66
data_out9_reg\[5\],22.66
_06224_,22.64
_08237_,22.64
_13722_,22.64
_14758_,22.64
_16053_,22.64
_16635_,22.64
net2416,22.64
net2425,22.64
net3079,22.64
_09973_,22.62
_14600_,22.62
_16340_,22.62
_19317_,22.62
clknet_leaf_278_clk,22.62
net1285,22.62
_08199_,22.6
_09311_,22.6
net1590,22.6
net4720,22.6
core.state8_reg\[1\],22.595
_13281_,22.58
_13541_,22.58
_13744_,22.58
_15067_,22.58
core.data_in\[397\],22.58
net1678,22.58
net2464,22.58
net4427,22.58
_09182_,22.56
core.state13_reg\[16\],22.56
core.state6_reg\[22\],22.56
_14508_,22.54
_18482_,22.54
_18517_,22.54
core.state10_reg\[10\],22.54
core.state12_reg\[4\],22.54
_10267_,22.52
_17541_,22.52
net3578,22.52
_00266_,22.505
_09820_,22.5
_14385_,22.5
core.data_in\[337\],22.48
net1782,22.48
_13799_,22.47
_07513_,22.46
_09937_,22.46
_12294_,22.46
_13239_,22.46
_13274_,22.46
_17108_,22.46
core.data_in\[378\],22.46
core.state14_reg\[23\],22.46
net4654,22.46
_08558_,22.44
net3157,22.44
core.key\[177\],22.435
_08332_,22.42
_09002_,22.42
core.data_in_reg\[175\],22.42
core.state8_reg\[20\],22.42
core.state8_reg\[21\],22.42
clknet_leaf_405_clk,22.42
net2161,22.42
net4838,22.42
net2043,22.41
_15129_,22.4
core.state11_reg\[28\],22.4
net507,22.4
net3362,22.4
_07292_,22.38
_08596_,22.38
_10401_,22.38
_10863_,22.38
core.state10_reg\[3\],22.38
net723,22.38
net4130,22.38
_11508_,22.36
_18651_,22.36
_13000_,22.355
core.state11_reg\[20\],22.355
_07116_,22.34
_11577_,22.34
net653,22.34
_07035_,22.32
_07417_,22.3
_10210_,22.3
_10374_,22.3
_10376_,22.3
_14166_,22.3
_15311_,22.3
_17219_,22.3
net1825,22.3
_14086_,22.28
core.data_in_reg\[70\],22.28
net685,22.28
net2508,22.28
_13739_,22.26
_13939_,22.26
_17285_,22.26
_12962_,22.24
_08520_,22.22
_09135_,22.22
_16820_,22.22
net1377,22.22
_07653_,22.2
core.state7_reg\[14\],22.2
net663,22.2
_14605_,22.18
_16518_,22.18
core.state8_reg\[30\],22.18
net2514,22.18
_14528_,22.16
_18485_,22.16
core.state15_reg\[26\],22.16
net2378,22.16
_07112_,22.14
_07196_,22.14
_16338_,22.14
_12337_,22.12
_16075_,22.12
_18151_,22.12
_18352_,22.12
core.data_in\[195\],22.12
_07163_,22.1
_09242_,22.1
_11064_,22.1
_11177_,22.1
_12811_,22.1
net610,22.1
_08946_,22.08
_11525_,22.08
_17223_,22.08
net1645,22.08
_09744_,22.06
_10313_,22.06
_08219_,22.04
_12348_,22.04
core.key5_reg\[5\],22.04
_06964_,22.02
_10188_,22.02
core.state9_reg\[16\],22.02
_17455_,22.01
_10281_,22
_11697_,22
_14456_,22
_17581_,22
_17313_,21.98
_12089_,21.96
net2385,21.96
_06301_,21.94
_07773_,21.94
_09750_,21.94
_14752_,21.94
_11384_,21.92
_14524_,21.92
_18982_,21.92
net264,21.92
_10454_,21.9
core.data_in\[506\],21.9
_11399_,21.89
_07054_,21.88
_10198_,21.88
_18102_,21.88
core.state15_reg\[10\],21.88
net1406,21.88
core.state4_reg\[0\],21.86
_07662_,21.84
_12474_,21.84
_13361_,21.84
core.data_in\[41\],21.84
net1343,21.84
net673,21.82
_15567_,21.8
core.data_out\[349\],21.8
core.key\[195\],21.8
net1259,21.8
_06619_,21.78
_07063_,21.78
core.qr1.y0\[29\],21.78
core.state14_reg\[15\],21.78
core.state6_reg\[21\],21.78
net1900,21.78
_08228_,21.74
_10525_,21.74
_10594_,21.74
_14792_,21.74
_18593_,21.74
net1505,21.74
_08002_,21.72
_09863_,21.72
net1265,21.72
_06562_,21.7
_07051_,21.7
_08960_,21.7
_10332_,21.7
_16353_,21.7
core.state8_reg\[11\],21.7
net2227,21.7
net2274,21.7
_17214_,21.68
core.data_in\[56\],21.68
core.state7_reg\[2\],21.68
_09869_,21.67
_08661_,21.66
_10038_,21.66
_12395_,21.66
_13403_,21.66
_14559_,21.66
_07545_,21.655
_08949_,21.64
_14768_,21.64
net699,21.63
_10141_,21.62
_15048_,21.62
_15879_,21.62
_16316_,21.62
_09351_,21.615
_07954_,21.6
_09544_,21.6
_12631_,21.6
core.qr3.y0\[23\],21.6
core.state15_reg\[16\],21.6
_09963_,21.58
_12333_,21.58
_18752_,21.58
net208,21.58
_12450_,21.56
_13493_,21.54
_16185_,21.54
core.key7_reg\[23\],21.52
core.data_in\[136\],21.5
core.data_in\[352\],21.5
net2490,21.5
_11004_,21.48
_12733_,21.48
core.state11_reg\[8\],21.48
net667,21.48
_07358_,21.46
_08445_,21.46
_09129_,21.46
_11345_,21.46
_15588_,21.46
core.data_in\[74\],21.46
net2131,21.46
_07079_,21.44
net3091,21.44
net4727,21.44
_13309_,21.42
_15267_,21.42
core.state4_reg\[1\],21.42
net3795,21.42
net1165,21.41
_08702_,21.4
net633,21.4
_07594_,21.38
_08548_,21.38
_13875_,21.38
_15537_,21.38
_18524_,21.38
net1115,21.38
_08928_,21.36
_10654_,21.36
_13422_,21.36
_14253_,21.36
core.data_in\[278\],21.36
core.state15_reg\[24\],21.36
net681,21.36
_07559_,21.34
_08169_,21.34
_14587_,21.34
_15219_,21.34
_17599_,21.34
net1103,21.34
net2040,21.34
_06958_,21.32
_16293_,21.32
core.data_in_reg\[511\],21.32
net2435,21.32
_10126_,21.3
_10709_,21.3
core.data_in\[9\],21.3
core.key6_reg\[27\],21.3
_06307_,21.28
_08926_,21.28
_09041_,21.28
_11328_,21.28
net4157,21.28
_09209_,21.26
net2360,21.26
_10535_,21.255
_10992_,21.24
_13528_,21.24
_14088_,21.24
_14794_,21.24
_15551_,21.24
core.data_out\[204\],21.24
net2333,21.24
net2516,21.24
_13856_,21.22
core.state10_reg\[9\],21.22
_05442_,21.21
_13760_,21.2
_18284_,21.2
clknet_leaf_50_clk,21.2
net3922,21.2
net4437,21.2
_10391_,21.18
_15855_,21.18
_13526_,21.175
_08306_,21.16
_10048_,21.16
_11050_,21.16
_16710_,21.16
_07694_,21.15
core.state11_reg\[7\],21.15
_09871_,21.14
_11041_,21.14
_12343_,21.14
_15594_,21.14
core.data_in\[59\],21.14
_12301_,21.12
net796,21.12
net1630,21.12
_02068_,21.105
_17224_,21.1
_09749_,21.08
_14514_,21.08
core.qr2.y0\[6\],21.08
core.state10_reg\[11\],21.08
net2056,21.08
_07448_,21.06
_10545_,21.04
_11299_,21.04
_12848_,21.04
_13825_,21.04
_17743_,21.04
core.state14_reg\[19\],21.04
data_out9_reg\[24\],21.04
net782,21.04
net1453,21.04
_10354_,21.02
_10839_,21.02
_11283_,21.02
_11638_,21.02
_13871_,21.02
_14582_,21.02
_16935_,21
core.key7_reg\[17\],21
net3310,21
_08081_,20.99
_02146_,20.985
_06500_,20.98
_16910_,20.98
net525,20.98
net1747,20.98
_11162_,20.96
_08546_,20.94
_14028_,20.94
_14800_,20.94
_15285_,20.94
_15326_,20.94
core.data_in\[410\],20.94
core.state10_reg\[18\],20.94
_09226_,20.92
_11497_,20.9
_14618_,20.9
_14774_,20.9
_17487_,20.9
core.key3_reg\[19\],20.9
core.qr2.y0\[15\],20.9
net625,20.9
_05565_,20.88
_10004_,20.88
_15475_,20.88
_18751_,20.88
_08170_,20.86
net1497,20.86
net4668,20.86
_09371_,20.84
_14423_,20.84
_11214_,20.82
_12257_,20.82
_14510_,20.82
_15283_,20.82
net2461,20.82
_08839_,20.815
_07918_,20.8
_08088_,20.8
core.data_in\[158\],20.8
_08499_,20.78
_13031_,20.78
net2801,20.78
net3116,20.78
net4004,20.78
net744,20.76
_11219_,20.74
_15020_,20.74
core.data_in_reg\[162\],20.74
net1184,20.74
_10555_,20.72
core.key7_reg\[25\],20.72
_13753_,20.7
_14536_,20.7
_16463_,20.7
core.state15_reg\[13\],20.7
core.state6_reg\[8\],20.7
_07279_,20.68
_08019_,20.68
_09521_,20.68
_12020_,20.68
core.state9_reg\[23\],20.68
_06977_,20.66
_08622_,20.66
_13244_,20.66
_16069_,20.66
_16574_,20.66
_16812_,20.66
core.data_in\[471\],20.66
net1632,20.66
_08721_,20.655
_09565_,20.655
_09086_,20.65
_09966_,20.65
net2449,20.64
_07332_,20.62
_09627_,20.62
_12703_,20.62
_16398_,20.62
core.state14_reg\[7\],20.62
net1117,20.62
_13035_,20.6
_14854_,20.6
_15559_,20.6
core.state8_reg\[15\],20.6
data_out9_reg\[31\],20.6
net629,20.6
_16763_,20.58
net732,20.58
_07645_,20.56
_08289_,20.56
_09042_,20.56
_13082_,20.56
net4634,20.56
_06317_,20.54
_08868_,20.54
_09136_,20.54
_09595_,20.54
_14349_,20.54
_16618_,20.54
data_out9_reg\[9\],20.54
core.block0_ctr_reg\[18\],20.52
core.data_in_reg\[98\],20.52
core.state11_reg\[4\],20.52
net4877,20.52
_08681_,20.5
net627,20.5
_10777_,20.48
_17445_,20.48
net641,20.48
net1048,20.48
net2479,20.48
_05661_,20.46
_07081_,20.46
_09347_,20.46
_10172_,20.46
_10976_,20.46
_14851_,20.46
_17413_,20.46
net2154,20.46
_10472_,20.44
_07215_,20.42
_09108_,20.42
_13633_,20.42
core.state10_reg\[2\],20.42
net4303,20.4
_06603_,20.38
_07617_,20.38
_10590_,20.38
_12843_,20.38
_17071_,20.38
core.data_in_reg\[485\],20.38
net2167,20.38
net2981,20.38
net701,20.36
_13926_,20.34
_14565_,20.34
_16825_,20.34
_16990_,20.34
net4367,20.34
_07733_,20.32
_08140_,20.32
_16952_,20.32
core.state4_reg\[7\],20.32
core.state8_reg\[17\],20.32
net1182,20.32
net2611,20.32
net4449,20.32
_06339_,20.3
_10552_,20.3
_16198_,20.3
_09432_,20.28
_15074_,20.28
_18223_,20.28
net665,20.28
net2266,20.28
net4682,20.28
_16081_,20.26
core.data_in_reg\[373\],20.26
core.state7_reg\[27\],20.26
_06981_,20.24
_12307_,20.24
_15563_,20.24
_18691_,20.24
core.qr2.y0\[11\],20.24
net2607,20.24
net773,20.22
_11378_,20.21
_09049_,20.2
_13761_,20.2
net592,20.2
core.state12_reg\[0\],20.18
_09060_,20.16
_09146_,20.16
_10252_,20.16
_10349_,20.16
_12779_,20.16
_16617_,20.16
write_data[13],20.16
_16741_,20.155
_07663_,20.12
_09670_,20.12
_10727_,20.12
_17358_,20.12
_10423_,20.1
_14259_,20.1
core.data_in\[436\],20.1
core.data_in_reg\[364\],20.1
core.state7_reg\[17\],20.075
_04167_,20.06
_10024_,20.06
_11346_,20.06
_12370_,20.06
_15344_,20.04
_15448_,20.04
_15800_,20.04
_16914_,20.04
_18580_,20.04
_12775_,20.02
net1283,20.02
_06152_,20
_09512_,20
_12336_,20
_16324_,20
net3764,20
_13834_,19.995
_09770_,19.98
_13501_,19.98
_13723_,19.98
net2775,19.98
_10414_,19.96
_08730_,19.94
_09193_,19.94
_10716_,19.94
_11976_,19.94
_12960_,19.94
_13390_,19.94
_13706_,19.94
_18465_,19.94
core.data_in\[333\],19.94
net2276,19.94
_08980_,19.92
_11035_,19.92
_12781_,19.92
_16196_,19.92
net724,19.92
net1548,19.92
_14685_,19.9
_16468_,19.9
_18804_,19.9
net3363,19.9
_08179_,19.88
_08493_,19.88
_17480_,19.88
net2648,19.88
net3863,19.88
_15205_,19.86
_07227_,19.84
_07274_,19.84
_07710_,19.84
_08569_,19.84
_12640_,19.84
net1880,19.84
_08726_,19.82
_09092_,19.82
_11624_,19.82
_13623_,19.82
_08339_,19.8
_08447_,19.8
_17944_,19.8
net1864,19.8
_06292_,19.78
_11690_,19.78
_14864_,19.78
_15105_,19.78
_16647_,19.78
_17603_,19.78
_18425_,19.78
_10398_,19.76
net618,19.76
net1062,19.76
net3437,19.76
_07611_,19.74
_10199_,19.74
_11344_,19.74
_11534_,19.74
_13502_,19.74
net4208,19.74
net4775,19.74
_13066_,19.72
core.data_in_reg\[343\],19.72
core.iv0_reg\[31\],19.72
core.state11_reg\[1\],19.72
clknet_leaf_704_clk,19.72
_08535_,19.7
_11385_,19.7
_12341_,19.7
_14976_,19.7
_07862_,19.69
_13183_,19.69
_07234_,19.68
_07972_,19.68
_09484_,19.68
_15030_,19.68
net1628,19.68
_13019_,19.67
_09036_,19.66
_10611_,19.66
_13394_,19.66
net3102,19.66
_08082_,19.62
_12899_,19.62
_17610_,19.62
_11373_,19.6
_11468_,19.6
_17988_,19.6
net2005,19.6
_10509_,19.58
net3098,19.58
_14027_,19.56
_07087_,19.54
_13692_,19.54
core.data_in\[434\],19.54
net3206,19.54
_16092_,19.52
_17858_,19.52
_18737_,19.52
net1499,19.52
net4468,19.52
_10659_,19.5
_16848_,19.5
net3030,19.5
_08455_,19.48
_09935_,19.48
_10644_,19.48
_12456_,19.48
_13354_,19.48
_17462_,19.48
core.data_in\[228\],19.48
net1149,19.48
net4693,19.48
_09850_,19.46
_10175_,19.46
_11512_,19.46
_11580_,19.46
net1155,19.46
net2312,19.46
_15298_,19.455
_08212_,19.44
_09720_,19.44
_11059_,19.44
_12073_,19.44
_13512_,19.44
_16822_,19.44
core.data_in\[272\],19.44
core.data_in\[86\],19.44
_06450_,19.42
_10856_,19.4
_11431_,19.4
_12142_,19.4
_12308_,19.4
_12868_,19.4
_13750_,19.4
_14833_,19.4
_18303_,19.4
_18535_,19.38
core.data_in\[322\],19.38
clknet_leaf_168_clk,19.38
net1076,19.38
net2250,19.38
_08288_,19.36
_08341_,19.36
core.block0_ctr_reg\[4\],19.36
core.data_in_reg\[21\],19.36
core.state9_reg\[21\],19.34
net1569,19.34
_06324_,19.32
_07212_,19.32
_09819_,19.32
_09892_,19.32
_10703_,19.32
_14897_,19.32
core.data_in\[131\],19.32
core.data_in\[338\],19.32
core.data_in_reg\[174\],19.32
net1971,19.32
net4563,19.32
_12944_,19.3
_11016_,19.28
_13262_,19.28
_14370_,19.28
net918,19.28
_14761_,19.26
_08814_,19.24
_11085_,19.24
_11354_,19.24
core.data_in_reg\[164\],19.24
net427,19.24
_10534_,19.22
_17950_,19.22
data_out8_reg\[27\],19.2
net2454,19.2
_13059_,19.18
core.data_in_reg\[178\],19.18
net4038,19.18
net4579,19.18
_07546_,19.16
_09848_,19.16
_19792_,19.16
core.data_in\[370\],19.16
core.data_in_reg\[163\],19.16
net2264,19.16
_08767_,19.14
_11065_,19.14
_14235_,19.14
_18765_,19.14
core.data_in\[454\],19.14
_09780_,19.12
_11326_,19.12
_08164_,19.1
clknet_leaf_437_clk,19.1
net2406,19.1
_02711_,19.08
_10714_,19.08
_10717_,19.08
_11761_,19.08
_14700_,19.08
net1163,19.08
_09420_,19.06
_10879_,19.06
_11160_,19.06
_12101_,19.06
net966,19.06
_13879_,19.045
_07400_,19.04
_13285_,19.04
write_data[31],19.04
_09920_,19.02
_13176_,19.02
_16672_,19.02
_17512_,19.02
core.data_in\[396\],19.02
core.state10_reg\[12\],19.02
net691,19.02
net750,19.02
_08527_,19
_15872_,19
core.data_in_reg\[154\],19
net2164,19
_08820_,18.98
_09480_,18.98
_12229_,18.98
_13048_,18.98
_18454_,18.98
net3068,18.98
_06334_,18.96
net1820,18.96
_05706_,18.94
_07115_,18.94
_09423_,18.94
_12531_,18.94
_18778_,18.94
core.data_in\[263\],18.94
core.data_in\[399\],18.94
_11343_,18.92
_14759_,18.92
_15215_,18.92
_17555_,18.92
_08821_,18.9
_09862_,18.9
_10677_,18.9
_10813_,18.9
_11393_,18.9
_13476_,18.9
_16329_,18.9
net715,18.9
_06577_,18.88
core.data_in\[372\],18.88
net623,18.88
net742,18.88
_07004_,18.86
_08671_,18.86
_10597_,18.86
_11341_,18.86
_16919_,18.86
_11274_,18.84
_14886_,18.84
_16564_,18.83
_09978_,18.82
_13793_,18.82
_16117_,18.82
_16674_,18.82
_17213_,18.82
core.data_in\[184\],18.82
core.data_in\[192\],18.82
net1447,18.82
_16435_,18.805
_10565_,18.8
_11521_,18.8
_18800_,18.8
net387,18.8
_07971_,18.78
_07999_,18.78
net4604,18.78
_10911_,18.77
_02806_,18.76
_05452_,18.74
_07483_,18.74
_18734_,18.74
_11788_,18.72
core.state9_reg\[11\],18.72
_09649_,18.7
core.data_in\[133\],18.7
core.data_in_reg\[180\],18.7
net651,18.7
net1006,18.7
net2691,18.7
net3449,18.7
_11104_,18.685
core.data_in_reg\[427\],18.68
core.state11_reg\[12\],18.68
_07241_,18.66
_08859_,18.66
_10393_,18.66
core.data_in_reg\[420\],18.66
core.state14_reg\[2\],18.66
_03642_,18.64
_09555_,18.64
_12789_,18.64
_16112_,18.64
_09945_,18.62
_11900_,18.62
_15333_,18.62
_16746_,18.62
_16884_,18.62
_16947_,18.62
_17030_,18.62
core.state4_reg\[10\],18.62
core.state7_reg\[16\],18.62
net1089,18.62
_09122_,18.6
_12197_,18.6
_15275_,18.6
_07404_,18.58
_11518_,18.58
_11619_,18.58
_14245_,18.58
net661,18.58
_14100_,18.56
_18913_,18.56
net4613,18.56
_08254_,18.54
net643,18.54
net4459,18.54
_01509_,18.52
_11111_,18.52
_13011_,18.52
_14871_,18.52
_17990_,18.52
core.key6_reg\[9\],18.52
net351,18.52
net4088,18.52
_07703_,18.51
_07152_,18.5
_09904_,18.5
net2396,18.5
_07131_,18.48
_10409_,18.48
_11409_,18.48
_13039_,18.48
_13253_,18.48
_13846_,18.48
_14623_,18.48
_14680_,18.48
_15693_,18.48
_16318_,18.48
_16418_,18.48
_16838_,18.48
core.data_in\[155\],18.48
net2185,18.48
_00575_,18.445
_07190_,18.44
_10680_,18.44
_10803_,18.44
core.data_in\[339\],18.44
_07837_,18.42
_14503_,18.42
core.key5_reg\[7\],18.42
_13696_,18.4
_16689_,18.4
core.data_in\[93\],18.4
net2808,18.4
net4647,18.39
_07429_,18.38
_08303_,18.38
_10621_,18.38
_15792_,18.37
_08503_,18.36
_08637_,18.36
_09249_,18.36
_09768_,18.36
_10919_,18.36
clknet_leaf_397_clk,18.36
clknet_leaf_460_clk,18.36
net657,18.36
net3520,18.36
core.state7_reg\[6\],18.34
net3665,18.34
_08045_,18.32
_10034_,18.32
_10207_,18.32
_13630_,18.32
net1710,18.32
net1806,18.32
_08734_,18.28
_09605_,18.28
_11297_,18.28
_15145_,18.28
_16091_,18.28
net3971,18.28
_09981_,18.26
_17066_,18.26
core.data_in\[2\],18.26
net3581,18.26
net4812,18.26
_16120_,18.24
_16900_,18.24
core.state14_reg\[27\],18.24
net1620,18.24
net1355,18.22
_07976_,18.2
_08547_,18.2
_17076_,18.2
core.block0_ctr_reg\[3\],18.2
core.key5_reg\[29\],18.2
_02715_,18.18
_09097_,18.18
_16868_,18.18
core.key5_reg\[25\],18.18
_10336_,18.17
_00118_,18.165
_09999_,18.16
_15229_,18.16
core.state15_reg\[9\],18.16
net2224,18.16
net4810,18.16
_09321_,18.15
_08485_,18.14
_11421_,18.14
_12201_,18.14
_13741_,18.14
core.data_in\[461\],18.14
core.data_in\[483\],18.14
_06816_,18.12
_08012_,18.12
_09513_,18.12
_13635_,18.12
_05909_,18.1
_13963_,18.1
_15416_,18.1
core.data_in\[90\],18.1
_11410_,18.08
_14576_,18.08
_16392_,18.08
core.state8_reg\[26\],18.08
_10548_,18.06
_11483_,18.06
_12225_,18.06
_12732_,18.06
_15088_,18.06
_15406_,18.06
core.data_in\[14\],18.06
core.data_in_reg\[356\],18.06
net2365,18.06
net4216,18.06
_08678_,18.05
_08087_,18.04
_09211_,18.04
_12965_,18.04
_06985_,18.02
_07775_,18.02
_08375_,18.02
_08846_,18.02
_10794_,18.02
_13778_,18.02
core.data_in\[27\],18.02
core.data_in\[76\],18.02
core.data_in\[95\],18.02
net1810,18.02
_17181_,18.01
_09994_,18
_10607_,18
_07300_,17.98
_08692_,17.98
_08709_,17.98
_15059_,17.98
_15938_,17.98
_16423_,17.98
core.state11_reg\[27\],17.98
net600,17.98
net647,17.98
net948,17.98
net1796,17.98
net2244,17.98
_08843_,17.96
_11781_,17.96
net1745,17.96
_08103_,17.95
_08991_,17.94
_12697_,17.94
_12876_,17.94
_13208_,17.94
_13971_,17.94
_16612_,17.94
core.state9_reg\[4\],17.94
net639,17.94
net2791,17.94
_13009_,17.92
core.data_in_reg\[312\],17.92
_07202_,17.9
_17524_,17.9
core.data_in_reg\[158\],17.9
net1831,17.9
net2159,17.9
_17437_,17.895
_11114_,17.88
_12094_,17.88
core.data_in_reg\[71\],17.88
_07033_,17.86
_07396_,17.86
_09301_,17.86
_10167_,17.86
core.data_in_reg\[97\],17.86
core.state6_reg\[0\],17.86
net2336,17.86
_10263_,17.84
net1020,17.84
net3602,17.84
_07502_,17.82
_10434_,17.82
_13892_,17.82
_16303_,17.82
_18706_,17.82
_00114_,17.785
_07290_,17.78
_13490_,17.78
core.data_in_reg\[280\],17.78
net1032,17.78
_07769_,17.76
_08850_,17.76
_08915_,17.76
_12190_,17.76
net4734,17.76
_07445_,17.75
_07143_,17.74
_11369_,17.74
core.data_in\[149\],17.74
core.key6_reg\[17\],17.74
core.key7_reg\[5\],17.74
_09518_,17.72
_11213_,17.72
net1721,17.72
net1920,17.72
net3535,17.72
net4650,17.72
_06975_,17.7
_08377_,17.7
_08698_,17.7
_10820_,17.7
_14263_,17.7
net2081,17.7
net3508,17.7
_09023_,17.68
_14060_,17.68
_14635_,17.68
_16157_,17.68
net1847,17.68
_08758_,17.67
_07682_,17.66
_09728_,17.66
_11045_,17.66
_15459_,17.66
_00016_,17.645
_09781_,17.64
_12207_,17.64
_12932_,17.64
_12976_,17.64
_17026_,17.64
net1241,17.64
net2780,17.64
net3553,17.64
net4404,17.64
_07050_,17.63
_09710_,17.62
net1909,17.62
_13670_,17.615
_07776_,17.6
_08287_,17.6
_16528_,17.6
net2187,17.6
core.data_in\[290\],17.58
core.key5_reg\[19\],17.58
_11233_,17.57
_07091_,17.56
_07620_,17.56
_08869_,17.56
_09367_,17.56
_09519_,17.56
_10519_,17.56
_11829_,17.56
core.block0_ctr_reg\[8\],17.56
net1127,17.56
net2201,17.56
_06966_,17.555
_08025_,17.54
_11329_,17.54
_11536_,17.54
_07673_,17.53
_07037_,17.52
_08663_,17.52
_08944_,17.52
_11443_,17.52
_13496_,17.52
_14447_,17.52
_17805_,17.52
core.data_in\[151\],17.52
_09843_,17.5
_11280_,17.5
_02067_,17.485
_07541_,17.48
_07885_,17.48
_08398_,17.48
_09592_,17.48
_10265_,17.48
_11543_,17.48
_12320_,17.48
_13931_,17.48
_16629_,17.48
_17020_,17.48
_17120_,17.48
core.state7_reg\[5\],17.48
_12494_,17.46
net964,17.46
net2371,17.46
_08941_,17.44
_14569_,17.44
_15089_,17.44
net471,17.44
net880,17.44
net2024,17.44
_07528_,17.42
_09887_,17.42
_10125_,17.42
_10170_,17.42
_08887_,17.4
_11372_,17.4
_16764_,17.4
_16878_,17.4
_17675_,17.4
_17759_,17.4
_18297_,17.4
net1524,17.4
net3042,17.4
_02101_,17.38
_10771_,17.38
net1066,17.38
_11356_,17.36
_12172_,17.36
_13196_,17.36
_19636_,17.36
net4155,17.36
_08979_,17.355
net997,17.345
_06342_,17.34
_12687_,17.34
_13731_,17.34
core.data_in\[445\],17.34
net232,17.34
net2063,17.34
net2854,17.34
net4129,17.34
net2908,17.325
_07788_,17.32
_09669_,17.32
_10073_,17.32
_10503_,17.32
_10540_,17.32
_12974_,17.32
_17132_,17.32
_17269_,17.32
_17447_,17.32
_18052_,17.32
core.qr2.y0\[19\],17.32
core.state15_reg\[11\],17.32
net1867,17.32
_10351_,17.315
_07606_,17.3
_10181_,17.3
_11423_,17.3
core.key5_reg\[18\],17.3
net4371,17.3
_11264_,17.29
_05621_,17.28
_10331_,17.28
_10906_,17.28
core.data_in\[408\],17.28
core.state8_reg\[7\],17.28
net2963,17.265
_10340_,17.26
_11287_,17.26
_11791_,17.26
_11888_,17.26
_14029_,17.26
_16869_,17.26
core.key5_reg\[28\],17.26
_07768_,17.24
_08066_,17.24
_08355_,17.24
_09556_,17.24
_15044_,17.24
_16304_,17.24
core.state12_reg\[1\],17.24
core.state14_reg\[3\],17.24
net1720,17.24
_07424_,17.22
_12757_,17.22
clknet_leaf_180_clk,17.22
net4326,17.22
_07398_,17.2
_10942_,17.2
_12963_,17.2
_13713_,17.2
cs,17.2
net1978,17.2
net2119,17.2
_13918_,17.18
_16440_,17.18
_16908_,17.18
core.data_in\[334\],17.18
net224,17.18
_07777_,17.16
_08684_,17.16
_10356_,17.16
_06960_,17.14
_08561_,17.14
_10400_,17.14
_10872_,17.14
_13246_,17.14
_13933_,17.14
_14059_,17.14
_15863_,17.14
_18143_,17.14
net1914,17.14
_11173_,17.12
_11458_,17.12
_14026_,17.12
_08669_,17.1
_10880_,17.1
_13792_,17.1
_14594_,17.1
_07791_,17.08
_08036_,17.08
_10785_,17.08
core.state13_reg\[28\],17.08
_04917_,17.07
_03460_,17.065
_07056_,17.06
_07554_,17.06
_08094_,17.06
_09609_,17.06
_13209_,17.06
_13474_,17.06
_16641_,17.06
_16666_,17.06
_17292_,17.06
core.state8_reg\[23\],17.06
net579,17.06
net1948,17.06
net4165,17.06
_05652_,17.04
_10269_,17.04
_17065_,17.04
_06351_,17.02
_07065_,17.02
_12621_,17.02
net4494,17.02
_07368_,17
_07868_,17
_09485_,17
core.data_in\[345\],17
write_data[28],17
net2544,17
_00286_,16.98
_06126_,16.98
_10508_,16.98
_17500_,16.98
net754,16.98
_05497_,16.96
net928,16.96
_09997_,16.95
_09574_,16.94
_09772_,16.94
_14273_,16.94
_14690_,16.94
_15668_,16.94
_18763_,16.94
core.state14_reg\[29\],16.94
net4153,16.94
_10176_,16.9
_10625_,16.9
_12861_,16.9
_15973_,16.9
core.data_in_reg\[56\],16.9
_06304_,16.88
net292,16.88
net1151,16.88
net2193,16.88
_07335_,16.86
_07634_,16.86
_07778_,16.86
_08606_,16.86
_08750_,16.86
net679,16.86
net1349,16.86
_08230_,16.845
_00334_,16.84
_02995_,16.84
_12744_,16.84
_19774_,16.84
core.data_in\[498\],16.84
core.state14_reg\[1\],16.84
net3234,16.84
_10878_,16.835
_11527_,16.83
_01505_,16.82
_04511_,16.82
_10308_,16.82
_13006_,16.82
_13495_,16.82
_17272_,16.82
net697,16.82
_07828_,16.8
_16582_,16.8
core.data_out\[409\],16.8
core.state8_reg\[16\],16.8
net434,16.8
_18803_,16.785
_08831_,16.78
_10358_,16.78
_12850_,16.78
core.data_in\[480\],16.78
core.state14_reg\[25\],16.78
net960,16.78
net1014,16.78
_07958_,16.76
_10554_,16.76
_12649_,16.76
_14137_,16.76
_14841_,16.76
_15438_,16.76
_19814_,16.76
net1433,16.76
_08605_,16.74
_12100_,16.74
_10712_,16.72
_12473_,16.72
_14502_,16.72
_07438_,16.68
_09662_,16.68
_09893_,16.68
core.state5_reg\[27\],16.68
net585,16.68
net728,16.68
_11668_,16.66
_18727_,16.66
core.state11_reg\[16\],16.66
net1036,16.66
net1550,16.66
net850,16.655
_04300_,16.64
_05327_,16.64
_09442_,16.64
_13620_,16.64
_16411_,16.64
_01532_,16.62
_09155_,16.62
_09700_,16.62
_15673_,16.62
_17616_,16.62
net2163,16.605
_05291_,16.6
_07748_,16.6
_08322_,16.6
_09535_,16.6
_10948_,16.6
_15174_,16.6
_12470_,16.58
_13667_,16.58
_14030_,16.58
_15469_,16.58
core.state8_reg\[18\],16.58
_11155_,16.57
_00629_,16.56
_12286_,16.56
_13550_,16.56
core.state14_reg\[6\],16.56
core.state15_reg\[6\],16.56
address[0],16.54
net4115,16.54
_00189_,16.52
_17813_,16.52
net2278,16.52
net4255,16.52
_10375_,16.51
core.data_in\[78\],16.5
_00215_,16.485
_06942_,16.48
_07125_,16.48
_07463_,16.48
_09001_,16.48
_10279_,16.48
_16604_,16.48
net4646,16.48
net1160,16.465
_08602_,16.46
_09174_,16.46
_18447_,16.46
net3240,16.46
net4807,16.46
_16079_,16.45
_07840_,16.44
_09461_,16.44
_10248_,16.44
_11067_,16.44
_12379_,16.44
_12734_,16.44
_17041_,16.44
core.state11_reg\[15\],16.44
net2143,16.44
net3111,16.44
net944,16.43
net3233,16.425
_12199_,16.42
_12959_,16.42
core.data_in\[433\],16.42
net1682,16.42
_07365_,16.41
_08798_,16.4
_08873_,16.4
_13119_,16.4
_16524_,16.4
core.data_in\[441\],16.4
net894,16.4
net1849,16.4
_10203_,16.39
_09684_,16.38
core.data_in\[230\],16.38
_15534_,16.36
core.state10_reg\[6\],16.36
_07088_,16.34
_09445_,16.34
_09633_,16.34
core.key5_reg\[26\],16.34
net2890,16.34
net4368,16.34
_17186_,16.32
net4133,16.32
address[5],16.31
_07439_,16.3
_08278_,16.3
_10750_,16.3
_13329_,16.3
_17302_,16.3
core.data_in\[87\],16.3
_10185_,16.28
_10286_,16.28
_12796_,16.28
net2150,16.28
_07387_,16.26
_09166_,16.26
_09169_,16.26
_11028_,16.26
_11542_,16.26
_14151_,16.26
core.data_in\[497\],16.26
net874,16.26
net1293,16.26
net4232,16.26
_07366_,16.24
_08251_,16.24
_09701_,16.24
_18475_,16.24
_18536_,16.24
_11420_,16.22
_11629_,16.22
_11968_,16.22
_13282_,16.22
_16400_,16.22
net2097,16.22
net3372,16.22
_12353_,16.215
_08867_,16.2
net1035,16.185
_09018_,16.18
_09121_,16.18
_13689_,16.18
_14071_,16.18
_16240_,16.18
core.state5_reg\[1\],16.18
_02697_,16.16
_07133_,16.16
_07843_,16.16
_18978_,16.16
core.state9_reg\[2\],16.16
net1691,16.16
_08222_,16.14
_09960_,16.14
_13435_,16.14
_16787_,16.14
_18710_,16.14
net2099,16.14
net4587,16.14
net4834,16.14
net1635,16.125
_08047_,16.12
core.state9_reg\[17\],16.12
_08907_,16.1
_10884_,16.1
_11052_,16.1
_13763_,16.1
_16677_,16.1
core.data_in\[233\],16.1
net1994,16.1
net2602,16.1
_10099_,16.08
net4656,16.08
_08063_,16.06
_13151_,16.06
_16370_,16.06
core.state10_reg\[16\],16.06
net1204,16.06
net1851,16.06
_08672_,16.04
_12735_,16.04
_09452_,16.02
_10652_,16.02
net655,16.02
net1174,16.02
net2871,16.02
net861,16.005
_16765_,16
_05620_,15.98
_07580_,15.98
_08741_,15.98
_08981_,15.98
_10223_,15.98
_17721_,15.98
net1892,15.98
net2198,15.98
_12195_,15.975
net2690,15.965
_07511_,15.96
_08893_,15.96
_13084_,15.96
_13145_,15.96
net2203,15.96
_07326_,15.94
_11562_,15.94
core.state10_reg\[5\],15.94
data_out8_reg\[26\],15.94
net1341,15.94
_04918_,15.92
_11206_,15.92
_12982_,15.92
_13218_,15.92
_14257_,15.92
_15883_,15.92
core.data_in\[163\],15.92
_12737_,15.9
_07853_,15.895
net502,15.885
net977,15.885
_12940_,15.88
_12993_,15.88
core.block0_ctr_reg\[16\],15.88
core.data_out\[450\],15.88
net212,15.88
net1596,15.88
net2108,15.88
_08528_,15.86
_08551_,15.86
_11292_,15.86
_13328_,15.86
_17601_,15.86
net1026,15.86
net3342,15.855
_01413_,15.84
_03941_,15.84
_10556_,15.84
_11491_,15.84
_12502_,15.84
_13802_,15.84
_14006_,15.84
net3944,15.84
_00003_,15.82
core.data_in\[357\],15.82
core.state14_reg\[4\],15.82
_09706_,15.8
_10254_,15.8
_12386_,15.8
_12675_,15.8
_13203_,15.8
_17684_,15.8
core.data_in\[320\],15.8
core.data_in\[435\],15.8
core.data_out\[333\],15.8
net2380,15.8
_17890_,15.79
_07187_,15.78
_07917_,15.78
_08795_,15.78
_13467_,15.78
_16832_,15.78
core.state8_reg\[10\],15.78
_02105_,15.765
_10722_,15.76
_13003_,15.76
_13275_,15.76
_13563_,15.76
_14210_,15.76
_16862_,15.76
_17404_,15.76
core.data_in\[292\],15.76
core.data_in\[297\],15.76
core.data_in\[404\],15.76
net453,15.76
net2258,15.76
_07099_,15.74
_17115_,15.74
net2048,15.74
_17136_,15.735
_08106_,15.73
_07060_,15.72
_11495_,15.72
_12046_,15.72
_16140_,15.72
_17837_,15.72
net3461,15.72
net4287,15.72
_06511_,15.7
_09967_,15.7
_14649_,15.7
net3357,15.685
_05614_,15.68
_06530_,15.68
_07867_,15.68
_09340_,15.68
_10399_,15.68
_10598_,15.68
_11440_,15.68
_15705_,15.68
_06183_,15.66
_19545_,15.66
core.data_in\[398\],15.66
_11350_,15.65
_06533_,15.64
_09571_,15.64
_10627_,15.64
_10928_,15.64
_14258_,15.64
_15066_,15.64
net4405,15.62
_05303_,15.6
core.state10_reg\[8\],15.6
net381,15.6
net4307,15.6
net4658,15.6
_07780_,15.59
_07066_,15.58
_10664_,15.58
_09426_,15.56
_09455_,15.56
_10897_,15.56
_16321_,15.56
core.data_in\[166\],15.56
net1311,15.56
core.state14_reg\[30\],15.54
_10832_,15.52
_12769_,15.52
_13121_,15.52
_15277_,15.52
_15480_,15.52
core.data_in\[371\],15.52
net2215,15.52
net3216,15.52
net4415,15.52
net4501,15.52
_07200_,15.5
_08727_,15.5
_13326_,15.5
_14915_,15.5
_08113_,15.48
_12693_,15.48
_15068_,15.48
_16649_,15.48
_18029_,15.48
core.key\[217\],15.48
net2130,15.48
net4419,15.48
net4855,15.48
_05650_,15.46
_09685_,15.46
_09719_,15.46
_10788_,15.46
_14704_,15.46
_18079_,15.46
core.data_in\[187\],15.46
net573,15.46
net2211,15.46
_07224_,15.455
_07197_,15.44
_07428_,15.44
_09057_,15.44
_13182_,15.44
_13803_,15.44
_15530_,15.44
_16891_,15.44
_17278_,15.44
net288,15.44
_01625_,15.425
_10902_,15.42
_11154_,15.42
_15193_,15.42
_17021_,15.42
_18719_,15.42
net4755,15.42
_07818_,15.4
_08405_,15.4
_08765_,15.4
_14421_,15.4
_17260_,15.4
_17266_,15.4
net760,15.4
net1321,15.4
net2029,15.4
net2470,15.4
net3062,15.4
_04025_,15.38
_04594_,15.38
_07102_,15.38
_09498_,15.38
_10458_,15.38
_11210_,15.38
_13098_,15.38
_14613_,15.38
core.data_out\[210\],15.38
core.state14_reg\[24\],15.38
net1652,15.38
net3436,15.38
_06998_,15.36
_13320_,15.36
_16522_,15.36
_07946_,15.34
_08480_,15.34
_08961_,15.34
_13661_,15.34
_15018_,15.34
_15850_,15.34
_16621_,15.34
core.data_in_reg\[304\],15.34
core.key5_reg\[15\],15.34
net904,15.34
net1985,15.34
net2059,15.34
_08792_,15.32
_09260_,15.32
_13658_,15.32
_17449_,15.32
net1018,15.32
net2080,15.32
_16759_,15.31
_05693_,15.3
_07924_,15.3
_08950_,15.3
_13010_,15.3
_14050_,15.3
_14292_,15.3
_15082_,15.3
_15783_,15.3
_16933_,15.3
_19710_,15.3
_08930_,15.29
_00307_,15.28
_07201_,15.28
_09489_,15.28
_09277_,15.27
_00353_,15.26
_01275_,15.26
_06465_,15.26
_06537_,15.26
_09126_,15.26
_10341_,15.26
_17862_,15.26
core.data_in\[424\],15.26
net614,15.26
_08264_,15.24
_08454_,15.24
_08791_,15.24
_17036_,15.24
read_data[7],15.24
_08039_,15.22
_08432_,15.22
_10161_,15.22
_17332_,15.22
core.state9_reg\[29\],15.22
net1483,15.22
net4075,15.22
_09444_,15.215
net688,15.205
_18030_,15.2
net1215,15.185
_06520_,15.18
_17359_,15.18
net2139,15.18
net2573,15.18
_13838_,15.14
_14337_,15.14
_14725_,15.14
_14900_,15.14
_15316_,15.14
_05613_,15.12
_13180_,15.12
_16369_,15.12
_16906_,15.12
net330,15.115
_09743_,15.11
_00263_,15.1
_01508_,15.1
_05656_,15.1
_07652_,15.1
_11105_,15.1
_11291_,15.1
core.data_out\[432\],15.1
net1921,15.1
_08116_,15.08
net2123,15.065
_09084_,15.06
_10895_,15.06
_11200_,15.06
_13359_,15.06
_13704_,15.06
_16252_,15.06
_19555_,15.06
net1670,15.06
_14317_,15.05
_14669_,15.04
_01495_,15.02
_08477_,15.02
_09676_,15.02
_10154_,15.02
_15029_,15.02
net1750,15.02
_08201_,15
_10502_,15
core.data_in\[252\],15
core.data_in\[33\],15
net4081,15
_00022_,14.985
_04465_,14.98
_08028_,14.98
_11493_,14.98
_15102_,14.98
_17316_,14.98
core.state15_reg\[25\],14.98
net1527,14.965
net2565,14.965
_10240_,14.96
_10432_,14.96
_13103_,14.96
_14583_,14.96
_15049_,14.96
_06640_,14.94
_07871_,14.94
_12814_,14.94
_13284_,14.94
_15118_,14.94
core.data_in\[162\],14.94
core.key7_reg\[3\],14.94
_01575_,14.92
_07085_,14.92
_12254_,14.92
_13405_,14.92
_15373_,14.92
_15790_,14.92
_16605_,14.92
net1333,14.92
net1592,14.92
net3197,14.92
net3603,14.92
_00283_,14.905
_06532_,14.9
_08227_,14.9
_14844_,14.9
_16871_,14.9
_08175_,14.88
_08985_,14.88
_09004_,14.88
_10070_,14.88
_10764_,14.88
_13393_,14.88
_13483_,14.88
_14621_,14.88
_16096_,14.88
core.key7_reg\[4\],14.88
_06522_,14.86
_09457_,14.86
_09478_,14.86
_11001_,14.86
_11034_,14.86
_18398_,14.86
_04351_,14.84
_08396_,14.84
_13837_,14.84
_13925_,14.84
_16330_,14.84
_16733_,14.84
_16883_,14.84
core.data_out\[1\],14.84
net1740,14.84
net1956,14.84
_14504_,14.83
_01448_,14.82
_15143_,14.82
core.data_in\[395\],14.82
_10546_,14.815
_06971_,14.8
_07340_,14.8
_09062_,14.8
_09297_,14.8
_10925_,14.8
_11203_,14.8
_13504_,14.8
_15875_,14.8
_16145_,14.8
_16484_,14.8
net1099,14.8
net1307,14.8
_09702_,14.78
_12266_,14.78
_15562_,14.78
_16430_,14.78
core.data_in_reg\[90\],14.78
net2998,14.78
net4784,14.78
_08155_,14.76
_08478_,14.76
_10224_,14.76
_13775_,14.76
net383,14.76
net1802,14.76
net1903,14.76
net4550,14.76
_02606_,14.74
_07600_,14.74
_09666_,14.74
_17717_,14.74
core.data_in\[227\],14.74
core.data_in\[295\],14.74
net767,14.74
_07678_,14.72
_16103_,14.72
net4620,14.72
_00006_,14.715
_13766_,14.71
_02115_,14.705
_07014_,14.7
_08641_,14.7
_10520_,14.7
net4059,14.7
net4881,14.7
_05557_,14.68
_07492_,14.68
_08563_,14.68
_09221_,14.68
_10089_,14.68
_12188_,14.68
_16416_,14.68
_16565_,14.68
_17005_,14.68
net1718,14.68
net1961,14.68
net2025,14.68
net4770,14.68
net1544,14.67
net1254,14.665
_08578_,14.64
_10116_,14.64
net2709,14.64
net4564,14.64
_11824_,14.62
_09897_,14.615
net1352,14.605
_03858_,14.6
_13127_,14.6
_13150_,14.6
_14407_,14.6
_14929_,14.6
net1638,14.6
net3034,14.6
_03087_,14.58
_13915_,14.58
core.data_in\[190\],14.58
net4050,14.58
_11044_,14.57
_09186_,14.56
_09404_,14.56
_09934_,14.56
_09943_,14.56
_10062_,14.56
_10694_,14.56
_18991_,14.56
core.data_in\[224\],14.56
read_data[18],14.56
net4522,14.56
net4813,14.56
_10713_,14.54
_13101_,14.54
_14461_,14.54
_15532_,14.54
_16456_,14.54
_17241_,14.54
_19371_,14.54
core.data_out\[119\],14.54
net719,14.54
net1940,14.54
net3321,14.54
_10743_,14.52
_12049_,14.52
_16876_,14.52
_18080_,14.52
net3012,14.505
_09599_,14.5
_09991_,14.5
_10033_,14.5
_10544_,14.5
_11121_,14.5
_13214_,14.5
_15520_,14.5
_16619_,14.5
core.data_in\[6\],14.5
net1814,14.5
net1926,14.5
_13013_,14.48
_15234_,14.48
_17871_,14.48
net4176,14.48
_01372_,14.46
_03069_,14.46
_12991_,14.46
_13007_,14.46
_16233_,14.46
_17943_,14.46
core.data_in\[94\],14.46
read_data[29],14.46
net4602,14.46
_16008_,14.45
_12802_,14.44
_13092_,14.44
_07177_,14.42
_09475_,14.42
_11955_,14.42
_12267_,14.42
_13157_,14.42
_14032_,14.42
core.data_in\[221\],14.42
core.data_in\[23\],14.42
net2128,14.42
_01665_,14.4
_08441_,14.4
net2246,14.395
_00249_,14.385
_03461_,14.385
_10384_,14.38
_13335_,14.38
_14331_,14.38
_04092_,14.36
_06294_,14.36
_11621_,14.36
_11796_,14.36
core.state5_reg\[24\],14.36
core.state7_reg\[25\],14.36
_07993_,14.34
_09723_,14.34
_10025_,14.34
_13358_,14.34
_13538_,14.34
_16049_,14.34
_16388_,14.34
_18509_,14.34
core.state9_reg\[6\],14.34
net3093,14.34
net4825,14.34
_14747_,14.32
core.data_in\[376\],14.32
core.key5_reg\[30\],14.32
_08293_,14.3
_08319_,14.3
_09384_,14.3
_12312_,14.3
_13611_,14.3
_14760_,14.3
_15848_,14.3
_17104_,14.3
_17389_,14.3
_17680_,14.3
net649,14.3
net1680,14.3
net2169,14.3
net2181,14.3
net2286,14.3
net4218,14.3
_16509_,14.285
_07464_,14.28
_16317_,14.28
_08511_,14.26
_09070_,14.26
_11648_,14.26
_14858_,14.26
_15360_,14.26
_15598_,14.26
_17912_,14.26
core.state11_reg\[14\],14.26
_09272_,14.24
_11524_,14.235
_11544_,14.22
_11918_,14.22
_13604_,14.22
_15356_,14.22
_15531_,14.22
_17440_,14.22
_19577_,14.22
error,14.22
read_data[19],14.22
net517,14.22
net1335,14.22
_07729_,14.2
_14329_,14.2
_16390_,14.2
_16333_,14.18
net974,14.18
net1561,14.18
net1977,14.18
net3608,14.18
_09168_,14.165
net630,14.165
net2707,14.16
net2731,14.145
_05499_,14.14
_07393_,14.14
_09861_,14.14
_09979_,14.14
_10244_,14.14
_12187_,14.14
_12706_,14.14
_15371_,14.14
_15854_,14.14
_16581_,14.14
core.data_in\[71\],14.14
core.key7_reg\[27\],14.14
core.key7_reg\[29\],14.14
net2158,14.14
net662,14.125
net2658,14.125
_04703_,14.12
_07346_,14.12
_13729_,14.12
_15624_,14.12
core.data_in_reg\[379\],14.12
net2248,14.12
net3394,14.12
net4207,14.12
_07203_,14.1
_10108_,14.1
_11076_,14.1
_11574_,14.1
_14051_,14.1
net1072,14.1
net1323,14.1
_03071_,14.08
_05545_,14.08
_05671_,14.08
_08818_,14.08
_09526_,14.08
_12074_,14.08
_12966_,14.08
_15791_,14.08
net4251,14.08
_04467_,14.06
_06642_,14.06
_19688_,14.06
net2239,14.06
net2202,14.045
_02605_,14.04
_04093_,14.04
_05659_,14.04
_05864_,14.04
_06561_,14.04
_07078_,14.04
_07281_,14.04
_08416_,14.04
_14957_,14.04
_15785_,14.04
_16384_,14.04
_16627_,14.04
_17730_,14.04
net1412,14.04
_05777_,14.035
_08471_,14.035
_08914_,14.02
_09306_,14.02
_11199_,14.02
_12009_,14.02
_13240_,14.02
_14910_,14.02
net286,14.02
net1248,14.02
net1942,14.02
_01970_,14.005
_02257_,14
_06698_,14
_07841_,14
_12683_,14
_13141_,14
_16614_,14
_18003_,14
net4288,14
net4662,14
net4794,14
_01679_,13.98
_05441_,13.98
_09061_,13.98
_10854_,13.98
core.data_in\[394\],13.98
write_data[10],13.98
write_data[15],13.98
_00408_,13.965
_05770_,13.96
_09383_,13.96
_13051_,13.96
_13402_,13.96
_14318_,13.96
_16413_,13.96
core.data_out\[211\],13.96
core.iv1_reg\[5\],13.96
net246,13.96
net4205,13.96
net4378,13.96
_03197_,13.94
_08614_,13.94
_09501_,13.94
net2618,13.94
net534,13.925
_02171_,13.92
_03082_,13.92
_11748_,13.92
_13486_,13.92
_16292_,13.92
_17252_,13.92
_17423_,13.92
_18112_,13.92
_05680_,13.905
_00026_,13.9
_11081_,13.9
_15454_,13.9
core.state5_reg\[25\],13.9
_11436_,13.89
_07042_,13.88
_09883_,13.88
_11142_,13.88
_13266_,13.88
_14434_,13.88
_16739_,13.88
_17099_,13.88
net2100,13.88
net2113,13.88
net2260,13.88
net4223,13.88
_05889_,13.86
_11620_,13.86
_14391_,13.86
_18294_,13.86
net4553,13.86
_00153_,13.845
net2783,13.845
_08256_,13.84
_08796_,13.84
_09864_,13.84
_14394_,13.84
_17344_,13.84
_18464_,13.84
clknet_leaf_244_clk,13.84
net2740,13.84
net396,13.825
net795,13.825
net1960,13.825
_07825_,13.82
_14299_,13.82
_15025_,13.82
_19690_,13.82
net3061,13.805
_03672_,13.8
_06514_,13.8
_08267_,13.8
_09354_,13.8
_13383_,13.8
_14454_,13.8
_18667_,13.8
_19787_,13.8
core.data_in\[422\],13.8
net4025,13.8
net735,13.785
_17329_,13.78
net4516,13.78
_01155_,13.775
net1264,13.765
_01581_,13.76
_01612_,13.76
_07147_,13.76
_07997_,13.76
_09699_,13.76
_09918_,13.76
_15878_,13.76
_16393_,13.76
_17617_,13.76
_18050_,13.76
net2233,13.76
net4189,13.76
net4412,13.76
net4600,13.76
net751,13.745
_08245_,13.74
_18167_,13.74
net3414,13.74
_02144_,13.725
_03738_,13.72
_10044_,13.72
_11337_,13.72
_14142_,13.72
_14716_,13.72
_15135_,13.72
_17785_,13.72
core.data_in\[361\],13.72
net884,13.72
net1262,13.705
_09165_,13.7
core.state6_reg\[25\],13.7
_00636_,13.685
_05392_,13.68
_09183_,13.68
_09593_,13.68
_13872_,13.68
_15317_,13.68
_15880_,13.68
_19733_,13.68
core.block1_ctr_reg\[19\],13.68
core.data_in\[274\],13.68
net1465,13.68
net1274,13.665
_02603_,13.66
_07527_,13.66
_10296_,13.66
_13322_,13.66
_13903_,13.66
_15423_,13.66
_16626_,13.66
_17582_,13.66
_18087_,13.66
net3859,13.66
_01611_,13.64
_05317_,13.64
_07285_,13.64
_07475_,13.64
_09523_,13.64
_12948_,13.64
_13895_,13.64
_15672_,13.64
core.data_in\[443\],13.64
write_data[25],13.64
net1987,13.64
net4639,13.64
_01541_,13.62
_02919_,13.62
_03976_,13.62
_07260_,13.62
_07407_,13.62
_07409_,13.62
_08232_,13.62
_08553_,13.62
_08648_,13.62
_11597_,13.62
_13022_,13.62
_14015_,13.62
_16482_,13.62
_19125_,13.62
core.data_in\[121\],13.62
core.data_in\[143\],13.62
data_out9_reg\[26\],13.62
net92,13.62
net571,13.62
net761,13.62
net4860,13.62
_11000_,13.6
_17368_,13.6
_01342_,13.595
_03080_,13.58
_04643_,13.58
_05554_,13.58
_07418_,13.58
_09110_,13.58
_09236_,13.58
_12448_,13.58
_14301_,13.58
_15582_,13.58
_16111_,13.58
_16579_,13.58
_16776_,13.58
_18741_,13.58
core.data_in\[412\],13.58
_17833_,13.57
_07325_,13.56
_11043_,13.56
_13747_,13.56
_19554_,13.56
net1002,13.56
net3250,13.545
_02654_,13.54
_08628_,13.54
_08851_,13.54
_11611_,13.54
_12896_,13.54
_13177_,13.54
_17764_,13.54
_18205_,13.54
_18592_,13.54
core.data_in\[342\],13.54
net1624,13.54
net3067,13.54
net4111,13.54
core.key6_reg\[3\],13.52
net1889,13.52
_02181_,13.505
_02950_,13.5
_04488_,13.5
_05541_,13.5
_06558_,13.5
_06593_,13.5
_07555_,13.5
_07817_,13.5
_08283_,13.5
_08444_,13.5
_10171_,13.5
_11071_,13.5
_11571_,13.5
_13054_,13.5
_14426_,13.5
_15305_,13.5
_15916_,13.5
_15969_,13.5
_16137_,13.5
_16261_,13.5
core.data_in\[54\],13.5
net2091,13.5
_02714_,13.48
_02758_,13.48
_08682_,13.48
_10528_,13.48
_14720_,13.48
net1941,13.465
net3010,13.465
_00206_,13.46
_04073_,13.46
_04575_,13.46
_07518_,13.46
_07705_,13.46
_07938_,13.46
_08305_,13.46
_08794_,13.46
_09598_,13.46
_11353_,13.46
_13698_,13.46
_07914_,13.44
_10526_,13.44
_17639_,13.44
core.block1_ctr_reg\[16\],13.44
_01145_,13.42
_05569_,13.42
_05640_,13.42
_05660_,13.42
_07945_,13.42
_08168_,13.42
_09590_,13.42
_14840_,13.42
net4728,13.42
_07711_,13.41
_07633_,13.4
_08753_,13.4
_12865_,13.4
_04197_,13.38
_04867_,13.38
_12048_,13.38
_12051_,13.38
_15801_,13.38
_15891_,13.38
_16555_,13.38
_18483_,13.38
net892,13.38
net1425,13.38
net3896,13.38
_10250_,13.37
_17767_,13.37
_04387_,13.36
_11403_,13.36
_13907_,13.36
_14072_,13.36
_14291_,13.36
net2604,13.345
_04239_,13.34
_08226_,13.34
_10602_,13.34
_11357_,13.34
_16634_,13.34
_17594_,13.34
core.state14_reg\[5\],13.34
_13377_,13.335
_02139_,13.32
_18802_,13.32
_05866_,13.3
_07257_,13.3
_09210_,13.3
_11531_,13.3
net753,13.3
net2191,13.3
net4264,13.3
net4361,13.3
_07796_,13.29
_07827_,13.28
_08822_,13.28
_10853_,13.28
_11606_,13.28
net2320,13.28
net3306,13.28
net3457,13.28
net3903,13.28
net4566,13.28
net4830,13.28
_08676_,13.26
_09566_,13.26
_11113_,13.26
_13230_,13.26
_15169_,13.26
_16241_,13.26
_17600_,13.26
_18045_,13.26
_19581_,13.26
_00152_,13.245
net1786,13.245
_01023_,13.225
_03302_,13.22
_05468_,13.22
_09534_,13.22
_12758_,13.22
_13148_,13.22
_17860_,13.22
_19181_,13.22
core.data_in\[140\],13.22
core.data_in\[189\],13.22
net2207,13.22
net3990,13.22
net4366,13.22
net4792,13.22
write_data[17],13.21
_02644_,13.2
_02814_,13.2
_02946_,13.2
_03038_,13.2
_06462_,13.2
_07263_,13.2
_07800_,13.2
_09803_,13.2
_12525_,13.2
_12685_,13.2
_18605_,13.2
core.data_in\[75\],13.2
core.data_out\[34\],13.2
_03712_,13.18
_04263_,13.18
_09845_,13.18
_10005_,13.18
_10532_,13.18
_10581_,13.18
_11349_,13.18
_13296_,13.18
_16766_,13.18
_17255_,13.18
_17922_,13.18
net1194,13.18
_02659_,13.16
_05407_,13.16
_07027_,13.16
_07732_,13.16
_07740_,13.16
_09232_,13.16
_14799_,13.16
_14856_,13.16
_15834_,13.16
_19517_,13.16
net2242,13.16
net2834,13.16
net4295,13.16
net4827,13.16
_11355_,13.14
_14954_,13.14
_01488_,13.12
_07854_,13.12
_11980_,13.12
_12999_,13.12
_13632_,13.12
core.data_in\[242\],13.12
net459,13.12
_11260_,13.1
_16886_,13.1
read_data[30],13.1
net1000,13.1
net797,13.085
net1464,13.085
_01547_,13.08
_02525_,13.08
_04049_,13.08
_04163_,13.08
_04255_,13.08
_06497_,13.08
_06837_,13.08
_07792_,13.08
_08004_,13.08
_08046_,13.08
_08191_,13.08
_09040_,13.08
_11494_,13.08
_11917_,13.08
_12558_,13.08
_13190_,13.08
_14144_,13.08
_15206_,13.08
_15332_,13.08
_16402_,13.08
_16433_,13.08
_16464_,13.08
_16960_,13.08
core.key5_reg\[17\],13.08
net1420,13.08
net2535,13.08
net3583,13.08
_03124_,13.065
_07338_,13.06
_09612_,13.06
_11129_,13.06
_16135_,13.06
_16606_,13.06
net978,13.06
net2910,13.06
_10216_,13.05
_17495_,13.05
_05403_,13.04
_08059_,13.04
_08247_,13.04
_09527_,13.04
_10186_,13.04
_10687_,13.04
_10824_,13.04
_11249_,13.04
_12055_,13.04
_12076_,13.04
_13353_,13.04
_14449_,13.04
_14651_,13.04
_15366_,13.04
_16127_,13.04
_18283_,13.04
core.data_in\[262\],13.04
core.data_in\[299\],13.04
core.data_in\[423\],13.04
core.key5_reg\[31\],13.04
net2778,13.04
net3708,13.04
net4722,13.04
_05827_,13.02
_08921_,13.02
_08968_,13.02
_08976_,13.02
_10701_,13.02
_10756_,13.02
_15862_,13.02
_00818_,13.005
_04601_,13
_05668_,13
_07881_,13
_08780_,13
_10303_,13
_13159_,13
_13287_,13
_13505_,13
_16650_,13
_17897_,13
_18742_,13
net236,13
net561,13
_06110_,12.98
_11017_,12.98
_19081_,12.965
net1185,12.965
_07007_,12.96
_07872_,12.96
_09859_,12.96
_10690_,12.96
_11450_,12.96
_13341_,12.96
_14110_,12.96
_18514_,12.96
_19721_,12.96
core.data_in\[400\],12.96
net559,12.96
net3348,12.96
net3373,12.96
net3672,12.96
_12179_,12.955
_06258_,12.94
_10212_,12.94
_14184_,12.94
core.data_in\[122\],12.94
core.iv0_reg\[12\],12.94
net4237,12.94
_09233_,12.93
_03285_,12.92
_06752_,12.92
_07641_,12.92
_08086_,12.92
_08089_,12.92
_08462_,12.92
_10208_,12.92
_10896_,12.92
_10945_,12.92
_11520_,12.92
_12463_,12.92
_13118_,12.92
_13268_,12.92
_14809_,12.92
_15546_,12.92
core.qr2.y0\[18\],12.92
net1477,12.92
net1616,12.92
net1950,12.92
_05718_,12.915
_08853_,12.915
_00912_,12.905
_00059_,12.9
_06149_,12.9
_11333_,12.9
_14003_,12.9
_14048_,12.9
_16082_,12.9
core.data_out\[490\],12.9
net624,12.885
_02548_,12.88
_03929_,12.88
_12864_,12.88
_15150_,12.88
_15898_,12.88
net1495,12.88
net4514,12.88
net1095,12.865
net2758,12.865
net2928,12.865
_15620_,12.86
_18623_,12.86
_02994_,12.845
_07834_,12.84
_08686_,12.84
_09536_,12.84
_13325_,12.84
_14757_,12.84
_17257_,12.84
_19374_,12.84
net1479,12.84
net2028,12.84
_00808_,12.825
_09952_,12.82
core.data_in\[379\],12.82
net954,12.82
net4158,12.82
net4308,12.82
_07831_,12.8
_10066_,12.8
_15980_,12.8
_10064_,12.795
net747,12.785
net1521,12.785
net4524,12.78
_07647_,12.77
_04875_,12.76
_05446_,12.76
_05766_,12.76
_09314_,12.76
_09631_,12.76
_11334_,12.76
_12898_,12.76
_13408_,12.76
_14412_,12.76
_14640_,12.76
_17068_,12.76
_17490_,12.76
core.data_in\[420\],12.76
write_data[26],12.75
_03180_,12.74
_03617_,12.74
_08145_,12.74
_12517_,12.74
_13189_,12.74
_15253_,12.74
net2042,12.74
net2256,12.74
net2270,12.74
net4354,12.74
net4425,12.74
_05458_,12.735
_00632_,12.725
_03403_,12.72
_04039_,12.72
_07487_,12.72
_13303_,12.72
_14773_,12.72
_16072_,12.72
_17061_,12.72
_19878_,12.72
core.state9_reg\[1\],12.72
_04869_,12.7
_05713_,12.7
_09382_,12.7
_09538_,12.7
_11784_,12.7
_12194_,12.7
write_data[27],12.7
write_data[9],12.7
net2421,12.7
net2478,12.7
net4052,12.7
_15566_,12.68
_16684_,12.68
_16851_,12.68
_17125_,12.68
core.data_in\[167\],12.68
core.state7_reg\[31\],12.68
net1621,12.665
_02493_,12.66
_05509_,12.66
_09988_,12.66
_10645_,12.66
_14036_,12.66
_15793_,12.66
_15993_,12.66
_16485_,12.66
_18750_,12.66
net4070,12.66
_05322_,12.64
_05476_,12.64
_07839_,12.64
_08739_,12.64
_09227_,12.64
_09682_,12.64
_11046_,12.64
_11578_,12.64
_14042_,12.64
_16199_,12.64
_17235_,12.64
_17676_,12.64
_17840_,12.64
net563,12.64
net4584,12.64
net1719,12.625
net2350,12.625
_01539_,12.62
_02278_,12.62
_12130_,12.62
_14178_,12.62
_15016_,12.62
_15870_,12.62
_17620_,12.62
_17629_,12.62
_18735_,12.62
net882,12.62
net1198,12.62
net1571,12.62
net3660,12.62
_04302_,12.6
_04909_,12.6
_10786_,12.6
_17220_,12.6
_00088_,12.585
_01310_,12.58
_04977_,12.58
_05750_,12.58
_07095_,12.58
_09349_,12.58
_13843_,12.58
_14256_,12.58
_14683_,12.58
_15519_,12.58
_15873_,12.58
_16813_,12.58
_18764_,12.58
core.data_in\[309\],12.58
core.data_in\[403\],12.58
net902,12.58
net3391,12.58
_06627_,12.56
_07307_,12.56
_11607_,12.56
_12247_,12.56
_16701_,12.56
net1881,12.545
_06599_,12.54
_09402_,12.54
_09846_,12.54
_11086_,12.54
_12550_,12.54
_13652_,12.54
_13862_,12.54
_14709_,12.54
_16047_,12.54
_16115_,12.54
_16683_,12.54
_18766_,12.54
_19416_,12.54
_19781_,12.54
net678,12.54
net4671,12.54
_00216_,12.525
_04111_,12.52
_07630_,12.52
_18096_,12.52
core.data_in\[72\],12.52
net2374,12.505
net2446,12.505
net3880,12.505
_03877_,12.5
_04313_,12.5
_05631_,12.5
_07838_,12.5
_08146_,12.5
_08202_,12.5
_08701_,12.5
_09572_,12.5
_11586_,12.5
_12037_,12.5
_12125_,12.5
_14139_,12.5
_14490_,12.5
_14917_,12.5
_16313_,12.5
_16431_,12.5
_17644_,12.5
_18010_,12.5
_19828_,12.5
_19879_,12.5
core.data_in\[289\],12.5
core.key7_reg\[24\],12.5
net4769,12.5
_00045_,12.48
_03631_,12.48
_08460_,12.48
_14495_,12.48
_15679_,12.48
_02794_,12.465
net3336,12.465
_07955_,12.46
_11301_,12.46
_11526_,12.46
_15339_,12.46
_16778_,12.46
data_out9_reg\[6\],12.46
net1253,12.46
net1325,12.46
net494,12.445
_05556_,12.44
_07327_,12.42
_08136_,12.42
_09290_,12.42
_10361_,12.42
_11230_,12.42
_13418_,12.42
_15974_,12.42
net336,12.42
net1515,12.42
net2409,12.42
net2606,12.42
net2999,12.42
net3638,12.42
net4083,12.42
write_data[20],12.41
write_data[23],12.41
net1081,12.405
net1856,12.405
net2304,12.405
net2898,12.405
_06087_,12.4
_12295_,12.4
net1999,12.4
_00323_,12.38
_05639_,12.38
_07171_,12.38
_07517_,12.38
_11437_,12.38
_13757_,12.38
_15694_,12.38
net1252,12.38
_12524_,12.36
_17016_,12.36
core.data_in\[472\],12.36
write_data[24],12.36
_05666_,12.34
_10194_,12.34
_10377_,12.34
_11148_,12.34
_11223_,12.34
_11432_,12.34
_14912_,12.34
_15111_,12.34
_16070_,12.34
_16315_,12.34
_17825_,12.34
_08912_,12.33
net2282,12.325
net4102,12.32
net249,12.305
_04573_,12.3
_09814_,12.3
_12147_,12.3
_12660_,12.3
_13367_,12.3
_17456_,12.3
_17974_,12.3
_18784_,12.3
net3558,12.3
net2900,12.285
_00302_,12.28
_01531_,12.28
_01587_,12.28
_02655_,12.28
_02738_,12.28
_12668_,12.28
_12725_,12.28
_14746_,12.28
_17876_,12.28
core.data_in\[231\],12.28
core.data_in\[499\],12.28
_06948_,12.26
_10812_,12.26
_12677_,12.26
_14044_,12.26
_15623_,12.26
_16299_,12.26
net1579,12.26
net4736,12.26
_01434_,12.24
_02541_,12.24
_02744_,12.24
_03234_,12.24
_03985_,12.24
_04192_,12.24
_05546_,12.24
_09281_,12.24
_11566_,12.24
_13819_,12.24
_14553_,12.24
_14795_,12.24
_18370_,12.24
_18562_,12.24
core.data_in\[440\],12.24
core.data_out\[465\],12.24
net2294,12.24
net2596,12.24
net3265,12.24
net3448,12.24
net3648,12.24
net1813,12.225
_04739_,12.22
_05491_,12.22
_05515_,12.22
_07707_,12.22
_08592_,12.22
_08924_,12.22
_15009_,12.22
core.state7_reg\[1\],12.22
net1915,12.22
net2085,12.22
net3626,12.22
_01947_,12.205
net759,12.205
net2738,12.205
_04337_,12.2
_05574_,12.2
_06190_,12.2
_06527_,12.2
_06886_,12.2
_07465_,12.2
_07789_,12.2
_14127_,12.2
_14676_,12.2
_16035_,12.2
_16361_,12.2
_18007_,12.2
_18318_,12.2
_19761_,12.2
net1769,12.2
net4242,12.2
net4372,12.2
_06762_,12.18
_12041_,12.18
_12092_,12.18
_13919_,12.18
_16363_,12.18
_18252_,12.18
core.data_in_reg\[89\],12.18
core.state9_reg\[9\],12.18
net1975,12.18
_00018_,12.165
net1830,12.165
net4072,12.165
_01387_,12.16
_02957_,12.16
_03147_,12.16
_07385_,12.16
_07391_,12.16
_07551_,12.16
_09600_,12.16
_10410_,12.16
_12043_,12.16
_12921_,12.16
_12970_,12.16
_13044_,12.16
_14067_,12.16
_15055_,12.16
_15463_,12.16
_15577_,12.16
_15903_,12.16
_16983_,12.16
_18253_,12.16
_18712_,12.16
_19770_,12.16
core.data_in\[183\],12.16
core.state8_reg\[13\],12.16
net1381,12.16
net1826,12.16
net1911,12.16
net4321,12.16
_08708_,12.15
_13128_,12.15
_07440_,12.14
_07930_,12.14
_08236_,12.14
_09294_,12.14
_14204_,12.14
_19772_,12.14
address[1],12.14
write_data[4],12.14
write_data[5],12.14
net204,12.14
net1907,12.14
_05792_,12.135
_04785_,12.12
_07704_,12.12
_08825_,12.12
_08917_,12.12
_09208_,12.12
_12762_,12.12
_12774_,12.12
_13195_,12.12
_13205_,12.12
_13424_,12.12
_13869_,12.12
_14049_,12.12
_16819_,12.12
_17139_,12.12
_17533_,12.12
_19773_,12.12
net572,12.12
net3763,12.12
_00349_,12.105
_03910_,12.1
_07223_,12.1
_08654_,12.1
_08711_,12.1
core.data_in_reg\[88\],12.1
net1713,12.085
net2269,12.085
_03590_,12.08
_05920_,12.08
_06644_,12.08
_06820_,12.08
_07093_,12.08
_07713_,12.08
_09133_,12.08
_10537_,12.08
_11124_,12.08
_13160_,12.08
_15362_,12.08
_15949_,12.08
_16436_,12.08
_16893_,12.08
core.state8_reg\[27\],12.08
net605,12.08
net1442,12.065
_08630_,12.06
_09396_,12.06
_17855_,12.06
_19438_,12.06
net299,12.06
net4042,12.06
net4706,12.06
net843,12.045
net2835,12.045
_04087_,12.04
_04820_,12.04
_12597_,12.04
_13930_,12.04
_14356_,12.04
_15272_,12.04
_16428_,12.04
_17718_,12.04
_18034_,12.04
_18293_,12.04
_18801_,12.04
_19903_,12.04
core.data_in\[343\],12.04
net1250,12.04
net1902,12.04
net3783,12.04
net4142,12.04
net4190,12.04
net4721,12.04
_01437_,12.02
_07402_,12.02
_09942_,12.02
_11265_,12.02
_12822_,12.02
core.data_out\[103\],12.02
net3381,12.02
_00913_,12.015
net615,12.005
net883,12.005
_10213_,12
_10539_,12
_13770_,12
_15154_,12
_15263_,12
_16052_,12
_16984_,12
_17750_,12
net3801,12
_11298_,11.98
_17199_,11.98
_19121_,11.98
_19829_,11.98
core.data_out\[123\],11.98
_04228_,11.96
_04299_,11.96
_04523_,11.96
_05136_,11.96
_05598_,11.96
_07282_,11.96
_07810_,11.96
_08935_,11.96
_11744_,11.96
core.state7_reg\[30\],11.96
net318,11.96
net1641,11.96
net4377,11.96
net476,11.945
_06860_,11.94
_13894_,11.94
_14270_,11.94
_18655_,11.94
write_data[1],11.94
net722,11.94
net3154,11.94
net3943,11.94
_04009_,11.92
_05238_,11.92
_08496_,11.92
_08817_,11.92
_09380_,11.92
_09488_,11.92
_10362_,11.92
_10622_,11.92
_10975_,11.92
core.data_in\[153\],11.92
net1952,11.92
net923,11.905
net1703,11.905
_11032_,11.9
net2463,11.9
net2636,11.9
net3125,11.9
net3546,11.885
_03089_,11.88
_04685_,11.88
_07699_,11.88
_11151_,11.88
_14711_,11.88
_15047_,11.88
_15365_,11.88
_16076_,11.88
_16888_,11.88
_17548_,11.88
core.state5_reg\[26\],11.88
core.state6_reg\[31\],11.88
net1384,11.88
net4478,11.88
net708,11.865
net1154,11.865
net1603,11.865
_06630_,11.86
_08483_,11.86
net4381,11.86
_05579_,11.84
_08829_,11.84
_14352_,11.84
_15596_,11.84
_15737_,11.84
_16122_,11.84
_17040_,11.84
_17734_,11.84
_19769_,11.84
net1993,11.825
_01518_,11.82
_03026_,11.82
_03075_,11.82
_05163_,11.82
_07031_,11.82
_13332_,11.82
_15975_,11.82
_17230_,11.82
net1983,11.82
net3804,11.82
net4136,11.82
_00044_,11.805
_05698_,11.805
_06608_,11.8
_07923_,11.8
_13256_,11.8
core.data_in\[19\],11.8
core.data_out\[443\],11.8
write_data[3],11.8
_05431_,11.785
_01620_,11.78
_02743_,11.78
_02856_,11.78
_02894_,11.78
_03021_,11.78
_04335_,11.78
_04877_,11.78
_05675_,11.78
_07696_,11.78
_08745_,11.78
_09451_,11.78
_11418_,11.78
_13857_,11.78
_14203_,11.78
_14491_,11.78
_14967_,11.78
_18637_,11.78
core.data_in\[88\],11.78
core.data_out\[437\],11.78
net4375,11.78
net959,11.765
net1854,11.765
net2292,11.765
net2702,11.765
_00001_,11.76
_02947_,11.76
_07613_,11.76
_10159_,11.76
_14838_,11.76
_16311_,11.76
_17013_,11.76
core.key5_reg\[6\],11.76
_05479_,11.75
net546,11.745
net1777,11.745
net3485,11.745
net3503,11.745
net3716,11.745
_02248_,11.74
_04871_,11.74
_04897_,11.74
_05942_,11.74
_06664_,11.74
_07185_,11.74
_11311_,11.74
_12645_,11.74
_14246_,11.74
_14546_,11.74
_16962_,11.74
_17851_,11.74
_18122_,11.74
_19897_,11.74
core.data_in_reg\[383\],11.74
core.key5_reg\[27\],11.74
net1700,11.74
net4456,11.74
net2680,11.73
_07906_,11.72
_08594_,11.72
_09652_,11.72
_12680_,11.72
_16215_,11.72
_01704_,11.705
_02091_,11.705
net2952,11.705
_01391_,11.7
_04748_,11.7
_06953_,11.7
_08999_,11.7
_09909_,11.7
_11394_,11.7
_13513_,11.7
_14168_,11.7
_14242_,11.7
_14364_,11.7
_14842_,11.7
_15172_,11.7
_15221_,11.7
_16050_,11.7
_16446_,11.7
_16563_,11.7
_17202_,11.7
_18332_,11.7
_19882_,11.7
core.data_in\[300\],11.7
core.data_in\[366\],11.7
core.data_in\[421\],11.7
core.data_in\[496\],11.7
core.data_in\[511\],11.7
net225,11.7
net1157,11.7
net1169,11.7
net1759,11.7
net1762,11.7
net2308,11.7
net2581,11.7
net2584,11.7
net3701,11.7
net4009,11.7
net4618,11.7
_04582_,11.68
_08989_,11.68
_11132_,11.68
_14777_,11.68
address[2],11.68
core.data_in\[181\],11.68
write_data[11],11.68
write_data[16],11.68
_10234_,11.675
_11070_,11.675
_00060_,11.665
_04578_,11.66
_05475_,11.66
_06372_,11.66
_07049_,11.66
_11715_,11.66
_13439_,11.66
_14090_,11.66
_15073_,11.66
_15184_,11.66
_15260_,11.66
_15558_,11.66
_15589_,11.66
_16170_,11.66
_16815_,11.66
_17917_,11.66
_19602_,11.66
net464,11.66
net1407,11.66
net2011,11.66
net2213,11.66
net2985,11.66
net3844,11.66
net3916,11.66
net4126,11.66
net4294,11.66
net4545,11.66
_13703_,11.65
_00081_,11.645
_02039_,11.645
_00066_,11.64
_01545_,11.64
_06515_,11.64
_10638_,11.64
_14791_,11.64
_18140_,11.64
core.data_out\[125\],11.64
net2825,11.625
_02747_,11.62
_05503_,11.62
_06997_,11.62
_15347_,11.62
_16119_,11.62
_16637_,11.62
_18185_,11.62
core.data_out\[8\],11.62
_02800_,11.605
_04603_,11.6
_19789_,11.6
net3979,11.6
_01206_,11.585
net2994,11.585
_02228_,11.58
_04430_,11.58
_04553_,11.58
_04660_,11.58
_04889_,11.58
_04969_,11.58
_05296_,11.58
_07459_,11.58
_07835_,11.58
_09721_,11.58
_12271_,11.58
_12867_,11.58
_15358_,11.58
_18705_,11.58
_19650_,11.58
core.data_in\[178\],11.58
net244,11.58
net1455,11.58
net2344,11.58
net4266,11.58
_14702_,11.575
_10953_,11.56
_11866_,11.56
_14280_,11.56
_15031_,11.56
_15718_,11.56
_16100_,11.56
net1331,11.56
net3185,11.56
net3878,11.56
net4557,11.56
net215,11.545
net514,11.545
net564,11.545
net580,11.545
net607,11.545
net698,11.545
net871,11.545
net983,11.545
net1284,11.545
net1417,11.545
net1462,11.545
net1766,11.545
net2322,11.545
net2517,11.545
net2556,11.545
net2895,11.545
net3208,11.545
net3221,11.545
net3332,11.545
net3478,11.545
net3839,11.545
net4471,11.545
_02656_,11.54
_05037_,11.54
_07100_,11.54
_07992_,11.54
_14706_,11.54
_15789_,11.54
_15813_,11.54
_16901_,11.54
_17153_,11.54
net1301,11.54
net1357,11.54
net1556,11.54
net1924,11.54
net2034,11.54
net913,11.525
net1368,11.525
net1560,11.525
net2881,11.525
net2973,11.525
net3142,11.525
_00491_,11.52
_02000_,11.52
_10624_,11.52
_14274_,11.52
_15053_,11.52
_15853_,11.52
_17309_,11.52
_09021_,11.5
_09124_,11.5
_09178_,11.5
_11413_,11.5
_14393_,11.5
_14705_,11.5
_14931_,11.5
_15037_,11.5
_15346_,11.5
_15573_,11.5
_15612_,11.5
_17263_,11.5
_18245_,11.5
net2975,11.5
_00611_,11.495
net2192,11.485
_12636_,11.48
_17033_,11.48
net4420,11.48
_01671_,11.46
_03906_,11.46
_08442_,11.46
_08716_,11.46
_10833_,11.46
_13323_,11.46
_15536_,11.46
_19389_,11.46
_19600_,11.46
_01221_,11.455
_19478_,11.45
_02723_,11.44
_06829_,11.44
_07178_,11.44
_13906_,11.44
core.state9_reg\[30\],11.435
_00228_,11.425
_00242_,11.425
_00310_,11.425
net755,11.425
net1516,11.425
net1545,11.425
net2575,11.425
net2878,11.425
net2943,11.425
net2946,11.425
_02213_,11.42
_05532_,11.42
_07188_,11.42
_07425_,11.42
_08662_,11.42
_10178_,11.42
_14205_,11.42
_15304_,11.42
_16078_,11.42
_16839_,11.42
_17242_,11.42
_17424_,11.42
_17452_,11.42
_18940_,11.42
core.data_out\[87\],11.42
net3995,11.42
_16636_,11.415
_00148_,11.405
_05707_,11.405
net1991,11.405
net2039,11.405
net2851,11.405
net2978,11.405
net3327,11.405
_00593_,11.4
_08916_,11.4
_07615_,11.39
_04831_,11.38
_09285_,11.38
_10583_,11.38
_16058_,11.38
_16726_,11.38
_17029_,11.38
core.data_in\[186\],11.38
core.data_in\[305\],11.38
net1491,11.38
address[7],11.37
_01385_,11.36
_01615_,11.36
_02583_,11.36
_02871_,11.36
_03079_,11.36
_05324_,11.36
_05719_,11.36
_08217_,11.36
_08409_,11.36
_09164_,11.36
_12302_,11.36
_14061_,11.36
_14250_,11.36
_14753_,11.36
_18299_,11.36
core.data_in\[39\],11.36
core.data_in_reg\[137\],11.36
net940,11.36
net1633,11.36
net2748,11.36
net3837,11.36
net4588,11.36
net446,11.345
_04037_,11.34
_05490_,11.34
_14262_,11.34
_15819_,11.34
_17078_,11.34
core.data_in\[363\],11.34
core.qr2.y0\[24\],11.34
net1879,11.34
net1949,11.34
_00229_,11.325
_00397_,11.325
_02099_,11.325
_01577_,11.32
_02622_,11.32
_02820_,11.32
_04230_,11.32
_04233_,11.32
_05504_,11.32
_06569_,11.32
_07423_,11.32
_07863_,11.32
_08923_,11.32
_13876_,11.32
_14091_,11.32
_15310_,11.32
_16452_,11.32
_17381_,11.32
_17443_,11.32
_19245_,11.32
core.data_in\[147\],11.32
core.key7_reg\[28\],11.32
core.state8_reg\[12\],11.32
net468,11.32
net2392,11.32
net3690,11.32
net4385,11.32
_00292_,11.3
_08439_,11.3
_09237_,11.3
_09844_,11.3
_10619_,11.3
core.data_in\[148\],11.3
core.data_in\[215\],11.3
_19293_,11.295
_08423_,11.29
_00254_,11.285
_00635_,11.285
_00848_,11.285
net428,11.285
_02308_,11.28
_03085_,11.28
_05817_,11.28
_12983_,11.28
_13186_,11.28
_13962_,11.28
_14035_,11.28
_14041_,11.28
_15176_,11.28
_16106_,11.28
_16142_,11.28
_17012_,11.28
_18028_,11.28
_18720_,11.28
core.data_in\[21\],11.28
net462,11.28
net1905,11.28
net2412,11.28
net4776,11.28
_00284_,11.26
_05674_,11.26
_11626_,11.26
_14660_,11.26
_15753_,11.26
_16703_,11.26
_18077_,11.26
_19669_,11.26
net3063,11.245
_03783_,11.24
_04155_,11.24
_05364_,11.24
_05669_,11.24
_06344_,11.24
_06387_,11.24
_06523_,11.24
_06666_,11.24
_07154_,11.24
_10306_,11.24
_11049_,11.24
_11646_,11.24
_13347_,11.24
_13525_,11.24
_13818_,11.24
_14445_,11.24
_16204_,11.24
_16259_,11.24
_16442_,11.24
_19947_,11.24
core.data_in\[276\],11.24
core.data_in\[419\],11.24
core.data_out\[466\],11.24
net506,11.24
net2711,11.24
net3751,11.24
net4073,11.24
net4663,11.24
net4730,11.24
_10088_,11.225
_02486_,11.22
_04066_,11.22
_11116_,11.22
_13174_,11.22
_19295_,11.22
_04386_,11.2
_05250_,11.2
_06740_,11.2
_07941_,11.2
_08433_,11.2
_08785_,11.2
_09326_,11.2
_11083_,11.2
_11307_,11.2
_11352_,11.2
_11502_,11.2
_11649_,11.2
_12818_,11.2
_13859_,11.2
_15787_,11.2
_16262_,11.2
_16516_,11.2
_16821_,11.2
_17017_,11.2
_17273_,11.2
_18697_,11.2
_18947_,11.2
core.data_in\[340\],11.2
net766,11.2
net3526,11.2
net3959,11.2
net4376,11.2
net4687,11.2
_01150_,11.18
_04927_,11.18
_08600_,11.18
_15023_,11.18
_15130_,11.18
_15829_,11.18
_16003_,11.18
_17854_,11.18
_01079_,11.165
_01971_,11.165
net704,11.165
net2249,11.165
net3014,11.165
net3694,11.165
_01268_,11.16
_04382_,11.16
_05273_,11.16
_05518_,11.16
_06844_,11.16
_07052_,11.16
_08015_,11.16
_12231_,11.16
_14499_,11.16
_15243_,11.16
_16599_,11.16
_16808_,11.16
_17589_,11.16
net3239,11.16
net3392,11.16
net4526,11.16
net1800,11.145
_00199_,11.14
_01328_,11.14
_09531_,11.14
_13070_,11.14
_14013_,11.14
_16768_,11.14
_07807_,11.13
_11601_,11.13
net987,11.125
net1805,11.125
_02186_,11.12
_04043_,11.12
_05726_,11.12
_05885_,11.12
_06822_,11.12
_07991_,11.12
_08380_,11.12
_08858_,11.12
_10363_,11.12
_13211_,11.12
_13562_,11.12
_13668_,11.12
_15730_,11.12
_17379_,11.12
_17868_,11.12
net743,11.115
_11553_,11.11
net957,11.105
_00020_,11.1
_10523_,11.1
_14566_,11.1
_19534_,11.1
net3550,11.1
net3639,11.1
_17411_,11.09
_00378_,11.085
net233,11.085
net247,11.085
net310,11.085
net432,11.085
net628,11.085
net702,11.085
net710,11.085
net725,11.085
net729,11.085
net731,11.085
net739,11.085
net783,11.085
net785,11.085
net825,11.085
net829,11.085
net859,11.085
net869,11.085
net919,11.085
net985,11.085
net1015,11.085
net1021,11.085
net1027,11.085
net1039,11.085
net1069,11.085
net1102,11.085
net1193,11.085
net1203,11.085
net1290,11.085
net1298,11.085
net1362,11.085
net1374,11.085
net1411,11.085
net1419,11.085
net1498,11.085
net1508,11.085
net1533,11.085
net1543,11.085
net1587,11.085
net1637,11.085
net1699,11.085
net1724,11.085
net1773,11.085
net1788,11.085
net1795,11.085
net1871,11.085
net1982,11.085
net2010,11.085
net2033,11.085
net2053,11.085
net2074,11.085
net2084,11.085
net2096,11.085
net2223,11.085
net2259,11.085
net2263,11.085
net2383,11.085
net2457,11.085
net2486,11.085
net2537,11.085
net2550,11.085
net2653,11.085
net2663,11.085
net2714,11.085
net2837,11.085
net2842,11.085
net2906,11.085
net2914,11.085
net2957,11.085
net3161,11.085
net3170,11.085
net3187,11.085
net3191,11.085
net3205,11.085
net3219,11.085
net3300,11.085
net3388,11.085
net3420,11.085
net3707,11.085
_06367_,11.08
_06591_,11.08
_07025_,11.08
_08518_,11.08
_08978_,11.08
_09410_,11.08
_10202_,11.08
_10563_,11.08
_11883_,11.08
_12385_,11.08
_14779_,11.08
_16126_,11.08
_16946_,11.08
_18027_,11.08
net1969,11.08
net3509,11.08
net4633,11.08
net4291,11.075
_00927_,11.065
net2764,11.065
_00278_,11.06
_06239_,11.06
_12469_,11.06
_12515_,11.06
_15075_,11.06
_15345_,11.06
net4112,11.06
_08157_,11.045
net2844,11.045
_04305_,11.04
_09777_,11.04
_14175_,11.04
_14419_,11.04
_19466_,11.04
net2561,11.04
net3637,11.04
net3836,11.04
net3852,11.04
net4188,11.04
net4534,11.04
_11021_,11.03
_01093_,11.025
net2540,11.025
net3056,11.025
_14306_,11.02
net2893,11.02
net3890,11.02
net3994,11.02
net4103,11.02
net4143,11.02
_17436_,11.01
_00034_,11
_04795_,11
_05154_,11
_05451_,11
_09339_,11
_09581_,11
_09790_,11
_12185_,11
_14525_,11
_14846_,11
_15533_,11
_18057_,11
_19482_,11
_19677_,11
read_data[14],11
read_data[16],11
read_data[25],11
read_data[6],11
read_data[8],11
net3416,11
_05460_,10.995
net3738,10.995
net2686,10.985
_08835_,10.98
_14513_,10.98
_15314_,10.98
_17095_,10.98
net1742,10.98
net1945,10.98
_07753_,10.97
_00079_,10.965
_00687_,10.965
_03802_,10.96
_06299_,10.96
_07602_,10.96
_09310_,10.96
_09448_,10.96
_10053_,10.96
_12170_,10.96
_12670_,10.96
_14452_,10.96
_15505_,10.96
_15811_,10.96
_16125_,10.96
_17522_,10.96
_18748_,10.96
_19485_,10.96
net2004,10.96
net4615,10.96
net470,10.945
_05599_,10.92
_05807_,10.92
_06458_,10.92
_07724_,10.92
_10882_,10.92
_12874_,10.92
_13797_,10.92
_15477_,10.92
net3815,10.92
net4045,10.92
_16656_,10.91
net526,10.905
_01380_,10.9
_01393_,10.9
_02497_,10.9
_05731_,10.9
_06349_,10.9
_12145_,10.9
_12712_,10.9
_13421_,10.9
_13865_,10.9
_14442_,10.9
_16448_,10.9
_17795_,10.9
core.data_in_reg\[120\],10.9
net404,10.9
net1271,10.9
net2142,10.9
net2346,10.9
net2472,10.9
net4717,10.9
net4859,10.9
_00881_,10.88
_09548_,10.88
_10319_,10.88
_14248_,10.88
_14432_,10.88
_14868_,10.88
_16319_,10.88
_17777_,10.88
core.data_out\[314\],10.88
core.state10_reg\[0\],10.88
net3291,10.88
_00109_,10.865
_00344_,10.865
_02114_,10.86
_02649_,10.86
_03349_,10.86
_03438_,10.86
_04352_,10.86
_04651_,10.86
_09411_,10.86
_10173_,10.86
_10804_,10.86
_13664_,10.86
_14642_,10.86
_15222_,10.86
_15352_,10.86
_16426_,10.86
_16793_,10.86
_17482_,10.86
_18060_,10.86
_18959_,10.86
core.data_in\[112\],10.86
core.data_in\[409\],10.86
core.data_in\[466\],10.86
core.data_out\[102\],10.86
core.data_out\[497\],10.86
core.data_out\[68\],10.86
_02586_,10.84
_11201_,10.84
_15060_,10.84
core.data_in\[116\],10.84
core.data_out\[166\],10.84
net1405,10.825
net1557,10.825
_00188_,10.82
_03001_,10.82
_04393_,10.82
_05245_,10.82
_05605_,10.82
_07804_,10.82
_08003_,10.82
_08657_,10.82
_12132_,10.82
_12545_,10.82
_12953_,10.82
_12989_,10.82
_13057_,10.82
_15922_,10.82
_16383_,10.82
_16929_,10.82
_17089_,10.82
_18931_,10.82
core.data_in\[264\],10.82
core.data_in_reg\[16\],10.82
data_out8_reg\[28\],10.82
net4043,10.82
net4743,10.82
_00214_,10.8
_04937_,10.8
_08114_,10.8
_09941_,10.8
_10052_,10.8
_11057_,10.8
_11596_,10.8
_12111_,10.8
_12615_,10.8
_14975_,10.8
_15061_,10.8
_16268_,10.8
core.data_in_reg\[418\],10.8
core.data_out\[472\],10.8
net1537,10.785
_01245_,10.78
_02238_,10.78
_02255_,10.78
_02295_,10.78
_03453_,10.78
_03951_,10.78
_04124_,10.78
_04423_,10.78
_04495_,10.78
_04515_,10.78
_04602_,10.78
_04647_,10.78
_04734_,10.78
_05527_,10.78
_05932_,10.78
_05980_,10.78
_06551_,10.78
_06580_,10.78
_06657_,10.78
_07198_,10.78
_07650_,10.78
_08371_,10.78
_09125_,10.78
_09632_,10.78
_11414_,10.78
_12451_,10.78
_14345_,10.78
_15140_,10.78
_15440_,10.78
_15711_,10.78
_15835_,10.78
_19513_,10.78
_19874_,10.78
_19887_,10.78
core.data_in\[172\],10.78
core.data_in\[359\],10.78
net590,10.78
net1388,10.78
net3280,10.78
net3499,10.78
net3592,10.78
net3933,10.78
net3969,10.78
net3981,10.78
net4317,10.78
net4711,10.78
net4844,10.78
_00171_,10.765
_08559_,10.76
_10661_,10.76
_11321_,10.76
_18285_,10.76
net206,10.76
net1661,10.76
net1756,10.76
_03611_,10.755
_13641_,10.755
_02401_,10.745
_02687_,10.74
_02816_,10.74
_02833_,10.74
_04505_,10.74
_04540_,10.74
_04923_,10.74
_05957_,10.74
_06857_,10.74
_07076_,10.74
_07141_,10.74
_11157_,10.74
_11482_,10.74
_12485_,10.74
_12836_,10.74
_13375_,10.74
_13981_,10.74
_15198_,10.74
_16089_,10.74
_16807_,10.74
_16999_,10.74
_17025_,10.74
_17035_,10.74
_17362_,10.74
_17953_,10.74
address[4],10.74
core.data_in\[81\],10.74
core.data_in_reg\[55\],10.74
core.qr0.y0\[2\],10.74
net1706,10.74
net2144,10.74
net2319,10.74
net3651,10.74
net4005,10.74
_09588_,10.73
_06915_,10.72
_08291_,10.72
_09400_,10.72
_10272_,10.72
core.data_out\[122\],10.72
_02075_,10.705
net2151,10.705
net2675,10.705
_05041_,10.7
_05641_,10.7
_05906_,10.7
_07410_,10.7
_08078_,10.7
_11630_,10.7
_13597_,10.7
_14584_,10.7
_15109_,10.7
_15187_,10.7
_15201_,10.7
_15496_,10.7
_15540_,10.7
_16093_,10.7
_17284_,10.7
_17400_,10.7
_17900_,10.7
_18791_,10.7
_19477_,10.7
core.data_in\[79\],10.7
net3140,10.7
net4542,10.7
_03569_,10.685
_03072_,10.68
_05361_,10.68
_05953_,10.68
_12934_,10.68
_14627_,10.68
net373,10.68
net3309,10.68
net3741,10.68
net4077,10.68
net4442,10.68
net4488,10.68
write_data[21],10.67
net741,10.665
_00332_,10.66
_02549_,10.66
_03819_,10.66
_04437_,10.66
_07714_,10.66
_07715_,10.66
_07798_,10.66
_09798_,10.66
_09970_,10.66
_10936_,10.66
_13585_,10.66
_14659_,10.66
_15096_,10.66
_15240_,10.66
_15370_,10.66
_15603_,10.66
_15905_,10.66
_16438_,10.66
_16979_,10.66
_16988_,10.66
_19765_,10.66
core.data_out\[452\],10.66
net3560,10.66
net3629,10.66
_01302_,10.655
_08920_,10.64
_10609_,10.64
_15470_,10.64
_16265_,10.64
net3476,10.64
net3869,10.64
net1222,10.625
_04472_,10.62
_07169_,10.62
_07587_,10.62
_08330_,10.62
_09268_,10.62
_10107_,10.62
_10232_,10.62
_13728_,10.62
_15846_,10.62
_16128_,10.62
_16593_,10.62
_16660_,10.62
_16845_,10.62
_17085_,10.62
_19417_,10.62
net1429,10.62
net3469,10.62
net4224,10.62
_00303_,10.605
net745,10.605
net1755,10.605
net2335,10.605
net2400,10.605
net3073,10.605
_10730_,10.6
_15691_,10.6
_17015_,10.6
_01710_,10.595
net1428,10.585
net3065,10.585
net3445,10.585
_02783_,10.58
_06993_,10.58
_08379_,10.58
_11374_,10.58
_11388_,10.58
_11528_,10.58
_11640_,10.58
_13406_,10.58
_14324_,10.58
_16350_,10.58
_17925_,10.58
_19754_,10.58
_05485_,10.56
_16210_,10.56
_18608_,10.56
core.data_out\[132\],10.56
net1858,10.56
net2175,10.56
net2197,10.56
net3506,10.56
net3712,10.56
_05741_,10.555
_01482_,10.54
_14307_,10.54
_14675_,10.54
_15825_,10.54
_17256_,10.54
_19015_,10.54
core.data_out\[453\],10.54
net1732,10.54
net2121,10.54
net3049,10.54
net3812,10.54
_00019_,10.535
_00244_,10.525
net289,10.525
net516,10.525
net4804,10.525
_01542_,10.52
_06693_,10.52
_18222_,10.52
net3647,10.52
net3830,10.52
_10449_,10.5
_10733_,10.5
_13071_,10.5
_13937_,10.5
_15021_,10.5
_15524_,10.5
_15805_,10.5
_16080_,10.5
_16307_,10.5
_16377_,10.5
_16829_,10.5
_17250_,10.5
_17526_,10.5
_17544_,10.5
core.data_in_reg\[344\],10.5
net346,10.5
_00061_,10.495
_02120_,10.465
net1051,10.465
_07182_,10.46
_08083_,10.46
_11560_,10.46
_13365_,10.46
_13832_,10.46
_13891_,10.46
core.data_in\[469\],10.46
_01942_,10.445
_02100_,10.445
_02842_,10.44
_07852_,10.44
_08016_,10.44
_08890_,10.44
_09156_,10.44
_10937_,10.44
_12497_,10.44
_14193_,10.44
_14330_,10.44
_14589_,10.44
_18526_,10.44
_18565_,10.44
core.data_in\[16\],10.44
core.data_in_reg\[489\],10.44
core.data_out\[233\],10.44
net1584,10.44
net1862,10.44
net3865,10.44
_16707_,10.43
_02913_,10.425
_02741_,10.42
_09263_,10.42
_11476_,10.42
_12127_,10.42
_14260_,10.42
_14769_,10.42
_17279_,10.42
core.data_in\[157\],10.42
core.data_in\[218\],10.42
net240,10.42
net1086,10.42
net1752,10.42
_11245_,10.415
_13677_,10.405
_01613_,10.4
_02573_,10.4
_02580_,10.4
_02904_,10.4
_04493_,10.4
_04679_,10.4
_05584_,10.4
_06824_,10.4
_07273_,10.4
_08448_,10.4
_09860_,10.4
_10481_,10.4
_10917_,10.4
_11707_,10.4
_13089_,10.4
_13114_,10.4
_13164_,10.4
_13860_,10.4
_14064_,10.4
_14531_,10.4
_14603_,10.4
_17552_,10.4
_17704_,10.4
_18969_,10.4
_19689_,10.4
core.data_in\[413\],10.4
core.data_in\[80\],10.4
core.data_in_reg\[29\],10.4
core.data_out\[261\],10.4
core.data_out\[280\],10.4
core.data_out\[401\],10.4
net1536,10.4
net3158,10.4
net3590,10.4
net3961,10.4
net4505,10.4
_01244_,10.38
_10620_,10.38
_17655_,10.38
_00987_,10.365
_02150_,10.365
net2931,10.365
net3099,10.365
net3320,10.365
_01442_,10.36
_02579_,10.36
_03121_,10.36
_04727_,10.36
_04789_,10.36
_05687_,10.36
_06671_,10.36
_10821_,10.36
_11679_,10.36
_11703_,10.36
_11757_,10.36
_12628_,10.36
_14460_,10.36
_14620_,10.36
_16102_,10.36
_17473_,10.36
_18555_,10.36
_18794_,10.36
_19524_,10.36
_19899_,10.36
core.data_in\[193\],10.36
core.data_in_reg\[506\],10.36
core.data_out\[316\],10.36
net2736,10.36
net3003,10.36
_06638_,10.34
_11138_,10.34
_14208_,10.34
_14901_,10.34
_14924_,10.34
_14981_,10.34
_15039_,10.34
_15604_,10.34
_16489_,10.34
_16743_,10.34
net3096,10.34
net3938,10.34
_07481_,10.335
_00563_,10.325
_02227_,10.32
_03292_,10.32
_04693_,10.32
_04841_,10.32
_05537_,10.32
_05686_,10.32
_05694_,10.32
_06012_,10.32
_06469_,10.32
_07329_,10.32
_07571_,10.32
_07670_,10.32
_09190_,10.32
_09241_,10.32
_09614_,10.32
_10559_,10.32
_11532_,10.32
_13265_,10.32
_13671_,10.32
_13796_,10.32
_14185_,10.32
_14312_,10.32
_15576_,10.32
_16575_,10.32
_16679_,10.32
_16831_,10.32
_16951_,10.32
_17388_,10.32
_17834_,10.32
_18383_,10.32
_19056_,10.32
core.data_out\[11\],10.32
core.data_out\[154\],10.32
core.data_out\[420\],10.32
net1930,10.32
net1972,10.32
net2101,10.32
net3441,10.32
net3714,10.32
net3927,10.32
net4651,10.32
_00125_,10.3
_00423_,10.3
_01395_,10.3
_02202_,10.3
_08098_,10.3
_09252_,10.3
_09959_,10.3
_11174_,10.3
_11347_,10.3
_14771_,10.3
core.data_in_reg\[155\],10.3
core.data_out\[183\],10.3
core.state7_reg\[0\],10.3
net1845,10.3
_00205_,10.285
_12509_,10.285
_02722_,10.28
_04002_,10.28
_04091_,10.28
_04667_,10.28
_05335_,10.28
_05408_,10.28
_05560_,10.28
_06313_,10.28
_07010_,10.28
_08162_,10.28
_09428_,10.28
_09828_,10.28
_10028_,10.28
_10448_,10.28
_10748_,10.28
_13822_,10.28
_14017_,10.28
_14697_,10.28
_15019_,10.28
_15194_,10.28
_15706_,10.28
_16504_,10.28
_16591_,10.28
_18686_,10.28
_19171_,10.28
_19533_,10.28
core.state8_reg\[14\],10.28
net2079,10.28
net2823,10.28
net3134,10.28
net3366,10.28
net3829,10.28
net3937,10.28
_02610_,10.265
_00633_,10.26
_14276_,10.26
_14332_,10.26
_15011_,10.26
_15803_,10.26
_17814_,10.26
_17818_,10.26
core.data_in\[346\],10.26
_00375_,10.245
_01143_,10.245
_02071_,10.245
net1108,10.245
net1705,10.245
net1817,10.245
net2547,10.245
_02748_,10.24
_04196_,10.24
_04216_,10.24
_04388_,10.24
_04574_,10.24
_04593_,10.24
_05308_,10.24
_05360_,10.24
_05611_,10.24
_05785_,10.24
_05902_,10.24
_06797_,10.24
_08356_,10.24
_08755_,10.24
_08947_,10.24
_10100_,10.24
_13473_,10.24
_13831_,10.24
_14319_,10.24
_14403_,10.24
_14682_,10.24
_16415_,10.24
_16817_,10.24
_19543_,10.24
core.data_in\[222\],10.24
net3552,10.24
_00028_,10.22
_05985_,10.22
_06276_,10.22
_09870_,10.22
_10504_,10.22
_11278_,10.22
_19763_,10.22
net3685,10.22
net3748,10.22
net4210,10.22
net4323,10.22
net4868,10.22
_01802_,10.205
_02251_,10.2
_03543_,10.2
_04459_,10.2
_05637_,10.2
_05890_,10.2
_07352_,10.2
_08070_,10.2
_08495_,10.2
_09783_,10.2
_10655_,10.2
_10711_,10.2
_12937_,10.2
_14037_,10.2
_14726_,10.2
_14883_,10.2
_15325_,10.2
_16217_,10.2
_16551_,10.2
_17166_,10.2
_17376_,10.2
_18364_,10.2
_18589_,10.2
net2019,10.195
_00011_,10.185
_00252_,10.18
_14057_,10.18
_16088_,10.18
_16890_,10.18
_18896_,10.18
net700,10.18
net3866,10.18
_13263_,10.175
_16864_,10.175
_00432_,10.165
_02488_,10.16
_02524_,10.16
_06044_,10.16
_06133_,10.16
_07153_,10.16
_08679_,10.16
_09515_,10.16
_10510_,10.16
_11163_,10.16
_13521_,10.16
_13774_,10.16
_13977_,10.16
_15823_,10.16
_15832_,10.16
net822,10.16
net3036,10.16
net586,10.145
net873,10.145
net1923,10.145
net2212,10.145
net2789,10.145
net3282,10.145
net3766,10.145
_05095_,10.14
_10429_,10.14
_16861_,10.14
core.data_out\[458\],10.14
_00534_,10.125
_00990_,10.125
_03708_,10.12
_03799_,10.12
_04391_,10.12
_06576_,10.12
_06783_,10.12
_06983_,10.12
_09099_,10.12
_10500_,10.12
_13993_,10.12
_15931_,10.12
_17082_,10.12
_17174_,10.12
net1980,10.12
net2965,10.12
net3857,10.12
net4733,10.12
net4892,10.12
net801,10.105
_01483_,10.1
_07922_,10.1
_15220_,10.1
write_data[30],10.1
net1281,10.1
net2026,10.1
net2377,10.1
_07963_,10.08
_08026_,10.08
_08044_,10.08
_14001_,10.08
_15690_,10.08
_16335_,10.08
_16569_,10.08
_17312_,10.08
_17849_,10.08
_17937_,10.08
net2833,10.08
net2903,10.08
net4212,10.08
_00224_,10.06
net4517,10.06
net4780,10.06
_01007_,10.055
_00226_,10.045
_00522_,10.045
_02279_,10.04
_02372_,10.04
_05000_,10.04
_07038_,10.04
_07436_,10.04
_09529_,10.04
_10965_,10.04
_12486_,10.04
_15300_,10.04
_15747_,10.04
_15799_,10.04
_15838_,10.04
_16843_,10.04
_17874_,10.04
_18983_,10.04
_19544_,10.04
core.data_in\[130\],10.04
net830,10.04
net4583,10.04
_00410_,10.035
_18018_,10.03
net1126,10.025
net1746,10.025
_09525_,10.02
_03101_,10.005
_01461_,10
_03795_,10
_04116_,10
_04363_,10
_05397_,10
_05398_,10
_05655_,10
_10575_,10
_14387_,10
_14424_,10
_14430_,10
_15213_,10
_15506_,10
_16182_,10
_16360_,10
_17028_,10
_18972_,10
_18981_,10
core.data_in\[490\],10
net1709,10
net2453,10
_01427_,9.98
_01464_,9.98
_02770_,9.98
_02786_,9.98
_03248_,9.98
_03767_,9.98
_03820_,9.98
_04290_,9.98
_04555_,9.98
_04780_,9.98
_06435_,9.98
_07267_,9.98
_09046_,9.98
_09752_,9.98
_09782_,9.98
_10090_,9.98
_11672_,9.98
_12943_,9.98
_13515_,9.98
_14617_,9.98
_15516_,9.98
_16181_,9.98
_16718_,9.98
_16737_,9.98
_17147_,9.98
_17577_,9.98
_17994_,9.98
_18276_,9.98
_19104_,9.98
_19192_,9.98
core.block0_ctr_reg\[6\],9.98
core.data_in\[319\],9.98
core.data_in\[411\],9.98
core.data_in\[425\],9.98
core.data_in\[447\],9.98
core.data_in_reg\[128\],9.98
core.data_out\[249\],9.98
core.data_out\[311\],9.98
read_data[24],9.98
read_data[4],9.98
net276,9.98
net4778,9.98
_00010_,9.965
_02537_,9.96
_03065_,9.96
_09459_,9.96
_09961_,9.96
_10811_,9.96
_13904_,9.96
_14501_,9.96
_18174_,9.96
net284,9.96
net1798,9.96
_07018_,9.95
_02299_,9.94
_02849_,9.94
_02935_,9.94
_03152_,9.94
_03390_,9.94
_04509_,9.94
_04890_,9.94
_05311_,9.94
_05627_,9.94
_06794_,9.94
_09167_,9.94
_11361_,9.94
_13107_,9.94
_13492_,9.94
_14011_,9.94
_14230_,9.94
_14479_,9.94
_15599_,9.94
_16066_,9.94
_16084_,9.94
_16622_,9.94
_16865_,9.94
_17268_,9.94
_17766_,9.94
_17913_,9.94
core.data_in\[37\],9.94
core.data_out\[181\],9.94
core.data_out\[217\],9.94
core.data_out\[257\],9.94
core.data_out\[438\],9.94
core.data_out\[6\],9.94
clknet_leaf_681_clk,9.94
net4132,9.94
net4350,9.94
net4737,9.94
_02050_,9.925
_07727_,9.92
_08744_,9.92
_11364_,9.92
_12012_,9.92
_17306_,9.92
_17471_,9.92
_10885_,9.91
_00484_,9.905
_03345_,9.905
net656,9.905
net787,9.905
net833,9.905
net945,9.905
net1383,9.905
net1640,9.905
net2141,9.905
net2394,9.905
net3340,9.905
net3403,9.905
net3487,9.905
_01658_,9.9
_03374_,9.9
_03853_,9.9
_04128_,9.9
_04814_,9.9
_05978_,9.9
_06718_,9.9
_06906_,9.9
_07698_,9.9
_08138_,9.9
_08816_,9.9
_09771_,9.9
_11587_,9.9
_12287_,9.9
_14402_,9.9
_15121_,9.9
_15698_,9.9
_16056_,9.9
_16284_,9.9
_17561_,9.9
_18011_,9.9
_19596_,9.9
_19884_,9.9
core.data_in\[243\],9.9
core.data_in\[510\],9.9
net3744,9.9
net4388,9.9
_02210_,9.88
_04311_,9.88
_04932_,9.88
_05025_,9.88
_06852_,9.88
_07695_,9.88
_09473_,9.88
_10834_,9.88
_14891_,9.88
_16927_,9.88
_17527_,9.88
_07887_,9.87
write_data[7],9.87
_00919_,9.865
_03272_,9.865
net929,9.865
_01235_,9.86
_02543_,9.86
_02634_,9.86
_02958_,9.86
_02964_,9.86
_04729_,9.86
_04809_,9.86
_05280_,9.86
_05551_,9.86
_06288_,9.86
_07406_,9.86
_08054_,9.86
_09964_,9.86
_09968_,9.86
_11098_,9.86
_12442_,9.86
_13301_,9.86
_13745_,9.86
_13814_,9.86
_14170_,9.86
_14409_,9.86
_14444_,9.86
_14884_,9.86
_15511_,9.86
_16480_,9.86
_17200_,9.86
_17762_,9.86
_18012_,9.86
_19617_,9.86
_19949_,9.86
core.data_in\[249\],9.86
core.data_in\[277\],9.86
core.data_in\[49\],9.86
core.data_in\[508\],9.86
core.data_in_reg\[86\],9.86
core.data_out\[271\],9.86
core.data_out\[44\],9.86
net1385,9.86
net2384,9.86
net3258,9.86
net3311,9.86
net3490,9.86
net3792,9.86
net3802,9.86
net3809,9.86
net4019,9.86
net4181,9.86
net4186,9.86
net4284,9.86
net4531,9.86
net4796,9.855
_11022_,9.85
_02187_,9.845
_02222_,9.84
_09058_,9.84
_13368_,9.84
_14244_,9.84
core.data_out\[391\],9.84
core.data_out\[399\],9.84
_04674_,9.82
_06017_,9.82
_08308_,9.82
_09071_,9.82
_10857_,9.82
_11570_,9.82
_14240_,9.82
_14567_,9.82
_14573_,9.82
_14793_,9.82
_14826_,9.82
_14963_,9.82
_15552_,9.82
_15657_,9.82
_15895_,9.82
_16823_,9.82
_17172_,9.82
_17265_,9.82
_17397_,9.82
_17891_,9.82
_18963_,9.82
_19420_,9.82
_19515_,9.82
_19819_,9.82
core.data_out\[190\],9.82
core.data_out\[248\],9.82
net617,9.82
net991,9.82
net1966,9.82
net4040,9.82
_03062_,9.8
_08096_,9.8
_10087_,9.8
_14515_,9.8
_18779_,9.8
core.data_in\[156\],9.8
_19568_,9.795
_00354_,9.785
_01720_,9.785
_02054_,9.785
_03451_,9.785
net1033,9.785
net1059,9.785
net2493,9.785
net3293,9.785
_03828_,9.78
_04098_,9.78
_04803_,9.78
_05535_,9.78
_06902_,9.78
_07470_,9.78
_07482_,9.78
_07604_,9.78
_10264_,9.78
_10371_,9.78
_10941_,9.78
_13607_,9.78
_13642_,9.78
_14009_,9.78
_14131_,9.78
_15179_,9.78
_16162_,9.78
_16194_,9.78
_16447_,9.78
_17097_,9.78
_17737_,9.78
_18874_,9.78
_19247_,9.78
_19468_,9.78
core.data_in\[176\],9.78
_00430_,9.76
_01752_,9.76
_03131_,9.76
_04109_,9.76
_06974_,9.76
_10728_,9.76
_14410_,9.76
_14815_,9.76
_15617_,9.76
_16678_,9.76
address[6],9.76
net3610,9.76
net3736,9.76
net3775,9.76
net3892,9.76
net4497,9.76
_09805_,9.75
_01351_,9.745
_01907_,9.745
_03663_,9.745
_02808_,9.74
_03947_,9.74
_08119_,9.74
_08437_,9.74
_08521_,9.74
_08833_,9.74
_10775_,9.74
_11325_,9.74
_13336_,9.74
_13999_,9.74
_14143_,9.74
_14165_,9.74
_14816_,9.74
_14958_,9.74
_15503_,9.74
_15560_,9.74
_16074_,9.74
_16849_,9.74
_17210_,9.74
net1712,9.74
net3753,9.74
net4292,9.74
net4511,9.74
_16523_,9.735
_10973_,9.72
core.data_out\[199\],9.72
net3115,9.72
net3496,9.72
net4304,9.72
net4473,9.72
_01684_,9.705
_04402_,9.7
_05484_,9.7
_07209_,9.7
_07214_,9.7
_10119_,9.7
_10705_,9.7
_10999_,9.7
_15230_,9.7
_15518_,9.7
_16009_,9.7
_16190_,9.7
_16665_,9.7
_16783_,9.7
net1337,9.7
_01107_,9.685
_01762_,9.685
_03818_,9.685
net644,9.685
net666,9.685
net696,9.685
net1100,9.685
net1380,9.685
net2206,9.685
net2787,9.685
net3159,9.685
net3193,9.685
_09235_,9.68
_15595_,9.68
_16640_,9.68
_17081_,9.68
_03845_,9.665
net3703,9.665
_00442_,9.66
_05636_,9.66
_06823_,9.66
_13849_,9.66
_13987_,9.66
_14707_,9.66
net3669,9.66
net4217,9.66
reset_n,9.65
_00930_,9.645
_02140_,9.64
_06487_,9.64
_10287_,9.64
_14550_,9.64
write_data[22],9.64
write_data[6],9.64
net1213,9.64
net2343,9.64
net2481,9.64
net4037,9.64
net4265,9.64
net4474,9.64
net4835,9.64
net3123,9.635
_03907_,9.62
_04001_,9.62
_04372_,9.62
_08365_,9.62
_09054_,9.62
_11082_,9.62
_13215_,9.62
_14797_,9.62
_14863_,9.62
_15004_,9.62
_15167_,9.62
_16339_,9.62
_16527_,9.62
core.state9_reg\[10\],9.62
net2054,9.62
_08144_,9.61
_19275_,9.61
_19837_,9.61
_00585_,9.605
net414,9.605
net3528,9.605
_12428_,9.6
net4240,9.6
_02341_,9.585
_03174_,9.585
_06341_,9.58
_08908_,9.58
_11137_,9.58
_12477_,9.58
_14535_,9.58
_16036_,9.58
_16664_,9.58
net1659,9.58
_00367_,9.565
_00926_,9.565
_01991_,9.565
net737,9.565
net1009,9.565
net2794,9.565
_08192_,9.56
_08640_,9.56
_14949_,9.56
_19712_,9.56
net2284,9.56
_00103_,9.545
_00422_,9.545
net2862,9.545
_00914_,9.54
_01286_,9.54
_06554_,9.54
_06701_,9.54
_06883_,9.54
_09433_,9.54
_12124_,9.54
_13192_,9.54
_15420_,9.54
_18928_,9.54
_19419_,9.54
core.data_in\[119\],9.54
net2140,9.54
net4793,9.54
_15538_,9.53
_00317_,9.525
_00717_,9.525
_01535_,9.52
_01626_,9.52
_01655_,9.52
_02653_,9.52
_03490_,9.52
_03986_,9.52
_04419_,9.52
_04657_,9.52
_04756_,9.52
_06748_,9.52
_08198_,9.52
_10355_,9.52
_12220_,9.52
_15377_,9.52
_15992_,9.52
_16722_,9.52
_17180_,9.52
_17365_,9.52
_17768_,9.52
_18576_,9.52
_19518_,9.52
core.data_in_reg\[159\],9.52
net2717,9.52
net4125,9.52
net4148,9.52
net4215,9.52
net4403,9.52
net4484,9.52
_02309_,9.5
_12699_,9.5
_14116_,9.5
_14296_,9.5
_14533_,9.5
_15095_,9.5
_16298_,9.5
_17550_,9.5
_18336_,9.5
core.data_in\[101\],9.5
core.data_out\[388\],9.5
net1196,9.5
net1267,9.5
net1918,9.5
_01238_,9.48
_01561_,9.48
_01754_,9.48
_02477_,9.48
_02777_,9.48
_02778_,9.48
_02779_,9.48
_02817_,9.48
_02916_,9.48
_03151_,9.48
_03318_,9.48
_03406_,9.48
_03435_,9.48
_03961_,9.48
_04629_,9.48
_04702_,9.48
_04760_,9.48
_04765_,9.48
_05248_,9.48
_05755_,9.48
_06222_,9.48
_07427_,9.48
_07848_,9.48
_07858_,9.48
_10482_,9.48
_13110_,9.48
_14282_,9.48
_14923_,9.48
_14978_,9.48
_15274_,9.48
_16535_,9.48
_16587_,9.48
_16833_,9.48
_17281_,9.48
_17618_,9.48
_17719_,9.48
_18716_,9.48
_18745_,9.48
core.data_in\[229\],9.48
core.data_in\[296\],9.48
core.data_out\[2\],9.48
core.data_out\[5\],9.48
write_data[2],9.48
net3771,9.48
net4090,9.48
net4530,9.48
_00921_,9.465
_16195_,9.46
core.block1_ctr_reg\[22\],9.46
core.data_in\[373\],9.46
_00182_,9.445
_00501_,9.445
_01091_,9.445
net306,9.445
net893,9.445
net1077,9.445
net1179,9.445
net1246,9.445
net1328,9.445
net1669,9.445
net1904,9.445
net2484,9.445
net3110,9.445
net3843,9.445
_00390_,9.44
_01676_,9.44
_02678_,9.44
_02924_,9.44
_05294_,9.44
_05469_,9.44
_05523_,9.44
_06037_,9.44
_06236_,9.44
_06766_,9.44
_07619_,9.44
_10184_,9.44
_11913_,9.44
_12480_,9.44
_12986_,9.44
_13412_,9.44
_14186_,9.44
_14238_,9.44
_14723_,9.44
_15107_,9.44
_15427_,9.44
_16220_,9.44
_16337_,9.44
_17225_,9.44
_17244_,9.44
_17299_,9.44
_17412_,9.44
_18460_,9.44
_18532_,9.44
_19035_,9.44
core.data_in\[325\],9.44
core.data_out\[325\],9.44
_05740_,9.43
_01456_,9.425
_01389_,9.42
_05059_,9.42
_05552_,9.42
_06067_,9.42
_07245_,9.42
_08624_,9.42
_12643_,9.42
_13707_,9.42
_15149_,9.42
_15460_,9.42
_17992_,9.42
_01800_,9.415
_13350_,9.415
_00470_,9.405
_00565_,9.405
_01881_,9.405
_02020_,9.405
net241,9.405
_03007_,9.4
_03959_,9.4
_04205_,9.4
_04933_,9.4
_08282_,9.4
_10160_,9.4
_12541_,9.4
_12859_,9.4
_12912_,9.4
_14429_,9.4
_14590_,9.4
_16178_,9.4
_16928_,9.4
_17369_,9.4
_19629_,9.4
core.data_in\[374\],9.4
core.data_in\[416\],9.4
core.data_out\[405\],9.4
net1617,9.4
net2939,9.4
net3272,9.4
net3548,9.4
net3756,9.4
net4352,9.4
net4759,9.4
_00186_,9.385
_00485_,9.38
_01654_,9.38
_07739_,9.38
_11368_,9.38
_15605_,9.38
_16168_,9.38
_17187_,9.38
_01298_,9.36
_01583_,9.36
_02706_,9.36
_04181_,9.36
_04237_,9.36
_04288_,9.36
_04767_,9.36
_05135_,9.36
_05214_,9.36
_05507_,9.36
_06525_,9.36
_06819_,9.36
_07383_,9.36
_07592_,9.36
_07987_,9.36
_08942_,9.36
_09476_,9.36
_12138_,9.36
_13589_,9.36
_14254_,9.36
_14294_,9.36
_14748_,9.36
_15013_,9.36
_15513_,9.36
_15815_,9.36
_16191_,9.36
_16331_,9.36
_16425_,9.36
_17502_,9.36
_17557_,9.36
_18793_,9.36
_19383_,9.36
_19633_,9.36
_19668_,9.36
core.data_out\[67\],9.36
net4036,9.36
net4709,9.36
net4874,9.36
_00967_,9.355
_01662_,9.34
_12533_,9.34
_13077_,9.34
_15083_,9.34
core.data_out\[411\],9.34
_00032_,9.335
_05572_,9.33
_00008_,9.325
_01994_,9.325
_02179_,9.325
net398,9.325
net3769,9.325
_04003_,9.32
_04031_,9.32
_04632_,9.32
_04655_,9.32
_04666_,9.32
_05202_,9.32
_05512_,9.32
_05859_,9.32
_06769_,9.32
_06811_,9.32
_07495_,9.32
_08205_,9.32
_09764_,9.32
_10222_,9.32
_10969_,9.32
_11182_,9.32
_11499_,9.32
_12260_,9.32
_14905_,9.32
_15233_,9.32
_15411_,9.32
_15622_,9.32
_15642_,9.32
_16138_,9.32
_16730_,9.32
_18191_,9.32
_18594_,9.32
net3645,9.32
net3765,9.32
net3978,9.32
_02609_,9.3
_04762_,9.3
_13137_,9.3
_14453_,9.3
net2236,9.3
net2262,9.3
net2637,9.3
net3883,9.3
net4074,9.3
net4351,9.3
net4450,9.3
net2554,9.285
net2989,9.285
_05252_,9.28
_05306_,9.28
_08188_,9.28
_08772_,9.28
_13342_,9.28
_13386_,9.28
_15355_,9.28
_17124_,9.28
_17677_,9.28
_18379_,9.28
_19324_,9.28
core.data_in\[125\],9.28
net4595,9.28
_00024_,9.275
_00048_,9.26
_02701_,9.26
_02767_,9.26
_05325_,9.26
_05913_,9.26
_11025_,9.26
_12007_,9.26
_16095_,9.26
_17328_,9.26
_17693_,9.26
net2341,9.26
net3460,9.26
net3567,9.26
net3841,9.26
net4191,9.26
net4382,9.26
_07656_,9.25
_11207_,9.24
_12008_,9.24
_14016_,9.24
_14601_,9.24
_14781_,9.24
_16200_,9.24
core.data_in\[70\],9.24
core.data_out\[187\],9.24
_02461_,9.225
net207,9.225
net1195,9.225
net1354,9.225
net1360,9.225
net1775,9.225
net2651,9.225
net2892,9.225
net2983,9.225
net3095,9.225
_00183_,9.22
_06355_,9.22
_06583_,9.22
_09109_,9.22
_15602_,9.22
net4275,9.22
_13720_,9.21
_02098_,9.2
_02165_,9.2
_02249_,9.2
_02516_,9.2
_03526_,9.2
_04308_,9.2
_04425_,9.2
_04955_,9.2
_06029_,9.2
_08093_,9.2
_10787_,9.2
_11958_,9.2
_15195_,9.2
_15353_,9.2
_15778_,9.2
_17409_,9.2
_17643_,9.2
_18780_,9.2
net4137,9.2
net4314,9.2
_19703_,9.195
_00965_,9.185
_01819_,9.185
net1172,9.185
net1873,9.185
net3473,9.185
_05989_,9.18
_06243_,9.18
_06598_,9.18
_10065_,9.18
net3728,9.18
net3734,9.18
net4010,9.18
_03296_,9.165
net3001,9.165
_07540_,9.16
_08562_,9.16
_09130_,9.16
_09980_,9.16
_11654_,9.16
_14529_,9.16
_14551_,9.16
_15556_,9.16
_17648_,9.16
_17681_,9.16
_17923_,9.16
net3360,9.16
net1665,9.155
_10426_,9.14
net3119,9.14
net3784,9.14
net4211,9.14
_01028_,9.125
_01084_,9.125
_01357_,9.125
_07730_,9.12
_08501_,9.12
_08519_,9.12
_14955_,9.12
_15035_,9.12
_16709_,9.12
net540,9.12
net3044,9.12
_14058_,9.115
_00889_,9.105
_02043_,9.105
net879,9.105
net1093,9.105
net1175,9.105
net1358,9.105
net1771,9.105
net1989,9.105
net2688,9.105
net2886,9.105
_00561_,9.1
_09214_,9.1
net3423,9.1
_00077_,9.085
_00151_,9.085
_02376_,9.08
_04144_,9.08
_04153_,9.08
_04261_,9.08
_04695_,9.08
_04737_,9.08
_04901_,9.08
_06618_,9.08
_06881_,9.08
_11758_,9.08
_12069_,9.08
_13659_,9.08
_15924_,9.08
_16913_,9.08
_17562_,9.08
net2644,9.08
net2986,9.08
net3786,9.08
net4344,9.08
_02182_,9.065
_03293_,9.065
net2776,9.065
_01394_,9.06
_02626_,9.06
_02650_,9.06
_02688_,9.06
_02736_,9.06
_03090_,9.06
_03211_,9.06
_03361_,9.06
_04118_,9.06
_05104_,9.06
_08006_,9.06
_08276_,9.06
_09246_,9.06
_11836_,9.06
_12604_,9.06
_13231_,9.06
_14181_,9.06
_14633_,9.06
_15033_,9.06
_15504_,9.06
_15610_,9.06
_16898_,9.06
_18620_,9.06
_18704_,9.06
core.data_in\[139\],9.06
core.data_out\[491\],9.06
core.data_out\[69\],9.06
core.data_out\[7\],9.06
net602,9.06
net1934,9.06
net2455,9.06
net3196,9.06
net3973,9.06
net4173,9.06
_03051_,9.04
_07473_,9.04
_09000_,9.04
_10460_,9.04
_10461_,9.04
_14285_,9.04
_14415_,9.04
_14517_,9.04
_15645_,9.04
_16121_,9.04
_16696_,9.04
_16797_,9.04
_17720_,9.04
_18374_,9.04
core.data_in\[318\],9.04
core.data_out\[498\],9.04
_18301_,9.035
_00922_,9.02
_01289_,9.02
_02178_,9.02
_02312_,9.02
_02502_,9.02
_02836_,9.02
_02979_,9.02
_03009_,9.02
_03045_,9.02
_03256_,9.02
_03273_,9.02
_03506_,9.02
_04513_,9.02
_04778_,9.02
_05765_,9.02
_05983_,9.02
_06648_,9.02
_06673_,9.02
_06846_,9.02
_06869_,9.02
_08494_,9.02
_08913_,9.02
_09300_,9.02
_09839_,9.02
_10156_,9.02
_11988_,9.02
_12071_,9.02
_12437_,9.02
_12625_,9.02
_13247_,9.02
_13592_,9.02
_13824_,9.02
_13965_,9.02
_14314_,9.02
_14827_,9.02
_14936_,9.02
_14985_,9.02
_15881_,9.02
_15885_,9.02
_16301_,9.02
_16449_,9.02
_16478_,9.02
_16968_,9.02
_16980_,9.02
_17027_,9.02
_18544_,9.02
_18731_,9.02
core.data_in_reg\[77\],9.02
core.data_out\[113\],9.02
core.data_out\[197\],9.02
write_data[0],9.02
write_data[8],9.02
net1803,9.02
net4466,9.02
_00886_,9.005
_00895_,9.005
_01106_,9.005
_01339_,9.005
_02046_,9.005
_03052_,9
_04137_,9
_07708_,9
_08955_,9
_10364_,9
_16520_,9
_17989_,9
_17670_,8.99
_01012_,8.985
_01160_,8.985
_01725_,8.985
_03602_,8.985
net442,8.985
net574,8.985
net877,8.985
net907,8.985
net935,8.985
net1675,8.985
net1897,8.985
net2103,8.985
net2427,8.985
_01242_,8.98
_01479_,8.98
_02292_,8.98
_03171_,8.98
_05699_,8.98
_06715_,8.98
_06909_,8.98
_09651_,8.98
_11005_,8.98
_13073_,8.98
_13104_,8.98
_13626_,8.98
_13991_,8.98
_14585_,8.98
_14721_,8.98
_14783_,8.98
_15116_,8.98
_15125_,8.98
_15508_,8.98
_16387_,8.98
_16609_,8.98
_16971_,8.98
_17401_,8.98
_17523_,8.98
_18026_,8.98
_19392_,8.98
core.data_in\[286\],8.98
net980,8.98
net3515,8.98
net3881,8.98
_10827_,8.975
_00049_,8.96
_00379_,8.96
_01519_,8.96
_02196_,8.96
_02893_,8.96
_10215_,8.96
_12646_,8.96
_17007_,8.96
_17390_,8.96
read_data[10],8.96
read_data[15],8.96
read_data[22],8.96
read_data[31],8.96
read_data[5],8.96
net3021,8.96
net3575,8.96
_00002_,8.945
_00110_,8.945
_00212_,8.945
_00731_,8.945
_00938_,8.945
_00958_,8.945
_02003_,8.945
_02072_,8.945
_02355_,8.945
net356,8.945
net1393,8.945
net1996,8.945
_01250_,8.94
_02198_,8.94
_03206_,8.94
_03255_,8.94
_03397_,8.94
_03689_,8.94
_03718_,8.94
_04854_,8.94
_05009_,8.94
_05334_,8.94
_05412_,8.94
_06834_,8.94
_07601_,8.94
_08963_,8.94
_09356_,8.94
_11390_,8.94
_12176_,8.94
_12584_,8.94
_13452_,8.94
_13821_,8.94
_14182_,8.94
_14288_,8.94
_14622_,8.94
_14942_,8.94
_15349_,8.94
_15640_,8.94
_17349_,8.94
_17360_,8.94
_18312_,8.94
_18633_,8.94
_18892_,8.94
_19117_,8.94
core.data_in\[217\],8.94
core.data_in\[463\],8.94
core.key5_reg\[22\],8.94
net210,8.94
net2850,8.94
net2909,8.94
net4753,8.94
_00029_,8.92
_01390_,8.92
_01490_,8.92
_05400_,8.92
_09793_,8.92
_10562_,8.92
_13949_,8.92
_15554_,8.92
_17547_,8.92
_00762_,8.905
_00803_,8.905
_01185_,8.905
_01574_,8.9
_03386_,8.9
_04347_,8.9
_04390_,8.9
_04915_,8.9
_04925_,8.9
_05538_,8.9
_06031_,8.9
_07061_,8.9
_08738_,8.9
_08934_,8.9
_09360_,8.9
_09437_,8.9
_09927_,8.9
_13968_,8.9
_14287_,8.9
_14880_,8.9
_14935_,8.9
_15216_,8.9
_15288_,8.9
_16105_,8.9
_16349_,8.9
_16559_,8.9
_16583_,8.9
_17014_,8.9
_17333_,8.9
_17558_,8.9
_17866_,8.9
_18049_,8.9
_18307_,8.9
_18777_,8.9
_18995_,8.9
_19303_,8.9
core.data_in\[55\],8.9
core.data_out\[185\],8.9
core.data_out\[377\],8.9
net1605,8.9
net3190,8.9
net3615,8.9
net3770,8.9
net4066,8.9
net4182,8.9
net4318,8.9
net4528,8.9
_01188_,8.885
_03312_,8.88
_05642_,8.88
_05756_,8.88
_08184_,8.88
_15795_,8.88
_19355_,8.88
core.data_out\[21\],8.88
_16505_,8.87
_00480_,8.865
_01781_,8.865
_02167_,8.865
_02367_,8.865
net955,8.865
net3710,8.865
_01249_,8.86
_01586_,8.86
_02518_,8.86
_03935_,8.86
_03944_,8.86
_04215_,8.86
_04405_,8.86
_05389_,8.86
_05517_,8.86
_05536_,8.86
_05629_,8.86
_05697_,8.86
_06830_,8.86
_06858_,8.86
_07478_,8.86
_12466_,8.86
_14038_,8.86
_14810_,8.86
_15736_,8.86
_15797_,8.86
_16040_,8.86
_16123_,8.86
_16245_,8.86
_16269_,8.86
_16917_,8.86
_17296_,8.86
_17341_,8.86
_17653_,8.86
_17792_,8.86
_18958_,8.86
_19080_,8.86
net2287,8.86
_06484_,8.84
_14457_,8.84
_15710_,8.84
_17314_,8.84
net3153,8.84
net3404,8.84
net3458,8.84
net3481,8.84
net3649,8.84
net4018,8.84
net4151,8.84
net4603,8.84
net1696,8.825
net1976,8.825
net2672,8.825
_01747_,8.82
_02831_,8.82
_06019_,8.82
_07399_,8.82
_11598_,8.82
_14126_,8.82
_14560_,8.82
_15769_,8.82
core.data_in\[476\],8.82
core.data_out\[258\],8.82
net234,8.82
net4489,8.82
net2279,8.815
_00621_,8.8
_01065_,8.8
_02162_,8.8
_08693_,8.8
_09102_,8.8
_11171_,8.8
_11379_,8.8
_14699_,8.8
_15330_,8.8
_18512_,8.8
_18861_,8.8
net3936,8.8
_07608_,8.79
_00237_,8.785
_00238_,8.785
_05495_,8.78
_08522_,8.78
_11189_,8.78
_11645_,8.78
_15139_,8.78
_15625_,8.78
_15869_,8.78
_16481_,8.78
_17142_,8.78
net305,8.78
net816,8.78
_15502_,8.775
_01193_,8.765
_02053_,8.765
_14322_,8.765
net837,8.765
net1047,8.765
net1116,8.765
net1470,8.765
net1681,8.765
net2137,8.765
net2277,8.765
net2491,8.765
net2599,8.765
net3212,8.765
net3614,8.765
net3635,8.765
net3656,8.765
_11183_,8.76
_00241_,8.745
_03509_,8.745
net2802,8.745
_03300_,8.74
_04764_,8.74
_05001_,8.74
_05063_,8.74
_05564_,8.74
_05582_,8.74
_07607_,8.74
_17165_,8.74
net2237,8.74
net2887,8.74
net3136,8.74
net3636,8.74
net3725,8.74
net3730,8.74
net3774,8.74
net4298,8.74
_17545_,8.735
_00673_,8.725
_01795_,8.725
_02663_,8.725
_00536_,8.72
_02005_,8.72
_08580_,8.72
_12772_,8.72
_19026_,8.72
net1824,8.72
net3126,8.72
net3470,8.72
net3960,8.72
net4328,8.72
_00112_,8.7
_01969_,8.7
_07952_,8.7
_08156_,8.7
_08174_,8.7
_09029_,8.7
_11103_,8.7
_15807_,8.7
_17259_,8.7
_18002_,8.7
_19525_,8.7
net4627,8.7
net4655,8.7
_15575_,8.69
_00322_,8.685
_00864_,8.685
_01312_,8.685
_01954_,8.685
_05911_,8.68
_09842_,8.68
_11247_,8.68
_12309_,8.68
write_data[14],8.68
write_data[29],8.68
net4559,8.68
_03725_,8.675
_07379_,8.67
_15522_,8.67
_00856_,8.665
_00978_,8.665
_00994_,8.665
_01021_,8.665
_01108_,8.665
_01125_,8.665
_01175_,8.665
_01220_,8.665
_01344_,8.665
_02929_,8.665
_03464_,8.665
_01551_,8.66
_03804_,8.66
_04256_,8.66
_04492_,8.66
_05662_,8.66
_07231_,8.66
_08647_,8.66
_10164_,8.66
_10183_,8.66
_14231_,8.66
_14321_,8.66
_15323_,8.66
_15586_,8.66
_16345_,8.66
_18647_,8.66
core.state9_reg\[5\],8.66
_01355_,8.655
_01682_,8.645
_02024_,8.645
_03442_,8.645
net374,8.645
net1087,8.645
net1506,8.645
net2153,8.645
net3132,8.645
net3533,8.645
_08631_,8.64
_09976_,8.64
core.data_in\[96\],8.64
_00679_,8.625
_07371_,8.62
_08490_,8.62
_11471_,8.62
_12529_,8.62
_13866_,8.62
_14289_,8.62
_14845_,8.62
_15647_,8.62
_16697_,8.62
net3530,8.62
net4398,8.62
net4462,8.62
_01841_,8.605
net684,8.605
net1366,8.605
net1599,8.605
net2094,8.605
_01381_,8.6
_01703_,8.6
_01955_,8.6
_02507_,8.6
_02753_,8.6
_02824_,8.6
_03123_,8.6
_03492_,8.6
_03559_,8.6
_04147_,8.6
_04366_,8.6
_04395_,8.6
_04697_,8.6
_04967_,8.6
_05547_,8.6
_05831_,8.6
_06136_,8.6
_06356_,8.6
_06634_,8.6
_06761_,8.6
_07913_,8.6
_08182_,8.6
_08292_,8.6
_08310_,8.6
_13236_,8.6
_14599_,8.6
_15482_,8.6
_16597_,8.6
_16994_,8.6
_17966_,8.6
_17991_,8.6
_18019_,8.6
_18302_,8.6
_18367_,8.6
_19779_,8.6
core.data_in\[113\],8.6
core.data_in\[214\],8.6
core.data_in\[40\],8.6
core.data_in_reg\[82\],8.6
core.data_out\[131\],8.6
core.data_out\[234\],8.6
core.data_out\[363\],8.6
core.state8_reg\[31\],8.6
net1294,8.6
net2226,8.6
net3563,8.6
net4396,8.6
_02837_,8.58
_07040_,8.58
_08449_,8.58
_10295_,8.58
_10428_,8.58
_14962_,8.58
_15306_,8.58
_15685_,8.58
_16018_,8.58
_16348_,8.58
_16972_,8.58
_17513_,8.58
_17583_,8.58
core.data_out\[121\],8.58
net4854,8.58
_00132_,8.565
_00145_,8.565
_00341_,8.565
_00424_,8.565
_02793_,8.565
_02863_,8.565
net2612,8.565
_02195_,8.56
_02282_,8.56
_02772_,8.56
_02798_,8.56
_03014_,8.56
_03054_,8.56
_03274_,8.56
_03405_,8.56
_03439_,8.56
_03495_,8.56
_03536_,8.56
_03612_,8.56
_03930_,8.56
_03956_,8.56
_04743_,8.56
_04868_,8.56
_05115_,8.56
_05229_,8.56
_05592_,8.56
_06895_,8.56
_08149_,8.56
_11131_,8.56
_13080_,8.56
_13187_,8.56
_13447_,8.56
_14519_,8.56
_15290_,8.56
_16028_,8.56
_16343_,8.56
_16346_,8.56
_16459_,8.56
_16693_,8.56
_16698_,8.56
_16841_,8.56
_17018_,8.56
_17464_,8.56
_17938_,8.56
_18395_,8.56
_19308_,8.56
core.data_out\[97\],8.56
net3326,8.56
_14278_,8.55
_01977_,8.545
_02038_,8.545
_14399_,8.54
_00039_,8.525
_00620_,8.525
_00777_,8.525
_01259_,8.525
_02132_,8.525
_03508_,8.525
net817,8.525
net845,8.525
net1134,8.525
net1238,8.525
net1466,8.525
net2436,8.525
net2756,8.525
_00074_,8.52
_04084_,8.52
_04086_,8.52
_04491_,8.52
_04504_,8.52
_05376_,8.52
_05790_,8.52
_06049_,8.52
_06472_,8.52
_06502_,8.52
_06764_,8.52
_06795_,8.52
_09825_,8.52
_12413_,8.52
_12458_,8.52
_13025_,8.52
_13602_,8.52
_15435_,8.52
_15987_,8.52
_16108_,8.52
_17201_,8.52
_17345_,8.52
_17366_,8.52
_17531_,8.52
_17590_,8.52
_17669_,8.52
_18000_,8.52
_18961_,8.52
_19169_,8.52
_19266_,8.52
_19499_,8.52
_19707_,8.52
_19826_,8.52
_19927_,8.52
core.data_in\[301\],8.52
core.data_in_reg\[332\],8.52
_11119_,8.51
_00202_,8.505
_00751_,8.505
_00490_,8.5
_01933_,8.5
_02233_,8.5
_02596_,8.5
_02652_,8.5
_02662_,8.5
_02763_,8.5
_08300_,8.5
_12828_,8.5
_13108_,8.5
_14173_,8.5
_17204_,8.5
_03329_,8.485
net937,8.485
net1518,8.485
net2696,8.485
net2796,8.485
_01540_,8.48
_01640_,8.48
_03057_,8.48
_04486_,8.48
_04684_,8.48
_04836_,8.48
_04842_,8.48
_05105_,8.48
_05285_,8.48
_05646_,8.48
_07709_,8.48
_08024_,8.48
_09050_,8.48
_09228_,8.48
_09891_,8.48
_10149_,8.48
_10558_,8.48
_11224_,8.48
_11509_,8.48
_13063_,8.48
_14775_,8.48
_14802_,8.48
_14875_,8.48
_14889_,8.48
_14959_,8.48
_16024_,8.48
_16258_,8.48
_16717_,8.48
_17688_,8.48
_17807_,8.48
_17957_,8.48
_18291_,8.48
_19165_,8.48
_19472_,8.48
_19570_,8.48
core.data_out\[379\],8.48
core.data_out\[464\],8.48
core.state1_reg\[25\],8.48
core.state8_reg\[5\],8.48
net268,8.48
net970,8.48
net1004,8.48
net1761,8.48
net2241,8.48
net2458,8.48
net2626,8.48
net3213,8.48
net3438,8.48
net3699,8.48
net4108,8.48
net4333,8.48
net4337,8.48
net4369,8.48
net4596,8.48
net4829,8.48
_00569_,8.465
_05096_,8.46
_06897_,8.46
_08118_,8.46
_08239_,8.46
_14507_,8.46
_14581_,8.46
_14960_,8.46
_15270_,8.46
_15619_,8.46
_17832_,8.46
_18160_,8.46
core.state10_reg\[1\],8.46
_05763_,8.455
_01534_,8.44
_01603_,8.44
_02221_,8.44
_03555_,8.44
_03698_,8.44
_03713_,8.44
_04552_,8.44
_04588_,8.44
_04628_,8.44
_04771_,8.44
_04823_,8.44
_04857_,8.44
_05450_,8.44
_05781_,8.44
_05801_,8.44
_05821_,8.44
_06052_,8.44
_06665_,8.44
_06925_,8.44
_07797_,8.44
_07814_,8.44
_08604_,8.44
_08732_,8.44
_10002_,8.44
_10805_,8.44
_12105_,8.44
_12467_,8.44
_13202_,8.44
_13217_,8.44
_13985_,8.44
_14232_,8.44
_14268_,8.44
_14405_,8.44
_14857_,8.44
_15765_,8.44
_15887_,8.44
_15932_,8.44
_16041_,8.44
_16133_,8.44
_16571_,8.44
_16671_,8.44
_16795_,8.44
_16909_,8.44
_17698_,8.44
_17901_,8.44
_18094_,8.44
_19684_,8.44
_19816_,8.44
core.data_in\[150\],8.44
core.data_out\[124\],8.44
core.data_out\[357\],8.44
core.data_out\[461\],8.44
core.data_out\[95\],8.44
net3080,8.44
net3891,8.44
net4180,8.44
net4220,8.44
net4262,8.44
net4453,8.44
net4509,8.44
net4684,8.44
_09640_,8.42
_11511_,8.42
_11593_,8.42
core.qr2.y0\[10\],8.415
_00220_,8.405
_00885_,8.405
_02065_,8.405
net229,8.405
net809,8.405
net1005,8.405
net1104,8.405
net1423,8.405
net2061,8.405
net2955,8.405
net2967,8.405
net4035,8.405
_02216_,8.4
_02920_,8.4
_03680_,8.4
_04972_,8.4
_05533_,8.4
_05594_,8.4
_05774_,8.4
_05794_,8.4
_06098_,8.4
_06759_,8.4
_06845_,8.4
_12392_,8.4
_12435_,8.4
_14120_,8.4
_14541_,8.4
_14911_,8.4
_15957_,8.4
_16068_,8.4
_16229_,8.4
_16515_,8.4
_16652_,8.4
_17290_,8.4
_17927_,8.4
_17945_,8.4
_00626_,8.395
_00087_,8.38
_00270_,8.38
_14422_,8.38
_16855_,8.38
net2754,8.38
net3605,8.38
net4823,8.38
_09170_,8.37
_00231_,8.365
_00256_,8.365
_00504_,8.365
_00952_,8.365
net1446,8.365
net2129,8.365
_03478_,8.36
_03613_,8.36
_04309_,8.36
_04383_,8.36
_05804_,8.36
_08275_,8.36
_08781_,8.36
_09708_,8.36
_11102_,8.36
_12504_,8.36
_13306_,8.36
_14252_,8.36
_14309_,8.36
_15005_,8.36
_15268_,8.36
_15732_,8.36
_16372_,8.36
_18610_,8.36
net3100,8.36
_00377_,8.34
_00474_,8.34
_00824_,8.34
_01213_,8.34
_07011_,8.34
_08974_,8.34
_09954_,8.34
_13601_,8.34
_14236_,8.34
_15027_,8.34
_15868_,8.34
net3595,8.34
net3633,8.34
net3663,8.34
net4149,8.34
net4219,8.34
_00095_,8.325
_00134_,8.325
_00163_,8.325
_00753_,8.325
_01760_,8.325
_01895_,8.325
_03109_,8.325
_03505_,8.32
_04860_,8.32
_05039_,8.32
_05231_,8.32
_05488_,8.32
_07557_,8.32
_10121_,8.32
_11275_,8.32
_15255_,8.32
_19369_,8.32
core.state14_reg\[31\],8.32
net1408,8.32
net1896,8.32
net3174,8.32
net4621,8.32
net1436,8.315
_00936_,8.305
net384,8.305
net386,8.305
net456,8.305
net560,8.305
net813,8.305
net905,8.305
net971,8.305
net1576,8.305
net1687,8.305
net1729,8.305
net1819,8.305
net1828,8.305
net1974,8.305
net1984,8.305
net2309,8.305
net2608,8.305
net3006,8.305
net3284,8.305
net3625,8.305
_05844_,8.3
_06215_,8.3
_06595_,8.3
core.block1_ctr_reg\[10\],8.3
_00650_,8.28
_01383_,8.28
_01417_,8.28
_01436_,8.28
_02764_,8.28
_03003_,8.28
_03595_,8.28
_03732_,8.28
_04253_,8.28
_05012_,8.28
_05198_,8.28
_05566_,8.28
_07001_,8.28
_09191_,8.28
_11380_,8.28
_14362_,8.28
_15153_,8.28
_16471_,8.28
_17580_,8.28
_17942_,8.28
_19215_,8.28
net3721,8.28
net3807,8.28
net3847,8.28
net3862,8.28
net3941,8.28
net4637,8.28
_01430_,8.27
_01134_,8.265
_01149_,8.265
_03265_,8.265
_03269_,8.265
net1671,8.265
net1722,8.265
net1899,8.265
net2149,8.265
net2729,8.265
_00108_,8.26
_00374_,8.26
_04747_,8.26
_06329_,8.26
_11893_,8.26
_12211_,8.26
_17853_,8.26
_13319_,8.255
_17951_,8.255
_10168_,8.25
_03326_,8.24
_03443_,8.24
_08925_,8.24
_09722_,8.24
_10571_,8.24
_10931_,8.24
_15103_,8.24
_16309_,8.24
_19672_,8.24
net3554,8.24
_00406_,8.225
_02417_,8.225
_11478_,8.22
_12277_,8.22
_14580_,8.22
_15544_,8.22
core.state15_reg\[31\],8.22
net4065,8.22
_00155_,8.205
_00376_,8.205
_00513_,8.205
_00660_,8.205
_00720_,8.205
_00972_,8.205
_01014_,8.205
_01095_,8.205
_01110_,8.205
_01689_,8.205
_01772_,8.205
_01948_,8.205
_01958_,8.205
_02019_,8.205
_02081_,8.205
_03647_,8.205
_03597_,8.2
_04158_,8.2
_04334_,8.2
_05904_,8.2
_09730_,8.2
_11523_,8.2
_12419_,8.2
_14019_,8.2
_14233_,8.2
_15094_,8.2
_16323_,8.2
_17702_,8.2
_19129_,8.2
_19715_,8.2
net2966,8.2
_00481_,8.195
_01737_,8.185
_01938_,8.185
_02022_,8.185
net300,8.185
net634,8.185
net887,8.185
net1031,8.185
net1663,8.185
net1701,8.185
net2243,8.185
net3029,8.185
_09990_,8.18
_15572_,8.18
net2785,8.18
_01706_,8.165
_03303_,8.165
_01552_,8.16
_03362_,8.16
_03425_,8.16
_03806_,8.16
_04416_,8.16
_09668_,8.16
_10342_,8.16
_11232_,8.16
_12022_,8.16
_12281_,8.16
_12559_,8.16
_13448_,8.16
_14674_,8.16
core.data_in\[446\],8.16
core.data_in\[45\],8.16
net91,8.16
net1123,8.16
net1437,8.16
net2160,8.16
net2527,8.16
net2677,8.16
net3713,8.16
_01137_,8.155
_01782_,8.155
_01036_,8.145
_01913_,8.145
_01939_,8.145
net2008,8.145
net2182,8.145
_01411_,8.14
_01553_,8.14
_01600_,8.14
_01667_,8.14
_01668_,8.14
_02569_,8.14
_02660_,8.14
_02707_,8.14
_02821_,8.14
_03043_,8.14
_03195_,8.14
_03489_,8.14
_03513_,8.14
_03549_,8.14
_03671_,8.14
_04099_,8.14
_04328_,8.14
_04414_,8.14
_04460_,8.14
_04650_,8.14
_04837_,8.14
_05085_,8.14
_05177_,8.14
_05182_,8.14
_06003_,8.14
_06009_,8.14
_06765_,8.14
_06835_,8.14
_07005_,8.14
_07430_,8.14
_08261_,8.14
_09179_,8.14
_09256_,8.14
_11822_,8.14
_12862_,8.14
_13409_,8.14
_13827_,8.14
_14189_,8.14
_14227_,8.14
_14382_,8.14
_14645_,8.14
_15278_,8.14
_15665_,8.14
_16037_,8.14
_16249_,8.14
_16550_,8.14
_16721_,8.14
_17382_,8.14
_17396_,8.14
_17980_,8.14
_18478_,8.14
_18805_,8.14
_19844_,8.14
core.block0_ctr_reg\[5\],8.14
core.data_in\[211\],8.14
core.data_out\[260\],8.14
core.data_out\[402\],8.14
core.data_out\[469\],8.14
net302,8.14
net2177,8.14
net3016,8.14
net3274,8.14
net3287,8.14
net3587,8.14
net3724,8.14
net4355,8.14
_00257_,8.125
_00425_,8.125
_01321_,8.12
_04980_,8.12
_08260_,8.12
_09012_,8.12
_10339_,8.12
_10353_,8.12
_11120_,8.12
_12908_,8.12
_14527_,8.12
_15041_,8.12
_15564_,8.12
_15580_,8.12
_15611_,8.12
_16029_,8.12
_17481_,8.12
_17784_,8.12
_18451_,8.12
_18974_,8.12
_19958_,8.12
core.data_out\[496\],8.12
net4200,8.12
_00138_,8.105
_00386_,8.105
_00417_,8.105
_02969_,8.105
_01467_,8.1
_01546_,8.1
_01560_,8.1
_01563_,8.1
_02220_,8.1
_02489_,8.1
_02855_,8.1
_03055_,8.1
_03516_,8.1
_04260_,8.1
_04612_,8.1
_04799_,8.1
_04900_,8.1
_05856_,8.1
_06058_,8.1
_06508_,8.1
_07142_,8.1
_07186_,8.1
_09811_,8.1
_09882_,8.1
_09928_,8.1
_10416_,8.1
_10493_,8.1
_11479_,8.1
_11569_,8.1
_11959_,8.1
_12980_,8.1
_14121_,8.1
_14150_,8.1
_14190_,8.1
_14563_,8.1
_14837_,8.1
_15264_,8.1
_15284_,8.1
_15292_,8.1
_15497_,8.1
_15501_,8.1
_15550_,8.1
_15770_,8.1
_15839_,8.1
_15910_,8.1
_15971_,8.1
_16248_,8.1
_16859_,8.1
_17516_,8.1
_17588_,8.1
_18296_,8.1
_18556_,8.1
_19048_,8.1
_19594_,8.1
_19607_,8.1
_19611_,8.1
core.data_in\[307\],8.1
core.data_out\[14\],8.1
core.data_out\[15\],8.1
core.data_out\[354\],8.1
core.data_out\[91\],8.1
net1224,8.1
net2376,8.1
net3709,8.1
_01184_,8.085
_02832_,8.08
_07269_,8.08
core.data_out\[195\],8.08
_13487_,8.07
_01087_,8.065
net903,8.065
net943,8.065
net2254,8.065
net2397,8.065
net2480,8.065
net2552,8.065
net2620,8.065
net2949,8.065
net3059,8.065
_01502_,8.06
_02511_,8.06
_02599_,8.06
_03995_,8.06
_04011_,8.06
_04327_,8.06
_04346_,8.06
_04385_,8.06
_04577_,8.06
_04683_,8.06
_04757_,8.06
_04856_,8.06
_04885_,8.06
_04896_,8.06
_05015_,8.06
_05213_,8.06
_05388_,8.06
_06375_,8.06
_06719_,8.06
_06750_,8.06
_07016_,8.06
_09308_,8.06
_10330_,8.06
_12357_,8.06
_12514_,8.06
_13645_,8.06
_14326_,8.06
_14592_,8.06
_14866_,8.06
_15847_,8.06
_16020_,8.06
_16044_,8.06
_16479_,8.06
_16567_,8.06
_16601_,8.06
_16611_,8.06
_16747_,8.06
_17216_,8.06
_17451_,8.06
_17501_,8.06
_17553_,8.06
_17640_,8.06
_17749_,8.06
_18264_,8.06
_18427_,8.06
core.data_in\[509\],8.06
core.data_in_reg\[463\],8.06
_00314_,8.04
_01621_,8.04
_02675_,8.04
_02735_,8.04
_02789_,8.04
_05880_,8.04
_11100_,8.04
_16177_,8.04
_16294_,8.04
_16691_,8.04
_18295_,8.04
net1647,8.04
net2528,8.04
net3516,8.04
net3659,8.04
net3719,8.04
net4311,8.04
_07547_,8.03
_00253_,8.025
_00444_,8.025
_00758_,8.025
_00911_,8.025
_01332_,8.025
net676,8.025
net1055,8.025
net1110,8.025
_01572_,8.02
_01585_,8.02
_01638_,8.02
_02217_,8.02
_02240_,8.02
_02651_,8.02
_03616_,8.02
_03796_,8.02
_04202_,8.02
_04271_,8.02
_04587_,8.02
_04676_,8.02
_04750_,8.02
_04971_,8.02
_05209_,8.02
_05281_,8.02
_05651_,8.02
_05688_,8.02
_05823_,8.02
_06757_,8.02
_06863_,8.02
_07252_,8.02
_09315_,8.02
_09497_,8.02
_10905_,8.02
_11605_,8.02
_11739_,8.02
_12721_,8.02
_13381_,8.02
_13673_,8.02
_14339_,8.02
_14537_,8.02
_14767_,8.02
_14807_,8.02
_16938_,8.02
_17340_,8.02
_17796_,8.02
_18835_,8.02
_19107_,8.02
core.data_in_reg\[239\],8.02
core.data_out\[85\],8.02
net2398,8.02
net2597,8.02
net2773,8.02
net3268,8.02
net3377,8.02
net3480,8.02
net3525,8.02
net3902,8.02
net3980,8.02
net4432,8.02
net4864,8.02
_05379_,8.015
_01702_,8.005
_00656_,8
_01011_,8
_01693_,8
_04551_,8
_04720_,8
_09275_,8
_09757_,8
_14272_,8
_16475_,7.995
_19206_,7.995
_00868_,7.985
_00000_,7.98
_01232_,7.98
_01318_,7.98
_01439_,7.98
_01469_,7.98
_02258_,7.98
_03034_,7.98
_03035_,7.98
_03441_,7.98
_03717_,7.98
_04142_,7.98
_04307_,7.98
_04322_,7.98
_04741_,7.98
_04791_,7.98
_04865_,7.98
_04957_,7.98
_04981_,7.98
_04999_,7.98
_05622_,7.98
_05722_,7.98
_06075_,7.98
_06129_,7.98
_06617_,7.98
_07232_,7.98
_08888_,7.98
_08896_,7.98
_09266_,7.98
_09431_,7.98
_10311_,7.98
_10468_,7.98
_10577_,7.98
_10888_,7.98
_11284_,7.98
_12856_,7.98
_14201_,7.98
_14357_,7.98
_14398_,7.98
_14523_,7.98
_14654_,7.98
_14666_,7.98
_14789_,7.98
_15045_,7.98
_15058_,7.98
_16577_,7.98
_16712_,7.98
_16857_,7.98
_17251_,7.98
_17736_,7.98
_17752_,7.98
_18287_,7.98
_19170_,7.98
_19475_,7.98
_19623_,7.98
core.data_in_reg\[131\],7.98
core.data_out\[218\],7.98
core.data_out\[224\],7.98
core.data_out\[27\],7.98
core.data_out\[459\],7.98
core.key5_reg\[11\],7.98
core.salsa20_ctrl_reg\[1\],7.98
net2438,7.98
net4278,7.98
net4591,7.98
net4772,7.98
net4878,7.98
net4882,7.98
net4883,7.98
_04631_,7.96
_05118_,7.96
_08075_,7.96
_11193_,7.96
_18586_,7.96
_00877_,7.945
_01732_,7.945
net939,7.945
net1415,7.945
net3077,7.945
_01360_,7.94
_03458_,7.94
_03687_,7.94
_03700_,7.94
_03789_,7.94
_04004_,7.94
_04005_,7.94
_04030_,7.94
_04125_,7.94
_04129_,7.94
_04139_,7.94
_04377_,7.94
_05289_,7.94
_05626_,7.94
_05976_,7.94
_06123_,7.94
_06205_,7.94
_06868_,7.94
_07342_,7.94
_10443_,7.94
_10781_,7.94
_12028_,7.94
_13225_,7.94
_13227_,7.94
_13598_,7.94
_13699_,7.94
_13751_,7.94
_13806_,7.94
_15387_,7.94
_15422_,7.94
_15886_,7.94
_16042_,7.94
_16253_,7.94
_16680_,7.94
_17370_,7.94
_17519_,7.94
_17566_,7.94
_17634_,7.94
_19062_,7.94
_19227_,7.94
_19408_,7.94
_19488_,7.94
_19912_,7.94
net2147,7.94
net2904,7.94
_00031_,7.92
_00086_,7.92
_00106_,7.92
_00426_,7.92
_00604_,7.92
_13458_,7.92
_17705_,7.92
net2300,7.92
net2328,7.92
net3471,7.92
net3523,7.92
net4677,7.92
_00559_,7.905
_00670_,7.905
net821,7.905
net2311,7.905
_05278_,7.9
_08703_,7.9
_09931_,7.9
_14509_,7.9
_14574_,7.9
_15164_,7.9
_15252_,7.9
_15568_,7.9
_15702_,7.9
_15842_,7.9
_16007_,7.9
_16355_,7.9
_16800_,7.9
_17505_,7.9
_17744_,7.9
_18934_,7.9
_18999_,7.9
core.data_out\[430\],7.9
net2896,7.9
net4244,7.9
_13712_,7.895
_00129_,7.885
_00319_,7.885
_03203_,7.885
_03308_,7.885
_01129_,7.88
_14298_,7.88
_15861_,7.88
net2746,7.88
net3757,7.88
net4259,7.88
_00545_,7.865
_00659_,7.865
_00778_,7.865
_02191_,7.865
_02974_,7.865
_03176_,7.865
_03295_,7.865
_03434_,7.865
_02681_,7.86
_05784_,7.86
_07297_,7.86
_10815_,7.86
_15324_,7.86
core.data_in\[206\],7.86
_00204_,7.855
_10726_,7.85
net4150,7.85
_00871_,7.845
_01051_,7.845
net326,7.845
net591,7.845
net712,7.845
net839,7.845
net1318,7.845
net1397,7.845
net1929,7.845
net2670,7.845
net3020,7.845
net3075,7.845
net3334,7.845
net3875,7.845
_16633_,7.84
_19362_,7.84
core.data_in\[417\],7.84
net2721,7.84
net4138,7.84
net4475,7.84
_00892_,7.825
_00951_,7.825
_02121_,7.825
_00055_,7.82
_02749_,7.82
_03346_,7.82
_08564_,7.82
_14568_,7.82
_14656_,7.82
_14730_,7.82
_15003_,7.82
_16130_,7.82
_17134_,7.82
_19044_,7.82
_19552_,7.82
core.data_in\[358\],7.82
net490,7.82
net1551,7.82
net1793,7.82
net2112,7.82
net2195,7.82
net2295,7.82
net2462,7.82
net2805,7.82
net3370,7.82
net3451,7.82
net3455,7.82
net3459,7.82
net3494,7.82
net3505,7.82
net3517,7.82
net3568,7.82
net3576,7.82
net3720,7.82
net3772,7.82
net3806,7.82
net3840,7.82
net3876,7.82
net3882,7.82
net3906,7.82
net4049,7.82
net4106,7.82
net4123,7.82
net4163,7.82
net4339,7.82
net4498,7.82
net4626,7.82
_19823_,7.815
read_data[1],7.81
read_data[26],7.81
_01017_,7.805
_05423_,7.805
net275,7.805
net658,7.805
net727,7.805
net927,7.805
net1170,7.805
net1549,7.805
net1852,7.805
net2166,7.805
net2465,7.805
net2542,7.805
net3118,7.805
net3128,7.805
_01712_,7.8
_02902_,7.8
_04418_,7.8
_06231_,7.8
_18433_,7.8
net3704,7.8
net4124,7.8
net4707,7.8
_13170_,7.795
net2568,7.785
_03356_,7.78
_04678_,7.78
_07533_,7.78
_07811_,7.78
_08108_,7.78
_09923_,7.78
_12691_,7.78
_13167_,7.78
_14824_,7.78
_15015_,7.78
_15212_,7.78
_15296_,7.78
_15587_,7.78
_15845_,7.78
_16879_,7.78
_16911_,7.78
_17575_,7.78
_19236_,7.78
core.data_in\[238\],7.78
net876,7.78
net3848,7.78
_00462_,7.765
_01803_,7.765
core.data_in\[128\],7.76
net3497,7.76
net3800,7.76
net4472,7.76
net4873,7.76
_12291_,7.745
_07071_,7.74
_11475_,7.74
_14638_,7.74
_17240_,7.74
_19108_,7.74
core.data_in\[280\],7.74
_07786_,7.73
_01983_,7.725
net480,7.725
net597,7.725
net1017,7.725
net1138,7.725
net1535,7.725
net1739,7.725
net1783,7.725
net3396,7.725
_02340_,7.705
net1270,7.705
net3120,7.705
_03709_,7.7
_04839_,7.7
_05573_,7.7
_05899_,7.7
_06921_,7.7
_07521_,7.7
_08076_,7.7
_08173_,7.7
_08266_,7.7
_10993_,7.7
_12783_,7.7
_12787_,7.7
_14637_,7.7
_17811_,7.7
net2022,7.7
net2475,7.7
net2676,7.7
net3104,7.7
net3121,7.7
net3313,7.7
net3405,7.7
net3585,7.7
net3593,7.7
net3733,7.7
net4302,7.7
net4760,7.7
_01063_,7.685
_01086_,7.685
_01996_,7.685
net803,7.685
net1276,7.685
net1938,7.685
_01403_,7.68
_01405_,7.68
_01429_,7.68
_01440_,7.68
_02307_,7.68
_02441_,7.68
_02692_,7.68
_02761_,7.68
_03063_,7.68
_03154_,7.68
_03165_,7.68
_03166_,7.68
_03330_,7.68
_03413_,7.68
_03500_,7.68
_03523_,7.68
_05124_,7.68
_05401_,7.68
_06089_,7.68
_06156_,7.68
_06888_,7.68
_10270_,7.68
_12161_,7.68
_13173_,7.68
_13221_,7.68
_13374_,7.68
_13387_,7.68
_13636_,7.68
_14225_,7.68
_14588_,7.68
_14667_,7.68
_14731_,7.68
_14969_,7.68
_15144_,7.68
_16030_,7.68
_16172_,7.68
_16443_,7.68
_16538_,7.68
_16772_,7.68
_17031_,7.68
_17193_,7.68
_17291_,7.68
_17321_,7.68
_19418_,7.68
core.data_in\[107\],7.68
core.data_in\[109\],7.68
core.data_in\[202\],7.68
core.data_in\[241\],7.68
core.data_in\[248\],7.68
core.data_in\[29\],7.68
core.data_in\[360\],7.68
core.data_in\[485\],7.68
core.data_in_reg\[250\],7.68
core.data_in_reg\[375\],7.68
core.data_in_reg\[416\],7.68
core.data_out\[118\],7.68
core.data_out\[283\],7.68
core.data_out\[390\],7.68
core.data_out\[421\],7.68
core.data_out\[441\],7.68
core.data_out\[470\],7.68
core.data_out\[82\],7.68
net1394,7.68
net1869,7.68
net3129,7.68
net3452,7.68
net3698,7.68
net3887,7.68
net4039,7.68
net4581,7.68
net4799,7.68
_10328_,7.67
_00336_,7.665
_00364_,7.665
_02321_,7.665
_05393_,7.66
_11186_,7.66
_15286_,7.66
_15613_,7.66
_16098_,7.66
_16379_,7.66
_17380_,7.66
_17816_,7.66
_19196_,7.66
core.data_out\[192\],7.66
_07595_,7.65
_01050_,7.645
_01200_,7.645
_02909_,7.645
_00071_,7.64
_01271_,7.64
_01367_,7.64
_01477_,7.64
_01485_,7.64
_01538_,7.64
_01610_,7.64
_02103_,7.64
_02274_,7.64
_02414_,7.64
_02563_,7.64
_02572_,7.64
_02636_,7.64
_02827_,7.64
_02866_,7.64
_02872_,7.64
_02901_,7.64
_02932_,7.64
_02962_,7.64
_02976_,7.64
_02982_,7.64
_02992_,7.64
_03020_,7.64
_03074_,7.64
_03088_,7.64
_03115_,7.64
_03258_,7.64
_03324_,7.64
_03473_,7.64
_03518_,7.64
_03532_,7.64
_03533_,7.64
_03594_,7.64
_03868_,7.64
_04077_,7.64
_04436_,7.64
_05170_,7.64
_05277_,7.64
_05516_,7.64
_05948_,7.64
_06296_,7.64
_06739_,7.64
_06745_,7.64
_06877_,7.64
_07094_,7.64
_07210_,7.64
_07973_,7.64
_08100_,7.64
_08316_,7.64
_08664_,7.64
_09808_,7.64
_10290_,7.64
_10935_,7.64
_12846_,7.64
_13212_,7.64
_13243_,7.64
_13290_,7.64
_13291_,7.64
_13948_,7.64
_14155_,7.64
_14577_,7.64
_14749_,7.64
_14823_,7.64
_14830_,7.64
_15104_,7.64
_15525_,7.64
_15608_,7.64
_15675_,7.64
_16160_,7.64
_16297_,7.64
_16380_,7.64
_16403_,7.64
_17247_,7.64
_17806_,7.64
_17861_,7.64
_18258_,7.64
_19471_,7.64
_19509_,7.64
_19834_,7.64
_19875_,7.64
_19943_,7.64
core.data_in\[111\],7.64
core.data_in\[18\],7.64
core.data_in\[234\],7.64
core.data_in\[285\],7.64
core.data_in\[306\],7.64
core.data_in\[324\],7.64
core.data_in\[327\],7.64
core.data_in_reg\[134\],7.64
core.data_in_reg\[458\],7.64
core.data_out\[108\],7.64
core.data_out\[381\],7.64
core.data_out\[507\],7.64
net255,7.64
net952,7.64
net1925,7.64
net2467,7.64
net3945,7.64
net4724,7.64
_01336_,7.625
_01959_,7.625
_07236_,7.62
_19535_,7.62
_03834_,7.61
_00178_,7.605
_00361_,7.605
_00678_,7.605
_00819_,7.605
_01139_,7.605
net769,7.605
net841,7.605
net881,7.605
net1003,7.605
net1061,7.605
net1071,7.605
net1130,7.605
net1197,7.605
net1434,7.605
net1689,7.605
net1751,7.605
net2497,7.605
_00451_,7.6
_01402_,7.6
_02509_,7.6
_02931_,7.6
_03125_,7.6
_03777_,7.6
_03785_,7.6
_03912_,7.6
_03924_,7.6
_03933_,7.6
_03982_,7.6
_04090_,7.6
_04177_,7.6
_04193_,7.6
_04250_,7.6
_04339_,7.6
_04471_,7.6
_04483_,7.6
_04637_,7.6
_04813_,7.6
_04945_,7.6
_05020_,7.6
_05421_,7.6
_05617_,7.6
_05703_,7.6
_06066_,7.6
_06517_,7.6
_06566_,7.6
_10219_,7.6
_11087_,7.6
_11318_,7.6
_12465_,7.6
_12483_,7.6
_13138_,7.6
_13540_,7.6
_14443_,7.6
_14862_,7.6
_14939_,7.6
_15308_,7.6
_15394_,7.6
_15401_,7.6
_15767_,7.6
_15840_,7.6
_15866_,7.6
_15900_,7.6
_16286_,7.6
_16731_,7.6
_16880_,7.6
_16895_,7.6
_17753_,7.6
_18017_,7.6
_18499_,7.6
_19663_,7.6
_19752_,7.6
_19811_,7.6
_19933_,7.6
core.data_in\[226\],7.6
core.data_in\[288\],7.6
core.data_in\[28\],7.6
_07809_,7.59
_01373_,7.58
_03047_,7.58
_03994_,7.58
_04350_,7.58
_08992_,7.58
_14392_,7.58
_15246_,7.58
_16887_,7.58
_18522_,7.58
_19939_,7.58
net394,7.58
net2221,7.58
net3387,7.58
net4826,7.58
read_data[20],7.57
_00503_,7.565
_00570_,7.565
_01100_,7.565
net640,7.565
net674,7.565
net1073,7.565
net1399,7.565
net2356,7.565
net2700,7.565
net3150,7.565
_00946_,7.56
_01784_,7.56
_02263_,7.56
_03301_,7.56
_03891_,7.56
_03897_,7.56
_04130_,7.56
_04172_,7.56
_04276_,7.56
_04286_,7.56
_04769_,7.56
_04845_,7.56
_05003_,7.56
_05060_,7.56
_05076_,7.56
_05438_,7.56
_05522_,7.56
_05670_,7.56
_05689_,7.56
_05732_,7.56
_05734_,7.56
_05959_,7.56
_06702_,7.56
_06741_,7.56
_08160_,7.56
_08250_,7.56
_09101_,7.56
_09137_,7.56
_11141_,7.56
_11505_,7.56
_11749_,7.56
_12610_,7.56
_12816_,7.56
_12858_,7.56
_13710_,7.56
_14616_,7.56
_14872_,7.56
_15639_,7.56
_16419_,7.56
_16713_,7.56
_16732_,7.56
_17645_,7.56
_17664_,7.56
_17815_,7.56
_19740_,7.56
core.data_out\[117\],7.56
core.data_out\[251\],7.56
core.data_out\[510\],7.56
net484,7.56
net972,7.56
net1448,7.56
net2296,7.56
net2656,7.56
net3329,7.56
net3854,7.56
net3860,7.56
net3900,7.56
net3931,7.56
net4196,7.56
net4773,7.56
net4808,7.56
_00272_,7.545
_00749_,7.545
_06946_,7.54
_09202_,7.54
_17560_,7.54
_18168_,7.54
_18977_,7.54
_13594_,7.535
net896,7.53
_00692_,7.525
_00969_,7.525
_00948_,7.52
_01317_,7.52
_02206_,7.52
_02223_,7.52
_02685_,7.52
_03006_,7.52
_03486_,7.52
_03488_,7.52
_03577_,7.52
_03592_,7.52
_04040_,7.52
_04170_,7.52
_04316_,7.52
_04359_,7.52
_04400_,7.52
_04442_,7.52
_04606_,7.52
_04611_,7.52
_04815_,7.52
_04818_,7.52
_04911_,7.52
_05216_,7.52
_05426_,7.52
_05585_,7.52
_05840_,7.52
_05918_,7.52
_06605_,7.52
_07298_,7.52
_07585_,7.52
_08234_,7.52
_09435_,7.52
_10096_,7.52
_10143_,7.52
_10387_,7.52
_11304_,7.52
_12833_,7.52
_13516_,7.52
_13681_,7.52
_13934_,7.52
_13995_,7.52
_14787_,7.52
_14973_,7.52
_14997_,7.52
_15294_,7.52
_16129_,7.52
_16143_,7.52
_16373_,7.52
_16686_,7.52
_17486_,7.52
_17503_,7.52
_17843_,7.52
_17962_,7.52
_17969_,7.52
_18950_,7.52
_18954_,7.52
_19462_,7.52
_19613_,7.52
_19783_,7.52
core.data_in\[384\],7.52
core.data_in\[495\],7.52
core.data_out\[386\],7.52
core.data_out\[92\],7.52
net2501,7.52
net2513,7.52
net2980,7.52
net3832,7.52
net4408,7.52
net4455,7.52
net4628,7.52
net4884,7.52
_11461_,7.51
_03183_,7.5
_07195_,7.5
_16955_,7.5
_18016_,7.5
_00726_,7.485
net1529,7.485
net1642,7.485
net3177,7.485
_00373_,7.48
_00596_,7.48
_02732_,7.48
_03685_,7.48
_04171_,7.48
_04718_,7.48
_05047_,7.48
_05267_,7.48
_05679_,7.48
_06697_,7.48
_07581_,7.48
_07899_,7.48
_08323_,7.48
_09291_,7.48
_10091_,7.48
_14310_,7.48
_14552_,7.48
_14608_,7.48
_15203_,7.48
_15721_,7.48
_17338_,7.48
_17770_,7.48
_00113_,7.46
_00421_,7.46
_00525_,7.46
_00631_,7.46
_00827_,7.46
_01061_,7.46
_10643_,7.46
_10662_,7.46
_10672_,7.46
_14806_,7.46
net2815,7.46
net3952,7.46
net4594,7.46
_00320_,7.445
_00852_,7.445
net3350,7.445
_01422_,7.44
_03278_,7.44
_04069_,7.44
_04797_,7.44
_07593_,7.44
_10396_,7.44
_10907_,7.44
_12839_,7.44
_14264_,7.44
_14765_,7.44
_15600_,7.44
_16062_,7.44
_17163_,7.44
_17556_,7.44
_17800_,7.44
_17935_,7.44
_19546_,7.44
_19556_,7.44
_19654_,7.44
core.data_in\[51\],7.44
core.data_out\[126\],7.44
net3447,7.44
net3915,7.44
net4053,7.44
net4170,7.44
net4426,7.44
_00351_,7.425
_00369_,7.425
_00955_,7.425
_01006_,7.425
_03639_,7.425
_00603_,7.42
_08120_,7.42
_15363_,7.42
_16118_,7.42
net3155,7.42
net3630,7.42
net3986,7.42
net4000,7.42
_05312_,7.4
_10111_,7.4
_15065_,7.4
_15965_,7.4
_16023_,7.4
_16427_,7.4
net313,7.4
net4027,7.4
_00298_,7.385
_00579_,7.385
_01062_,7.385
_02325_,7.385
net522,7.385
net652,7.385
net799,7.385
net1288,7.385
net1597,7.385
net2072,7.385
net2107,7.385
net2145,7.385
net2434,7.385
net2594,7.385
net2679,7.385
_06077_,7.38
_06143_,7.38
_06539_,7.38
net3653,7.38
_01882_,7.365
_02135_,7.365
_01369_,7.36
_01379_,7.36
_01419_,7.36
_01584_,7.36
_02970_,7.36
_06382_,7.36
_10404_,7.36
_14354_,7.36
net1954,7.36
net2518,7.36
net2852,7.36
net2960,7.36
net3089,7.36
net3325,7.36
net3379,7.36
net3408,7.36
net3424,7.36
net3427,7.36
net3489,7.36
net3504,7.36
net3514,7.36
net3543,7.36
net3547,7.36
net3565,7.36
net3574,7.36
net3594,7.36
net3607,7.36
net3612,7.36
net3618,7.36
net3619,7.36
net3622,7.36
net3641,7.36
net3664,7.36
net3666,7.36
net3670,7.36
net3673,7.36
net3686,7.36
net3695,7.36
net3723,7.36
net3740,7.36
net3778,7.36
net3785,7.36
net3790,7.36
net3797,7.36
net3803,7.36
net3805,7.36
net3823,7.36
net3824,7.36
net3825,7.36
net3856,7.36
net3871,7.36
net3888,7.36
net3911,7.36
net3917,7.36
net3919,7.36
net3924,7.36
net3930,7.36
net3948,7.36
net3950,7.36
net3963,7.36
net3966,7.36
net3972,7.36
net3976,7.36
net3987,7.36
net3993,7.36
net4012,7.36
net4029,7.36
net4030,7.36
net4064,7.36
net4091,7.36
net4093,7.36
net4100,7.36
net4101,7.36
net4109,7.36
net4114,7.36
net4147,7.36
net4171,7.36
net4174,7.36
net4195,7.36
net4203,7.36
net4225,7.36
net4241,7.36
net4254,7.36
net4257,7.36
net4263,7.36
net4277,7.36
net4293,7.36
net4299,7.36
net4309,7.36
net4320,7.36
net4325,7.36
net4331,7.36
net4356,7.36
net4430,7.36
net4465,7.36
net4486,7.36
net4492,7.36
net4500,7.36
net4551,7.36
net4598,7.36
net4610,7.36
net4611,7.36
net4625,7.36
net4632,7.36
net4703,7.36
net1029,7.345
net1209,7.345
net1753,7.345
net1837,7.345
net2716,7.345
_00105_,7.34
_05489_,7.34
_07968_,7.34
_08799_,7.34
_11801_,7.34
_17457_,7.34
net2109,7.34
net2473,7.34
net2504,7.34
net3650,7.34
net3780,7.34
net3939,7.34
net3955,7.34
net4017,7.34
_03465_,7.325
net1781,7.325
_01294_,7.32
_01644_,7.32
_02252_,7.32
_02698_,7.32
_04079_,7.32
_06348_,7.32
_08430_,7.32
_09789_,7.32
_10106_,7.32
_10412_,7.32
_16847_,7.32
_17283_,7.32
_18966_,7.32
_19678_,7.32
core.data_in\[118\],7.32
core.data_in\[336\],7.32
core.data_in_reg\[441\],7.32
core.state9_reg\[31\],7.32
net2120,7.32
net3726,7.32
_16708_,7.315
_00012_,7.3
_11342_,7.3
_17206_,7.3
_17254_,7.3
core.data_in\[239\],7.3
net2331,7.3
net2548,7.3
net4346,7.3
net4675,7.3
_00009_,7.285
_00265_,7.285
_00971_,7.285
_01016_,7.285
_02345_,7.285
_04061_,7.28
_07021_,7.28
_10394_,7.28
_15178_,7.28
_15821_,7.28
_16809_,7.28
_16907_,7.28
_17783_,7.28
_17822_,7.28
_18021_,7.28
_19647_,7.28
_16048_,7.27
_02109_,7.265
net304,7.265
net1322,7.265
net1370,7.265
net1893,7.265
net2289,7.265
_06510_,7.26
_02129_,7.255
_16779_,7.25
_19097_,7.25
_00093_,7.245
_02750_,7.245
net895,7.245
_00264_,7.24
_01494_,7.24
_01555_,7.24
_02153_,7.24
_02166_,7.24
_02270_,7.24
_05996_,7.24
_09016_,7.24
_11222_,7.24
_13584_,7.24
_13897_,7.24
_14492_,7.24
_14688_,7.24
_15781_,7.24
_16151_,7.24
_17106_,7.24
_17663_,7.24
_18415_,7.24
net1749,7.24
net3297,7.24
net3544,7.24
net3826,7.24
net4436,7.24
_14074_,7.23
address[3],7.23
write_data[12],7.23
_02727_,7.225
net370,7.225
net947,7.225
net3051,7.225
_00669_,7.22
_01316_,7.22
_01378_,7.22
_01444_,7.22
_01549_,7.22
_01666_,7.22
_02066_,7.22
_02244_,7.22
_02590_,7.22
_02613_,7.22
_02638_,7.22
_02689_,7.22
_02695_,7.22
_02708_,7.22
_02709_,7.22
_02785_,7.22
_02887_,7.22
_02933_,7.22
_02952_,7.22
_03023_,7.22
_03073_,7.22
_03143_,7.22
_03191_,7.22
_03382_,7.22
_03534_,7.22
_03557_,7.22
_03562_,7.22
_03567_,7.22
_03615_,7.22
_04082_,7.22
_04468_,7.22
_05234_,7.22
_05410_,7.22
_05506_,7.22
_05513_,7.22
_05526_,7.22
_05612_,7.22
_05716_,7.22
_06050_,7.22
_06336_,7.22
_06611_,7.22
_06632_,7.22
_06670_,7.22
_06907_,7.22
_07082_,7.22
_10403_,7.22
_11109_,7.22
_11650_,7.22
_13463_,7.22
_13537_,7.22
_13898_,7.22
_13953_,7.22
_14052_,7.22
_14062_,7.22
_14094_,7.22
_14215_,7.22
_14226_,7.22
_14420_,7.22
_14439_,7.22
_14451_,7.22
_14657_,7.22
_14695_,7.22
_15664_,7.22
_16026_,7.22
_16904_,7.22
_16956_,7.22
_17144_,7.22
_18267_,7.22
_18329_,7.22
_18331_,7.22
_18626_,7.22
_19083_,7.22
_19585_,7.22
core.data_in\[138\],7.22
core.data_in\[377\],7.22
core.data_in\[430\],7.22
core.data_in\[432\],7.22
core.data_out\[297\],7.22
core.data_out\[321\],7.22
core.data_out\[350\],7.22
core.data_out\[362\],7.22
core.data_out\[396\],7.22
core.data_out\[403\],7.22
core.data_out\[424\],7.22
core.data_out\[468\],7.22
core.data_out\[64\],7.22
core.data_out\[80\],7.22
net548,7.22
net1748,7.22
net2089,7.22
net3355,7.22
net3378,7.22
net3415,7.22
net3446,7.22
net3851,7.22
net4117,7.22
net4161,7.22
net4213,7.22
net4280,7.22
net4310,7.22
net4345,7.22
_00091_,7.205
_00187_,7.205
_00399_,7.205
_00405_,7.205
_00609_,7.205
_00710_,7.205
_00734_,7.205
_00736_,7.205
_01147_,7.205
_02366_,7.205
_02591_,7.205
_02818_,7.205
_05704_,7.205
_02247_,7.2
_02972_,7.2
_06668_,7.2
_07390_,7.2
_08431_,7.2
_11445_,7.2
_11631_,7.2
_13805_,7.2
_15548_,7.2
_16325_,7.2
_17454_,7.2
_19367_,7.2
core.data_in\[335\],7.2
core.data_out\[167\],7.2
core.data_out\[73\],7.2
_00023_,7.185
_00330_,7.185
_00414_,7.185
_00842_,7.185
_01305_,7.185
_01354_,7.185
_01291_,7.18
_01295_,7.18
_01629_,7.18
_01649_,7.18
_02639_,7.18
_02690_,7.18
_03024_,7.18
_03030_,7.18
_03281_,7.18
_03282_,7.18
_03323_,7.18
_03383_,7.18
_03384_,7.18
_03414_,7.18
_03415_,7.18
_03524_,7.18
_03535_,7.18
_03565_,7.18
_03599_,7.18
_03719_,7.18
_04054_,7.18
_04063_,7.18
_04148_,7.18
_04501_,7.18
_04592_,7.18
_04668_,7.18
_04891_,7.18
_05011_,7.18
_05019_,7.18
_05048_,7.18
_05126_,7.18
_05561_,7.18
_05593_,7.18
_05854_,7.18
_06095_,7.18
_06643_,7.18
_06691_,7.18
_06848_,7.18
_06853_,7.18
_07331_,7.18
_08134_,7.18
_08214_,7.18
_09495_,7.18
_09705_,7.18
_11794_,7.18
_11810_,7.18
_13090_,7.18
_13527_,7.18
_13997_,7.18
_14138_,7.18
_14521_,7.18
_14988_,7.18
_15099_,7.18
_15114_,7.18
_15483_,7.18
_16012_,7.18
_16021_,7.18
_16835_,7.18
_17472_,7.18
_17967_,7.18
_18994_,7.18
_19128_,7.18
_19158_,7.18
_19314_,7.18
_19411_,7.18
_19469_,7.18
_19540_,7.18
_19865_,7.18
_19929_,7.18
core.data_in\[312\],7.18
core.data_in\[362\],7.18
core.data_in\[401\],7.18
core.data_in\[402\],7.18
core.data_in\[428\],7.18
core.data_in\[50\],7.18
core.data_out\[13\],7.18
core.data_out\[232\],7.18
core.data_out\[278\],7.18
core.data_out\[358\],7.18
net1870,7.18
net2388,7.18
net2945,7.18
_04207_,7.16
_11239_,7.16
_16462_,7.16
_19142_,7.16
core.key6_reg\[20\],7.16
_00137_,7.145
_00318_,7.145
_00427_,7.145
_00552_,7.145
_00757_,7.145
_00845_,7.145
_02190_,7.145
_03169_,7.145
net382,7.145
net458,7.145
net668,7.145
net733,7.145
net777,7.145
net1007,7.145
net1013,7.145
net1142,7.145
net1152,7.145
net1430,7.145
net1744,7.145
net1841,7.145
net3346,7.145
_00030_,7.14
_00181_,7.14
_00325_,7.14
_00411_,7.14
_00511_,7.14
_00742_,7.14
_02085_,7.14
_02669_,7.14
_02886_,7.14
_02895_,7.14
_02925_,7.14
_02959_,7.14
_03237_,7.14
_03502_,7.14
_03942_,7.14
_04225_,7.14
_04371_,7.14
_04563_,7.14
_05184_,7.14
_05366_,7.14
_05413_,7.14
_05751_,7.14
_06219_,7.14
_06390_,7.14
_06404_,7.14
_06499_,7.14
_06536_,7.14
_08617_,7.14
_12032_,7.14
_14334_,7.14
_14895_,7.14
_15070_,7.14
_15995_,7.14
_17004_,7.14
_17205_,7.14
_18406_,7.14
_19531_,7.14
core.data_in\[275\],7.14
core.data_in\[284\],7.14
core.data_in\[30\],7.14
core.data_in\[98\],7.14
net245,7.14
net4452,7.14
read_data[27],7.13
read_data[3],7.13
_01460_,7.12
_01669_,7.12
_01680_,7.12
_02773_,7.12
_05647_,7.12
_11776_,7.12
_12518_,7.12
_16396_,7.12
_17985_,7.12
_18411_,7.12
_18490_,7.12
net2232,7.12
_00981_,7.105
_02111_,7.105
_03261_,7.105
_03649_,7.105
net805,7.105
net2601,7.105
net3189,7.105
_01601_,7.1
_01673_,7.1
_02224_,7.1
_02699_,7.1
_03058_,7.1
_03186_,7.1
_03289_,7.1
_03503_,7.1
_03589_,7.1
_03591_,7.1
_03744_,7.1
_03905_,7.1
_03975_,7.1
_04053_,7.1
_04120_,7.1
_04134_,7.1
_04187_,7.1
_04210_,7.1
_04220_,7.1
_04368_,7.1
_05305_,7.1
_05465_,7.1
_05684_,7.1
_06836_,7.1
_07064_,7.1
_07134_,7.1
_08927_,7.1
_09082_,7.1
_09361_,7.1
_09507_,7.1
_09856_,7.1
_11248_,7.1
_11612_,7.1
_11643_,7.1
_12040_,7.1
_12511_,7.1
_12800_,7.1
_14303_,7.1
_14867_,7.1
_14904_,7.1
_14970_,7.1
_15017_,7.1
_15635_,7.1
_15733_,7.1
_15908_,7.1
_15968_,7.1
_17022_,7.1
_17037_,7.1
_17079_,7.1
_17133_,7.1
_17137_,7.1
_17335_,7.1
_17421_,7.1
_17458_,7.1
_17506_,7.1
_17801_,7.1
_18008_,7.1
_18973_,7.1
_19003_,7.1
_19458_,7.1
_19510_,7.1
_19760_,7.1
core.data_in\[100\],7.1
core.data_out\[410\],7.1
core.state13_reg\[31\],7.1
net223,7.1
net500,7.1
net694,7.1
net1480,7.1
net1697,7.1
net1784,7.1
net1877,7.1
net1878,7.1
net1967,7.1
net2408,7.1
net2448,7.1
net2509,7.1
net2882,7.1
net3069,7.1
net3226,7.1
net3238,7.1
net3251,7.1
net3397,7.1
net3640,7.1
net3779,7.1
net3867,7.1
net3988,7.1
net4271,7.1
net4705,7.1
net4708,7.1
net4875,7.1
_03829_,7.09
_00072_,7.085
_00269_,7.085
_00290_,7.085
_00416_,7.085
_00816_,7.085
_00681_,7.08
_07568_,7.08
_07624_,7.08
core.data_out\[157\],7.08
net3175,7.08
_17965_,7.075
_17993_,7.075
_02194_,7.06
_03140_,7.06
_03856_,7.06
_04062_,7.06
_04106_,7.06
_04123_,7.06
_04190_,7.06
_04444_,7.06
_05072_,7.06
_05084_,7.06
_05086_,7.06
_05120_,7.06
_05133_,7.06
_05343_,7.06
_05374_,7.06
_06035_,7.06
_06070_,7.06
_06358_,7.06
_06772_,7.06
_06810_,7.06
_09604_,7.06
_09826_,7.06
_09833_,7.06
_10098_,7.06
_10476_,7.06
_10490_,7.06
_10735_,7.06
_11559_,7.06
_11785_,7.06
_12276_,7.06
_12881_,7.06
_13441_,7.06
_13489_,7.06
_13605_,7.06
_13738_,7.06
_13764_,7.06
_14055_,7.06
_14209_,7.06
_14446_,7.06
_14785_,7.06
_15119_,7.06
_15224_,7.06
_15421_,7.06
_15771_,7.06
_16011_,7.06
_16153_,7.06
_16244_,7.06
_16466_,7.06
_16513_,7.06
_16648_,7.06
_16725_,7.06
_17044_,7.06
_17191_,7.06
_17746_,7.06
_17850_,7.06
_17976_,7.06
_18937_,7.06
_19290_,7.06
_19297_,7.06
_19459_,7.06
_19751_,7.06
core.data_in\[256\],7.06
core.data_in_reg\[31\],7.06
core.data_out\[135\],7.06
core.data_out\[460\],7.06
core.data_out\[475\],7.06
core.key5_reg\[9\],7.06
core.state8_reg\[22\],7.06
net2452,7.06
net3696,7.06
net3754,7.06
net3767,7.06
net3935,7.06
net4044,7.06
_12289_,7.055
_00130_,7.045
_05109_,7.04
_18728_,7.04
core.key6_reg\[19\],7.04
_00434_,7.025
net1037,7.025
_01852_,7.02
_02332_,7.02
_11220_,7.02
_00209_,7.015
we,7.01
write_data[19],7.01
_02042_,7.005
_00348_,7
_00398_,7
_02163_,7
_02333_,7
_02545_,7
_02581_,7
_02640_,7
_02693_,7
_02734_,7
_06280_,7
_06322_,7
_06544_,7
_08581_,7
_09025_,7
_14557_,7
net768,7
net3053,7
net3344,7
net3828,7
_15485_,6.99
_17511_,6.99
_01088_,6.985
_00519_,6.98
_01443_,6.98
_04321_,6.98
_06793_,6.98
_07041_,6.98
_08610_,6.98
_08773_,6.98
_10268_,6.98
_10388_,6.98
_10841_,6.98
_13086_,6.98
_13304_,6.98
_13960_,6.98
_14266_,6.98
_14558_,6.98
_14672_,6.98
_14831_,6.98
_15051_,6.98
_15081_,6.98
_15090_,6.98
_15514_,6.98
_15817_,6.98
_16004_,6.98
_16770_,6.98
_17326_,6.98
_18266_,6.98
net1723,6.98
net2257,6.98
net3722,6.98
net3793,6.98
net4392,6.98
net4614,6.98
_01805_,6.975
_06952_,6.975
_00324_,6.96
_06310_,6.96
_08224_,6.96
_10142_,6.96
_12273_,6.96
_16386_,6.96
core.data_in\[117\],6.96
net3773,6.96
net4128,6.96
net4301,6.96
net4364,6.96
net4629,6.96
net4749,6.96
_04141_,6.95
_01968_,6.945
_07942_,6.94
_08597_,6.94
_11244_,6.94
_14719_,6.94
_14932_,6.94
_15745_,6.94
_16099_,6.94
_17249_,6.94
net4510,6.94
_01020_,6.925
_01103_,6.925
net259,6.925
net426,6.925
net1306,6.925
net1863,6.925
net1886,6.925
net2812,6.925
net2922,6.925
net3092,6.925
_06073_,6.92
_06228_,6.92
_08159_,6.92
net1144,6.92
net3997,6.92
_00121_,6.905
net2302,6.905
_00281_,6.9
_01537_,6.9
_01550_,6.9
_01663_,6.9
_03156_,6.9
_03218_,6.9
_08043_,6.9
_17981_,6.9
net1917,6.9
net1951,6.9
net2297,6.9
net2459,6.9
net2558,6.9
net2635,6.9
net2858,6.9
net3031,6.9
net3181,6.9
net3687,6.9
net4313,6.9
net4809,6.9
net4837,6.9
net4893,6.9
_00222_,6.895
write_data[18],6.89
_00057_,6.885
_00502_,6.885
_00863_,6.885
_01045_,6.885
_01894_,6.885
_02398_,6.885
net847,6.885
net1316,6.885
net1452,6.885
net2271,6.885
_00918_,6.88
_01472_,6.88
_01474_,6.88
_02635_,6.88
_03654_,6.88
_06024_,6.88
_10480_,6.88
_12412_,6.88
_17305_,6.88
net2370,6.88
net2410,6.88
net3475,6.88
net3646,6.88
net3671,6.88
net4085,6.88
_01374_,6.86
_01646_,6.86
_03189_,6.86
_03674_,6.86
_07736_,6.86
_08938_,6.86
_09368_,6.86
_11281_,6.86
_11460_,6.86
_16455_,6.86
_16853_,6.86
_18929_,6.86
_19148_,6.86
core.data_in\[468\],6.86
_19064_,6.855
_17690_,6.85
_07496_,6.84
_10725_,6.84
_11258_,6.84
net3559,6.84
net3676,6.84
net4183,6.84
_00190_,6.825
_03229_,6.825
_06851_,6.82
_07516_,6.82
_09063_,6.82
_11904_,6.82
_14571_,6.82
_15570_,6.82
_15831_,6.82
_17403_,6.82
_19004_,6.82
core.data_in\[216\],6.82
_00466_,6.805
net1523,6.805
net2417,6.805
net2440,6.805
_00392_,6.785
_03210_,6.785
_03307_,6.785
net2179,6.785
_02200_,6.78
_02425_,6.78
_02494_,6.78
_03049_,6.78
_04057_,6.78
_05882_,6.78
_07524_,6.78
_09007_,6.78
_09243_,6.78
_10008_,6.78
_11006_,6.78
_11533_,6.78
_12314_,6.78
_12662_,6.78
_13950_,6.78
_14624_,6.78
_14629_,6.78
_15467_,6.78
_15653_,6.78
_16445_,6.78
_16536_,6.78
_16912_,6.78
_17624_,6.78
_17921_,6.78
_19631_,6.78
core.data_in\[43\],6.78
net599,6.78
net2947,6.78
net2991,6.78
net3017,6.78
net3087,6.78
net3252,6.78
net3254,6.78
net3266,6.78
net3275,6.78
net3289,6.78
net3294,6.78
net3304,6.78
net3398,6.78
net3727,6.78
net4016,6.78
net4079,6.78
net4107,6.78
net4253,6.78
net4341,6.78
net4439,6.78
_00154_,6.765
net1189,6.765
net2839,6.765
net2959,6.765
_00170_,6.76
_00476_,6.76
_01565_,6.76
_01568_,6.76
_01652_,6.76
_01865_,6.76
_02527_,6.76
_02633_,6.76
_02667_,6.76
_02724_,6.76
_03016_,6.76
_03060_,6.76
_03141_,6.76
_03388_,6.76
_03399_,6.76
_03444_,6.76
_03673_,6.76
_03991_,6.76
_04000_,6.76
_04542_,6.76
_04648_,6.76
_05023_,6.76
_05191_,6.76
_05290_,6.76
_05380_,6.76
_05570_,6.76
_05775_,6.76
_05793_,6.76
_06480_,6.76
_06623_,6.76
_06777_,6.76
_06880_,6.76
_08008_,6.76
_08181_,6.76
_09095_,6.76
_09103_,6.76
_09379_,6.76
_09562_,6.76
_10134_,6.76
_10322_,6.76
_10499_,6.76
_10988_,6.76
_13095_,6.76
_13433_,6.76
_13863_,6.76
_14104_,6.76
_14348_,6.76
_14548_,6.76
_14950_,6.76
_14964_,6.76
_15269_,6.76
_15342_,6.76
_15510_,6.76
_15656_,6.76
_15758_,6.76
_15776_,6.76
_15865_,6.76
_15914_,6.76
_15920_,6.76
_16032_,6.76
_16232_,6.76
_16341_,6.76
_16541_,6.76
_16675_,6.76
_16939_,6.76
_17177_,6.76
_17760_,6.76
_17888_,6.76
_17941_,6.76
_18903_,6.76
_19481_,6.76
_19566_,6.76
_19627_,6.76
core.data_in\[44\],6.76
core.data_in_reg\[236\],6.76
core.data_out\[101\],6.76
core.data_out\[162\],6.76
core.data_out\[290\],6.76
core.data_out\[291\],6.76
core.data_out\[384\],6.76
core.data_out\[389\],6.76
net416,6.76
net444,6.76
net901,6.76
net2118,6.76
net2520,6.76
net2638,6.76
net3354,6.76
net3358,6.76
net3468,6.76
net3507,6.76
net3877,6.76
net3920,6.76
net4281,6.76
net4285,6.76
net4332,6.76
net4393,6.76
net4409,6.76
net4616,6.76
net4665,6.76
_07032_,6.75
_17984_,6.75
_00021_,6.745
_00035_,6.745
_00099_,6.745
_00131_,6.745
_00140_,6.745
_00141_,6.745
_00185_,6.745
_00203_,6.745
_00225_,6.745
_00347_,6.745
_00404_,6.745
_00415_,6.745
_00512_,6.745
_00608_,6.745
_00693_,6.745
_00730_,6.745
_00787_,6.745
_02339_,6.745
_02645_,6.745
_02922_,6.745
_03784_,6.745
_03544_,6.74
_07567_,6.74
_14404_,6.74
_16553_,6.74
_16751_,6.74
_17023_,6.74
_17301_,6.74
_17325_,6.74
_17605_,6.74
_00073_,6.725
_00339_,6.725
_00661_,6.725
_01131_,6.725
_02884_,6.725
_00282_,6.72
_01279_,6.72
_01441_,6.72
_01475_,6.72
_01588_,6.72
_02611_,6.72
_02674_,6.72
_02691_,6.72
_03790_,6.72
_03870_,6.72
_03878_,6.72
_04010_,6.72
_04336_,6.72
_04378_,6.72
_04616_,6.72
_04774_,6.72
_04784_,6.72
_05110_,6.72
_05139_,6.72
_05207_,6.72
_05269_,6.72
_05283_,6.72
_06092_,6.72
_06379_,6.72
_06439_,6.72
_06625_,6.72
_06813_,6.72
_06828_,6.72
_06854_,6.72
_07530_,6.72
_07717_,6.72
_10190_,6.72
_10289_,6.72
_10616_,6.72
_10707_,6.72
_10983_,6.72
_11209_,6.72
_12269_,6.72
_13946_,6.72
_14031_,6.72
_14130_,6.72
_14539_,6.72
_14865_,6.72
_14995_,6.72
_14998_,6.72
_15080_,6.72
_15131_,6.72
_15227_,6.72
_15312_,6.72
_15338_,6.72
_15361_,6.72
_15389_,6.72
_15655_,6.72
_15779_,6.72
_16242_,6.72
_16275_,6.72
_16670_,6.72
_17019_,6.72
_17155_,6.72
_17276_,6.72
_17431_,6.72
_17469_,6.72
_17872_,6.72
_17982_,6.72
_18210_,6.72
_18256_,6.72
_19110_,6.72
_19460_,6.72
_19530_,6.72
_19901_,6.72
_19960_,6.72
core.data_in\[114\],6.72
core.data_in\[494\],6.72
core.data_out\[317\],6.72
core.data_out\[94\],6.72
core.key6_reg\[6\],6.72
net291,6.72
net1200,6.72
net2315,6.72
net4416,6.72
net4763,6.72
net4895,6.72
_00703_,6.705
_02096_,6.7
_02272_,6.7
_10315_,6.7
_00075_,6.685
_00219_,6.685
_00546_,6.685
_00898_,6.685
_00903_,6.685
_00963_,6.685
_00998_,6.685
_01124_,6.685
_02057_,6.685
_02848_,6.685
_03106_,6.685
net981,6.685
net1395,6.685
net2021,6.685
net2218,6.685
_01878_,6.68
_00350_,6.66
_01498_,6.66
_01526_,6.66
_01651_,6.66
_02673_,6.66
_02712_,6.66
_02762_,6.66
_02771_,6.66
_02790_,6.66
_02896_,6.66
_02903_,6.66
_02905_,6.66
_02911_,6.66
_03404_,6.66
_04122_,6.66
_04343_,6.66
_05683_,6.66
_05970_,6.66
_06908_,6.66
_07552_,6.66
_09387_,6.66
_11470_,6.66
_14369_,6.66
_17793_,6.66
_19253_,6.66
_00509_,6.645
_00574_,6.645
_00671_,6.645
_01724_,6.645
_01956_,6.645
_02975_,6.645
net2379,6.645
_00268_,6.64
_01455_,6.64
_02310_,6.64
_02380_,6.64
_03153_,6.64
_03286_,6.64
_04219_,6.64
_04280_,6.64
_04349_,6.64
_04392_,6.64
_04939_,6.64
_04941_,6.64
_05053_,6.64
_05174_,6.64
_05262_,6.64
_05589_,6.64
_05727_,6.64
_05973_,6.64
_06163_,6.64
_06831_,6.64
_06876_,6.64
_07359_,6.64
_08329_,6.64
_09074_,6.64
_09273_,6.64
_09295_,6.64
_10453_,6.64
_10486_,6.64
_12321_,6.64
_12430_,6.64
_13171_,6.64
_13921_,6.64
_13979_,6.64
_14097_,6.64
_14216_,6.64
_14342_,6.64
_14360_,6.64
_14463_,6.64
_14885_,6.64
_14921_,6.64
_15250_,6.64
_15392_,6.64
_15462_,6.64
_15652_,6.64
_15731_,6.64
_15928_,6.64
_16022_,6.64
_16054_,6.64
_16585_,6.64
_16688_,6.64
_16794_,6.64
_17227_,6.64
_17661_,6.64
_17799_,6.64
_17810_,6.64
_17852_,6.64
_17933_,6.64
_17998_,6.64
_18932_,6.64
core.block1_ctr_reg\[31\],6.64
core.data_in_reg\[153\],6.64
core.data_out\[501\],6.64
net1818,6.64
net2323,6.64
net3139,6.64
net3256,6.64
net3510,6.64
net3700,6.64
net3827,6.64
net3873,6.64
net4082,6.64
net4608,6.64
net4617,6.64
net4848,6.64
_01098_,6.625
_04017_,6.625
_00127_,6.62
_10790_,6.62
_11060_,6.62
_11401_,6.62
_15542_,6.62
_16327_,6.62
_16827_,6.62
_17875_,6.62
core.block1_ctr_reg\[7\],6.62
_19567_,6.615
_10658_,6.61
_03447_,6.6
_03731_,6.6
_03771_,6.6
_03871_,6.6
_03943_,6.6
_04052_,6.6
_04100_,6.6
_04247_,6.6
_04295_,6.6
_04325_,6.6
_04365_,6.6
_04374_,6.6
_04450_,6.6
_04451_,6.6
_04477_,6.6
_04664_,6.6
_04723_,6.6
_04768_,6.6
_04887_,6.6
_04892_,6.6
_05168_,6.6
_05470_,6.6
_05999_,6.6
_06026_,6.6
_06626_,6.6
_06629_,6.6
_06807_,6.6
_06825_,6.6
_06891_,6.6
_06930_,6.6
_08186_,6.6
_08537_,6.6
_08995_,6.6
_09286_,6.6
_09299_,6.6
_10420_,6.6
_10903_,6.6
_10981_,6.6
_12304_,6.6
_12919_,6.6
_13135_,6.6
_13480_,6.6
_14325_,6.6
_14554_,6.6
_14755_,6.6
_14847_,6.6
_14899_,6.6
_15426_,6.6
_15606_,6.6
_15678_,6.6
_15728_,6.6
_15754_,6.6
_15909_,6.6
_16573_,6.6
_17248_,6.6
_17668_,6.6
_18281_,6.6
_18773_,6.6
_18841_,6.6
_18925_,6.6
_19255_,6.6
_19400_,6.6
_19730_,6.6
core.data_in\[429\],6.6
net2524,6.6
net3870,6.6
net4094,6.6
net4434,6.6
net4619,6.6
_00796_,6.585
_00929_,6.585
_18986_,6.585
_07157_,6.58
_07498_,6.58
_07735_,6.58
_08112_,6.58
_11591_,6.58
_03962_,6.57
_02360_,6.565
net1136,6.565
_02392_,6.56
net2105,6.56
read_data[9],6.55
_00983_,6.545
_01821_,6.545
_10259_,6.545
_00100_,6.54
_01363_,6.54
_01678_,6.54
_01804_,6.54
_02700_,6.54
_02704_,6.54
_02917_,6.54
_03339_,6.54
_04782_,6.54
_05456_,6.54
_06160_,6.54
_14890_,6.54
_16165_,6.54
_19427_,6.54
_19539_,6.54
_19674_,6.54
core.data_in\[464\],6.54
net2889,6.54
net3566,6.54
net3787,6.54
net3975,6.54
net4078,6.54
net4089,6.54
net4243,6.54
_10968_,6.53
_00764_,6.525
_00858_,6.525
_01024_,6.525
_06924_,6.52
_09259_,6.52
_09303_,6.52
_10452_,6.52
_11702_,6.52
_12634_,6.52
_13372_,6.52
_14200_,6.52
_14315_,6.52
_14544_,6.52
_14696_,6.52
_15043_,6.52
_15827_,6.52
_16060_,6.52
_16623_,6.52
_16837_,6.52
_17729_,6.52
_17916_,6.52
_18097_,6.52
_19673_,6.52
_19716_,6.52
_19795_,6.52
core.data_out\[376\],6.52
net3498,6.52
net3609,6.52
_00158_,6.5
_01076_,6.5
_06246_,6.5
_09386_,6.5
_11302_,6.5
_14818_,6.5
_16875_,6.5
net3082,6.5
net3518,6.5
net3833,6.5
net3912,6.5
net4104,6.5
net4413,6.5
net4797,6.5
_04507_,6.48
_06707_,6.48
_07072_,6.48
_07117_,6.48
_07646_,6.48
_07937_,6.48
_09758_,6.48
_11054_,6.48
_11545_,6.48
_15072_,6.48
_15674_,6.48
_15692_,6.48
_16973_,6.48
_17964_,6.48
_19719_,6.48
net2640,6.48
net3808,6.48
net4026,6.48
net4306,6.48
_00649_,6.475
_00766_,6.465
_01331_,6.465
_03398_,6.465
net237,6.465
net314,6.465
net334,6.465
net791,6.465
net1260,6.465
net1792,6.465
net1843,6.465
net1868,6.465
net1875,6.465
net1901,6.465
net2353,6.465
net2745,6.465
net2935,6.465
_06655_,6.46
net3407,6.46
net3893,6.46
net4246,6.46
read_data[0],6.45
read_data[11],6.45
_00168_,6.445
net1310,6.445
net1364,6.445
net3383,6.445
_01397_,6.44
_01548_,6.44
_01580_,6.44
_01634_,6.44
_01641_,6.44
_02768_,6.44
_02769_,6.44
_02875_,6.44
_02940_,6.44
_05894_,6.44
_08007_,6.44
_14925_,6.44
_15748_,6.44
_17038_,6.44
_17327_,6.44
net295,6.44
net524,6.44
net775,6.44
net931,6.44
net1589,6.44
net1609,6.44
net1631,6.44
net1758,6.44
net1882,6.44
net1916,6.44
net1927,6.44
net1939,6.44
net2013,6.44
net2049,6.44
net2068,6.44
net2076,6.44
net2127,6.44
net2171,6.44
net2180,6.44
net2280,6.44
net2283,6.44
net2403,6.44
net2500,6.44
net2510,6.44
net2525,6.44
net2531,6.44
net2543,6.44
net2559,6.44
net2571,6.44
net2580,6.44
net2589,6.44
net2590,6.44
net2659,6.44
net2673,6.44
net2683,6.44
net2703,6.44
net2727,6.44
net2739,6.44
net2743,6.44
net2933,6.44
net3108,6.44
net3114,6.44
net3135,6.44
net3217,6.44
net3237,6.44
net3271,6.44
net3285,6.44
net3288,6.44
net3302,6.44
net3308,6.44
net3315,6.44
net3318,6.44
net3375,6.44
net3417,6.44
net3433,6.44
net3443,6.44
net3454,6.44
net3465,6.44
net3493,6.44
net3667,6.44
net3718,6.44
net3742,6.44
net3814,6.44
net3918,6.44
net3940,6.44
net3949,6.44
net4060,6.44
net4118,6.44
net4228,6.44
net4230,6.44
net4300,6.44
net4359,6.44
net4431,6.44
net4597,6.44
net4696,6.44
net4718,6.44
_00198_,6.425
_01202_,6.425
_02173_,6.425
net1132,6.425
net2023,6.425
net2318,6.425
net2870,6.425
_00343_,6.42
_07514_,6.42
_07550_,6.42
_09930_,6.42
_12804_,6.42
_15087_,6.42
core.data_out\[417\],6.42
data_out_valid_reg,6.42
net2204,6.42
net4865,6.42
_05466_,6.4
_08655_,6.4
_09077_,6.4
_09401_,6.4
_09460_,6.4
_09504_,6.4
_12503_,6.4
_15282_,6.4
_16897_,6.4
_17160_,6.4
_17298_,6.4
_17954_,6.4
_19135_,6.4
net4162,6.4
net4194,6.4
_03638_,6.395
_17579_,6.39
_01228_,6.385
_08074_,6.38
_08242_,6.38
_09424_,6.38
_12495_,6.38
_17666_,6.38
_17920_,6.38
net2401,6.38
net3564,6.38
net4887,6.38
_00116_,6.365
_00338_,6.365
_00363_,6.365
_00478_,6.365
_00680_,6.365
_01211_,6.365
_02530_,6.36
_08505_,6.36
_08805_,6.36
_09206_,6.36
_11097_,6.36
_11253_,6.36
_17755_,6.36
_19430_,6.36
_00518_,6.355
_10892_,6.355
_00457_,6.345
net520,6.345
net554,6.345
net1426,6.345
net1454,6.345
net3242,6.345
_00657_,6.325
_02201_,6.32
_02269_,6.32
_02514_,6.32
_02519_,6.32
_02602_,6.32
_02760_,6.32
_02951_,6.32
_03243_,6.32
_04810_,6.32
_04838_,6.32
_04934_,6.32
_05256_,6.32
_05933_,6.32
_06002_,6.32
_09441_,6.32
_11977_,6.32
_12063_,6.32
_12192_,6.32
_12462_,6.32
_13078_,6.32
_13099_,6.32
_15000_,6.32
_16774_,6.32
_16922_,6.32
_17121_,6.32
_17189_,6.32
_18985_,6.32
_19147_,6.32
_19900_,6.32
net779,6.305
net1619,6.305
net2916,6.305
net3084,6.305
_00668_,6.3
_01240_,6.3
_01371_,6.3
_01463_,6.3
_01642_,6.3
_01705_,6.3
_01718_,6.3
_02110_,6.3
_02231_,6.3
_02298_,6.3
_02556_,6.3
_02676_,6.3
_03004_,6.3
_03010_,6.3
_03225_,6.3
_03446_,6.3
_03449_,6.3
_03471_,6.3
_04081_,6.3
_04224_,6.3
_04265_,6.3
_04566_,6.3
_04584_,6.3
_05026_,6.3
_05373_,6.3
_06113_,6.3
_06786_,6.3
_06792_,6.3
_06855_,6.3
_07921_,6.3
_07981_,6.3
_08210_,6.3
_08737_,6.3
_09629_,6.3
_09650_,6.3
_09747_,6.3
_09953_,6.3
_11330_,6.3
_11375_,6.3
_11425_,6.3
_11435_,6.3
_11754_,6.3
_12626_,6.3
_12957_,6.3
_13317_,6.3
_13649_,6.3
_14087_,6.3
_14206_,6.3
_14224_,6.3
_14481_,6.3
_14505_,6.3
_14736_,6.3
_14989_,6.3
_15276_,6.3
_15328_,6.3
_15712_,6.3
_15755_,6.3
_16166_,6.3
_16211_,6.3
_16356_,6.3
_16476_,6.3
_16659_,6.3
_16811_,6.3
_17357_,6.3
_17696_,6.3
_17879_,6.3
_18857_,6.3
_19045_,6.3
_19332_,6.3
_19916_,6.3
core.data_in\[170\],6.3
core.data_in\[369\],6.3
core.data_in\[493\],6.3
core.data_in_reg\[307\],6.3
core.data_in_reg\[53\],6.3
core.data_out\[165\],6.3
core.data_out\[193\],6.3
core.data_out\[208\],6.3
core.data_out\[286\],6.3
core.data_out\[404\],6.3
core.data_out\[422\],6.3
core.data_out\[428\],6.3
core.data_out\[489\],6.3
core.data_out\[508\],6.3
core.data_out\[79\],6.3
core.data_out\[96\],6.3
net277,6.3
net1131,6.3
net1839,6.3
net2307,6.3
net3163,6.3
net3168,6.3
net3374,6.3
net3524,6.3
net3885,6.3
net4756,6.3
_01858_,6.285
_01900_,6.285
_02344_,6.285
_02354_,6.285
_02397_,6.285
_01431_,6.28
_04429_,6.28
_05803_,6.28
_06507_,6.28
_07790_,6.28
_07849_,6.28
_08349_,6.28
_08759_,6.28
_09320_,6.28
_09741_,6.28
_11600_,6.28
core.data_in\[220\],6.28
_00996_,6.265
_01181_,6.265
_01896_,6.265
_01248_,6.26
_01276_,6.26
_02576_,6.26
_02624_,6.26
_02657_,6.26
_02658_,6.26
_03155_,6.26
_03167_,6.26
_03184_,6.26
_03245_,6.26
_03379_,6.26
_03417_,6.26
_03437_,6.26
_03522_,6.26
_03735_,6.26
_03837_,6.26
_03838_,6.26
_03855_,6.26
_03873_,6.26
_03880_,6.26
_03992_,6.26
_04121_,6.26
_04151_,6.26
_04178_,6.26
_04241_,6.26
_04478_,6.26
_04598_,6.26
_04607_,6.26
_04904_,6.26
_05270_,6.26
_05808_,6.26
_06251_,6.26
_06319_,6.26
_06494_,6.26
_07661_,6.26
_07676_,6.26
_07833_,6.26
_07959_,6.26
_07998_,6.26
_09775_,6.26
_09992_,6.26
_11489_,6.26
_11753_,6.26
_11849_,6.26
_11999_,6.26
_13028_,6.26
_13234_,6.26
_13828_,6.26
_14046_,6.26
_14575_,6.26
_14819_,6.26
_14850_,6.26
_14916_,6.26
_15231_,6.26
_15334_,6.26
_15430_,6.26
_15434_,6.26
_15439_,6.26
_15479_,6.26
_15614_,6.26
_15701_,6.26
_15752_,6.26
_15836_,6.26
_15888_,6.26
_15947_,6.26
_16501_,6.26
_16552_,6.26
_16616_,6.26
_16638_,6.26
_16752_,6.26
_17116_,6.26
_17170_,6.26
_17475_,6.26
_17585_,6.26
_18004_,6.26
_18037_,6.26
_18445_,6.26
_18920_,6.26
_18946_,6.26
_19029_,6.26
_19088_,6.26
_19167_,6.26
_19278_,6.26
_19780_,6.26
_19862_,6.26
core.data_in\[152\],6.26
core.data_in\[313\],6.26
core.data_in\[507\],6.26
core.data_in\[52\],6.26
core.data_in_reg\[224\],6.26
core.data_out\[19\],6.26
core.data_out\[51\],6.26
net510,6.26
net2310,6.26
net3386,6.26
net4145,6.26
_00287_,6.245
_05776_,6.245
_01204_,6.24
_05295_,6.24
_11327_,6.24
_12728_,6.24
_04048_,6.23
_05795_,6.23
_19569_,6.23
_00402_,6.225
_00507_,6.225
_00538_,6.225
_00584_,6.225
_00979_,6.225
_01048_,6.225
_01056_,6.225
_01227_,6.225
_01985_,6.225
_02074_,6.225
_02350_,6.225
_02368_,6.225
_02755_,6.225
_03268_,6.225
net209,6.225
net235,6.225
net578,6.225
net720,6.225
net925,6.225
net961,6.225
net1079,6.225
net1091,6.225
net1314,6.225
net1320,6.225
net1525,6.225
net1601,6.225
net1611,6.225
net1654,6.225
net2115,6.225
net2155,6.225
net2199,6.225
net2512,6.225
net2515,6.225
net3041,6.225
net3257,6.225
net3323,6.225
_02331_,6.22
core.data_out\[360\],6.22
read_data[17],6.21
read_data[28],6.21
net402,6.205
_01157_,6.2
_01366_,6.2
_01462_,6.2
_01468_,6.2
_01470_,6.2
_01473_,6.2
_01653_,6.2
_01664_,6.2
_02618_,6.2
_02684_,6.2
_02780_,6.2
_02828_,6.2
_02830_,6.2
_02858_,6.2
_02861_,6.2
_02873_,6.2
_02890_,6.2
_02927_,6.2
_02954_,6.2
_02956_,6.2
_03011_,6.2
_03039_,6.2
_03061_,6.2
_03102_,6.2
_03168_,6.2
_03231_,6.2
_03327_,6.2
_03421_,6.2
_03422_,6.2
_03431_,6.2
_03874_,6.2
_04626_,6.2
_05106_,6.2
_06118_,6.2
_06711_,6.2
_06871_,6.2
_13165_,6.2
_13719_,6.2
_13961_,6.2
_14353_,6.2
_17288_,6.2
_18306_,6.2
_18391_,6.2
_19000_,6.2
_19013_,6.2
_19841_,6.2
net4470,6.2
_03925_,6.195
_00235_,6.185
_00689_,6.185
_00773_,6.185
_02112_,6.185
net1512,6.185
net3886,6.185
_02212_,6.18
_03666_,6.18
_04227_,6.18
_04262_,6.18
_04596_,6.18
_04665_,6.18
_04766_,6.18
_04773_,6.18
_04910_,6.18
_04985_,6.18
_05027_,6.18
_05043_,6.18
_05119_,6.18
_05799_,6.18
_06061_,6.18
_06814_,6.18
_07343_,6.18
_07597_,6.18
_07658_,6.18
_08013_,6.18
_08557_,6.18
_09067_,6.18
_09111_,6.18
_09440_,6.18
_10397_,6.18
_10425_,6.18
_10437_,6.18
_12490_,6.18
_13316_,6.18
_13338_,6.18
_13868_,6.18
_14066_,6.18
_14075_,6.18
_14341_,6.18
_14417_,6.18
_14578_,6.18
_14763_,6.18
_15115_,6.18
_15173_,6.18
_15188_,6.18
_15915_,6.18
_15919_,6.18
_16086_,6.18
_17398_,6.18
_17778_,6.18
_17987_,6.18
_19077_,6.18
_19276_,6.18
_19288_,6.18
core.data_in_reg\[252\],6.18
core.data_out\[253\],6.18
core.data_out\[505\],6.18
net1052,6.18
net2477,6.18
net2487,6.18
net3307,6.18
net3529,6.18
net3678,6.18
net4178,6.18
net4239,6.18
net4329,6.18
net4370,6.18
net4386,6.18
net4479,6.18
net4609,6.18
_13300_,6.175
_03889_,6.17
_01308_,6.165
_01808_,6.165
_01069_,6.16
_07229_,6.16
_08147_,6.16
_14561_,6.16
_17476_,6.16
_17788_,6.16
_18228_,6.16
core.data_out\[209\],6.16
_00262_,6.145
_01246_,6.14
_01265_,6.14
_01449_,6.14
_01643_,6.14
_02314_,6.14
_02547_,6.14
_03763_,6.14
_03833_,6.14
_03843_,6.14
_03847_,6.14
_03984_,6.14
_04058_,6.14
_04150_,6.14
_04242_,6.14
_04252_,6.14
_04293_,6.14
_04564_,6.14
_04569_,6.14
_04610_,6.14
_04652_,6.14
_04746_,6.14
_04970_,6.14
_05049_,6.14
_05116_,6.14
_05179_,6.14
_05211_,6.14
_05275_,6.14
_05735_,6.14
_06051_,6.14
_06054_,6.14
_06633_,6.14
_06714_,6.14
_06774_,6.14
_06805_,6.14
_07490_,6.14
_07749_,6.14
_07756_,6.14
_07928_,6.14
_07966_,6.14
_08848_,6.14
_09801_,6.14
_10302_,6.14
_10592_,6.14
_10887_,6.14
_11271_,6.14
_11582_,6.14
_11686_,6.14
_11770_,6.14
_12173_,6.14
_12250_,6.14
_12664_,6.14
_12754_,6.14
_13222_,6.14
_13582_,6.14
_13808_,6.14
_14191_,6.14
_14458_,6.14
_14593_,6.14
_14614_,6.14
_14953_,6.14
_15217_,6.14
_15256_,6.14
_15257_,6.14
_15321_,6.14
_15374_,6.14
_15466_,6.14
_15972_,6.14
_16116_,6.14
_16364_,6.14
_16469_,6.14
_16477_,6.14
_16796_,6.14
_18756_,6.14
_18939_,6.14
_19130_,6.14
_19173_,6.14
_19306_,6.14
_19336_,6.14
_19490_,6.14
_19698_,6.14
_19729_,6.14
_19737_,6.14
_19790_,6.14
_19824_,6.14
_19868_,6.14
core.block0_ctr_reg\[0\],6.14
core.data_in\[304\],6.14
core.data_in_reg\[488\],6.14
core.data_out\[284\],6.14
core.data_out\[319\],6.14
core.key6_reg\[11\],6.14
net3352,6.14
net3604,6.14
net3831,6.14
net3894,6.14
net3984,6.14
net4204,6.14
net4283,6.14
net4460,6.14
net4590,6.14
net4816,6.14
_01809_,6.125
_02666_,6.12
_05257_,6.12
_13974_,6.12
_19208_,6.11
_00115_,6.105
_00465_,6.105
_00847_,6.105
_00901_,6.105
_02126_,6.105
_02362_,6.105
_02402_,6.105
_03371_,6.105
net352,6.105
net789,6.105
net875,6.105
net963,6.105
net1001,6.105
net1344,6.105
net1440,6.105
net1456,6.105
net2037,6.105
net2632,6.105
net2667,6.105
net3267,6.105
net3390,6.105
_03632_,6.1
_19274_,6.09
_00479_,6.08
_01080_,6.08
_03028_,6.08
_03618_,6.08
_03721_,6.08
_03727_,6.08
_03993_,6.08
_04788_,6.08
_05525_,6.08
_05678_,6.08
_06080_,6.08
_07683_,6.08
_10463_,6.08
_10647_,6.08
_12340_,6.08
_13120_,6.08
_15218_,6.08
_17682_,6.08
_19095_,6.08
_19329_,6.08
_19711_,6.08
_19954_,6.08
net999,6.08
net3816,6.08
net3872,6.08
net4041,6.08
net4260,6.08
net4273,6.08
net4335,6.08
net4338,6.08
net4394,6.08
_03923_,6.075
core.data_out\[219\],6.075
_00802_,6.065
_01335_,6.065
_02037_,6.065
_02452_,6.065
_02498_,6.06
_03213_,6.06
_03898_,6.06
_04463_,6.06
_11187_,6.06
_11340_,6.06
_11550_,6.06
_11579_,6.06
_15331_,6.06
_16365_,6.06
_16507_,6.06
_16561_,6.06
_17835_,6.06
_17867_,6.06
_18339_,6.06
_18601_,6.06
_18736_,6.06
core.data_in_reg\[215\],6.06
net2694,6.06
net3380,6.06
net3577,6.06
net3732,6.06
net3934,6.06
net4870,6.06
_00027_,6.04
_00047_,6.04
_00540_,6.04
_00849_,6.04
_01046_,6.04
_01701_,6.04
_02363_,6.04
_02617_,6.04
_06424_,6.04
_09329_,6.04
_11293_,6.04
_12689_,6.04
_16376_,6.04
core.data_in_reg\[454\],6.04
net3799,6.04
net3901,6.04
net3921,6.04
net4116,6.04
_02161_,6.035
_04367_,6.02
_07466_,6.02
_07476_,6.02
_08687_,6.02
_10297_,6.02
_15199_,6.02
_16506_,6.02
_17641_,6.02
net1382,6.02
_00435_,6.015
_17517_,6.015
_19791_,6.015
_00577_,6.005
_00993_,6.005
_01190_,6.005
_02906_,6.005
net263,6.005
net440,6.005
net558,6.005
net638,6.005
net650,6.005
net716,6.005
net885,6.005
net1562,6.005
net1578,6.005
net1585,6.005
net1865,6.005
net2742,6.005
net2856,6.005
_00104_,5.995
_00956_,5.985
net2507,5.985
_01382_,5.98
_01605_,5.98
_01618_,5.98
_02623_,5.98
_02647_,5.98
_02870_,5.98
_02978_,5.98
_03005_,5.98
_03019_,5.98
_03025_,5.98
_03050_,5.98
_03389_,5.98
_08583_,5.98
_11595_,5.98
_14218_,5.98
_15350_,5.98
_17080_,5.98
_17101_,5.98
_17130_,5.98
_17304_,5.98
_17999_,5.98
net3750,5.98
net3853,5.98
net4099,5.98
net4134,5.98
net4640,5.98
_03920_,5.975
_00251_,5.965
_00572_,5.965
_00942_,5.965
_01813_,5.965
_02594_,5.965
net366,5.965
net418,5.965
net488,5.965
net749,5.965
net1156,5.965
net1376,5.965
net1531,5.965
net1683,5.965
net2495,5.965
net3148,5.965
_00147_,5.96
_00213_,5.96
_00236_,5.96
_02371_,5.96
_08052_,5.96
_08670_,5.96
_10439_,5.96
_11610_,5.96
_14543_,5.96
_17940_,5.96
_18497_,5.96
net1857,5.96
net2031,5.96
_13237_,5.955
net3172,5.945
_02280_,5.94
_02303_,5.94
_04806_,5.94
_05433_,5.94
_09201_,5.94
_09936_,5.94
_10195_,5.94
_10495_,5.94
_11075_,5.94
_11515_,5.94
_11651_,5.94
_14080_,5.94
_15232_,5.94
_15579_,5.94
_16046_,5.94
core.state10_reg\[31\],5.94
_00896_,5.925
_01144_,5.925
_01180_,5.925
_01210_,5.925
_01731_,5.925
_03652_,5.925
_05849_,5.92
_09250_,5.92
_11480_,5.92
net2681,5.92
net4670,5.92
net4857,5.92
_00453_,5.905
_00488_,5.905
_01038_,5.905
_03978_,5.9
_04973_,5.9
_08058_,5.9
_09230_,5.9
_10235_,5.9
core.block1_ctr_reg\[13\],5.9
net4206,5.9
_01146_,5.895
_02051_,5.895
_19706_,5.89
_00396_,5.885
net287,5.885
net466,5.885
net909,5.885
net1502,5.885
net1737,5.885
net2027,5.885
net2814,5.885
net3112,5.885
read_data[13],5.87
_00179_,5.865
_00510_,5.865
_01770_,5.865
_02045_,5.865
_02082_,5.865
_02128_,5.865
net251,5.865
net324,5.865
net680,5.865
net867,5.865
_01400_,5.86
_01410_,5.86
_01426_,5.86
_01438_,5.86
_01451_,5.86
_01522_,5.86
_01589_,5.86
_01616_,5.86
_02614_,5.86
_02682_,5.86
_02705_,5.86
_02713_,5.86
_02728_,5.86
_02914_,5.86
_03188_,5.86
_03391_,5.86
_03412_,5.86
_03678_,5.86
_03716_,5.86
_03895_,5.86
_03952_,5.86
_04064_,5.86
_04439_,5.86
_05351_,5.86
_05370_,5.86
_05434_,5.86
_05754_,5.86
_05830_,5.86
_05905_,5.86
_06637_,5.86
_07637_,5.86
_08296_,5.86
_08572_,5.86
_09279_,5.86
_09346_,5.86
_09466_,5.86
_09483_,5.86
_09704_,5.86
_10059_,5.86
_10102_,5.86
_10547_,5.86
_10606_,5.86
_10610_,5.86
_11294_,5.86
_11779_,5.86
_13034_,5.86
_13348_,5.86
_13654_,5.86
_13726_,5.86
_13748_,5.86
_14160_,5.86
_14408_,5.86
_14717_,5.86
_14930_,5.86
_15651_,5.86
_16148_,5.86
_16171_,5.86
_16465_,5.86
_16916_,5.86
_17221_,5.86
_17652_,5.86
_17672_,5.86
_17725_,5.86
_17745_,5.86
_19060_,5.86
_19156_,5.86
_19341_,5.86
_19463_,5.86
_19500_,5.86
_19579_,5.86
_19656_,5.86
core.data_out\[482\],5.86
net1478,5.845
net1593,5.845
_00489_,5.84
_01315_,5.84
_01370_,5.84
_01404_,5.84
_01520_,5.84
_01533_,5.84
_01590_,5.84
_01647_,5.84
_01648_,5.84
_01979_,5.84
_02176_,5.84
_02225_,5.84
_02288_,5.84
_02293_,5.84
_02447_,5.84
_02479_,5.84
_02503_,5.84
_02588_,5.84
_02926_,5.84
_02953_,5.84
_02989_,5.84
_03002_,5.84
_03117_,5.84
_03163_,5.84
_03182_,5.84
_03228_,5.84
_03314_,5.84
_03347_,5.84
_03497_,5.84
_03579_,5.84
_03772_,5.84
_03846_,5.84
_04396_,5.84
_04464_,5.84
_04538_,5.84
_04687_,5.84
_04724_,5.84
_04742_,5.84
_04759_,5.84
_04850_,5.84
_05271_,5.84
_05494_,5.84
_05860_,5.84
_05898_,5.84
_05961_,5.84
_06700_,5.84
_08117_,5.84
_08404_,5.84
_08464_,5.84
_09081_,5.84
_10013_,5.84
_11444_,5.84
_11552_,5.84
_11895_,5.84
_12131_,5.84
_12297_,5.84
_12696_,5.84
_12905_,5.84
_13709_,5.84
_13983_,5.84
_14065_,5.84
_14109_,5.84
_14117_,5.84
_14374_,5.84
_15200_,5.84
_15481_,5.84
_15512_,5.84
_15970_,5.84
_16025_,5.84
_16236_,5.84
_16532_,5.84
_16546_,5.84
_16727_,5.84
_16735_,5.84
_16866_,5.84
_17391_,5.84
_17393_,5.84
_17428_,5.84
_17754_,5.84
_17877_,5.84
_17986_,5.84
_19115_,5.84
_19122_,5.84
_19495_,5.84
_19788_,5.84
core.block1_ctr_reg\[4\],5.84
core.data_in\[104\],5.84
core.data_in\[444\],5.84
core.data_in_reg\[121\],5.84
core.data_in_reg\[173\],5.84
core.data_in_reg\[269\],5.84
core.data_in_reg\[473\],5.84
core.data_in_reg\[79\],5.84
core.data_out\[292\],5.84
core.data_out\[301\],5.84
core.data_out\[306\],5.84
core.data_out\[355\],5.84
core.data_out\[374\],5.84
core.data_out\[474\],5.84
core.data_out\[88\],5.84
core.state11_reg\[30\],5.84
net1041,5.84
net1229,5.84
net1838,5.84
net2330,5.84
net3138,5.84
net3243,5.84
net3361,5.84
net4024,5.84
net4122,5.84
net4846,5.84
net4880,5.84
_01230_,5.835
_13438_,5.835
_17491_,5.83
_02335_,5.825
_02400_,5.825
_05886_,5.82
_06111_,5.82
_06677_,5.82
_06894_,5.82
_08502_,5.82
_13973_,5.82
_15302_,5.82
_15669_,5.82
_16064_,5.82
_16114_,5.82
_17846_,5.82
core.data_out\[294\],5.82
_00111_,5.805
_00217_,5.805
_00291_,5.805
_00355_,5.805
_00449_,5.805
_00614_,5.805
_00648_,5.805
_01307_,5.805
_09630_,5.805
net2469,5.805
_01169_,5.8
_01281_,5.8
_01628_,5.8
_02180_,5.8
_02193_,5.8
_02243_,5.8
_02473_,5.8
_02532_,5.8
_02546_,5.8
_02551_,5.8
_02677_,5.8
_02850_,5.8
_02897_,5.8
_03159_,5.8
_03162_,5.8
_03187_,5.8
_03199_,5.8
_03352_,5.8
_03408_,5.8
_03507_,5.8
_03572_,5.8
_03768_,5.8
_03815_,5.8
_03883_,5.8
_03887_,5.8
_03921_,5.8
_03964_,5.8
_03983_,5.8
_04035_,5.8
_04156_,5.8
_04221_,5.8
_04411_,5.8
_04457_,5.8
_04469_,5.8
_04736_,5.8
_04846_,5.8
_04894_,5.8
_04913_,5.8
_04998_,5.8
_05042_,5.8
_05353_,5.8
_05391_,5.8
_05500_,5.8
_05580_,5.8
_05583_,5.8
_05783_,5.8
_05995_,5.8
_06053_,5.8
_06085_,5.8
_06167_,5.8
_06254_,5.8
_06682_,5.8
_06708_,5.8
_06838_,5.8
_06887_,5.8
_06931_,5.8
_08457_,5.8
_08534_,5.8
_08800_,5.8
_09262_,5.8
_09838_,5.8
_10305_,5.8
_10551_,5.8
_10600_,5.8
_10752_,5.8
_11211_,5.8
_11513_,5.8
_11993_,5.8
_12695_,5.8
_14159_,5.8
_14284_,5.8
_14471_,5.8
_14879_,5.8
_15002_,5.8
_15258_,5.8
_15393_,5.8
_15515_,5.8
_15526_,5.8
_15859_,5.8
_16000_,5.8
_16589_,5.8
_16658_,5.8
_17465_,5.8
_17779_,5.8
_17995_,5.8
_18053_,5.8
_18700_,5.8
_19036_,5.8
_19221_,5.8
_19436_,5.8
_19550_,5.8
_19609_,5.8
_19700_,5.8
_19725_,5.8
_19833_,5.8
_19888_,5.8
_19902_,5.8
_19915_,5.8
_19941_,5.8
core.data_in\[179\],5.8
core.data_in\[180\],5.8
core.data_in\[267\],5.8
core.data_in\[311\],5.8
core.data_in\[500\],5.8
core.data_in\[97\],5.8
core.data_out\[0\],5.8
core.data_out\[160\],5.8
core.data_out\[332\],5.8
core.data_out\[98\],5.8
net243,5.8
net1378,5.8
net2290,5.8
net4496,5.8
net4570,5.8
_02731_,5.78
_06016_,5.78
_10573_,5.78
read_data[2],5.77
_00063_,5.765
_00098_,5.765
_00102_,5.765
_00218_,5.765
_00315_,5.765
_00482_,5.765
_00521_,5.765
_00745_,5.765
_00752_,5.765
_00769_,5.765
_00906_,5.765
_01047_,5.765
_01070_,5.765
_01205_,5.765
_01350_,5.765
_01953_,5.765
_02119_,5.765
_03380_,5.765
_03457_,5.765
net412,5.765
net454,5.765
net552,5.765
net603,5.765
net831,5.765
net1166,5.765
net1181,5.765
net1391,5.765
net1409,5.765
net1566,5.765
net1673,5.765
net1807,5.765
net1908,5.765
net1962,5.765
net1970,5.765
net1986,5.765
net2173,5.765
net2265,5.765
net2298,5.765
net2698,5.765
net2819,5.765
net2971,5.765
net3225,5.765
net3296,5.765
net3789,5.765
net4747,5.765
_04713_,5.75
_00865_,5.74
_01274_,5.74
_01284_,5.74
_01285_,5.74
_01292_,5.74
_01512_,5.74
_02302_,5.74
_03781_,5.74
_03926_,5.74
_04329_,5.74
_04434_,5.74
_04530_,5.74
_04882_,5.74
_04950_,5.74
_05055_,5.74
_06661_,5.74
_07892_,5.74
_09172_,5.74
_11855_,5.74
_12310_,5.74
_12666_,5.74
_13878_,5.74
_14715_,5.74
_16704_,5.74
_16757_,5.74
_17295_,5.74
_17565_,5.74
_19242_,5.74
_19337_,5.74
_19467_,5.74
_19527_,5.74
_19615_,5.74
_19771_,5.74
_19782_,5.74
core.data_out\[155\],5.74
_18687_,5.73
_00676_,5.725
_01946_,5.725
_02102_,5.725
_03170_,5.725
_01324_,5.72
_01598_,5.72
_01869_,5.72
_02265_,5.72
_02281_,5.72
_03605_,5.72
_04076_,5.72
_04165_,5.72
_04191_,5.72
_04560_,5.72
_04681_,5.72
_04801_,5.72
_04926_,5.72
_05143_,5.72
_05145_,5.72
_05205_,5.72
_05212_,5.72
_05437_,5.72
_06734_,5.72
_06768_,5.72
_07357_,5.72
_07679_,5.72
_07720_,5.72
_07779_,5.72
_08029_,5.72
_08281_,5.72
_09134_,5.72
_09567_,5.72
_09655_,5.72
_09787_,5.72
_10228_,5.72
_11228_,5.72
_11315_,5.72
_11565_,5.72
_11865_,5.72
_12258_,5.72
_12823_,5.72
_14111_,5.72
_14735_,5.72
_15162_,5.72
_15265_,5.72
_15455_,5.72
_15735_,5.72
_15809_,5.72
_16158_,5.72
_16280_,5.72
_16414_,5.72
_16556_,5.72
_16607_,5.72
_16676_,5.72
_16894_,5.72
_17109_,5.72
_17238_,5.72
_17569_,5.72
_17642_,5.72
_17930_,5.72
_17971_,5.72
_18949_,5.72
_19096_,5.72
_19395_,5.72
_19414_,5.72
_19439_,5.72
_19956_,5.72
core.data_out\[392\],5.72
core.data_out\[456\],5.72
net835,5.72
net849,5.72
net1211,5.72
net1677,5.72
net1809,5.72
net1835,5.72
net2168,5.72
net2252,5.72
net2355,5.72
net2830,5.72
net2918,5.72
net3273,5.72
net3691,5.72
net3905,5.72
net4006,5.72
net4067,5.72
net4464,5.72
net4512,5.72
net4652,5.72
net4685,5.72
net4822,5.72
net4839,5.72
net4888,5.72
_19386_,5.715
_03780_,5.71
_18922_,5.71
_18960_,5.71
_00069_,5.7
_00221_,5.7
_02006_,5.7
_02294_,5.7
_03103_,5.7
_03202_,5.7
_17123_,5.7
_17712_,5.7
_02230_,5.68
_02306_,5.68
_02522_,5.68
_03499_,5.68
_03765_,5.68
_03794_,5.68
_03879_,5.68
_04105_,5.68
_04164_,5.68
_04194_,5.68
_04214_,5.68
_04236_,5.68
_04281_,5.68
_04341_,5.68
_04379_,5.68
_04549_,5.68
_04595_,5.68
_04617_,5.68
_04627_,5.68
_04671_,5.68
_04951_,5.68
_04992_,5.68
_05004_,5.68
_05259_,5.68
_05282_,5.68
_05418_,5.68
_05461_,5.68
_05595_,5.68
_05908_,5.68
_05939_,5.68
_05962_,5.68
_06007_,5.68
_06090_,5.68
_06096_,5.68
_06112_,5.68
_06273_,5.68
_06616_,5.68
_06716_,5.68
_06788_,5.68
_06879_,5.68
_06911_,5.68
_08127_,5.68
_08269_,5.68
_08271_,5.68
_09257_,5.68
_09901_,5.68
_10140_,5.68
_10249_,5.68
_10516_,5.68
_11308_,5.68
_12081_,5.68
_12143_,5.68
_12168_,5.68
_12240_,5.68
_12534_,5.68
_14082_,5.68
_14373_,5.68
_15148_,5.68
_15189_,5.68
_15211_,5.68
_15320_,5.68
_15725_,5.68
_16167_,5.68
_17461_,5.68
_17838_,5.68
_17975_,5.68
_18020_,5.68
_18056_,5.68
_18923_,5.68
_19010_,5.68
_19140_,5.68
_19267_,5.68
_19302_,5.68
_19379_,5.68
_19382_,5.68
_19496_,5.68
_19718_,5.68
_19794_,5.68
_19806_,5.68
_19848_,5.68
_19857_,5.68
_19864_,5.68
core.data_in_reg\[462\],5.68
core.data_in_reg\[491\],5.68
core.data_out\[250\],5.68
core.data_out\[86\],5.68
core.data_out\[89\],5.68
net2209,5.68
net3152,5.68
net3421,5.68
net3693,5.68
net3782,5.68
net4028,5.68
_02062_,5.675
_19269_,5.675
_00211_,5.645
_01859_,5.645
net362,5.645
net989,5.645
net1282,5.645
net1350,5.645
net1541,5.645
net1627,5.645
net1832,5.645
net2064,5.645
net2366,5.645
net2622,5.645
net2751,5.645
net2941,5.645
net3046,5.645
net3317,5.645
net3426,5.645
net3970,5.645
_00861_,5.64
_00977_,5.64
_01779_,5.64
_01950_,5.64
_02028_,5.64
_02029_,5.64
_02152_,5.64
_03643_,5.64
_15488_,5.64
_10706_,5.625
_00092_,5.62
_00207_,5.62
_00210_,5.62
_00308_,5.62
_00362_,5.62
_00371_,5.62
_00388_,5.62
_00562_,5.62
_00628_,5.62
_00666_,5.62
_00711_,5.62
_00954_,5.62
_00961_,5.62
_01041_,5.62
_01824_,5.62
_02127_,5.62
_02616_,5.62
_02860_,5.62
_03619_,5.62
_06427_,5.62
_06620_,5.62
_08064_,5.62
_10465_,5.62
_12418_,5.62
_19251_,5.62
_19849_,5.62
net3442,5.62
net3542,5.62
net3611,5.62
net3654,5.62
net3895,5.62
net3925,5.62
net4135,5.62
net4336,5.62
net4523,5.62
net4535,5.62
net4645,5.62
net4750,5.62
_18943_,5.615
_19028_,5.61
_00740_,5.605
_01980_,5.605
_02136_,5.605
_03044_,5.6
_03882_,5.6
_05033_,5.6
_05102_,5.6
_06055_,5.6
_06127_,5.6
_08964_,5.6
_10634_,5.6
_11348_,5.6
_14804_,5.6
_15159_,5.6
_16437_,5.6
_18148_,5.6
_19042_,5.6
net3180,5.6
net4047,5.6
_00335_,5.58
_00508_,5.58
_01763_,5.58
_02334_,5.58
_02751_,5.58
_03426_,5.58
_12238_,5.58
_16603_,5.58
core.block0_ctr_reg\[29\],5.58
net4828,5.58
_04200_,5.56
_04435_,5.56
_04449_,5.56
_08811_,5.56
_09265_,5.56
_09938_,5.56
_10488_,5.56
_11123_,5.56
_11462_,5.56
_19304_,5.56
net3992,5.56
_01008_,5.555
_01130_,5.555
_01723_,5.555
_02015_,5.555
_03107_,5.555
_00017_,5.545
_00578_,5.545
_00646_,5.545
_00733_,5.545
_00754_,5.545
_02156_,5.545
_02351_,5.545
_03338_,5.545
_03561_,5.545
net211,5.545
net221,5.545
net338,5.545
net388,5.545
net518,5.545
net611,5.545
net626,5.545
net664,5.545
net815,5.545
net857,5.545
net865,5.545
net953,5.545
net975,5.545
net1114,5.545
net1162,5.545
net1201,5.545
net1217,5.545
net1234,5.545
net1266,5.545
net1286,5.545
net1779,5.545
net1860,5.545
net1931,5.545
net2132,5.545
net2364,5.545
read_data[23],5.53
_00255_,5.525
_00486_,5.525
_01164_,5.525
_01884_,5.525
_02804_,5.525
_03570_,5.525
net219,5.525
_01384_,5.52
_01388_,5.52
_01392_,5.52
_01428_,5.52
_01432_,5.52
_01450_,5.52
_01489_,5.52
_01504_,5.52
_01511_,5.52
_01523_,5.52
_01559_,5.52
_01562_,5.52
_01592_,5.52
_01593_,5.52
_01594_,5.52
_01608_,5.52
_01617_,5.52
_01619_,5.52
_01623_,5.52
_01639_,5.52
_02421_,5.52
_02577_,5.52
_02621_,5.52
_02632_,5.52
_02661_,5.52
_02683_,5.52
_02702_,5.52
_02710_,5.52
_02720_,5.52
_02721_,5.52
_02759_,5.52
_02765_,5.52
_02766_,5.52
_02774_,5.52
_02792_,5.52
_02819_,5.52
_02834_,5.52
_02843_,5.52
_02865_,5.52
_02874_,5.52
_02898_,5.52
_02899_,5.52
_02915_,5.52
_02923_,5.52
_02986_,5.52
_03000_,5.52
_03015_,5.52
_03017_,5.52
_03027_,5.52
_03046_,5.52
_03064_,5.52
_03066_,5.52
_03068_,5.52
_03093_,5.52
_03139_,5.52
_03145_,5.52
_03148_,5.52
_03233_,5.52
_03275_,5.52
_03316_,5.52
_03359_,5.52
_03368_,5.52
_03392_,5.52
_03428_,5.52
_06197_,5.52
_08368_,5.52
_09088_,5.52
_10471_,5.52
_10926_,5.52
_11286_,5.52
_11971_,5.52
_16027_,5.52
_17632_,5.52
net2045,5.52
net2117,5.52
net3165,5.52
net3624,5.52
net3942,5.52
net4184,5.52
net4482,5.52
net4490,5.52
_00250_,5.505
_00573_,5.505
_00618_,5.505
_00639_,5.505
_00772_,5.505
_00851_,5.505
_01034_,5.505
_01112_,5.505
_01797_,5.505
_02124_,5.505
_02164_,5.505
_02415_,5.505
_02754_,5.505
_05427_,5.505
net322,5.505
net781,5.505
net917,5.505
net2505,5.505
_00665_,5.5
_00684_,5.5
_08443_,5.5
_10027_,5.5
_11608_,5.5
net1861,5.5
net3588,5.5
net4177,5.5
net4209,5.5
net4631,5.5
_01527_,5.48
_02703_,5.48
_07512_,5.48
_07877_,5.48
_08468_,5.48
_08986_,5.48
_09312_,5.48
_09671_,5.48
_10382_,5.48
_14511_,5.48
_14974_,5.48
_16595_,5.48
_16803_,5.48
_17373_,5.48
_17782_,5.48
core.data_in_reg\[216\],5.48
_01194_,5.465
_01761_,5.465
_02023_,5.465
_03031_,5.46
_07526_,5.46
_08125_,5.46
net2704,5.46
net4120,5.46
_00015_,5.445
_01885_,5.445
_02189_,5.445
_19070_,5.445
_02665_,5.44
_08386_,5.44
_09240_,5.44
_09821_,5.44
_10112_,5.44
_11077_,5.44
_13384_,5.44
core.data_in\[177\],5.44
_00038_,5.435
_00136_,5.435
_00708_,5.435
_01035_,5.435
_01133_,5.435
_01727_,5.435
_02092_,5.435
net542,5.435
net2767,5.435
_15181_,5.43
_01208_,5.425
_03335_,5.425
net528,5.425
net897,5.425
net1187,5.425
net1292,5.425
net1346,5.425
net1472,5.425
net1474,5.425
net2414,5.425
net3235,5.425
net4187,5.425
net2592,5.405
_01273_,5.4
_01484_,5.4
_01521_,5.4
_01576_,5.4
_02745_,5.4
_03112_,5.4
_03236_,5.4
_03707_,5.4
_03710_,5.4
_03737_,5.4
_03793_,5.4
_03800_,5.4
_03803_,5.4
_03805_,5.4
_03824_,5.4
_03826_,5.4
_03835_,5.4
_03844_,5.4
_03860_,5.4
_03886_,5.4
_03896_,5.4
_03987_,5.4
_03996_,5.4
_04045_,5.4
_04068_,5.4
_04258_,5.4
_05302_,5.4
_05307_,5.4
_05342_,5.4
_05383_,5.4
_05563_,5.4
_05575_,5.4
_05630_,5.4
_05649_,5.4
_05845_,5.4
_05896_,5.4
_05949_,5.4
_06333_,5.4
_06744_,5.4
_06882_,5.4
_07626_,5.4
_08035_,5.4
_08486_,5.4
_08554_,5.4
_08713_,5.4
_08866_,5.4
_09157_,5.4
_09324_,5.4
_09357_,5.4
_09913_,5.4
_10209_,5.4
_10335_,5.4
_10568_,5.4
_10847_,5.4
_11323_,5.4
_11448_,5.4
_11615_,5.4
_12153_,5.4
_12328_,5.4
_12885_,5.4
_13112_,5.4
_13389_,5.4
_13425_,5.4
_13479_,5.4
_13936_,5.4
_14103_,5.4
_14108_,5.4
_14211_,5.4
_14237_,5.4
_14358_,5.4
_14363_,5.4
_14425_,5.4
_14466_,5.4
_14650_,5.4
_14655_,5.4
_14671_,5.4
_14679_,5.4
_14703_,5.4
_14722_,5.4
_14896_,5.4
_14909_,5.4
_14914_,5.4
_14918_,5.4
_14946_,5.4
_15186_,5.4
_15499_,5.4
_15660_,5.4
_16173_,5.4
_16216_,5.4
_16460_,5.4
_16502_,5.4
_16692_,5.4
_16738_,5.4
_17034_,5.4
_17563_,5.4
_17637_,5.4
_17715_,5.4
_17757_,5.4
_18850_,5.4
_18899_,5.4
_18912_,5.4
_18938_,5.4
_18948_,5.4
_18990_,5.4
_18996_,5.4
_19005_,5.4
_19079_,5.4
_19116_,5.4
_19139_,5.4
_19144_,5.4
_19153_,5.4
_19230_,5.4
_19281_,5.4
_19328_,5.4
_19343_,5.4
_19348_,5.4
_19357_,5.4
_19359_,5.4
_19399_,5.4
_19410_,5.4
_19428_,5.4
_19429_,5.4
_19497_,5.4
_19553_,5.4
_19583_,5.4
_19592_,5.4
_19638_,5.4
_19657_,5.4
_19664_,5.4
_19666_,5.4
_19724_,5.4
_19728_,5.4
core.data_in_reg\[244\],5.4
_01796_,5.38
_02504_,5.38
_02742_,5.38
_02823_,5.38
_02852_,5.38
_02921_,5.38
_02998_,5.38
_03111_,5.38
_03122_,5.38
_03130_,5.38
_03193_,5.38
_03238_,5.38
_03585_,5.38
_03587_,5.38
_04401_,5.38
_04433_,5.38
_04572_,5.38
_04625_,5.38
_04656_,5.38
_04722_,5.38
_05062_,5.38
_05098_,5.38
_05140_,5.38
_05195_,5.38
_05210_,5.38
_05665_,5.38
_05746_,5.38
_05789_,5.38
_05875_,5.38
_06676_,5.38
_06821_,5.38
_07622_,5.38
_07770_,5.38
_07925_,5.38
_08270_,5.38
_08315_,5.38
_08646_,5.38
_08677_,5.38
_08838_,5.38
_09153_,5.38
_09962_,5.38
_10051_,5.38
_10242_,5.38
_10757_,5.38
_11807_,5.38
_12162_,5.38
_12184_,5.38
_13142_,5.38
_13233_,5.38
_13293_,5.38
_14099_,5.38
_14397_,5.38
_14493_,5.38
_14555_,5.38
_14990_,5.38
_15182_,5.38
_15226_,5.38
_15280_,5.38
_15451_,5.38
_15689_,5.38
_16202_,5.38
_16227_,5.38
_16251_,5.38
_16257_,5.38
_16272_,5.38
_16277_,5.38
_16395_,5.38
_16470_,5.38
_16542_,5.38
_16760_,5.38
_16814_,5.38
_17353_,5.38
_17535_,5.38
_17587_,5.38
_17627_,5.38
_17842_,5.38
_17859_,5.38
_17880_,5.38
_17918_,5.38
_18506_,5.38
_19066_,5.38
_19152_,5.38
_19157_,5.38
_19232_,5.38
_19426_,5.38
_19526_,5.38
core.data_in\[35\],5.38
core.data_in\[492\],5.38
core.data_in_reg\[125\],5.38
core.data_in_reg\[223\],5.38
core.data_in_reg\[267\],5.38
core.data_in_reg\[279\],5.38
core.data_in_reg\[341\],5.38
core.data_in_reg\[46\],5.38
core.data_in_reg\[480\],5.38
core.data_in_reg\[73\],5.38
core.data_in_reg\[75\],5.38
core.data_out\[127\],5.38
core.data_out\[164\],5.38
core.data_out\[194\],5.38
core.data_out\[235\],5.38
core.data_out\[23\],5.38
core.data_out\[320\],5.38
core.data_out\[375\],5.38
core.data_out\[406\],5.38
core.data_out\[495\],5.38
core.data_out\[60\],5.38
core.state8_reg\[24\],5.38
net498,5.38
net819,5.38
net852,5.38
net1232,5.38
net1312,5.38
net1733,5.38
net2058,5.38
net2098,5.38
net2874,5.38
net3270,5.38
net3435,5.38
net3556,5.38
net3715,5.38
net3745,5.38
net3965,5.38
net4007,5.38
net4235,5.38
net4348,5.38
net4499,5.38
net4502,5.38
net4577,5.38
net4593,5.38
_01657_,5.36
_02172_,5.36
_02733_,5.36
_02891_,5.36
_06749_,5.36
_09342_,5.36
_11472_,5.36
_19234_,5.36
core.data_in\[462\],5.36
core.data_in_reg\[248\],5.36
core.data_out\[65\],5.36
_10323_,5.35
_00056_,5.345
_00083_,5.345
_00085_,5.345
_00368_,5.345
_00419_,5.345
_00606_,5.345
_01067_,5.345
_01136_,5.345
_01209_,5.345
_02035_,5.345
_02131_,5.345
_02147_,5.345
_02628_,5.345
_03367_,5.345
_03628_,5.345
net1607,5.345
_00267_,5.34
_01243_,5.34
_01596_,5.34
_01622_,5.34
_01637_,5.34
_01645_,5.34
_01650_,5.34
_01674_,5.34
_01687_,5.34
_01918_,5.34
_02199_,5.34
_02868_,5.34
_03094_,5.34
_03246_,5.34
_03377_,5.34
_03525_,5.34
_03751_,5.34
_03836_,5.34
_03904_,5.34
_03953_,5.34
_04078_,5.34
_04136_,5.34
_04204_,5.34
_04211_,5.34
_04234_,5.34
_04287_,5.34
_04422_,5.34
_04445_,5.34
_04581_,5.34
_04738_,5.34
_04805_,5.34
_04834_,5.34
_04874_,5.34
_04905_,5.34
_04966_,5.34
_05006_,5.34
_05056_,5.34
_05123_,5.34
_05134_,5.34
_05164_,5.34
_05185_,5.34
_05192_,5.34
_05249_,5.34
_05471_,5.34
_05623_,5.34
_05696_,5.34
_05887_,5.34
_05987_,5.34
_06048_,5.34
_06071_,5.34
_06114_,5.34
_06268_,5.34
_06401_,5.34
_06624_,5.34
_06679_,5.34
_06729_,5.34
_06736_,5.34
_06773_,5.34
_06790_,5.34
_07529_,5.34
_07565_,5.34
_07669_,5.34
_08252_,5.34
_09011_,5.34
_09028_,5.34
_09369_,5.34
_09998_,5.34
_10054_,5.34
_10637_,5.34
_11178_,5.34
_11306_,5.34
_11449_,5.34
_11501_,5.34
_11729_,5.34
_11856_,5.34
_11858_,5.34
_11996_,5.34
_13444_,5.34
_14070_,5.34
_14089_,5.34
_14147_,5.34
_14478_,5.34
_14489_,5.34
_14545_,5.34
_14712_,5.34
_14813_,5.34
_15241_,5.34
_15766_,5.34
_15876_,5.34
_15877_,5.34
_16278_,5.34
_16291_,5.34
_16976_,5.34
_17157_,5.34
_17293_,5.34
_17356_,5.34
_17377_,5.34
_17406_,5.34
_17468_,5.34
_17514_,5.34
_17525_,5.34
_17537_,5.34
_17841_,5.34
_18853_,5.34
_18870_,5.34
_18957_,5.34
_19054_,5.34
_19120_,5.34
_19149_,5.34
_19268_,5.34
_19651_,5.34
_19659_,5.34
_19665_,5.34
_19807_,5.34
_19883_,5.34
_19945_,5.34
core.data_in\[171\],5.34
core.data_in\[203\],5.34
core.data_in\[235\],5.34
core.data_in\[247\],5.34
core.data_in\[259\],5.34
core.data_in\[26\],5.34
core.data_in\[326\],5.34
core.data_in\[5\],5.34
core.data_in_reg\[135\],5.34
core.data_in_reg\[442\],5.34
core.data_out\[337\],5.34
core.data_out\[38\],5.34
core.data_out\[414\],5.34
core.data_out\[93\],5.34
net3298,5.34
net4407,5.34
net4700,5.34
_12476_,5.335
_00550_,5.325
_01044_,5.325
_01874_,5.32
_01120_,5.315
_01730_,5.315
_01975_,5.315
_01982_,5.315
_02151_,5.315
_00135_,5.305
_00247_,5.305
_00385_,5.305
_00454_,5.305
_00517_,5.305
_00539_,5.305
_00599_,5.305
_00619_,5.305
_00707_,5.305
_00908_,5.305
_00931_,5.305
_00980_,5.305
_01042_,5.305
_01055_,5.305
_01068_,5.305
_01163_,5.305
_01178_,5.305
_01765_,5.305
_01952_,5.305
_02125_,5.305
_02358_,5.305
_02408_,5.305
_03175_,5.305
net227,5.305
net283,5.305
net308,5.305
net348,5.305
net378,5.305
net380,5.305
net392,5.305
net706,5.305
net973,5.305
net979,5.305
net1063,5.305
net1296,5.305
net1308,5.305
net1372,5.305
net1413,5.305
net1458,5.305
net1488,5.305
net1568,5.305
net1660,5.305
net1790,5.305
net1850,5.305
net2000,5.305
net2082,5.305
net2184,5.305
net2228,5.305
net2338,5.305
net2340,5.305
net2423,5.305
net2432,5.305
net2661,5.305
net2804,5.305
net2987,5.305
net3227,5.305
net3246,5.305
net3255,5.305
net3539,5.305
net3541,5.305
net3759,5.305
net4660,5.305
net4767,5.305
net4798,5.305
_18872_,5.295
_12602_,5.29
_19892_,5.29
net1050,5.29
_01807_,5.285
_00686_,5.28
_01253_,5.28
_01314_,5.28
_01323_,5.28
_02260_,5.28
_02467_,5.28
_04088_,5.28
_04448_,5.28
_04952_,5.28
_05159_,5.28
_05165_,5.28
_05917_,5.28
_06084_,5.28
_06771_,5.28
_09336_,5.28
_11412_,5.28
_11589_,5.28
_12619_,5.28
_13457_,5.28
_13498_,5.28
_15443_,5.28
_16235_,5.28
_17091_,5.28
_17904_,5.28
_17956_,5.28
_18865_,5.28
_19305_,5.28
_19675_,5.28
core.data_in_reg\[358\],5.28
core.data_out\[106\],5.28
core.data_out\[134\],5.28
core.data_out\[182\],5.28
core.data_out\[189\],5.28
core.data_out\[26\],5.28
core.data_out\[380\],5.28
core.data_out\[395\],5.28
core.data_out\[462\],5.28
core.data_out\[473\],5.28
core.data_out\[499\],5.28
_00234_,5.265
_00499_,5.265
_00554_,5.265
_00870_,5.265
_00891_,5.265
_01085_,5.265
_01883_,5.265
_02454_,5.265
_03332_,5.265
net1492,5.265
_00277_,5.26
_01365_,5.26
_01453_,5.26
_02515_,5.26
_03146_,5.26
_03260_,5.26
_03448_,5.26
_03598_,5.26
_04406_,5.26
_04479_,5.26
_04497_,5.26
_04547_,5.26
_04661_,5.26
_04812_,5.26
_04852_,5.26
_05121_,5.26
_05330_,5.26
_05375_,5.26
_05449_,5.26
_05481_,5.26
_05609_,5.26
_05743_,5.26
_06650_,5.26
_06859_,5.26
_07067_,5.26
_07101_,5.26
_07280_,5.26
_08167_,5.26
_08187_,5.26
_08453_,5.26
_08577_,5.26
_09159_,5.26
_09269_,5.26
_09516_,5.26
_09729_,5.26
_10260_,5.26
_10427_,5.26
_10456_,5.26
_10908_,5.26
_11108_,5.26
_11800_,5.26
_11949_,5.26
_12056_,5.26
_12113_,5.26
_12506_,5.26
_12548_,5.26
_12931_,5.26
_13364_,5.26
_13455_,5.26
_13547_,5.26
_13638_,5.26
_13847_,5.26
_13989_,5.26
_14045_,5.26
_14628_,5.26
_14913_,5.26
_14934_,5.26
_15165_,5.26
_15414_,5.26
_15953_,5.26
_15966_,5.26
_16533_,5.26
_16690_,5.26
_16966_,5.26
_17110_,5.26
_17188_,5.26
_17499_,5.26
_17687_,5.26
_17847_,5.26
_18169_,5.26
_19265_,5.26
_19286_,5.26
_19353_,5.26
_19648_,5.26
_19805_,5.26
core.data_in_reg\[468\],5.26
core.data_out\[225\],5.26
core.data_out\[318\],5.26
net827,5.26
net1112,5.26
net1692,5.26
net1801,5.26
net1944,5.26
net2146,5.26
net2466,5.26
net2595,5.26
net2860,5.26
net2866,5.26
net3047,5.26
net3222,5.26
net3295,5.26
net3982,5.26
net4013,5.26
net4258,5.26
net4315,5.26
net4451,5.26
net4657,5.26
net4761,5.26
_01025_,5.245
_01174_,5.245
_01686_,5.245
_01736_,5.245
_01756_,5.245
_01773_,5.245
_01995_,5.245
_02001_,5.245
_02021_,5.245
_03621_,5.245
_01075_,5.24
_01992_,5.24
_10511_,5.24
_15008_,5.24
_18549_,5.24
_19370_,5.24
_16943_,5.235
_01252_,5.22
_01558_,5.22
_02561_,5.22
_02725_,5.22
_03410_,5.22
_03747_,5.22
_03817_,5.22
_03869_,5.22
_03932_,5.22
_04013_,5.22
_04072_,5.22
_04119_,5.22
_04169_,5.22
_04186_,5.22
_04297_,5.22
_04357_,5.22
_04510_,5.22
_04514_,5.22
_04531_,5.22
_04546_,5.22
_04556_,5.22
_04675_,5.22
_04824_,5.22
_04828_,5.22
_04984_,5.22
_04986_,5.22
_04994_,5.22
_04997_,5.22
_05008_,5.22
_05125_,5.22
_05129_,5.22
_05150_,5.22
_05261_,5.22
_05528_,5.22
_05964_,5.22
_05968_,5.22
_06010_,5.22
_06432_,5.22
_06709_,5.22
_06779_,5.22
_06833_,5.22
_06928_,5.22
_07228_,5.22
_07576_,5.22
_08861_,5.22
_09115_,5.22
_09276_,5.22
_09296_,5.22
_09907_,5.22
_10285_,5.22
_11404_,5.22
_11616_,5.22
_11987_,5.22
_13041_,5.22
_13297_,5.22
_13646_,5.22
_14113_,5.22
_14154_,5.22
_14396_,5.22
_14626_,5.22
_14860_,5.22
_15151_,5.22
_15235_,5.22
_15457_,5.22
_15703_,5.22
_16001_,5.22
_16409_,5.22
_16630_,5.22
_16996_,5.22
_17008_,5.22
_17510_,5.22
_17829_,5.22
_17864_,5.22
_19008_,5.22
_19014_,5.22
_19024_,5.22
_19046_,5.22
_19078_,5.22
_19089_,5.22
_19114_,5.22
_19338_,5.22
_19342_,5.22
_19487_,5.22
_19536_,5.22
_19764_,5.22
_19803_,5.22
_19820_,5.22
_19835_,5.22
_19842_,5.22
_19860_,5.22
_19904_,5.22
_19914_,5.22
_19923_,5.22
_19925_,5.22
_19931_,5.22
core.data_out\[139\],5.22
net3537,5.22
net3684,5.22
net4011,5.22
net4445,5.22
_02086_,5.215
read_data[21],5.19
_00342_,5.185
_00455_,5.185
_00594_,5.185
_01217_,5.185
_03298_,5.185
net239,5.185
net472,5.185
net593,5.185
net863,5.185
net1356,5.185
net1998,5.185
net2070,5.185
net2733,5.185
net2753,5.185
_01027_,5.18
_01043_,5.18
_01077_,5.18
_01094_,5.18
_01348_,5.18
_01777_,5.18
_02032_,5.18
_03635_,5.18
_03766_,5.17
_01457_,5.165
_00014_,5.16
_00300_,5.16
_00382_,5.16
_00384_,5.16
_00560_,5.16
_00634_,5.16
_00640_,5.16
_00643_,5.16
_00690_,5.16
_00723_,5.16
_00826_,5.16
_03348_,5.16
_11961_,5.16
_18703_,5.16
net3418,5.16
net3466,5.16
net3561,5.16
net3898,5.16
net4086,5.16
net4234,5.16
net4238,5.16
net4373,5.16
net4592,5.16
_19407_,5.15
_00065_,5.14
_01486_,5.14
_03097_,5.14
_05356_,5.14
_05455_,5.14
_13371_,5.14
_14005_,5.14
_15644_,5.14
_17387_,5.14
_18286_,5.14
_18987_,5.14
core.data_out\[24\],5.14
core.state4_reg\[31\],5.14
net1258,5.14
net3813,5.14
net4267,5.14
net4433,5.14
_06186_,5.12
_12727_,5.12
net3330,5.12
net3562,5.12
net3572,5.12
net3643,5.12
net3777,5.12
net3983,5.12
net4097,5.12
net4389,5.12
net4391,5.12
net4447,5.12
net4672,5.12
_19701_,5.115
_02369_,5.105
_01656_,5.1
_03861_,5.1
_09580_,5.1
_09616_,5.1
_09695_,5.1
_10277_,5.1
_00785_,5.095
_01215_,5.095
_00288_,5.085
_00306_,5.085
_00327_,5.085
_00542_,5.085
_00576_,5.085
_00755_,5.085
_00761_,5.085
_00793_,5.085
_01114_,5.085
_01162_,5.085
_01182_,5.085
_01358_,5.085
_01726_,5.085
_01743_,5.085
_02031_,5.085
net203,5.085
net205,5.085
net285,5.085
net316,5.085
net588,5.085
net613,5.085
net654,5.085
net855,5.085
net911,5.085
net941,5.085
net965,5.085
net967,5.085
net1025,5.085
net1057,5.085
net1164,5.085
net1228,5.085
net1242,5.085
net1336,5.085
net1389,5.085
net1432,5.085
net1468,5.085
net1547,5.085
net1570,5.085
net1595,5.085
net1648,5.085
net1679,5.085
net1823,5.085
net2006,5.085
net2348,5.085
net2616,5.085
net2800,5.085
net2807,5.085
net2938,5.085
net3088,5.085
net3103,5.085
net3277,5.085
net3571,5.085
net4061,5.085
net4817,5.085
_09331_,5.07
_01111_,5.065
net1256,5.065
_01503_,5.06
_01569_,5.06
_01571_,5.06
_01633_,5.06
_01719_,5.06
_01780_,5.06
_01790_,5.06
_01856_,5.06
_01912_,5.06
_01916_,5.06
_01930_,5.06
_02379_,5.06
_02382_,5.06
_02438_,5.06
_02445_,5.06
_02680_,5.06
_02776_,5.06
_02781_,5.06
_02802_,5.06
_02815_,5.06
_02841_,5.06
_02949_,5.06
_02983_,5.06
_02997_,5.06
_03048_,5.06
_03059_,5.06
_03138_,5.06
_03201_,5.06
_03373_,5.06
_03608_,5.06
_04646_,5.06
_06306_,5.06
_06326_,5.06
_06573_,5.06
_08037_,5.06
_09066_,5.06
_09316_,5.06
_09912_,5.06
_10345_,5.06
_11554_,5.06
_11604_,5.06
_11614_,5.06
_14994_,5.06
_15762_,5.06
_15764_,5.06
net4270,5.06
_19258_,5.05
_00821_,5.045
_00923_,5.045
_00988_,5.045
_01054_,5.045
_01195_,5.045
_03640_,5.045
net1482,5.045
_08060_,5.04
_10477_,5.04
_15583_,5.04
net2134,5.04
net2447,5.04
net3668,5.04
net4374,5.04
net4428,5.04
_13460_,5.035
_19284_,5.035
_03173_,5.02
_07719_,5.02
_08769_,5.02
_09106_,5.02
_09158_,5.02
_10131_,5.02
_10337_,5.02
_11008_,5.02
_14096_,5.02
_15774_,5.02
_19033_,5.02
_19190_,5.02
net4448,5.02
_00101_,5.015
_03630_,5.015
_06170_,5
_06364_,5
_08331_,5
_11568_,5
net157,5
_05802_,4.995
_17489_,4.99
_00149_,4.985
_00537_,4.985
_00724_,4.985
_02063_,4.985
_02464_,4.985
_03629_,4.985
_19869_,4.985
_03627_,4.98
_00285_,4.975
_00458_,4.975
_01135_,4.975
_01697_,4.975
_16805_,4.97
_00763_,4.965
_02169_,4.965
_02188_,4.965
net1148,4.965
net1244,4.965
net1326,4.965
net1403,4.965
net1727,4.965
net1797,4.965
net2194,4.965
net2342,4.965
net2533,4.965
net2563,4.965
net2760,4.965
net3230,4.965
_08715_,4.95
_00924_,4.94
_01863_,4.94
_01926_,4.94
_01961_,4.94
_02437_,4.94
_03695_,4.94
_03776_,4.94
_03786_,4.94
_03938_,4.94
_04235_,4.94
_04342_,4.94
_04725_,4.94
_05058_,4.94
_05091_,4.94
_05142_,4.94
_05331_,4.94
_05344_,4.94
_05350_,4.94
_05432_,4.94
_05447_,4.94
_05459_,4.94
_05709_,4.94
_05769_,4.94
_06094_,4.94
_06680_,4.94
_08788_,4.94
_10352_,4.94
_10825_,4.94
_11908_,4.94
_12791_,4.94
_12918_,4.94
_13130_,4.94
_13131_,4.94
_13482_,4.94
_13608_,4.94
_13619_,4.94
_13676_,4.94
_13742_,4.94
_14350_,4.94
_15381_,4.94
_16016_,4.94
_16186_,4.94
_16497_,4.94
_16761_,4.94
_17350_,4.94
_17383_,4.94
_17542_,4.94
_17576_,4.94
_17711_,4.94
_17738_,4.94
_18846_,4.94
_18876_,4.94
_18886_,4.94
_18890_,4.94
_19039_,4.94
_19098_,4.94
_19099_,4.94
_19106_,4.94
_19113_,4.94
_19162_,4.94
_19166_,4.94
_19202_,4.94
_19249_,4.94
_19285_,4.94
_19296_,4.94
_19299_,4.94
_19311_,4.94
_19390_,4.94
_19423_,4.94
_19736_,4.94
_19762_,4.94
core.data_in\[188\],4.94
core.data_in\[465\],4.94
core.data_out\[138\],4.94
_19873_,4.935
_03644_,4.925
net2822,4.925
_00279_,4.92
_01172_,4.92
_01386_,4.92
_01399_,4.92
_01406_,4.92
_01425_,4.92
_01445_,4.92
_01447_,4.92
_01476_,4.92
_01579_,4.92
_01624_,4.92
_01677_,4.92
_02088_,4.92
_02235_,4.92
_02266_,4.92
_02290_,4.92
_02385_,4.92
_02496_,4.92
_02528_,4.92
_02595_,4.92
_02729_,4.92
_02805_,4.92
_02993_,4.92
_03100_,4.92
_03133_,4.92
_03192_,4.92
_03290_,4.92
_03395_,4.92
_03538_,4.92
_03548_,4.92
_03583_,4.92
_03827_,4.92
_04213_,4.92
_04381_,4.92
_04502_,4.92
_04524_,4.92
_04847_,4.92
_04990_,4.92
_04995_,4.92
_05005_,4.92
_05014_,4.92
_05093_,4.92
_05130_,4.92
_05253_,4.92
_05333_,4.92
_05345_,4.92
_05354_,4.92
_05728_,4.92
_05786_,4.92
_06038_,4.92
_06717_,4.92
_06747_,4.92
_06778_,4.92
_06800_,4.92
_06826_,4.92
_06899_,4.92
_08206_,4.92
_08623_,4.92
_08929_,4.92
_09799_,4.92
_10390_,4.92
_10533_,4.92
_10666_,4.92
_11548_,4.92
_11590_,4.92
_12673_,4.92
_12795_,4.92
_13944_,4.92
_13945_,4.92
_13954_,4.92
_13955_,4.92
_13964_,4.92
_14197_,4.92
_14223_,4.92
_14234_,4.92
_14388_,4.92
_14427_,4.92
_14483_,4.92
_14646_,4.92
_14662_,4.92
_15001_,4.92
_15098_,4.92
_15133_,4.92
_15517_,4.92
_15697_,4.92
_15775_,4.92
_15784_,4.92
_15999_,4.92
_16031_,4.92
_16274_,4.92
_16775_,4.92
_16872_,4.92
_17226_,4.92
_17303_,4.92
_17593_,4.92
_17886_,4.92
_17928_,4.92
_18808_,4.92
_19016_,4.92
_19017_,4.92
_19557_,4.92
_19817_,4.92
_19856_,4.92
core.data_in\[175\],4.92
core.data_in\[258\],4.92
core.data_in\[437\],4.92
core.data_in\[7\],4.92
core.data_in_reg\[148\],4.92
core.data_in_reg\[335\],4.92
core.data_out\[111\],4.92
core.data_out\[156\],4.92
core.data_out\[18\],4.92
core.data_out\[198\],4.92
core.data_out\[207\],4.92
core.data_out\[221\],4.92
core.data_out\[276\],4.92
core.data_out\[289\],4.92
core.data_out\[296\],4.92
core.data_out\[33\],4.92
core.data_out\[361\],4.92
core.data_out\[3\],4.92
core.data_out\[426\],4.92
core.state5_reg\[31\],4.92
net889,4.92
net891,4.92
net915,4.92
net1085,4.92
net1553,4.92
net1564,4.92
net1629,4.92
net2001,4.92
net2654,4.92
net2692,4.92
net2770,4.92
net3078,4.92
net3144,4.92
net3160,4.92
net3364,4.92
net3369,4.92
net3412,4.92
net3431,4.92
net3850,4.92
net3907,4.92
net3947,4.92
net4021,4.92
net4380,4.92
net4572,4.92
net4623,4.92
net4642,4.92
net4795,4.92
net4811,4.92
net4886,4.92
_07685_,4.9
_11500_,4.9
_15615_,4.9
_18054_,4.9
net3821,4.9
_09280_,4.89
_00068_,4.885
_00150_,4.885
_00208_,4.885
_00295_,4.885
_00304_,4.885
_00321_,4.885
_00418_,4.885
_00472_,4.885
_00524_,4.885
_00589_,4.885
_00722_,4.885
_00782_,4.885
_01081_,4.885
_01109_,4.885
_02364_,4.885
_02627_,4.885
_01604_,4.88
_01609_,4.88
_01670_,4.88
_01672_,4.88
_01909_,4.88
_02077_,4.88
_02122_,4.88
_02130_,4.88
_02246_,4.88
_02275_,4.88
_02315_,4.88
_02499_,4.88
_02521_,4.88
_02557_,4.88
_02641_,4.88
_02664_,4.88
_02739_,4.88
_02787_,4.88
_02880_,4.88
_03096_,4.88
_03137_,4.88
_03198_,4.88
_03212_,4.88
_03351_,4.88
_03440_,4.88
_03529_,4.88
_03637_,4.88
_03740_,4.88
_03750_,4.88
_03774_,4.88
_03977_,4.88
_04014_,4.88
_04055_,4.88
_04127_,4.88
_04180_,4.88
_04232_,4.88
_04285_,4.88
_04399_,4.88
_04487_,4.88
_04516_,4.88
_04541_,4.88
_04565_,4.88
_04624_,4.88
_04642_,4.88
_04659_,4.88
_04705_,4.88
_04711_,4.88
_04731_,4.88
_04740_,4.88
_04770_,4.88
_04976_,4.88
_04978_,4.88
_04989_,4.88
_05036_,4.88
_05171_,4.88
_05176_,4.88
_05190_,4.88
_05197_,4.88
_05215_,4.88
_05236_,4.88
_05255_,4.88
_05402_,4.88
_05712_,4.88
_05737_,4.88
_05822_,4.88
_05877_,4.88
_05956_,4.88
_05958_,4.88
_05994_,4.88
_06045_,4.88
_06106_,4.88
_06641_,4.88
_06647_,4.88
_06678_,4.88
_06733_,4.88
_06839_,4.88
_06885_,4.88
_06893_,4.88
_07919_,4.88
_08009_,4.88
_08154_,4.88
_09403_,4.88
_09557_,4.88
_09851_,4.88
_10124_,4.88
_10253_,4.88
_10515_,4.88
_12256_,4.88
_12521_,4.88
_12941_,4.88
_13153_,4.88
_13228_,4.88
_13307_,4.88
_13461_,4.88
_13522_,4.88
_13616_,4.88
_14125_,4.88
_14152_,4.88
_14157_,4.88
_14335_,4.88
_14437_,4.88
_14737_,4.88
_14745_,4.88
_14828_,4.88
_14835_,4.88
_15007_,4.88
_15245_,4.88
_15405_,4.88
_15445_,4.88
_15471_,4.88
_15630_,4.88
_15744_,4.88
_15763_,4.88
_15933_,4.88
_15952_,4.88
_16176_,4.88
_16266_,4.88
_16645_,4.88
_16785_,4.88
_17140_,4.88
_17154_,4.88
_17374_,4.88
_17673_,4.88
_18093_,4.88
_18721_,4.88
_18930_,4.88
_19001_,4.88
_19138_,4.88
_19334_,4.88
_19368_,4.88
_19381_,4.88
_19391_,4.88
_19404_,4.88
_19682_,4.88
_19739_,4.88
_19778_,4.88
_19846_,4.88
_19847_,4.88
core.data_in\[232\],4.88
core.data_in\[240\],4.88
core.data_in\[302\],4.88
core.data_in\[323\],4.88
core.data_in\[503\],4.88
core.data_out\[10\],4.88
core.data_out\[161\],4.88
core.data_out\[20\],4.88
core.data_out\[222\],4.88
core.data_out\[25\],4.88
core.data_out\[272\],4.88
core.data_out\[281\],4.88
core.data_out\[29\],4.88
core.data_out\[55\],4.88
core.data_out\[77\],4.88
core.data_out\[78\],4.88
core.key6_reg\[5\],4.88
net4071,4.88
_00940_,4.875
_07793_,4.875
_00058_,4.865
_02405_,4.865
net3483,4.86
_08129_,4.85
_08166_,4.85
_10455_,4.85
read_data[12],4.85
_00243_,4.845
_00313_,4.845
_00439_,4.845
_00523_,4.845
_00581_,4.845
_00590_,4.845
_00789_,4.845
_01002_,4.845
_01059_,4.845
_01173_,4.845
_01199_,4.845
_01207_,4.845
_01229_,4.845
_01632_,4.845
_01766_,4.845
_02406_,4.845
_03466_,4.845
net201,4.845
net358,4.845
net376,4.845
net408,4.845
net410,4.845
net420,4.845
net422,4.845
net438,4.845
net601,4.845
net621,4.845
net807,4.845
net853,4.845
net969,4.845
net1023,4.845
net1053,4.845
net1098,4.845
net1124,4.845
net1177,4.845
net1272,4.845
net1280,4.845
net1450,4.845
net1504,4.845
net1555,4.845
net1583,4.845
net1613,4.845
net1711,4.845
net1757,4.845
net1764,4.845
net1895,4.845
net1910,4.845
net1947,4.845
net2231,4.845
net2234,4.845
net2285,4.845
net2578,4.845
net2614,4.845
net2624,4.845
net2884,4.845
net2992,4.845
net3033,4.845
net3097,4.845
net3264,4.845
net3440,4.845
_00403_,4.82
_01353_,4.82
_04160_,4.82
_04208_,4.82
_04222_,4.82
_04294_,4.82
_04481_,4.82
_04496_,4.82
_04518_,4.82
_04522_,4.82
_04912_,4.82
_05069_,4.82
_05099_,4.82
_05196_,4.82
_07020_,4.82
_09145_,4.82
_11907_,4.82
_12606_,4.82
_17828_,4.82
net3262,4.82
_00070_,4.805
_00568_,4.805
_00583_,4.805
_01156_,4.805
_01976_,4.805
_02453_,4.805
_00200_,4.8
_01236_,4.8
_01297_,4.8
_01454_,4.8
_01481_,4.8
_02542_,4.8
_02945_,4.8
_03378_,4.8
_03693_,4.8
_03939_,4.8
_04257_,4.8
_04267_,4.8
_04500_,4.8
_04535_,4.8
_04558_,4.8
_04639_,4.8
_04745_,4.8
_04827_,4.8
_05127_,4.8
_05382_,4.8
_05998_,4.8
_06093_,4.8
_06862_,4.8
_07118_,4.8
_07563_,4.8
_07900_,4.8
_07984_,4.8
_08034_,4.8
_08067_,4.8
_08101_,4.8
_08373_,4.8
_08729_,4.8
_08787_,4.8
_09187_,4.8
_09205_,4.8
_09289_,4.8
_09409_,4.8
_09769_,4.8
_09773_,4.8
_09872_,4.8
_10151_,4.8
_10310_,4.8
_10314_,4.8
_10430_,4.8
_11029_,4.8
_11768_,4.8
_12157_,4.8
_12298_,4.8
_13093_,4.8
_13454_,4.8
_13548_,4.8
_13648_,4.8
_14376_,4.8
_14803_,4.8
_14971_,4.8
_15259_,4.8
_15372_,4.8
_15507_,4.8
_15628_,4.8
_15670_,4.8
_15760_,4.8
_15948_,4.8
_15997_,4.8
_16161_,4.8
_16163_,4.8
_16192_,4.8
_16213_,4.8
_16391_,4.8
_16687_,4.8
_16804_,4.8
_16967_,4.8
_17105_,4.8
_17148_,4.8
_17179_,4.8
_17346_,4.8
_17658_,4.8
_17765_,4.8
_17791_,4.8
_17926_,4.8
_18248_,4.8
_19333_,4.8
_19572_,4.8
_19720_,4.8
core.data_in_reg\[10\],4.8
core.data_in_reg\[415\],4.8
core.data_out\[407\],4.8
core.data_out\[471\],4.8
core.data_out\[478\],4.8
net261,4.8
net1650,4.8
net1656,4.8
net2062,4.8
net2503,4.8
net2576,4.8
net3247,4.8
net3401,4.8
net3606,4.8
net3623,4.8
net3627,4.8
net3681,4.8
net3794,4.8
net3796,4.8
net3817,4.8
net4033,4.8
net4139,4.8
net4643,4.8
net4688,4.8
net4771,4.8
net4836,4.8
net4885,4.8
_00326_,4.795
_00887_,4.785
_00962_,4.785
_00982_,4.785
_01053_,4.785
_01058_,4.785
_01066_,4.785
_01096_,4.785
_01099_,4.785
_01153_,4.785
_01222_,4.785
_01223_,4.785
_01301_,4.785
_03625_,4.785
_01104_,4.78
_01573_,4.78
_01848_,4.78
_05868_,4.78
_06735_,4.78
_10196_,4.78
_11711_,4.78
_15584_,4.78
_16019_,4.78
_17892_,4.78
core.data_in_reg\[151\],4.78
_02799_,4.765
_01262_,4.76
_01614_,4.76
_02116_,4.76
_03741_,4.76
_03825_,4.76
_03857_,4.76
_03948_,4.76
_03973_,4.76
_04046_,4.76
_04333_,4.76
_04618_,4.76
_04641_,4.76
_04698_,4.76
_04715_,4.76
_04903_,4.76
_05169_,4.76
_05264_,4.76
_05326_,4.76
_05825_,4.76
_06635_,4.76
_07643_,4.76
_08253_,4.76
_08613_,4.76
_09492_,4.76
_11014_,4.76
_11088_,4.76
_11786_,4.76
_12087_,4.76
_13415_,4.76
_13588_,4.76
_14673_,4.76
_15091_,4.76
_15444_,4.76
_15528_,4.76
_15989_,4.76
_16734_,4.76
_17878_,4.76
_17961_,4.76
_19051_,4.76
_19294_,4.76
_19358_,4.76
_19753_,4.76
_19810_,4.76
_19890_,4.76
core.data_out\[186\],4.76
core.data_out\[61\],4.76
net3913,4.76
net4105,4.76
net4507,4.76
_02928_,4.745
_03084_,4.745
_00097_,4.725
_00450_,4.725
_00530_,4.725
_00655_,4.725
_01753_,4.725
_02060_,4.725
_03467_,4.725
net1236,4.725
net2585,4.725
net2706,4.725
net3621,4.725
_00090_,4.7
_00107_,4.7
_00201_,4.7
_00340_,4.7
_00391_,4.7
_00529_,4.7
_00805_,4.7
_00846_,4.7
_01855_,4.7
_02145_,4.7
_02329_,4.7
_02336_,4.7
_02370_,4.7
_02752_,4.7
_03645_,4.7
_06588_,4.7
_09255_,4.7
_16685_,4.7
net3411,4.7
net3631,4.7
net3897,4.7
net3977,4.7
net4020,4.7
net4056,4.7
net4334,4.7
net4622,4.7
net4704,4.7
_01530_,4.68
_03588_,4.68
_03807_,4.68
_03974_,4.68
_04024_,4.68
_04133_,4.68
_05155_,4.68
_06653_,4.68
_08177_,4.68
_08500_,4.68
_09027_,4.68
_10668_,4.68
_11279_,4.68
_12766_,4.68
_15097_,4.68
core.data_in_reg\[372\],4.68
core.data_out\[63\],4.68
net1369,4.68
net3501,4.68
net4768,4.68
_09309_,4.66
_10487_,4.66
_12537_,4.66
_15156_,4.66
net3677,4.66
net3968,4.66
net4003,4.66
net4063,4.66
net4520,4.66
net4674,4.66
net4738,4.66
_02073_,4.645
_02076_,4.64
_00037_,4.635
_00873_,4.635
_02061_,4.635
_05230_,4.635
_00514_,4.625
_00543_,4.625
_00571_,4.625
_00663_,4.625
_00756_,4.625
_00795_,4.625
_00809_,4.625
_01733_,4.625
_03322_,4.625
net273,4.625
net293,4.625
net350,4.625
net354,4.625
net430,4.625
net450,4.625
net452,4.625
net474,4.625
net478,4.625
net508,4.625
net595,4.625
net619,4.625
net823,4.625
net921,4.625
net949,4.625
net1043,4.625
net1049,4.625
net1118,4.625
net1249,4.625
net1300,4.625
net1490,4.625
net1591,4.625
net1667,4.625
net1694,4.625
net1760,4.625
net1834,4.625
net1957,4.625
net2012,4.625
net2214,4.625
net2362,4.625
net2390,4.625
net2419,4.625
net2442,4.625
net2864,4.625
net2926,4.625
net3023,4.625
net3130,4.625
net3491,4.625
net3617,4.625
_00176_,4.605
_01216_,4.605
net2526,4.605
_01735_,4.6
_01748_,4.6
_01866_,4.6
_01868_,4.6
_01928_,4.6
_02381_,4.6
_02420_,4.6
_05200_,4.6
_05837_,4.6
_05928_,4.6
_05946_,4.6
_06001_,4.6
_06174_,4.6
_06193_,4.6
_06200_,4.6
_06261_,4.6
_06283_,4.6
_06291_,4.6
_06412_,4.6
_06416_,4.6
_06442_,4.6
_06446_,4.6
_07948_,4.6
_10475_,4.6
_12403_,4.6
_14634_,4.6
_15468_,4.6
_16654_,4.6
_16873_,4.6
_18005_,4.6
_18643_,4.6
net1581,4.6
net3312,4.6
net3962,4.6
net4199,4.6
net4340,4.6
net4387,4.6
net4573,4.6
net4803,4.6
_00260_,4.585
_00463_,4.585
_00623_,4.585
_00779_,4.585
_00830_,4.585
_00854_,4.585
_00855_,4.585
_01313_,4.585
_01757_,4.585
_02036_,4.585
_02851_,4.585
net1685,4.585
_00082_,4.58
_02009_,4.58
_07947_,4.58
_08091_,4.58
_09181_,4.58
_09287_,4.58
_12316_,4.58
core.data_out\[485\],4.58
core.data_out\[487\],4.58
net2774,4.58
net3752,4.58
net3846,4.58
net4414,4.58
net4754,4.58
_01465_,4.56
_02268_,4.56
_05498_,4.56
_06723_,4.56
_10912_,4.56
_15428_,4.56
_18234_,4.56
_18762_,4.56
_19161_,4.56
core.data_in\[129\],4.56
net4560,4.56
_08970_,4.54
_17394_,4.54
_00184_,4.525
_00360_,4.525
_00464_,4.525
_00682_,4.525
_01857_,4.525
_02389_,4.525
_02353_,4.505
net364,4.505
net368,4.505
net390,4.505
net1302,4.505
net1510,4.505
net1913,4.505
net2092,4.505
net2157,4.505
net2188,4.505
net2327,4.505
net2570,4.505
net3286,4.505
_17208_,4.5
_11459_,4.49
_04149_,4.48
_04223_,4.48
_04249_,4.48
_04319_,4.48
_04525_,4.48
_04608_,4.48
_04653_,4.48
_04753_,4.48
_04853_,4.48
_04881_,4.48
_04943_,4.48
_05054_,4.48
_05065_,4.48
_05112_,4.48
_05287_,4.48
_05897_,4.48
_05950_,4.48
_06128_,4.48
_06703_,4.48
_06742_,4.48
_06809_,4.48
_06872_,4.48
_06914_,4.48
_06929_,4.48
_08099_,4.48
_08694_,4.48
_10035_,4.48
_11125_,4.48
_12114_,4.48
_12702_,4.48
_14438_,4.48
_14462_,4.48
_14606_,4.48
_15687_,4.48
_17112_,4.48
_17229_,4.48
_17352_,4.48
_17426_,4.48
core.data_in_reg\[207\],4.48
core.data_out\[90\],4.48
net3923,4.48
_01359_,4.465
_01170_,4.46
_01272_,4.46
_01368_,4.46
_01408_,4.46
_01412_,4.46
_01435_,4.46
_01458_,4.46
_01513_,4.46
_01528_,4.46
_01578_,4.46
_01661_,4.46
_01929_,4.46
_02214_,4.46
_02250_,4.46
_02273_,4.46
_02317_,4.46
_02429_,4.46
_02435_,4.46
_02481_,4.46
_02508_,4.46
_02512_,4.46
_02582_,4.46
_02584_,4.46
_02604_,4.46
_02607_,4.46
_02631_,4.46
_02672_,4.46
_02679_,4.46
_02717_,4.46
_02838_,4.46
_02857_,4.46
_02859_,4.46
_02867_,4.46
_02918_,4.46
_02937_,4.46
_02943_,4.46
_02963_,4.46
_03116_,4.46
_03150_,4.46
_03157_,4.46
_03196_,4.46
_03219_,4.46
_03241_,4.46
_03277_,4.46
_03355_,4.46
_03402_,4.46
_03433_,4.46
_03550_,4.46
_03610_,4.46
_03658_,4.46
_03661_,4.46
_03752_,4.46
_03911_,4.46
_04162_,4.46
_04277_,4.46
_04466_,4.46
_04528_,4.46
_04536_,4.46
_04554_,4.46
_04623_,4.46
_04669_,4.46
_04719_,4.46
_04826_,4.46
_04833_,4.46
_04908_,4.46
_04920_,4.46
_04963_,4.46
_05385_,4.46
_05753_,4.46
_05870_,4.46
_06028_,4.46
_06039_,4.46
_06685_,4.46
_06806_,4.46
_06972_,4.46
_07306_,4.46
_08621_,4.46
_09032_,4.46
_09076_,4.46
_09223_,4.46
_09608_,4.46
_10046_,4.46
_10148_,4.46
_10549_,4.46
_10795_,4.46
_10823_,4.46
_11143_,4.46
_11202_,4.46
_11268_,4.46
_11644_,4.46
_11835_,4.46
_11915_,4.46
_12091_,4.46
_12255_,4.46
_12656_,4.46
_13154_,4.46
_13429_,4.46
_13639_,4.46
_13957_,4.46
_13959_,4.46
_14023_,4.46
_14128_,4.46
_14187_,4.46
_14213_,4.46
_14221_,4.46
_14222_,4.46
_14359_,4.46
_14472_,4.46
_14482_,4.46
_14598_,4.46
_15010_,4.46
_15085_,4.46
_15237_,4.46
_15742_,4.46
_15849_,4.46
_15899_,4.46
_16013_,4.46
_16228_,4.46
_16374_,4.46
_16381_,4.46
_16543_,4.46
_16547_,4.46
_16799_,4.46
_17002_,4.46
_17348_,4.46
_17692_,4.46
_17970_,4.46
_18059_,4.46
_19101_,4.46
_19200_,4.46
_19327_,4.46
_19734_,4.46
core.data_in\[11\],4.46
core.data_in\[15\],4.46
core.data_in\[348\],4.46
core.data_in\[34\],4.46
core.data_in\[367\],4.46
core.data_in\[391\],4.46
core.data_in\[418\],4.46
core.data_in\[438\],4.46
core.data_in\[453\],4.46
core.data_in\[457\],4.46
core.data_in\[467\],4.46
core.data_in_reg\[253\],4.46
core.data_in_reg\[274\],4.46
core.data_out\[128\],4.46
core.data_out\[149\],4.46
core.data_out\[237\],4.46
core.data_out\[256\],4.46
core.data_out\[329\],4.46
core.data_out\[37\],4.46
core.data_out\[397\],4.46
core.data_out\[398\],4.46
core.data_out\[446\],4.46
core.data_out\[72\],4.46
core.data_out\[74\],4.46
core.key6_reg\[4\],4.46
core.state11_reg\[26\],4.46
net320,4.46
net342,4.46
net714,4.46
net1815,4.46
net1979,4.46
net2071,4.46
net2817,4.46
net2872,4.46
net3045,4.46
net3127,4.46
net3146,4.46
net3162,4.46
net3260,4.46
net4113,4.46
net4272,4.46
net4324,4.46
net4538,4.46
net4752,4.46
_03223_,4.445
_02192_,4.44
_02236_,4.44
_04201_,4.44
_04520_,4.44
_04605_,4.44
_04919_,4.44
_05078_,4.44
_05888_,4.44
_10130_,4.44
_10939_,4.44
_10950_,4.44
_11371_,4.44
_11383_,4.44
_12446_,4.44
net2017,4.435
_00046_,4.425
_00122_,4.425
_00124_,4.425
_00240_,4.425
_00337_,4.425
_00516_,4.425
_00547_,4.425
_01064_,4.425
_01083_,4.425
_01337_,4.425
_02342_,4.425
_02864_,4.425
_02912_,4.425
_03574_,4.425
_00884_,4.42
_01168_,4.42
_01171_,4.42
_01536_,4.42
_02284_,4.42
_02427_,4.42
_02474_,4.42
_02578_,4.42
_02598_,4.42
_02600_,4.42
_02615_,4.42
_02620_,4.42
_02643_,4.42
_02670_,4.42
_02686_,4.42
_02696_,4.42
_02726_,4.42
_02730_,4.42
_02810_,4.42
_02869_,4.42
_02907_,4.42
_02938_,4.42
_03008_,4.42
_03105_,4.42
_03177_,4.42
_03205_,4.42
_03207_,4.42
_03222_,4.42
_03366_,4.42
_03491_,4.42
_03511_,4.42
_03726_,4.42
_03963_,4.42
_04012_,4.42
_04016_,4.42
_04143_,4.42
_04209_,4.42
_04278_,4.42
_04306_,4.42
_04394_,4.42
_04408_,4.42
_04506_,4.42
_04579_,4.42
_04688_,4.42
_04690_,4.42
_04692_,4.42
_04726_,4.42
_04732_,4.42
_04811_,4.42
_04870_,4.42
_04899_,4.42
_04922_,4.42
_05038_,4.42
_05073_,4.42
_05101_,4.42
_05254_,4.42
_05977_,4.42
_06004_,4.42
_06018_,4.42
_06041_,4.42
_06107_,4.42
_06125_,4.42
_06140_,4.42
_06303_,4.42
_06394_,4.42
_06639_,4.42
_06785_,4.42
_06802_,4.42
_06840_,4.42
_06878_,4.42
_06916_,4.42
_06919_,4.42
_07537_,4.42
_07761_,4.42
_08412_,4.42
_08473_,4.42
_08550_,4.42
_08782_,4.42
_10191_,4.42
_10236_,4.42
_10247_,4.42
_10329_,4.42
_10381_,4.42
_11038_,4.42
_11089_,4.42
_11879_,4.42
_12096_,4.42
_13096_,4.42
_13956_,4.42
_14340_,4.42
_14937_,4.42
_14979_,4.42
_15146_,4.42
_15378_,4.42
_15404_,4.42
_15409_,4.42
_15936_,4.42
_16255_,4.42
_16276_,4.42
_16644_,4.42
_16810_,4.42
_17418_,4.42
_17722_,4.42
_17889_,4.42
_18038_,4.42
_18617_,4.42
_19501_,4.42
_19741_,4.42
core.data_in\[293\],4.42
core.data_in\[294\],4.42
core.data_in\[298\],4.42
core.data_in\[308\],4.42
core.data_in\[332\],4.42
core.data_in\[353\],4.42
core.data_in\[66\],4.42
core.data_out\[99\],4.42
net2840,4.42
net4726,4.42
_00166_,4.405
_00159_,4.385
_00296_,4.385
_00438_,4.385
_00544_,4.385
_00549_,4.385
_00615_,4.385
_00698_,4.385
_00721_,4.385
_00771_,4.385
_00834_,4.385
_00875_,4.385
_01001_,4.385
_01118_,4.385
_01334_,4.385
_01890_,4.385
_02134_,4.385
_02322_,4.385
_03459_,4.385
_03581_,4.385
_03584_,4.385
_03626_,4.385
_03651_,4.385
net257,4.385
net297,4.385
net570,4.385
net672,4.385
net1158,4.385
net1230,4.385
net1332,4.385
net1387,4.385
net1476,4.385
net1500,4.385
net1658,4.385
net2372,4.385
net2643,4.385
net2828,4.385
net3400,4.385
_02155_,4.38
_00738_,4.36
_01683_,4.36
_02388_,4.36
_04110_,4.36
_04113_,4.36
_04238_,4.36
_04270_,4.36
_04432_,4.36
_04438_,4.36
_04689_,4.36
_04708_,4.36
_04914_,4.36
_05010_,4.36
_05081_,4.36
_05092_,4.36
_05235_,4.36
_05925_,4.36
_06706_,4.36
_06724_,4.36
_06922_,4.36
_08884_,4.36
_12658_,4.36
_17496_,4.36
_18242_,4.36
_10321_,4.35
_01424_,4.34
_01659_,4.34
_01787_,4.34
_02118_,4.34
_02157_,4.34
_02203_,4.34
_02554_,4.34
_02737_,4.34
_03291_,4.34
_03746_,4.34
_03842_,4.34
_03888_,4.34
_03950_,4.34
_04184_,4.34
_04185_,4.34
_04248_,4.34
_04353_,4.34
_04397_,4.34
_04508_,4.34
_04561_,4.34
_05029_,4.34
_05057_,4.34
_05064_,4.34
_05153_,4.34
_05608_,4.34
_05725_,4.34
_05944_,4.34
_06068_,4.34
_06082_,4.34
_06124_,4.34
_06767_,4.34
_06815_,4.34
_07181_,4.34
_07362_,4.34
_07589_,4.34
_07822_,4.34
_07864_,4.34
_09114_,4.34
_09474_,4.34
_09661_,4.34
_09733_,4.34
_09944_,4.34
_10422_,4.34
_10469_,4.34
_10626_,4.34
_11084_,4.34
_11594_,4.34
_12212_,4.34
_12317_,4.34
_13432_,4.34
_13617_,4.34
_14416_,4.34
_14632_,4.34
_14684_,4.34
_14741_,4.34
_14898_,4.34
_15063_,4.34
_16038_,4.34
_16267_,4.34
_16700_,4.34
_17318_,4.34
_17538_,4.34
_17622_,4.34
_17798_,4.34
_18161_,4.34
_18921_,4.34
_18941_,4.34
_19204_,4.34
_19587_,4.34
core.data_in\[439\],4.34
core.data_in_reg\[456\],4.34
core.data_in_reg\[93\],4.34
core.data_out\[293\],4.34
core.data_out\[295\],4.34
core.data_out\[322\],4.34
core.data_out\[463\],4.34
core.data_out\[492\],4.34
core.key6_reg\[21\],4.34
net1361,4.34
net1866,4.34
net2075,4.34
net2305,4.34
net2633,4.34
net3040,4.34
net3055,4.34
net3086,4.34
net3245,4.34
net3345,4.34
net3479,4.34
net3655,4.34
net3679,4.34
net3781,4.34
net3818,4.34
net3834,4.34
net3838,4.34
net4068,4.34
net4110,4.34
net4131,4.34
net4159,4.34
net4236,4.34
net4249,4.34
net4330,4.34
net4443,4.34
net4515,4.34
net4644,4.34
net4676,4.34
_00301_,4.335
_02089_,4.32
_04428_,4.32
_05915_,4.32
_07865_,4.32
_10415_,4.32
_11567_,4.32
_00413_,4.305
_00600_,4.305
_00822_,4.295
_01142_,4.295
net2430,4.285
_00156_,4.265
_00652_,4.265
_01152_,4.265
_01161_,4.265
net642,4.265
net1199,4.265
net2645,4.265
net3071,4.265
_00043_,4.24
_00169_,4.24
_00246_,4.24
_00445_,4.24
_00558_,4.24
_00591_,4.24
_00617_,4.24
_00937_,4.24
_00976_,4.24
_01116_,4.24
_02143_,4.24
_02338_,4.24
_03624_,4.24
_03665_,4.24
_10365_,4.24
_15057_,4.24
net2784,4.24
net3156,4.24
net3278,4.24
net3462,4.24
net3705,4.24
net3998,4.24
net4233,4.24
net4322,4.24
net4521,4.24
net4691,4.24
_03556_,4.22
_03691_,4.22
_03901_,4.22
_05199_,4.22
_05891_,4.22
_06628_,4.22
_10881_,4.22
_11398_,4.22
_11481_,4.22
_11872_,4.22
_13351_,4.22
_13499_,4.22
_17836_,4.22
_18013_,4.22
_18844_,4.22
_19134_,4.22
_19456_,4.22
_19918_,4.22
net556,4.22
net2498,4.22
net3810,4.22
net4054,4.22
net4319,4.22
_00443_,4.215
_05173_,4.2
_06177_,4.2
_06419_,4.2
_06477_,4.2
_10506_,4.2
_17699_,4.2
_18421_,4.2
net3531,4.2
net3551,4.2
net3908,4.2
net4198,4.2
net4305,4.2
net4495,4.2
net2030,4.185
_00033_,4.165
_00709_,4.165
_00748_,4.165
_00750_,4.165
_00831_,4.165
_00897_,4.165
_01306_,4.165
_01713_,4.165
_01827_,4.165
_02070_,4.165
_02629_,4.165
_03468_,4.165
net217,4.165
net231,4.165
net344,4.165
net406,4.165
net424,4.165
net492,4.165
net544,4.165
net562,4.165
net670,4.165
net682,4.165
net1011,4.165
net1075,4.165
net1625,4.165
net1707,4.165
net2035,4.165
net2216,4.165
net2772,4.165
net2810,4.165
net3027,4.165
net3248,4.165
net3303,4.165
net3338,4.165
net3359,4.165
net3822,4.165
_00007_,4.145
_00957_,4.145
_01898_,4.145
net2015,4.145
_05088_,4.14
_06409_,4.14
_06529_,4.14
_06660_,4.14
_08465_,4.14
_09359_,4.14
_11538_,4.14
_11623_,4.14
_11635_,4.14
_17150_,4.14
_17572_,4.14
net530,4.14
net576,4.14
net3200,4.14
net3215,4.14
net3429,4.14
net3599,4.14
net3601,4.14
net3662,4.14
net3675,4.14
net3868,4.14
net3910,4.14
net4167,4.14
net4383,4.14
net4630,4.14
_00312_,4.125
_00732_,4.125
_00933_,4.125
_01179_,4.125
_01226_,4.125
_12508_,4.125
_00622_,4.12
_09239_,4.12
_11469_,4.12
_11492_,4.12
_12520_,4.12
core.data_in_reg\[64\],4.12
core.data_out\[188\],4.12
core.data_out\[254\],4.12
net2443,4.12
net2538,4.12
net3039,4.12
net3301,4.12
net3989,4.12
net4539,4.12
_10243_,4.11
_07485_,4.1
_07560_,4.1
_08158_,4.1
_09247_,4.1
_10137_,4.1
_16282_,4.1
_17042_,4.1
net4084,4.1
_00949_,4.095
_05355_,4.085
_00719_,4.075
_10517_,4.07
_00025_,4.065
_00429_,4.065
_00493_,4.065
_01037_,4.065
_02396_,4.065
_03304_,4.065
_00139_,4.045
_00905_,4.045
_01140_,4.045
_01186_,4.045
_02079_,4.045
_02416_,4.045
_03108_,4.045
net340,4.045
net496,4.045
net609,4.045
net1486,4.045
net1936,4.045
net2067,4.045
net2489,4.045
net3314,4.045
_11172_,4.04
_05040_,4.03
_02055_,4.025
_07002_,4.02
_07264_,4.02
_07869_,4.02
_07978_,4.02
_07988_,4.02
_08489_,4.02
_09238_,4.02
_11677_,4.02
_12251_,4.02
_12282_,4.02
_14069_,4.02
_14106_,4.02
_14597_,4.02
_15113_,4.02
_15128_,4.02
_15476_,4.02
_15590_,4.02
_15727_,4.02
_15963_,4.02
_16225_,4.02
_16510_,4.02
_16519_,4.02
_16925_,4.02
_17086_,4.02
_17320_,4.02
_17385_,4.02
_17483_,4.02
_17509_,4.02
_17741_,4.02
core.data_in\[144\],4.02
_00276_,4
_01251_,4
_01446_,4
_01507_,4
_01516_,4
_01607_,4
_01660_,4
_01934_,4
_02107_,4
_02208_,4
_02215_,4
_02232_,4
_02245_,4
_02287_,4
_02297_,4
_02300_,4
_02305_,4
_02316_,4
_02463_,4
_02470_,4
_02485_,4
_02500_,4
_02558_,4
_02562_,4
_02564_,4
_02565_,4
_02571_,4
_02587_,4
_02597_,4
_02784_,4
_02840_,4
_02878_,4
_02879_,4
_02885_,4
_02961_,4
_03076_,4
_03092_,4
_03119_,4
_03128_,4
_03149_,4
_03247_,4
_03254_,4
_03287_,4
_03309_,4
_03343_,4
_03364_,4
_03375_,4
_03454_,4
_03670_,4
_03745_,4
_03775_,4
_04115_,4
_04338_,4
_04499_,4
_04619_,4
_04808_,4
_04855_,4
_04898_,4
_05046_,4
_05087_,4
_05114_,4
_05219_,4
_05240_,4
_05244_,4
_05717_,4
_05744_,4
_05943_,4
_05993_,4
_06064_,4
_06208_,4
_06787_,4
_06799_,4
_06849_,4
_07045_,4
_07341_,4
_07405_,4
_07535_,4
_07639_,4
_08010_,4
_08017_,4
_08049_,4
_08183_,4
_08567_,4
_08650_,4
_09059_,4
_09085_,4
_09189_,4
_09370_,4
_09637_,4
_09683_,4
_10734_,4
_11752_,4
_11799_,4
_11839_,4
_11942_,4
_12261_,4
_12709_,4
_12926_,4
_13017_,4
_13841_,4
_13922_,4
_14476_,4
_14480_,4
_14496_,4
_14728_,4
_14739_,4
_14740_,4
_14977_,4
_14987_,4
_14993_,4
_15006_,4
_15120_,4
_15228_,4
_15239_,4
_15343_,4
_15376_,4
_15521_,4
_15768_,4
_15841_,4
_15871_,4
_16450_,4
_16493_,4
_16706_,4
_16711_,4
_16756_,4
_16790_,4
_17167_,4
_17417_,4
_17460_,4
_17488_,4
_17786_,4
_18770_,4
_19133_,4
core.data_in\[25\],4
core.data_in\[279\],4
core.data_in\[287\],4
core.data_in\[310\],4
core.data_in\[314\],4
core.data_in\[32\],4
core.data_in\[8\],4
core.data_in_reg\[117\],4
core.data_in_reg\[13\],4
core.data_in_reg\[157\],4
core.data_in_reg\[20\],4
core.data_in_reg\[328\],4
core.data_in_reg\[351\],4
core.data_in_reg\[376\],4
core.data_in_reg\[461\],4
core.data_in_reg\[476\],4
core.data_in_reg\[501\],4
core.data_out\[146\],4
core.data_out\[22\],4
core.data_out\[282\],4
core.data_out\[323\],4
core.data_out\[324\],4
core.data_out\[340\],4
core.data_out\[400\],4
core.data_out\[429\],4
core.data_out\[46\],4
core.data_out\[476\],4
core.data_out\[47\],4
core.data_out\[500\],4
core.data_out\[54\],4
core.key6_reg\[13\],4
net1122,4
net1726,4
net2050,4
net2929,4
net3198,4
net3241,4
net3532,4
net3597,4
net3658,4
net3819,4
_02138_,3.995
_02168_,3.985
_03224_,3.985
net636,3.985
net1191,3.985
net1848,3.985
_02108_,3.98
_02991_,3.98
_03120_,3.98
_05079_,3.98
_05286_,3.98
_07745_,3.98
_11746_,3.98
_12119_,3.98
_12268_,3.98
_18401_,3.98
core.data_in\[219\],3.98
core.data_in_reg\[385\],3.98
_00119_,3.965
_00180_,3.965
_00192_,3.965
_00387_,3.965
_00420_,3.965
_00428_,3.965
_00556_,3.965
_00630_,3.965
_01889_,3.965
_01978_,3.965
_02585_,3.965
_02648_,3.965
_02825_,3.965
_02862_,3.965
_03104_,3.965
_03340_,3.965
net1251,3.965
_11053_,3.95
_11117_,3.95
_00879_,3.945
_03540_,3.93
_00197_,3.925
_00487_,3.925
_00528_,3.925
_00553_,3.925
_00592_,3.925
_00804_,3.925
_00806_,3.925
_00874_,3.925
_00902_,3.925
_01715_,3.925
_01721_,3.925
_01812_,3.925
_01843_,3.925
_01845_,3.925
_01850_,3.925
_01891_,3.925
_02013_,3.925
_02017_,3.925
_02349_,3.925
_03530_,3.925
_03648_,3.925
net482,3.925
net648,3.925
net690,3.925
net2041,3.925
net2368,3.925
net2471,3.925
net2583,3.925
net2848,3.925
_00456_,3.9
_00582_,3.9
_02059_,3.9
_04097_,3.9
_04174_,3.9
_04176_,3.9
_04195_,3.9
_04199_,3.9
_04206_,3.9
_04218_,3.9
_04229_,3.9
_04246_,3.9
_04272_,3.9
_04282_,3.9
_04292_,3.9
_04296_,3.9
_04315_,3.9
_04373_,3.9
_04376_,3.9
_04452_,3.9
_04454_,3.9
_04567_,3.9
_04570_,3.9
_04609_,3.9
_04622_,3.9
_04710_,3.9
_04712_,3.9
_04714_,3.9
_04752_,3.9
_04798_,3.9
_04924_,3.9
_04931_,3.9
_04942_,3.9
_04996_,3.9
_05017_,3.9
_05031_,3.9
_05067_,3.9
_05071_,3.9
_05083_,3.9
_05090_,3.9
_05113_,3.9
_05148_,3.9
_05157_,3.9
_05162_,3.9
_05206_,3.9
_05228_,3.9
_05263_,3.9
_05268_,3.9
_05869_,3.9
_05872_,3.9
_06103_,3.9
_06652_,3.9
_06681_,3.9
_06687_,3.9
_06780_,3.9
_06801_,3.9
_06864_,3.9
_06866_,3.9
_06873_,3.9
_06890_,3.9
_06910_,3.9
_06913_,3.9
_06918_,3.9
_09073_,3.9
_09338_,3.9
_12118_,3.9
_12624_,3.9
_12731_,3.9
_17797_,3.9
_01288_,3.88
_01299_,3.88
_01300_,3.88
_01320_,3.88
_01325_,3.88
_01698_,3.88
_02174_,3.88
_02261_,3.88
_02283_,3.88
_02285_,3.88
_02387_,3.88
_02555_,3.88
_02637_,3.88
_03722_,3.88
_04320_,3.88
_04670_,3.88
_04755_,3.88
_04851_,3.88
_04956_,3.88
_05018_,3.88
_05480_,3.88
_05736_,3.88
_05745_,3.88
_05798_,3.88
_05903_,3.88
_06005_,3.88
_06547_,3.88
_06649_,3.88
_06804_,3.88
_07036_,3.88
_07286_,3.88
_07588_,3.88
_07614_,3.88
_08131_,3.88
_08163_,3.88
_08746_,3.88
_08891_,3.88
_09463_,3.88
_10069_,3.88
_10109_,3.88
_10227_,3.88
_10406_,3.88
_10408_,3.88
_10582_,3.88
_10630_,3.88
_11338_,3.88
_11467_,3.88
_11575_,3.88
_11808_,3.88
_11937_,3.88
_12159_,3.88
_12167_,3.88
_12303_,3.88
_12327_,3.88
_13200_,3.88
_13416_,3.88
_13451_,3.88
_13850_,3.88
_14105_,3.88
_14195_,3.88
_14389_,3.88
_14469_,3.88
_14570_,3.88
_14639_,3.88
_15166_,3.88
_15196_,3.88
_15415_,3.88
_15857_,3.88
_15923_,3.88
_15961_,3.88
_15962_,3.88
_15978_,3.88
_16405_,3.88
_16412_,3.88
_16424_,3.88
_16695_,3.88
_16729_,3.88
_16936_,3.88
_16961_,3.88
_17087_,3.88
_17100_,3.88
_17192_,3.88
_17195_,3.88
_17710_,3.88
_17826_,3.88
_17869_,3.88
_18964_,3.88
_19087_,3.88
_19105_,3.88
_19223_,3.88
_19287_,3.88
_19350_,3.88
_19709_,3.88
_19893_,3.88
core.data_in_reg\[126\],3.88
core.data_in_reg\[378\],3.88
core.data_in_reg\[386\],3.88
core.data_in_reg\[450\],3.88
core.data_out\[184\],3.88
core.data_out\[32\],3.88
core.data_out\[351\],3.88
core.data_out\[457\],3.88
core.data_out\[484\],3.88
net646,3.88
net962,3.88
net1273,3.88
net2044,3.88
net2634,3.88
net2920,3.88
net3324,3.88
net3484,3.88
net3702,3.88
net3788,3.88
net4252,3.88
net4423,3.88
_02262_,3.86
_04886_,3.86
_06865_,3.86
core.data_out\[112\],3.86
core.key6_reg\[14\],3.86
_00329_,3.855
_00305_,3.845
_00380_,3.845
_04704_,3.835
_00165_,3.825
_03297_,3.825
_00297_,3.805
_00383_,3.805
_00767_,3.805
_00997_,3.805
_01005_,3.805
_01714_,3.805
_01833_,3.805
_01945_,3.805
_03214_,3.805
net271,3.805
net1735,3.805
_00117_,3.78
_00143_,3.78
_00174_,3.78
_00245_,3.78
_00352_,3.78
_00389_,3.78
_00436_,3.78
_00459_,3.78
_00475_,3.78
_00526_,3.78
_00602_,3.78
_00964_,3.78
_00986_,3.78
_01026_,3.78
_01688_,3.78
_01830_,3.78
_01893_,3.78
_01962_,3.78
_01986_,3.78
_02016_,3.78
_02027_,3.78
_02094_,3.78
_02593_,3.78
_02846_,3.78
_03337_,3.78
_03646_,3.78
_03653_,3.78
_10042_,3.78
_10380_,3.78
_11637_,3.78
_14343_,3.78
_16667_,3.78
net1083,3.78
net2798,3.78
net3739,3.78
net3791,3.78
net3798,3.78
net3811,3.78
net3958,3.78
net4015,3.78
net4048,3.78
net4446,3.78
net4485,3.78
_02271_,3.76
_02965_,3.76
_04104_,3.76
_04521_,3.76
_04906_,3.76
_04938_,3.76
_05032_,3.76
_05082_,3.76
_07744_,3.76
_08152_,3.76
_08425_,3.76
_09509_,3.76
_10006_,3.76
_10076_,3.76
_10920_,3.76
_10977_,3.76
_11735_,3.76
_16406_,3.76
_18880_,3.76
_18965_,3.76
_19219_,3.76
_19271_,3.76
_19891_,3.76
net2649,3.76
_07454_,3.755
_12136_,3.755
_19697_,3.755
_06212_,3.74
_06449_,3.74
_10146_,3.74
net3889,3.74
net3957,3.74
_01826_,3.725
_00172_,3.705
_00271_,3.705
_00294_,3.705
_00441_,3.705
_00500_,3.705
_00548_,3.705
_00672_,3.705
_00810_,3.705
_00814_,3.705
_00836_,3.705
_01015_,3.705
_01685_,3.705
_01755_,3.705
_01880_,3.705
_01940_,3.705
_03564_,3.705
net253,3.705
net486,3.705
net686,3.705
net1065,3.705
net1067,3.705
net1120,3.705
net1278,3.705
net1324,3.705
net1338,3.705
net1444,3.705
net1494,3.705
net1514,3.705
net1644,3.705
net1715,3.705
net1741,3.705
net1811,3.705
net1846,3.705
net2251,3.705
net2386,3.705
net2522,3.705
net2647,3.705
net2665,3.705
_18061_,3.69
_01183_,3.685
_03512_,3.68
_06969_,3.68
_08150_,3.68
_09713_,3.68
_10009_,3.68
_10294_,3.68
_10451_,3.68
_10901_,3.68
_11487_,3.68
_11962_,3.68
_17809_,3.68
_17827_,3.68
_17845_,3.68
_17870_,3.68
_18036_,3.68
net899,3.68
net2174,3.68
net2186,3.68
net2579,3.68
_02458_,3.66
_08943_,3.66
_09318_,3.66
_11405_,3.66
_11581_,3.66
_17997_,3.66
net1876,3.66
net1958,3.66
net2110,3.66
net2781,3.66
net3351,3.66
net3353,3.66
net3492,3.66
net3762,3.66
net4014,3.66
net4422,3.66
net4518,3.66
_00945_,3.64
_06265_,3.64
_09217_,3.64
_10994_,3.64
_11670_,3.64
_12794_,3.64
_15402_,3.64
_17131_,3.64
_00737_,3.635
_01941_,3.635
_15449_,3.635
net1150,3.635
net1717,3.615
_00067_,3.605
_00089_,3.605
_00370_,3.605
_00695_,3.605
_01029_,3.605
_02390_,3.605
_02407_,3.605
_11365_,3.6
_16762_,3.59
_00894_,3.585
_00989_,3.585
_01258_,3.585
_01327_,3.585
_01960_,3.585
_02948_,3.585
_03263_,3.585
_05420_,3.58
net1146,3.58
_10276_,3.57
_03313_,3.56
_04179_,3.56
_04776_,3.56
_04895_,3.56
_04983_,3.56
_05193_,3.56
_05276_,3.56
_05846_,3.56
_07291_,3.56
_08172_,3.56
_08476_,3.56
_08526_,3.56
_09343_,3.56
_09691_,3.56
_10020_,3.56
_10347_,3.56
_11058_,3.56
_11267_,3.56
_11652_,3.56
_11898_,3.56
_14145_,3.56
_14619_,3.56
_14686_,3.56
_14944_,3.56
_15658_,3.56
_15681_,3.56
_15930_,3.56
_15955_,3.56
_15983_,3.56
_16146_,3.56
_16207_,3.56
_16218_,3.56
_16270_,3.56
_16755_,3.56
_16948_,3.56
core.data_in\[103\],3.56
core.data_in\[142\],3.56
core.data_in\[460\],3.56
core.data_in\[470\],3.56
core.data_out\[309\],3.56
net1933,3.56
net3292,3.56
net3538,3.56
net3634,3.56
net3768,3.56
net4327,3.56
net4558,3.56
_00311_,3.54
_01263_,3.54
_01266_,3.54
_01278_,3.54
_01364_,3.54
_01375_,3.54
_01376_,3.54
_01398_,3.54
_01407_,3.54
_01459_,3.54
_01840_,3.54
_01920_,3.54
_01927_,3.54
_01935_,3.54
_02211_,3.54
_02242_,3.54
_02254_,3.54
_02433_,3.54
_02440_,3.54
_02443_,3.54
_02444_,3.54
_02490_,3.54
_02505_,3.54
_02550_,3.54
_02601_,3.54
_02716_,3.54
_02844_,3.54
_02985_,3.54
_02996_,3.54
_03132_,3.54
_03253_,3.54
_03257_,3.54
_03279_,3.54
_03363_,3.54
_03370_,3.54
_03469_,3.54
_03480_,3.54
_03519_,3.54
_03539_,3.54
_03560_,3.54
_03575_,3.54
_03582_,3.54
_04107_,3.54
_04243_,3.54
_04410_,3.54
_04462_,3.54
_04482_,3.54
_04545_,3.54
_04884_,3.54
_04982_,3.54
_05022_,3.54
_05100_,3.54
_05218_,3.54
_05394_,3.54
_05417_,3.54
_05677_,3.54
_06115_,3.54
_06686_,3.54
_06874_,3.54
_06901_,3.54
_07493_,3.54
_07897_,3.54
_07909_,3.54
_08141_,3.54
_08351_,3.54
_08720_,3.54
_09094_,3.54
_09264_,3.54
_09716_,3.54
_10050_,3.54
_11537_,3.54
_11662_,3.54
_11868_,3.54
_12027_,3.54
_12038_,3.54
_12053_,3.54
_12120_,3.54
_12263_,3.54
_12592_,3.54
_12785_,3.54
_13339_,3.54
_13951_,3.54
_14228_,3.54
_14368_,3.54
_14743_,3.54
_14999_,3.54
_15400_,3.54
_15509_,3.54
_15641_,3.54
_15646_,3.54
_15666_,3.54
_15772_,3.54
_15894_,3.54
_16034_,3.54
_16289_,3.54
_16544_,3.54
_16631_,3.54
_16719_,3.54
_16941_,3.54
_16969_,3.54
_16991_,3.54
_17000_,3.54
_17145_,3.54
_17162_,3.54
_17236_,3.54
_17763_,3.54
_17824_,3.54
_17936_,3.54
_18055_,3.54
_18907_,3.54
_19027_,3.54
_19037_,3.54
_19277_,3.54
_19476_,3.54
_19598_,3.54
_19646_,3.54
_19702_,3.54
core.data_in\[106\],3.54
core.data_in\[10\],3.54
core.data_in\[197\],3.54
core.data_in\[205\],3.54
core.data_in\[208\],3.54
core.data_in\[281\],3.54
core.data_in\[303\],3.54
core.data_in\[321\],3.54
core.data_in\[330\],3.54
core.data_in\[347\],3.54
core.data_in\[47\],3.54
core.data_in_reg\[136\],3.54
core.data_in_reg\[146\],3.54
core.data_in_reg\[19\],3.54
core.data_in_reg\[237\],3.54
core.data_in_reg\[24\],3.54
core.data_in_reg\[63\],3.54
core.data_in_reg\[81\],3.54
core.data_out\[107\],3.54
core.data_out\[158\],3.54
core.data_out\[17\],3.54
core.data_out\[191\],3.54
core.data_out\[263\],3.54
core.data_out\[299\],3.54
core.data_out\[312\],3.54
core.data_out\[344\],3.54
core.data_out\[352\],3.54
core.data_out\[387\],3.54
core.data_out\[394\],3.54
core.data_out\[442\],3.54
core.data_out\[445\],3.54
core.data_out\[448\],3.54
core.data_out\[57\],3.54
core.key5_reg\[8\],3.54
core.state11_reg\[25\],3.54
net265,3.54
net1038,3.54
net1202,3.54
net1460,3.54
net1615,3.54
net2162,3.54
net2902,3.54
net3182,3.54
net3316,3.54
net3688,3.54
net3747,3.54
net3899,3.54
net4023,3.54
net4673,3.54
net2530,3.525
_02123_,3.52
_02409_,3.52
_05097_,3.52
_05824_,3.52
_07782_,3.52
_07875_,3.52
_10957_,3.52
core.data_out\[419\],3.52
core.data_out\[66\],3.52
_10378_,3.51
_19143_,3.51
_00078_,3.505
_00328_,3.505
_00460_,3.505
_00588_,3.505
_00605_,3.505
_00613_,3.505
_00704_,3.505
_00712_,3.505
_00823_,3.505
_00838_,3.505
_00950_,3.505
_01040_,3.505
_01071_,3.505
_01132_,3.505
_01165_,3.505
_01303_,3.505
_01965_,3.505
_02418_,3.505
net504,3.505
_07951_,3.49
_02058_,3.485
_00128_,3.465
_00146_,3.465
_00274_,3.465
_00358_,3.465
_00433_,3.465
_00496_,3.465
_00498_,3.465
_00532_,3.465
_00566_,3.465
_00598_,3.465
_00807_,3.465
_00829_,3.465
_00869_,3.465
_00968_,3.465
_01089_,3.465
_01126_,3.465
_01167_,3.465
_01692_,3.465
_01922_,3.465
_01997_,3.465
_01998_,3.465
_02004_,3.465
_02326_,3.465
_02449_,3.465
_02756_,3.465
_03634_,3.465
_03660_,3.465
net360,3.465
net993,3.465
net1128,3.465
net1168,3.465
net1484,3.465
net1539,3.465
net1646,3.465
net1953,3.465
net2267,3.465
net2912,3.465
net2969,3.465
_06920_,3.46
_19354_,3.445
_00393_,3.44
_01073_,3.44
_01198_,3.44
_07961_,3.44
_10512_,3.44
core.data_out\[129\],3.44
core.data_out\[28\],3.44
_08137_,3.425
_00916_,3.42
_00944_,3.42
_01277_,3.42
_01319_,3.42
_01570_,3.42
_02234_,3.42
_02386_,3.42
_02442_,3.42
_02534_,3.42
_03299_,3.42
_03306_,3.42
_03369_,3.42
_03913_,3.42
_04027_,3.42
_04089_,3.42
_04146_,3.42
_04279_,3.42
_04324_,3.42
_04348_,3.42
_04474_,3.42
_04529_,3.42
_04591_,3.42
_04597_,3.42
_05034_,3.42
_05128_,3.42
_05284_,3.42
_05336_,3.42
_05365_,3.42
_05411_,3.42
_05548_,3.42
_05602_,3.42
_05723_,3.42
_06069_,3.42
_06083_,3.42
_06104_,3.42
_06656_,3.42
_06791_,3.42
_06923_,3.42
_06943_,3.42
_07124_,3.42
_07349_,3.42
_07444_,3.42
_07449_,3.42
_07692_,3.42
_07815_,3.42
_08148_,3.42
_08190_,3.42
_08674_,3.42
_08854_,3.42
_09148_,3.42
_09220_,3.42
_09677_,3.42
_09875_,3.42
_09977_,3.42
_10074_,3.42
_10174_,3.42
_10274_,3.42
_10350_,3.42
_10357_,3.42
_10653_,3.42
_10697_,3.42
_10760_,3.42
_11158_,3.42
_11191_,3.42
_11386_,3.42
_11627_,3.42
_11716_,3.42
_11789_,3.42
_12218_,3.42
_12445_,3.42
_12950_,3.42
_13288_,3.42
_13840_,3.42
_13958_,3.42
_14198_,3.42
_15251_,3.42
_15327_,3.42
_15367_,3.42
_15388_,3.42
_15597_,3.42
_15942_,3.42
_16432_,3.42
_16496_,3.42
_16531_,3.42
_16745_,3.42
_16771_,3.42
_16798_,3.42
_16801_,3.42
_16923_,3.42
_17528_,3.42
_17701_,3.42
_17747_,3.42
_17772_,3.42
_17819_,3.42
_17909_,3.42
_17958_,3.42
_17979_,3.42
_18326_,3.42
_18811_,3.42
_18838_,3.42
_19065_,3.42
_19184_,3.42
_19238_,3.42
_19325_,3.42
_19502_,3.42
core.data_in\[146\],3.42
core.data_in_reg\[225\],3.42
core.data_in_reg\[333\],3.42
core.data_in_reg\[484\],3.42
core.data_in_reg\[487\],3.42
core.data_out\[145\],3.42
core.data_out\[303\],3.42
core.data_out\[359\],3.42
core.data_out\[425\],3.42
core.data_out\[502\],3.42
core.key6_reg\[12\],3.42
net584,3.42
net765,3.42
net2629,3.42
net3555,3.42
net3706,3.42
net3991,3.42
net4096,3.42
net4343,3.42
net4347,3.42
net4363,3.42
net4568,3.42
net1019,3.415
_01416_,3.4
_02404_,3.4
_05024_,3.4
_07750_,3.4
_19421_,3.4
_00775_,3.385
_02328_,3.385
_14742_,3.38
_00167_,3.345
_00580_,3.345
_00662_,3.345
_00888_,3.345
_00939_,3.345
_00941_,3.345
_01729_,3.345
_01758_,3.345
_01860_,3.345
_01871_,3.345
_02788_,3.345
net718,3.345
_00041_,3.32
_00094_,3.32
_00096_,3.32
_00126_,3.32
_00175_,3.32
_00196_,3.32
_00275_,3.32
_00299_,3.32
_00316_,3.32
_00468_,3.32
_00587_,3.32
_00612_,3.32
_00674_,3.32
_00697_,3.32
_00725_,3.32
_00768_,3.32
_00774_,3.32
_00910_,3.32
_00932_,3.32
_01018_,3.32
_01090_,3.32
_01127_,3.32
_01189_,3.32
_01304_,3.32
_01700_,3.32
_01814_,3.32
_01828_,3.32
_01829_,3.32
_01846_,3.32
_01972_,3.32
_02154_,3.32
_02456_,3.32
_02592_,3.32
_02646_,3.32
_03013_,3.32
_03358_,3.32
_03400_,3.32
_12482_,3.32
_12793_,3.32
_18035_,3.32
net1045,3.32
net2610,3.32
net2734,3.32
net3522,3.32
net3557,3.32
net4076,3.32
net4169,3.32
net4342,3.32
net4357,3.32
net4362,3.32
net4406,3.32
net4503,3.32
net4540,3.32
_02484_,3.3
_02523_,3.3
_04135_,3.3
_04929_,3.3
_09052_,3.3
_10343_,3.3
_10372_,3.3
_11875_,3.3
_12378_,3.3
_14378_,3.3
_16950_,3.3
_19549_,3.3
_19727_,3.3
core.data_in_reg\[452\],3.3
net3511,3.3
net4552,3.3
_15684_,3.295
_18279_,3.295
_19380_,3.295
_00440_,3.245
_00461_,3.245
_00495_,3.245
_00520_,3.245
_00638_,3.245
_00743_,3.245
_00759_,3.245
_00832_,3.245
_00878_,3.245
_00909_,3.245
_00943_,3.245
_01009_,3.245
_01166_,3.245
_01695_,3.245
_01904_,3.245
_01905_,3.245
_02008_,3.245
_02041_,3.245
_02049_,3.245
_02106_,3.245
_02847_,3.245
_03227_,3.245
net269,3.245
net281,3.245
net933,3.245
net1888,3.245
net2846,3.245
net2868,3.245
net4833,3.24
_00843_,3.225
_00960_,3.225
_01330_,3.225
_01908_,3.225
_02047_,3.225
_02987_,3.225
_03479_,3.22
_03498_,3.22
_03554_,3.22
_04244_,3.22
_04251_,3.22
_04291_,3.22
_04314_,3.22
_04421_,3.22
_04443_,3.22
_04458_,3.22
_04662_,3.22
_04751_,3.22
_04781_,3.22
_04804_,3.22
_04825_,3.22
_04829_,3.22
_04832_,3.22
_04946_,3.22
_04948_,3.22
_04987_,3.22
_05013_,3.22
_05077_,3.22
_05146_,3.22
_05151_,3.22
_05156_,3.22
_05172_,3.22
_05186_,3.22
_05188_,3.22
_05221_,3.22
_05239_,3.22
_05883_,3.22
_05916_,3.22
_06059_,3.22
_06099_,3.22
_06905_,3.22
_08061_,3.22
_08135_,3.22
_09319_,3.22
_10464_,3.22
_10478_,3.22
_10816_,3.22
_10866_,3.22
_11332_,3.22
_11896_,3.22
_15177_,3.22
_15574_,3.22
_16281_,3.22
_17742_,3.22
_18812_,3.22
net436,3.22
net1226,3.22
net1963,3.22
net3879,3.22
net4751,3.22
_01159_,3.2
_01744_,3.2
_01818_,3.2
_02052_,3.2
_08776_,3.2
_09024_,3.2
_09127_,3.2
_09594_,3.2
_10679_,3.2
_11426_,3.2
net2369,3.2
net3244,3.2
net3855,3.2
_05764_,3.18
_07451_,3.18
_08608_,3.18
_08752_,3.18
_11093_,3.18
_11312_,3.18
_11484_,3.18
_15384_,3.18
_15390_,3.18
_16934_,3.18
_17708_,3.18
_18024_,3.18
net279,3.18
net4401,3.18
_00239_,3.175
_00447_,3.175
_00860_,3.175
_00866_,3.175
_00900_,3.175
_00999_,3.175
_01032_,3.175
_01072_,3.175
_01196_,3.175
_01326_,3.175
_01775_,3.175
_01806_,3.175
_01944_,3.175
_01973_,3.175
_01999_,3.175
_02011_,3.175
_02034_,3.175
_02040_,3.175
_03641_,3.175
_05363_,3.175
_15927_,3.175
net460,3.175
net550,3.175
net1220,3.175
net2176,3.175
net2723,3.175
_00080_,3.155
_11972_,3.15
_01141_,3.145
_01734_,3.145
_01751_,3.145
_01849_,3.145
_07543_,3.13
_17280_,3.13
_00076_,3.125
_00381_,3.125
_00471_,3.125
_01987_,3.125
net1340,3.125
net1421,3.125
net2313,3.125
net2405,3.125
_15207_,3.11
_03537_,3.1
_08104_,3.1
_09184_,3.1
_09621_,3.1
_10435_,3.1
_10436_,3.1
_11966_,3.1
_11990_,3.1
_12236_,3.1
_14167_,3.1
_14870_,3.1
_15637_,3.1
_15676_,3.1
_15699_,3.1
_15704_,3.1
_15709_,3.1
_15714_,3.1
_15889_,3.1
_15901_,3.1
_15917_,3.1
_15934_,3.1
_16184_,3.1
_16197_,3.1
_16417_,3.1
_16429_,3.1
_16434_,3.1
_16491_,3.1
_16539_,3.1
_16662_,3.1
_16724_,3.1
_16806_,3.1
_17073_,3.1
_17492_,3.1
core.block1_ctr_reg\[25\],3.1
core.data_in\[46\],3.1
core.data_in_reg\[367\],3.1
core.data_in_reg\[455\],3.1
core.data_in_reg\[475\],3.1
core.data_out\[12\],3.1
core.data_out\[265\],3.1
core.data_out\[273\],3.1
core.data_out\[331\],3.1
core.data_out\[42\],3.1
core.data_out\[84\],3.1
core.state8_reg\[4\],3.1
_00882_,3.08
_00883_,3.08
_00925_,3.08
_00947_,3.08
_01234_,3.08
_01267_,3.08
_01280_,3.08
_01409_,3.08
_01414_,3.08
_01452_,3.08
_01510_,3.08
_01514_,3.08
_01597_,3.08
_01675_,3.08
_01750_,3.08
_01786_,3.08
_02133_,3.08
_02170_,3.08
_02219_,3.08
_02264_,3.08
_02267_,3.08
_02286_,3.08
_02318_,3.08
_02383_,3.08
_02410_,3.08
_02411_,3.08
_02413_,3.08
_02460_,3.08
_02468_,3.08
_02472_,3.08
_02487_,3.08
_02495_,3.08
_02538_,3.08
_02540_,3.08
_02552_,3.08
_02560_,3.08
_02566_,3.08
_02568_,3.08
_02718_,3.08
_02803_,3.08
_02807_,3.08
_02889_,3.08
_03070_,3.08
_03083_,3.08
_03086_,3.08
_03110_,3.08
_03113_,3.08
_03129_,3.08
_03221_,3.08
_03385_,3.08
_03407_,3.08
_03475_,3.08
_03487_,3.08
_03547_,3.08
_03604_,3.08
_03816_,3.08
_03892_,3.08
_03934_,3.08
_04044_,3.08
_04075_,3.08
_04323_,3.08
_04332_,3.08
_04344_,3.08
_04476_,3.08
_04539_,3.08
_04583_,3.08
_04634_,3.08
_04636_,3.08
_04673_,3.08
_04775_,3.08
_04794_,3.08
_04843_,3.08
_04861_,3.08
_04954_,3.08
_04961_,3.08
_04975_,3.08
_05241_,3.08
_05604_,3.08
_05901_,3.08
_05936_,3.08
_05938_,3.08
_05972_,3.08
_06006_,3.08
_06060_,3.08
_06121_,3.08
_06491_,3.08
_06662_,3.08
_06675_,3.08
_06690_,3.08
_06725_,3.08
_06781_,3.08
_06850_,3.08
_07103_,3.08
_07503_,3.08
_07523_,3.08
_07743_,3.08
_07994_,3.08
_08218_,3.08
_08616_,3.08
_08658_,3.08
_08874_,3.08
_08881_,3.08
_08969_,3.08
_09055_,3.08
_09143_,3.08
_09900_,3.08
_10014_,3.08
_10136_,3.08
_10450_,3.08
_10740_,3.08
_11190_,3.08
_11602_,3.08
_11618_,3.08
_11632_,3.08
_11674_,3.08
_11676_,3.08
_11717_,3.08
_11723_,3.08
_12396_,3.08
_13362_,3.08
_13610_,3.08
_13952_,3.08
_14162_,3.08
_14474_,3.08
_14484_,3.08
_14487_,3.08
_14488_,3.08
_14668_,3.08
_14733_,3.08
_14744_,3.08
_14859_,3.08
_14877_,3.08
_15077_,3.08
_15122_,3.08
_15254_,3.08
_15262_,3.08
_15335_,3.08
_15407_,3.08
_15410_,3.08
_15425_,3.08
_15446_,3.08
_15473_,3.08
_16144_,3.08
_16283_,3.08
_16287_,3.08
_16288_,3.08
_16410_,3.08
_16791_,3.08
_16918_,3.08
_16963_,3.08
_16993_,3.08
_17315_,3.08
_17407_,3.08
_17414_,3.08
_17625_,3.08
_17628_,3.08
_17894_,3.08
_17948_,3.08
_18032_,3.08
_18058_,3.08
_18442_,3.08
_18673_,3.08
_18790_,3.08
_18868_,3.08
_19030_,3.08
_19092_,3.08
_19323_,3.08
_19401_,3.08
_19522_,3.08
_19645_,3.08
_19896_,3.08
core.data_in\[132\],3.08
core.data_in\[168\],3.08
core.data_in\[199\],3.08
core.data_in\[213\],3.08
core.data_in\[237\],3.08
core.data_in\[261\],3.08
core.data_in\[36\],3.08
core.data_in\[452\],3.08
core.data_in\[4\],3.08
core.data_in\[64\],3.08
core.data_in\[65\],3.08
core.data_in\[68\],3.08
core.data_in_reg\[238\],3.08
core.data_in_reg\[478\],3.08
core.data_in_reg\[481\],3.08
core.data_in_reg\[74\],3.08
core.data_in_reg\[76\],3.08
core.data_out\[150\],3.08
core.data_out\[163\],3.08
core.data_out\[16\],3.08
core.data_out\[262\],3.08
core.data_out\[269\],3.08
core.data_out\[277\],3.08
core.data_out\[279\],3.08
core.data_out\[285\],3.08
core.data_out\[298\],3.08
core.data_out\[315\],3.08
core.data_out\[328\],3.08
core.data_out\[35\],3.08
core.data_out\[416\],3.08
core.data_out\[511\],3.08
core.data_out\[52\],3.08
core.data_out\[71\],3.08
core.key6_reg\[23\],3.08
core.key7_reg\[1\],3.08
core.key7_reg\[6\],3.08
core.state11_reg\[17\],3.08
net632,3.08
net763,3.08
net1304,3.08
net1574,3.08
net3004,3.08
net3210,3.08
net3333,3.08
net3410,3.08
net3613,3.08
net3683,3.08
net4276,3.08
net4487,3.08
net4574,3.08
net4757,3.08
net4831,3.08
net4889,3.08
_11886_,3.07
_03040_,3.06
_04761_,3.06
_16953_,3.06
_17310_,3.06
_17907_,3.06
core.data_in\[266\],3.06
core.data_in\[407\],3.06
core.data_in\[459\],3.06
core.data_in_reg\[380\],3.06
core.key6_reg\[7\],3.06
core.state9_reg\[0\],3.06
_01966_,3.055
_05478_,3.05
_00160_,3.045
_00193_,3.045
_00230_,3.045
_00293_,3.045
_00331_,3.045
_00401_,3.045
_00407_,3.045
_00607_,3.045
_00702_,3.045
_00706_,3.045
_00714_,3.045
_00727_,3.045
_00781_,3.045
_01201_,3.045
_01219_,3.045
_01225_,3.045
_01681_,3.045
_01709_,3.045
_01817_,3.045
_01823_,3.045
_02330_,3.045
_02343_,3.045
_02347_,3.045
_03032_,3.045
_03264_,3.045
_00042_,3.005
_00123_,3.005
_00162_,3.005
_00515_,3.005
_00713_,3.005
_00728_,3.005
_00792_,3.005
_00815_,3.005
_00893_,3.005
_00928_,3.005
_00984_,3.005
_01717_,3.005
_01768_,3.005
_01842_,3.005
_02337_,3.005
_03270_,3.005
net1623,3.005
net1768,3.005
net1884,3.005
_16781_,2.99
_00357_,2.98
_00739_,2.98
_01212_,2.98
_01341_,2.98
_01834_,2.98
_01875_,2.98
_01993_,2.98
_02010_,2.98
_03311_,2.98
_08023_,2.98
_10686_,2.98
_14214_,2.98
_18076_,2.98
_18209_,2.98
_18300_,2.98
_19437_,2.98
core.data_in\[105\],2.98
core.data_in\[316\],2.98
core.data_in_reg\[265\],2.98
core.data_in_reg\[273\],2.98
core.data_in_reg\[336\],2.98
core.data_in_reg\[359\],2.98
core.data_in_reg\[374\],2.98
core.data_in_reg\[417\],2.98
core.data_in_reg\[471\],2.98
core.data_in_reg\[92\],2.98
core.data_out\[141\],2.98
core.data_out\[336\],2.98
core.data_out\[494\],2.98
core.state11_reg\[31\],2.98
net1183,2.98
_01264_,2.96
_01396_,2.96
_01421_,2.96
_01480_,2.96
_01707_,2.96
_01957_,2.96
_02304_,2.96
_02459_,2.96
_03239_,2.96
_03669_,2.96
_03728_,2.96
_03762_,2.96
_03957_,2.96
_04108_,2.96
_04132_,2.96
_04356_,2.96
_04519_,2.96
_04544_,2.96
_04633_,2.96
_04645_,2.96
_04883_,2.96
_04928_,2.96
_04953_,2.96
_04991_,2.96
_05107_,2.96
_05141_,2.96
_05149_,2.96
_05160_,2.96
_05178_,2.96
_05201_,2.96
_05224_,2.96
_05266_,2.96
_05321_,2.96
_05618_,2.96
_05761_,2.96
_05833_,2.96
_05971_,2.96
_06014_,2.96
_06043_,2.96
_06046_,2.96
_06615_,2.96
_06688_,2.96
_06896_,2.96
_07015_,2.96
_07026_,2.96
_07609_,2.96
_08132_,2.96
_08249_,2.96
_08399_,2.96
_08595_,2.96
_08904_,2.96
_08945_,2.96
_08988_,2.96
_09292_,2.96
_09293_,2.96
_09323_,2.96
_09678_,2.96
_09868_,2.96
_09881_,2.96
_09932_,2.96
_10421_,2.96
_10431_,2.96
_10673_,2.96
_10944_,2.96
_10970_,2.96
_11180_,2.96
_11387_,2.96
_11490_,2.96
_11724_,2.96
_11970_,2.96
_12391_,2.96
_13026_,2.96
_13591_,2.96
_14118_,2.96
_14355_,2.96
_14371_,2.96
_14834_,2.96
_14926_,2.96
_15126_,2.96
_15248_,2.96
_15495_,2.96
_15627_,2.96
_15632_,2.96
_15634_,2.96
_15911_,2.96
_15954_,2.96
_15967_,2.96
_16230_,2.96
_16673_,2.96
_17239_,2.96
_17808_,2.96
_17817_,2.96
_17915_,2.96
_18006_,2.96
_18015_,2.96
_18086_,2.96
_18330_,2.96
_18909_,2.96
_19186_,2.96
_19217_,2.96
_19309_,2.96
_19398_,2.96
_19486_,2.96
_19681_,2.96
_19755_,2.96
_19815_,2.96
_19838_,2.96
core.data_in\[82\],2.96
core.data_in\[84\],2.96
core.data_in_reg\[213\],2.96
core.data_in_reg\[382\],2.96
core.data_in_reg\[482\],2.96
core.data_out\[264\],2.96
core.data_out\[287\],2.96
core.data_out\[302\],2.96
core.data_out\[36\],2.96
net1776,2.96
net1906,2.96
net3054,2.96
net3105,2.96
net3628,2.96
net3735,2.96
net3776,2.96
net3951,2.96
net4032,2.96
net4197,2.96
net4395,2.96
net4424,2.96
net4741,2.96
_02403_,2.925
_10956_,2.89
_00195_,2.885
_00227_,2.885
_00735_,2.885
_00934_,2.885
_00953_,2.885
_01255_,2.885
_01793_,2.885
_01836_,2.885
_01888_,2.885
_01937_,2.885
_02014_,2.885
_02796_,2.885
_03376_,2.885
_03609_,2.885
net1731,2.885
_11204_,2.87
_00050_,2.86
_00051_,2.86
_00052_,2.86
_00194_,2.86
_00365_,2.86
_00505_,2.86
_00527_,2.86
_00624_,2.86
_00644_,2.86
_00651_,2.86
_00699_,2.86
_00746_,2.86
_00801_,2.86
_00862_,2.86
_00876_,2.86
_00935_,2.86
_01000_,2.86
_01010_,2.86
_01074_,2.86
_01092_,2.86
_01101_,2.86
_01115_,2.86
_01203_,2.86
_01214_,2.86
_01738_,2.86
_01822_,2.86
_01837_,2.86
_02002_,2.86
_02177_,2.86
_02393_,2.86
_02394_,2.86
_03294_,2.86
_03607_,2.86
_03620_,2.86
_03657_,2.86
_11636_,2.86
net512,2.86
net757,2.86
net1106,2.86
net2725,2.86
net3954,2.86
net3974,2.86
net4062,2.86
net4248,2.86
net4463,2.86
_07262_,2.85
_01932_,2.84
_02428_,2.84
_02430_,2.84
_04840_,2.84
_09302_,2.84
_10200_,2.84
_11152_,2.84
_13224_,2.84
_13690_,2.84
_14455_,2.84
_15740_,2.84
_19363_,2.84
_19521_,2.84
net1330,2.84
net3231,2.84
net3928,2.84
_00054_,2.835
_00610_,2.835
_00744_,2.835
_01019_,2.835
_01192_,2.835
_01231_,2.835
_01767_,2.835
_01981_,2.835
_03614_,2.835
_03659_,2.835
_00273_,2.82
_00013_,2.785
_00036_,2.785
_00142_,2.785
_00595_,2.785
_00642_,2.785
_00653_,2.785
_00765_,2.785
_00800_,2.785
_00835_,2.785
_00850_,2.785
_00867_,2.785
_00991_,2.785
_00992_,2.785
_01352_,2.785
_01742_,2.785
_01785_,2.785
_01810_,2.785
_01816_,2.785
_01967_,2.785
_02007_,2.785
_03462_,2.785
_03463_,2.785
_03622_,2.785
_03636_,2.785
net400,2.785
net1205,2.785
net1240,2.785
net1268,2.785
net1334,2.785
net1342,2.785
net1348,2.785
net1496,2.785
net2047,2.785
net2190,2.785
net2358,2.785
net2682,2.785
_01333_,2.765
_03118_,2.76
_03161_,2.76
_03164_,2.76
_03181_,2.76
_03280_,2.76
_03315_,2.76
_03319_,2.76
_03387_,2.76
_03470_,2.76
_03493_,2.76
_03494_,2.76
_03520_,2.76
_03528_,2.76
_03531_,2.76
_03545_,2.76
_03596_,2.76
_07089_,2.76
_07570_,2.76
_07956_,2.76
_08348_,2.76
_10127_,2.76
_10473_,2.76
_12397_,2.76
_13947_,2.76
_14007_,2.76
_14229_,2.76
_14477_,2.76
_14485_,2.76
_14486_,2.76
_14729_,2.76
_14738_,2.76
_14996_,2.76
_15777_,2.76
_17164_,2.76
net4863,2.76
_07905_,2.74
_08836_,2.74
_10256_,2.74
_10444_,2.74
_12262_,2.74
_12331_,2.74
_18553_,2.74
core.data_out\[486\],2.74
net2065,2.74
net2229,2.74
net2936,2.74
net3729,2.74
net4699,2.74
_04409_,2.72
_07247_,2.72
_07751_,2.72
_07766_,2.72
_08071_,2.72
_08180_,2.72
_08761_,2.72
_09200_,2.72
_10949_,2.72
_11319_,2.72
_15395_,2.72
_15436_,2.72
_16920_,2.72
_17726_,2.72
_00173_,2.715
_00261_,2.715
_00483_,2.715
_00658_,2.715
_00859_,2.715
_00890_,2.715
_01004_,2.715
_01052_,2.715
_01060_,2.715
_01176_,2.715
_01177_,2.715
_01187_,2.715
_01691_,2.715
_01741_,2.715
_01899_,2.715
_01949_,2.715
_02056_,2.715
_02097_,2.715
_02141_,2.715
_02327_,2.715
_03372_,2.715
net692,2.715
net793,2.715
net3008,2.715
_17932_,2.67
_02990_,2.665
_17331_,2.66
_09212_,2.65
_03483_,2.64
_06999_,2.64
_09197_,2.64
_10275_,2.64
_10284_,2.64
_10514_,2.64
_12765_,2.64
_15856_,2.64
_16295_,2.64
_16549_,2.64
_17103_,2.64
core.data_in\[102\],2.64
core.data_in\[115\],2.64
core.data_in\[13\],2.64
core.data_in\[169\],2.64
core.data_in\[173\],2.64
core.data_in\[185\],2.64
core.data_in\[200\],2.64
core.data_in\[212\],2.64
core.data_in\[223\],2.64
core.data_in\[236\],2.64
core.data_in\[246\],2.64
core.data_in\[270\],2.64
core.data_in\[283\],2.64
core.data_in\[38\],2.64
core.data_in\[392\],2.64
core.data_in\[393\],2.64
core.data_in\[448\],2.64
core.data_in\[491\],2.64
core.data_in_reg\[149\],2.64
core.data_in_reg\[150\],2.64
core.data_in_reg\[17\],2.64
core.data_in_reg\[319\],2.64
core.data_in_reg\[337\],2.64
core.data_in_reg\[361\],2.64
core.data_in_reg\[83\],2.64
core.data_in_reg\[85\],2.64
core.data_out\[114\],2.64
core.data_out\[144\],2.64
core.data_out\[153\],2.64
core.data_out\[159\],2.64
core.data_out\[206\],2.64
core.data_out\[213\],2.64
core.data_out\[220\],2.64
core.data_out\[230\],2.64
core.data_out\[231\],2.64
core.data_out\[267\],2.64
core.data_out\[308\],2.64
core.data_out\[330\],2.64
core.data_out\[335\],2.64
core.data_out\[346\],2.64
core.data_out\[348\],2.64
core.data_out\[408\],2.64
core.data_out\[40\],2.64
core.data_out\[412\],2.64
core.data_out\[427\],2.64
core.data_out\[435\],2.64
core.data_out\[436\],2.64
core.data_out\[444\],2.64
core.data_out\[454\],2.64
core.data_out\[503\],2.64
core.data_out\[504\],2.64
core.data_out\[50\],2.64
core.data_out\[75\],2.64
core.data_out\[76\],2.64
core.key6_reg\[25\],2.64
core.key6_reg\[26\],2.64
core.key6_reg\[8\],2.64
core.state11_reg\[24\],2.64
_01233_,2.62
_01322_,2.62
_01361_,2.62
_01377_,2.62
_01433_,2.62
_01466_,2.62
_01492_,2.62
_01497_,2.62
_01515_,2.62
_01517_,2.62
_01524_,2.62
_01525_,2.62
_01543_,2.62
_01556_,2.62
_01566_,2.62
_01567_,2.62
_01599_,2.62
_01630_,2.62
_01722_,2.62
_01764_,2.62
_01799_,2.62
_01910_,2.62
_02078_,2.62
_02104_,2.62
_02137_,2.62
_02205_,2.62
_02259_,2.62
_02276_,2.62
_02296_,2.62
_02311_,2.62
_02313_,2.62
_02426_,2.62
_02432_,2.62
_02469_,2.62
_02471_,2.62
_02475_,2.62
_02482_,2.62
_02492_,2.62
_02510_,2.62
_02533_,2.62
_02535_,2.62
_02559_,2.62
_02567_,2.62
_02570_,2.62
_02575_,2.62
_02694_,2.62
_02740_,2.62
_02829_,2.62
_02876_,2.62
_02934_,2.62
_02941_,2.62
_02968_,2.62
_02973_,2.62
_03037_,2.62
_03077_,2.62
_03078_,2.62
_03126_,2.62
_03127_,2.62
_03179_,2.62
_03220_,2.62
_03230_,2.62
_03232_,2.62
_03235_,2.62
_03240_,2.62
_03250_,2.62
_03284_,2.62
_03365_,2.62
_03393_,2.62
_03427_,2.62
_03455_,2.62
_03456_,2.62
_03476_,2.62
_03501_,2.62
_03527_,2.62
_03655_,2.62
_03664_,2.62
_04074_,2.62
_04114_,2.62
_04161_,2.62
_04264_,2.62
_04330_,2.62
_04364_,2.62
_04413_,2.62
_04415_,2.62
_04453_,2.62
_04455_,2.62
_04473_,2.62
_04559_,2.62
_04586_,2.62
_04589_,2.62
_04640_,2.62
_04717_,2.62
_04754_,2.62
_04790_,2.62
_04796_,2.62
_04822_,2.62
_04862_,2.62
_04864_,2.62
_04880_,2.62
_04940_,2.62
_05158_,2.62
_05227_,2.62
_05247_,2.62
_05258_,2.62
_05272_,2.62
_05340_,2.62
_05384_,2.62
_05422_,2.62
_05508_,2.62
_05603_,2.62
_05760_,2.62
_05826_,2.62
_05832_,2.62
_05841_,2.62
_05842_,2.62
_05850_,2.62
_05853_,2.62
_05855_,2.62
_05873_,2.62
_05878_,2.62
_05907_,2.62
_05930_,2.62
_05934_,2.62
_05947_,2.62
_05963_,2.62
_05965_,2.62
_05986_,2.62
_06013_,2.62
_06020_,2.62
_06021_,2.62
_06036_,2.62
_06091_,2.62
_06120_,2.62
_06130_,2.62
_06669_,2.62
_06712_,2.62
_06722_,2.62
_06728_,2.62
_06731_,2.62
_06758_,2.62
_06867_,2.62
_06892_,2.62
_07302_,2.62
_07772_,2.62
_08040_,2.62
_08342_,2.62
_08905_,2.62
_09005_,2.62
_09305_,2.62
_09352_,2.62
_09505_,2.62
_09543_,2.62
_09711_,2.62
_10192_,2.62
_10231_,2.62
_10301_,2.62
_10411_,2.62
_10564_,2.62
_11290_,2.62
_11395_,2.62
_11422_,2.62
_11572_,2.62
_11838_,2.62
_12690_,2.62
_12903_,2.62
_13115_,2.62
_13117_,2.62
_13938_,2.62
_14295_,2.62
_14681_,2.62
_14732_,2.62
_14983_,2.62
_14992_,2.62
_15069_,2.62
_15092_,2.62
_15247_,2.62
_15266_,2.62
_15441_,2.62
_15472_,2.62
_15489_,2.62
_15618_,2.62
_15929_,2.62
_15944_,2.62
_15950_,2.62
_15988_,2.62
_16290_,2.62
_16358_,2.62
_16529_,2.62
_16534_,2.62
_16545_,2.62
_17092_,2.62
_17129_,2.62
_17158_,2.62
_17176_,2.62
_17196_,2.62
_17246_,2.62
_17415_,2.62
_17706_,2.62
_17769_,2.62
_17908_,2.62
_18776_,2.62
_18827_,2.62
_18901_,2.62
_19038_,2.62
_19063_,2.62
_19067_,2.62
_19160_,2.62
_19188_,2.62
_19364_,2.62
_19388_,2.62
_19683_,2.62
core.data_in\[108\],2.62
core.data_in\[145\],2.62
core.data_in\[154\],2.62
core.data_in\[210\],2.62
core.data_in\[260\],2.62
core.data_in\[282\],2.62
core.data_in\[317\],2.62
core.data_in\[328\],2.62
core.data_in\[341\],2.62
core.data_in\[390\],2.62
core.data_in\[431\],2.62
core.data_in\[451\],2.62
core.data_in\[48\],2.62
core.data_in\[91\],2.62
core.data_in_reg\[124\],2.62
core.data_in_reg\[165\],2.62
core.data_in_reg\[305\],2.62
core.data_in_reg\[340\],2.62
core.data_in_reg\[366\],2.62
core.data_in_reg\[41\],2.62
core.data_in_reg\[477\],2.62
core.data_in_reg\[67\],2.62
core.data_in_reg\[78\],2.62
core.data_out\[104\],2.62
core.data_out\[137\],2.62
core.data_out\[180\],2.62
core.data_out\[266\],2.62
core.data_out\[268\],2.62
core.data_out\[274\],2.62
core.data_out\[288\],2.62
core.data_out\[304\],2.62
core.data_out\[313\],2.62
core.data_out\[353\],2.62
core.data_out\[39\],2.62
core.data_out\[41\],2.62
core.data_out\[43\],2.62
core.data_out\[467\],2.62
core.data_out\[58\],2.62
core.data_out\[62\],2.62
core.key7_reg\[2\],2.62
net2325,2.62
net2499,2.62
net3035,2.62
net3283,2.62
net3328,2.62
net3464,2.62
net4179,2.62
net4261,2.62
net4508,2.62
net4562,2.62
net4694,2.62
net4815,2.62
_00452_,2.595
_01791_,2.595
_02069_,2.595
net995,2.595
_08171_,2.59
_00064_,2.585
_00248_,2.585
_00280_,2.585
_00395_,2.585
_00467_,2.585
_00492_,2.585
_00531_,2.585
_00625_,2.585
_00647_,2.585
_00664_,2.585
_00788_,2.585
_00817_,2.585
_00828_,2.585
_00833_,2.585
_01311_,2.585
_01340_,2.585
_01847_,2.585
_01886_,2.585
_02395_,2.585
_00004_,2.545
_00040_,2.545
_00053_,2.545
_00223_,2.545
_00356_,2.545
_00394_,2.545
_00400_,2.545
_00616_,2.545
_00645_,2.545
_00715_,2.545
_00747_,2.545
_00780_,2.545
_00786_,2.545
_00799_,2.545
_00820_,2.545
_00839_,2.545
_00975_,2.545
_01031_,2.545
_01039_,2.545
_01078_,2.545
_01097_,2.545
_01119_,2.545
_01128_,2.545
_01218_,2.545
_01260_,2.545
_01345_,2.545
_01346_,2.545
_01716_,2.545
_01778_,2.545
_01794_,2.545
_01820_,2.545
_01838_,2.545
_01892_,2.545
_01901_,2.545
_02033_,2.545
_02391_,2.545
_03262_,2.545
_03331_,2.545
_03510_,2.545
_03668_,2.545
net538,2.545
net582,2.545
net1401,2.545
_11019_,2.53
_00627_,2.52
_01148_,2.52
_01771_,2.52
_01811_,2.52
_01943_,2.52
net1438,2.52
net1572,2.52
net1891,2.52
net3202,2.52
_00880_,2.5
_01261_,2.5
_01282_,2.5
_01557_,2.5
_01699_,2.5
_01924_,2.5
_02080_,2.5
_02377_,2.5
_02506_,2.5
_02517_,2.5
_02520_,2.5
_02553_,2.5
_02801_,2.5
_02835_,2.5
_02877_,2.5
_02977_,2.5
_02988_,2.5
_03036_,2.5
_03900_,2.5
_04138_,2.5
_04266_,2.5
_04273_,2.5
_04310_,2.5
_04318_,2.5
_04358_,2.5
_04362_,2.5
_04494_,2.5
_04568_,2.5
_04580_,2.5
_04600_,2.5
_04638_,2.5
_04654_,2.5
_04779_,2.5
_04800_,2.5
_04960_,2.5
_05070_,2.5
_05074_,2.5
_05111_,2.5
_05144_,2.5
_05167_,2.5
_05187_,2.5
_05204_,2.5
_05315_,2.5
_05369_,2.5
_05443_,2.5
_05542_,2.5
_05555_,2.5
_05590_,2.5
_05632_,2.5
_05851_,2.5
_05937_,2.5
_06119_,2.5
_06796_,2.5
_06843_,2.5
_06904_,2.5
_06984_,2.5
_07055_,2.5
_07172_,2.5
_07275_,2.5
_07458_,2.5
_07795_,2.5
_07856_,2.5
_08235_,2.5
_08506_,2.5
_08673_,2.5
_08695_,2.5
_08747_,2.5
_08766_,2.5
_08804_,2.5
_08810_,2.5
_09160_,2.5
_09254_,2.5
_09270_,2.5
_09453_,2.5
_09547_,2.5
_10067_,2.5
_10082_,2.5
_10152_,2.5
_10612_,2.5
_10744_,2.5
_10849_,2.5
_10909_,2.5
_11092_,2.5
_11215_,2.5
_11251_,2.5
_11256_,2.5
_11777_,2.5
_11891_,2.5
_12156_,2.5
_12589_,2.5
_12720_,2.5
_13156_,2.5
_13445_,2.5
_13924_,2.5
_14123_,2.5
_14202_,2.5
_14365_,2.5
_14459_,2.5
_14468_,2.5
_14734_,2.5
_14849_,2.5
_15117_,2.5
_15141_,2.5
_15756_,2.5
_15906_,2.5
_16422_,2.5
_16472_,2.5
_16500_,2.5
_16511_,2.5
_16517_,2.5
_16548_,2.5
_16615_,2.5
_16740_,2.5
_16958_,2.5
_17168_,2.5
_17222_,2.5
_17530_,2.5
_17540_,2.5
_17591_,2.5
_17630_,2.5
_17727_,2.5
_17740_,2.5
_17887_,2.5
_17910_,2.5
_18359_,2.5
_18494_,2.5
_18859_,2.5
_18976_,2.5
_18992_,2.5
_19057_,2.5
_19119_,2.5
_19366_,2.5
_19377_,2.5
_19440_,2.5
_19491_,2.5
_19738_,2.5
_19756_,2.5
_19843_,2.5
_19881_,2.5
core.data_in\[406\],2.5
core.data_in_reg\[141\],2.5
core.data_in_reg\[156\],2.5
core.data_in_reg\[176\],2.5
core.data_in_reg\[251\],2.5
core.data_in_reg\[381\],2.5
core.data_in_reg\[65\],2.5
core.data_out\[115\],2.5
core.data_out\[259\],2.5
core.data_out\[275\],2.5
core.data_out\[382\],2.5
core.data_out\[493\],2.5
net1964,2.5
net1968,2.5
net3584,2.5
net3964,2.5
net4185,2.5
net4286,2.5
net4532,2.5
net4805,2.5
_00654_,2.465
_00412_,2.425
_06397_,2.4
_09345_,2.4
_10055_,2.4
_11402_,2.4
net3203,2.4
net3367,2.4
net3432,2.4
net3573,2.4
net3755,2.4
net3820,2.4
net3845,2.4
net4008,2.4
net4057,2.4
net4092,2.4
net4121,2.4
net4156,2.4
net4247,2.4
net4269,2.4
net4289,2.4
net4290,2.4
net4349,2.4
net4533,2.4
net4556,2.4
net4712,2.4
net4719,2.4
net4777,2.4
_01864_,2.38
_01915_,2.38
_02291_,2.38
_03429_,2.38
_04026_,2.38
_07882_,2.38
_08126_,2.38
_09372_,2.38
_17885_,2.38
core.data_in_reg\[254\],2.38
_00494_,2.375
_00641_,2.375
_00844_,2.375
_01861_,2.375
_01974_,2.375
_03267_,2.375
_03305_,2.375
net2126,2.375
_00177_,2.325
_00259_,2.325
_00469_,2.325
_00555_,2.325
_00586_,2.325
_00637_,2.325
_00688_,2.325
_00691_,2.325
_00791_,2.325
_00813_,2.325
_00853_,2.325
_00973_,2.325
_00985_,2.325
_00995_,2.325
_01082_,2.325
_01122_,2.325
_01138_,2.325
_01191_,2.325
_01197_,2.325
_01309_,2.325
_01338_,2.325
_01728_,2.325
_01746_,2.325
_01749_,2.325
_01783_,2.325
_01788_,2.325
_01789_,2.325
_01854_,2.325
_01963_,2.325
_01988_,2.325
_02030_,2.325
_02044_,2.325
_02048_,2.325
_02373_,2.325
_02374_,2.325
_02455_,2.325
_02888_,2.325
_03271_,2.325
_03623_,2.325
_03650_,2.325
net328,2.325
net2087,2.325
net2220,2.325
net2719,2.325
net2762,2.325
net3107,2.325
_03095_,2.3
_03098_,2.3
_03099_,2.3
_03160_,2.3
_03185_,2.3
_03190_,2.3
_03215_,2.3
_03216_,2.3
_03217_,2.3
_03226_,2.3
_03259_,2.3
_03283_,2.3
_03288_,2.3
_03310_,2.3
_03317_,2.3
_03341_,2.3
_03342_,2.3
_03344_,2.3
_03350_,2.3
_03353_,2.3
_03354_,2.3
_03409_,2.3
_03411_,2.3
_03416_,2.3
_03418_,2.3
_03450_,2.3
_03472_,2.3
_03474_,2.3
_03477_,2.3
_03481_,2.3
_03482_,2.3
_03484_,2.3
_03485_,2.3
_03496_,2.3
_03504_,2.3
_03514_,2.3
_03515_,2.3
_03517_,2.3
_03521_,2.3
_03546_,2.3
_03552_,2.3
_03553_,2.3
_03558_,2.3
_03563_,2.3
_03568_,2.3
_03571_,2.3
_03576_,2.3
_03578_,2.3
_03580_,2.3
_03600_,2.3
_03601_,2.3
_03603_,2.3
_07369_,2.3
_08220_,2.3
_08731_,2.3
_09362_,2.3
_09511_,2.3
_09694_,2.3
_10392_,2.3
_10467_,2.3
_10483_,2.3
_14919_,2.3
_15160_,2.3
_15707_,2.3
_15749_,2.3
_15985_,2.3
_15990_,2.3
_16005_,2.3
_16149_,2.3
_17470_,2.3
_09128_,2.28
_10385_,2.28
_12489_,2.28
net2351,2.28
net2627,2.28
net2990,2.28
net4638,2.28
_08482_,2.26
_00448_,2.255
_00741_,2.255
_00784_,2.255
_00917_,2.255
_00970_,2.255
_00974_,2.255
_01049_,2.255
_01117_,2.255
_01329_,2.255
_01903_,2.255
_02158_,2.255
net312,2.255
net2588,2.255
_00701_,2.205
_00776_,2.205
_01887_,2.205
_01964_,2.205
net2450,2.205
net3038,2.205
_13436_,2.175
_00289_,2.16
_00915_,2.16
_01237_,2.16
_01239_,2.16
_01241_,2.16
_01247_,2.16
_01257_,2.16
_01269_,2.16
_01270_,2.16
_01283_,2.16
_01287_,2.16
_01290_,2.16
_01362_,2.16
_01415_,2.16
_01423_,2.16
_01496_,2.16
_01500_,2.16
_01501_,2.16
_01506_,2.16
_01544_,2.16
_01564_,2.16
_01631_,2.16
_01711_,2.16
_01870_,2.16
_01872_,2.16
_01914_,2.16
_01925_,2.16
_02083_,2.16
_02159_,2.16
_02204_,2.16
_02207_,2.16
_02218_,2.16
_02226_,2.16
_02229_,2.16
_02237_,2.16
_02239_,2.16
_02256_,2.16
_02277_,2.16
_02319_,2.16
_02320_,2.16
_02378_,2.16
_02431_,2.16
_02439_,2.16
_02448_,2.16
_02465_,2.16
_02466_,2.16
_02476_,2.16
_02478_,2.16
_02483_,2.16
_02491_,2.16
_02513_,2.16
_02529_,2.16
_02531_,2.16
_02539_,2.16
_02544_,2.16
_02608_,2.16
_02612_,2.16
_02625_,2.16
_02630_,2.16
_02719_,2.16
_02775_,2.16
_02782_,2.16
_02791_,2.16
_02795_,2.16
_02809_,2.16
_02811_,2.16
_02839_,2.16
_02845_,2.16
_02853_,2.16
_02882_,2.16
_02883_,2.16
_02892_,2.16
_02908_,2.16
_02910_,2.16
_02960_,2.16
_02980_,2.16
_02981_,2.16
_03018_,2.16
_03029_,2.16
_03053_,2.16
_03056_,2.16
_03081_,2.16
_03158_,2.16
_03172_,2.16
_03194_,2.16
_03200_,2.16
_03242_,2.16
_03249_,2.16
_03252_,2.16
_03321_,2.16
_03325_,2.16
_03394_,2.16
_03419_,2.16
_03420_,2.16
_03432_,2.16
_03436_,2.16
_03541_,2.16
_03586_,2.16
_03593_,2.16
_03675_,2.16
_03736_,2.16
_03854_,2.16
_04034_,2.16
_04036_,2.16
_04067_,2.16
_04083_,2.16
_04166_,2.16
_04175_,2.16
_04283_,2.16
_04301_,2.16
_04369_,2.16
_04424_,2.16
_04480_,2.16
_04485_,2.16
_04550_,2.16
_04680_,2.16
_04694_,2.16
_04696_,2.16
_04866_,2.16
_04968_,2.16
_05028_,2.16
_05068_,2.16
_05181_,2.16
_05183_,2.16
_05225_,2.16
_05233_,2.16
_05242_,2.16
_05288_,2.16
_05293_,2.16
_05316_,2.16
_05820_,2.16
_05926_,2.16
_05931_,2.16
_05941_,2.16
_05967_,2.16
_06025_,2.16
_06030_,2.16
_06034_,2.16
_06040_,2.16
_06116_,2.16
_06455_,2.16
_06602_,2.16
_06776_,2.16
_06782_,2.16
_06808_,2.16
_07189_,2.16
_07328_,2.16
_07333_,2.16
_07394_,2.16
_07932_,2.16
_07969_,2.16
_08124_,2.16
_08143_,2.16
_08899_,2.16
_09035_,2.16
_09090_,2.16
_09180_,2.16
_09468_,2.16
_09615_,2.16
_09625_,2.16
_09975_,2.16
_09993_,2.16
_10122_,2.16
_10237_,2.16
_10324_,2.16
_10334_,2.16
_10418_,2.16
_10572_,2.16
_11415_,2.16
_11541_,2.16
_11628_,2.16
_11695_,2.16
_11767_,2.16
_11852_,2.16
_12098_,2.16
_12106_,2.16
_12532_,2.16
_12753_,2.16
_13199_,2.16
_13430_,2.16
_14092_,2.16
_14133_,2.16
_14140_,2.16
_14164_,2.16
_14207_,2.16
_14219_,2.16
_14220_,2.16
_14473_,2.16
_14475_,2.16
_14612_,2.16
_14652_,2.16
_14713_,2.16
_14724_,2.16
_14820_,2.16
_14887_,2.16
_14892_,2.16
_14903_,2.16
_14991_,2.16
_15076_,2.16
_15161_,2.16
_15318_,2.16
_15382_,2.16
_15412_,2.16
_15591_,2.16
_15650_,2.16
_15700_,2.16
_15722_,2.16
_15761_,2.16
_15780_,2.16
_15843_,2.16
_15864_,2.16
_15882_,2.16
_15896_,2.16
_15904_,2.16
_15937_,2.16
_16017_,2.16
_16179_,2.16
_16279_,2.16
_16285_,2.16
_16483_,2.16
_16530_,2.16
_16537_,2.16
_16540_,2.16
_16792_,2.16
_16802_,2.16
_16930_,2.16
_16974_,2.16
_16986_,2.16
_16989_,2.16
_17138_,2.16
_17183_,2.16
_17215_,2.16
_17243_,2.16
_17363_,2.16
_17371_,2.16
_17430_,2.16
_17660_,2.16
_17689_,2.16
_17733_,2.16
_17905_,2.16
_18263_,2.16
_18298_,2.16
_18386_,2.16
_18676_,2.16
_18682_,2.16
_18749_,2.16
_18759_,2.16
_18884_,2.16
_18888_,2.16
_18919_,2.16
_19055_,2.16
_19086_,2.16
_19397_,2.16
_19409_,2.16
_19655_,2.16
_19832_,2.16
_19913_,2.16
core.data_in\[12\],2.16
core.data_in\[174\],2.16
core.data_in\[182\],2.16
core.data_in\[207\],2.16
core.data_in\[209\],2.16
core.data_in\[265\],2.16
core.data_in\[329\],2.16
core.data_in\[42\],2.16
core.data_in_reg\[143\],2.16
core.data_in_reg\[268\],2.16
core.data_in_reg\[472\],2.16
core.data_in_reg\[479\],2.16
core.data_in_reg\[486\],2.16
core.data_out\[116\],2.16
core.data_out\[147\],2.16
core.data_out\[151\],2.16
core.data_out\[196\],2.16
core.data_out\[270\],2.16
core.data_out\[300\],2.16
core.data_out\[307\],2.16
core.data_out\[310\],2.16
core.data_out\[326\],2.16
core.data_out\[338\],2.16
core.data_out\[339\],2.16
core.data_out\[342\],2.16
core.data_out\[383\],2.16
core.data_out\[393\],2.16
core.data_out\[415\],2.16
core.data_out\[439\],2.16
core.data_out\[4\],2.16
core.data_out\[53\],2.16
core.data_out\[56\],2.16
core.data_out\[59\],2.16
core.data_out\[70\],2.16
core.data_out\[81\],2.16
core.data_out\[9\],2.16
core.key5_reg\[24\],2.16
core.state11_reg\[29\],2.16
core.state8_reg\[25\],2.16
net448,2.16
net1207,2.16
net2953,2.16
net3858,2.16
net4031,2.16
net4080,2.16
net4297,2.16
net4713,2.16
net4843,2.16
_00084_,2.125
_00133_,2.125
_00191_,2.125
_00346_,2.125
_00431_,2.125
_00437_,2.125
_00477_,2.125
_00535_,2.125
_00557_,2.125
_00567_,2.125
_00683_,2.125
_00718_,2.125
_00729_,2.125
_00825_,2.125
_00857_,2.125
_00966_,2.125
_01033_,2.125
_01158_,2.125
_01347_,2.125
_01356_,2.125
_01694_,2.125
_01844_,2.125
_02064_,2.125
_02324_,2.125
_02357_,2.125
_02462_,2.125
_02900_,2.125
_02930_,2.125
_02971_,2.125
_03656_,2.125
net332,2.125
_01951_,2.115
_00120_,2.085
_00144_,2.085
_00232_,2.085
_00258_,2.085
_00473_,2.085
_00506_,2.085
_00541_,2.085
_00677_,2.085
_00700_,2.085
_00716_,2.085
_00760_,2.085
_00812_,2.085
_00840_,2.085
_00841_,2.085
_00899_,2.085
_00907_,2.085
_01057_,2.085
_01343_,2.085
_01349_,2.085
_01696_,2.085
_01739_,2.085
_01879_,2.085
_01902_,2.085
_02361_,2.085
_02999_,2.085
_03334_,2.085
_01740_,2.06
_03662_,2.06
_01293_,2.04
_01591_,2.04
_02160_,2.04
_02253_,2.04
_02671_,2.04
_02813_,2.04
_03251_,2.04
_03960_,2.04
_04304_,2.04
_04404_,2.04
_04407_,2.04
_04699_,2.04
_04709_,2.04
_04962_,2.04
_05220_,2.04
_05226_,2.04
_05708_,2.04
_05780_,2.04
_05966_,2.04
_05975_,2.04
_07148_,2.04
_07253_,2.04
_08472_,2.04
_08523_,2.04
_08589_,2.04
_08634_,2.04
_08636_,2.04
_09105_,2.04
_09724_,2.04
_09915_,2.04
_09983_,2.04
_10304_,2.04
_10497_,2.04
_10576_,2.04
_10691_,2.04
_10961_,2.04
_11457_,2.04
_11514_,2.04
_13419_,2.04
_13469_,2.04
_14302_,2.04
_14384_,2.04
_14547_,2.04
_14604_,2.04
_14647_,2.04
_14661_,2.04
_14882_,2.04
_15084_,2.04
_15127_,2.04
_15249_,2.04
_15261_,2.04
_15397_,2.04
_15671_,2.04
_16156_,2.04
_16223_,2.04
_16224_,2.04
_16439_,2.04
_16461_,2.04
_16467_,2.04
_16521_,2.04
_16995_,2.04
_17182_,2.04
_18268_,2.04
_19053_,2.04
_19151_,2.04
_19349_,2.04
_19625_,2.04
_19660_,2.04
_19687_,2.04
_19825_,2.04
core.data_in\[389\],2.04
core.data_in_reg\[245\],2.04
core.data_in_reg\[54\],2.04
core.data_out\[30\],2.04
core.data_out\[378\],2.04
core.data_out\[477\],2.04
core.data_out\[506\],2.04
net2415,2.04
net4034,2.04
net4444,2.04
_01113_,2.035
_01832_,2.035
_03266_,2.035
net3430,1.94
net3549,1.94
net3711,1.94
net3929,1.94
net4001,1.94
net4140,1.94
net4849,1.94
_00551_,1.915
_01151_,1.915
_01745_,1.915
_01792_,1.915
_01990_,1.915
_02197_,1.915
_02346_,1.915
_02457_,1.915
_07583_,1.915
_07590_,1.915
_11231_,1.915
_00157_,1.865
_00164_,1.865
_00233_,1.865
_00359_,1.865
_00366_,1.865
_00409_,1.865
_00446_,1.865
_00533_,1.865
_00564_,1.865
_00601_,1.865
_00675_,1.865
_00694_,1.865
_00696_,1.865
_00705_,1.865
_00770_,1.865
_00783_,1.865
_00794_,1.865
_00797_,1.865
_00811_,1.865
_00837_,1.865
_00872_,1.865
_00904_,1.865
_00959_,1.865
_01003_,1.865
_01022_,1.865
_01030_,1.865
_01102_,1.865
_01105_,1.865
_01121_,1.865
_01254_,1.865
_01708_,1.865
_01769_,1.865
_01774_,1.865
_01798_,1.865
_01801_,1.865
_01831_,1.865
_01835_,1.865
_01839_,1.865
_01851_,1.865
_01853_,1.865
_01873_,1.865
_01877_,1.865
_01897_,1.865
_01989_,1.865
_02025_,1.865
_02117_,1.865
_02352_,1.865
_02356_,1.865
_02450_,1.865
_02826_,1.865
_03336_,1.865
_03542_,1.865
_03667_,1.865
net213,1.865
net532,1.865
net536,1.865
net568,1.865
net771,1.865
net811,1.865
_07354_,1.82
_11434_,1.82
_12356_,1.82
core.data_in_reg\[47\],1.82
core.data_out\[479\],1.82
net4681,1.82
_08111_,1.78
_00062_,1.745
_00161_,1.745
_02365_,1.745
_09365_,1.73
_01296_,1.7
_01401_,1.7
_01418_,1.7
_01420_,1.7
_01471_,1.7
_01478_,1.7
_01487_,1.7
_01491_,1.7
_01493_,1.7
_01499_,1.7
_01529_,1.7
_01554_,1.7
_01582_,1.7
_01595_,1.7
_01602_,1.7
_01606_,1.7
_01627_,1.7
_01635_,1.7
_01636_,1.7
_01690_,1.7
_01759_,1.7
_01862_,1.7
_01867_,1.7
_01876_,1.7
_01906_,1.7
_01911_,1.7
_01917_,1.7
_01919_,1.7
_01921_,1.7
_01923_,1.7
_01931_,1.7
_01936_,1.7
_02113_,1.7
_02142_,1.7
_02209_,1.7
_02241_,1.7
_02289_,1.7
_02301_,1.7
_02375_,1.7
_02384_,1.7
_02412_,1.7
_02419_,1.7
_02422_,1.7
_02423_,1.7
_02424_,1.7
_02434_,1.7
_02436_,1.7
_02446_,1.7
_02480_,1.7
_02501_,1.7
_02526_,1.7
_02536_,1.7
_02574_,1.7
_02589_,1.7
_02619_,1.7
_02642_,1.7
_02668_,1.7
_02746_,1.7
_02757_,1.7
_02797_,1.7
_02812_,1.7
_02822_,1.7
_02854_,1.7
_02881_,1.7
_02936_,1.7
_02939_,1.7
_02942_,1.7
_02944_,1.7
_02955_,1.7
_02966_,1.7
_02967_,1.7
_02984_,1.7
_03012_,1.7
_03022_,1.7
_03041_,1.7
_03042_,1.7
_03067_,1.7
_03091_,1.7
_03135_,1.7
_03136_,1.7
_03142_,1.7
_03144_,1.7
_03178_,1.7
_03204_,1.7
_03208_,1.7
_03209_,1.7
_03244_,1.7
_03276_,1.7
_03320_,1.7
_03328_,1.7
_03357_,1.7
_03360_,1.7
_03381_,1.7
_03396_,1.7
_03401_,1.7
_03423_,1.7
_03424_,1.7
_03430_,1.7
_03445_,1.7
_03452_,1.7
_03551_,1.7
_03566_,1.7
_03749_,1.7
_04152_,1.7
_04157_,1.7
_04380_,1.7
_04420_,1.7
_04427_,1.7
_04490_,1.7
_04537_,1.7
_04682_,1.7
_04728_,1.7
_04733_,1.7
_04783_,1.7
_04817_,1.7
_04819_,1.7
_04848_,1.7
_04859_,1.7
_04876_,1.7
_04936_,1.7
_04947_,1.7
_05243_,1.7
_05318_,1.7
_05339_,1.7
_05440_,1.7
_05839_,1.7
_05858_,1.7
_05861_,1.7
_05867_,1.7
_05929_,1.7
_05979_,1.7
_06074_,1.7
_06102_,1.7
_06732_,1.7
_06751_,1.7
_06756_,1.7
_06900_,1.7
_07205_,1.7
_07631_,1.7
_07665_,1.7
_07903_,1.7
_08512_,1.7
_09161_,1.7
_09216_,1.7
_09391_,1.7
_09550_,1.7
_09644_,1.7
_09753_,1.7
_09796_,1.7
_10229_,1.7
_10280_,1.7
_10292_,1.7
_10842_,1.7
_11078_,1.7
_11197_,1.7
_11263_,1.7
_11433_,1.7
_11725_,1.7
_12741_,1.7
_13179_,1.7
_14217_,1.7
_14386_,1.7
_14986_,1.7
_15183_,1.7
_15208_,1.7
_15379_,1.7
_15417_,1.7
_15631_,1.7
_15773_,1.7
_15939_,1.7
_15941_,1.7
_15984_,1.7
_16033_,1.7
_16205_,1.7
_16263_,1.7
_16457_,1.7
_16742_,1.7
_16981_,1.7
_17126_,1.7
_17311_,1.7
_17467_,1.7
_17498_,1.7
_17646_,1.7
_17685_,1.7
_17884_,1.7
_18855_,1.7
_18905_,1.7
_19009_,1.7
_19047_,1.7
_19090_,1.7
_19172_,1.7
_19212_,1.7
_19310_,1.7
_19494_,1.7
core.data_in\[110\],1.7
core.data_in\[127\],1.7
core.data_in\[196\],1.7
core.data_in\[198\],1.7
core.data_in\[201\],1.7
core.data_in\[204\],1.7
core.data_in\[22\],1.7
core.data_in\[244\],1.7
core.data_in\[245\],1.7
core.data_in\[257\],1.7
core.data_in\[271\],1.7
core.data_in\[315\],1.7
core.data_in\[331\],1.7
core.data_in\[349\],1.7
core.data_in\[364\],1.7
core.data_in\[388\],1.7
core.data_in\[449\],1.7
core.data_in\[450\],1.7
core.data_in\[57\],1.7
core.data_in\[67\],1.7
core.data_in\[69\],1.7
core.data_in\[99\],1.7
core.data_in_reg\[362\],1.7
core.data_in_reg\[365\],1.7
core.data_out\[100\],1.7
core.data_out\[105\],1.7
core.data_out\[120\],1.7
core.data_out\[140\],1.7
core.data_out\[142\],1.7
core.data_out\[143\],1.7
core.data_out\[148\],1.7
core.data_out\[305\],1.7
core.data_out\[334\],1.7
core.data_out\[343\],1.7
core.data_out\[345\],1.7
core.data_out\[356\],1.7
core.data_out\[413\],1.7
core.data_out\[423\],1.7
core.data_out\[431\],1.7
core.data_out\[433\],1.7
core.data_out\[434\],1.7
core.data_out\[45\],1.7
core.data_out\[48\],1.7
core.data_out\[49\],1.7
core.data_out\[83\],1.7
core.key6_reg\[15\],1.7
core.key6_reg\[2\],1.7
core.key7_reg\[0\],1.7
net1520,1.7
net2996,1.7
net3229,1.7
net3761,1.7
net4193,1.7
_19872_,1.67
_00685_,1.575
_01154_,1.575
_01256_,1.575
_01984_,1.575
_02012_,1.575
_03333_,1.575
_03633_,1.575
_10225_,1.48
_17571_,1.48
_18481_,1.48
net3228,1.48
net3692,1.48
net3932,1.48
net4175,1.48
net4279,1.48
net4544,1.48
_01013_,1.46
_01776_,1.46
_02451_,1.46
_03114_,1.46
_00345_,1.405
_00372_,1.405
_00497_,1.405
_00597_,1.405
_00667_,1.405
_00790_,1.405
_00798_,1.405
_00920_,1.405
_01123_,1.405
_01224_,1.405
_01815_,1.405
_01825_,1.405
_02018_,1.405
_02026_,1.405
_02323_,1.405
_02348_,1.405
_02359_,1.405
_02399_,1.405
_03033_,1.405
_03134_,1.405
_03573_,1.405
net267,1.405
net660,1.405
net951,1.405
net1821,1.405
net2003,1.405
net3179,1.405
core.data_out\[488\],1.36
net2857,1.36
net4201,1.36
_18346_,1.02
net4461,1.02
net4469,1.02
