
 /----------------------------------------------------------------------------\
 |                                                                            |
 |  yosys -- Yosys Open SYnthesis Suite                                       |
 |                                                                            |
 |  Copyright (C) 2012 - 2020  Claire Xenia Wolf <claire@yosyshq.com>         |
 |                                                                            |
 |  Permission to use, copy, modify, and/or distribute this software for any  |
 |  purpose with or without fee is hereby granted, provided that the above    |
 |  copyright notice and this permission notice appear in all copies.         |
 |                                                                            |
 |  THE SOFTWARE IS PROVIDED "AS IS" AND THE AUTHOR DISCLAIMS ALL WARRANTIES  |
 |  WITH REGARD TO THIS SOFTWARE INCLUDING ALL IMPLIED WARRANTIES OF          |
 |  MERCHANTABILITY AND FITNESS. IN NO EVENT SHALL THE AUTHOR BE LIABLE FOR   |
 |  ANY SPECIAL, DIRECT, INDIRECT, OR CONSEQUENTIAL DAMAGES OR ANY DAMAGES    |
 |  WHATSOEVER RESULTING FROM LOSS OF USE, DATA OR PROFITS, WHETHER IN AN     |
 |  ACTION OF CONTRACT, NEGLIGENCE OR OTHER TORTIOUS ACTION, ARISING OUT OF   |
 |  OR IN CONNECTION WITH THE USE OR PERFORMANCE OF THIS SOFTWARE.            |
 |                                                                            |
 \----------------------------------------------------------------------------/

 Yosys 0.30+48 (git sha1 14d50a176d5, gcc 8.3.1 -fPIC -Os)

[TCL: yosys -import] Command name collision: found pre-existing command `cd' -> skip.
[TCL: yosys -import] Command name collision: found pre-existing command `eval' -> skip.
[TCL: yosys -import] Command name collision: found pre-existing command `exec' -> skip.
[TCL: yosys -import] Command name collision: found pre-existing command `read' -> skip.
[TCL: yosys -import] Command name collision: found pre-existing command `trace' -> skip.

1. Executing Verilog-2005 frontend: /openlane/designs/salsa20/src/salsa20.v
Parsing SystemVerilog input from `/openlane/designs/salsa20/src/salsa20.v' to AST representation.
Generating RTLIL representation for module `\salsa20_qr'.
Generating RTLIL representation for module `\salsa20_core'.
Generating RTLIL representation for module `\salsa20'.
Successfully finished Verilog frontend.

2. Generating Graphviz representation of design.
Writing dot description to `/openlane/designs/salsa20/runs/RUN_2026.07.11_07.13.07/tmp/synthesis/hierarchy.dot'.
Dumping module salsa20 to page 1.

3. Executing HIERARCHY pass (managing design hierarchy).

3.1. Analyzing design hierarchy..
Top module:  \salsa20
Used module:     \salsa20_core
Used module:         \salsa20_qr

3.2. Analyzing design hierarchy..
Top module:  \salsa20
Used module:     \salsa20_core
Used module:         \salsa20_qr
Removed 0 unused modules.

4. Executing TRIBUF pass.

5. Executing HIERARCHY pass (managing design hierarchy).

5.1. Analyzing design hierarchy..
Top module:  \salsa20
Used module:     \salsa20_core
Used module:         \salsa20_qr

5.2. Analyzing design hierarchy..
Top module:  \salsa20
Used module:     \salsa20_core
Used module:         \salsa20_qr
Removed 0 unused modules.

6. Executing PROC_CLEAN pass (remove empty switches from decision trees).
Cleaned up 0 empty switches.

7. Executing PROC_RMDEAD pass (remove dead branches from decision trees).
Marked 4 switch rules as full_case in process $proc$/openlane/designs/salsa20/src/salsa20.v:1947$47 in module salsa20.
Marked 1 switch rules as full_case in process $proc$/openlane/designs/salsa20/src/salsa20.v:1713$45 in module salsa20.
Marked 6 switch rules as full_case in process $proc$/openlane/designs/salsa20/src/salsa20.v:1309$41 in module salsa20_core.
Marked 3 switch rules as full_case in process $proc$/openlane/designs/salsa20/src/salsa20.v:1276$37 in module salsa20_core.
Marked 2 switch rules as full_case in process $proc$/openlane/designs/salsa20/src/salsa20.v:1252$35 in module salsa20_core.
Marked 2 switch rules as full_case in process $proc$/openlane/designs/salsa20/src/salsa20.v:1228$33 in module salsa20_core.
Removed 1 dead cases from process $proc$/openlane/designs/salsa20/src/salsa20.v:1171$32 in module salsa20_core.
Marked 1 switch rules as full_case in process $proc$/openlane/designs/salsa20/src/salsa20.v:1171$32 in module salsa20_core.
Removed 1 dead cases from process $proc$/openlane/designs/salsa20/src/salsa20.v:905$31 in module salsa20_core.
Marked 4 switch rules as full_case in process $proc$/openlane/designs/salsa20/src/salsa20.v:905$31 in module salsa20_core.
Marked 1 switch rules as full_case in process $proc$/openlane/designs/salsa20/src/salsa20.v:854$30 in module salsa20_core.
Marked 1 switch rules as full_case in process $proc$/openlane/designs/salsa20/src/salsa20.v:692$12 in module salsa20_core.
Marked 1 switch rules as full_case in process $proc$/openlane/designs/salsa20/src/salsa20.v:468$10 in module salsa20_core.
Removed a total of 2 dead cases.

8. Executing PROC_PRUNE pass (remove redundant assignments in processes).
Removed 2 redundant assignments.
Promoted 191 assignments to connections.

9. Executing PROC_INIT pass (extract init attributes).

10. Executing PROC_ARST pass (detect async resets in processes).

11. Executing PROC_ROM pass (convert switches to ROMs).
Converted 1 switch.
<suppressed ~81 debug messages>

12. Executing PROC_MUX pass (convert decision trees to multiplexers).
Creating decoders for process `\salsa20.$proc$/openlane/designs/salsa20/src/salsa20.v:1947$47'.
     1/65: $3\tmp_read_data[31:0]
     2/65: $4\tmp_error[0:0]
     3/65: { $3\ctrl_we[0:0] $3\tmp_error[0:0] $3\data_in15_we[0:0] $3\data_in14_we[0:0] $3\data_in13_we[0:0] $3\data_in12_we[0:0] $3\data_in11_we[0:0] $3\data_in10_we[0:0] $3\data_in9_we[0:0] $3\data_in8_we[0:0] $3\data_in7_we[0:0] $3\data_in6_we[0:0] $3\data_in5_we[0:0] $3\data_in4_we[0:0] $3\data_in3_we[0:0] $3\data_in2_we[0:0] $3\data_in1_we[0:0] $3\data_in0_we[0:0] $3\iv1_we[0:0] $3\iv0_we[0:0] $3\key7_we[0:0] $3\key6_we[0:0] $3\key5_we[0:0] $3\key4_we[0:0] $3\key3_we[0:0] $3\key2_we[0:0] $3\key1_we[0:0] $3\key0_we[0:0] $3\rounds_we[0:0] $3\keylen_we[0:0] }
     4/65: $2\tmp_error[0:0]
     5/65: $2\data_in15_we[0:0]
     6/65: $2\data_in14_we[0:0]
     7/65: $2\data_in13_we[0:0]
     8/65: $2\data_in12_we[0:0]
     9/65: $2\data_in11_we[0:0]
    10/65: $2\data_in10_we[0:0]
    11/65: $2\data_in9_we[0:0]
    12/65: $2\data_in8_we[0:0]
    13/65: $2\data_in7_we[0:0]
    14/65: $2\data_in6_we[0:0]
    15/65: $2\data_in5_we[0:0]
    16/65: $2\data_in4_we[0:0]
    17/65: $2\data_in3_we[0:0]
    18/65: $2\data_in2_we[0:0]
    19/65: $2\data_in1_we[0:0]
    20/65: $2\data_in0_we[0:0]
    21/65: $2\iv1_we[0:0]
    22/65: $2\iv0_we[0:0]
    23/65: $2\key7_we[0:0]
    24/65: $2\key6_we[0:0]
    25/65: $2\key5_we[0:0]
    26/65: $2\key4_we[0:0]
    27/65: $2\key3_we[0:0]
    28/65: $2\key2_we[0:0]
    29/65: $2\key1_we[0:0]
    30/65: $2\key0_we[0:0]
    31/65: $2\rounds_we[0:0]
    32/65: $2\keylen_we[0:0]
    33/65: $2\ctrl_we[0:0]
    34/65: $2\tmp_read_data[31:0]
    35/65: $1\tmp_error[0:0]
    36/65: $1\tmp_read_data[31:0]
    37/65: $1\data_in15_we[0:0]
    38/65: $1\data_in14_we[0:0]
    39/65: $1\data_in13_we[0:0]
    40/65: $1\data_in12_we[0:0]
    41/65: $1\data_in11_we[0:0]
    42/65: $1\data_in10_we[0:0]
    43/65: $1\data_in9_we[0:0]
    44/65: $1\data_in8_we[0:0]
    45/65: $1\data_in7_we[0:0]
    46/65: $1\data_in6_we[0:0]
    47/65: $1\data_in5_we[0:0]
    48/65: $1\data_in4_we[0:0]
    49/65: $1\data_in3_we[0:0]
    50/65: $1\data_in2_we[0:0]
    51/65: $1\data_in1_we[0:0]
    52/65: $1\data_in0_we[0:0]
    53/65: $1\iv1_we[0:0]
    54/65: $1\iv0_we[0:0]
    55/65: $1\key7_we[0:0]
    56/65: $1\key6_we[0:0]
    57/65: $1\key5_we[0:0]
    58/65: $1\key4_we[0:0]
    59/65: $1\key3_we[0:0]
    60/65: $1\key2_we[0:0]
    61/65: $1\key1_we[0:0]
    62/65: $1\key0_we[0:0]
    63/65: $1\rounds_we[0:0]
    64/65: $1\keylen_we[0:0]
    65/65: $1\ctrl_we[0:0]
Creating decoders for process `\salsa20.$proc$/openlane/designs/salsa20/src/salsa20.v:1713$45'.
     1/48: $0\data_out_valid_reg[0:0]
     2/48: $0\ready_reg[0:0]
     3/48: $0\data_out15_reg[31:0]
     4/48: $0\data_out14_reg[31:0]
     5/48: $0\data_out13_reg[31:0]
     6/48: $0\data_out12_reg[31:0]
     7/48: $0\data_out11_reg[31:0]
     8/48: $0\data_out10_reg[31:0]
     9/48: $0\data_out9_reg[31:0]
    10/48: $0\data_out8_reg[31:0]
    11/48: $0\data_out7_reg[31:0]
    12/48: $0\data_out6_reg[31:0]
    13/48: $0\data_out5_reg[31:0]
    14/48: $0\data_out4_reg[31:0]
    15/48: $0\data_out3_reg[31:0]
    16/48: $0\data_out2_reg[31:0]
    17/48: $0\data_out1_reg[31:0]
    18/48: $0\data_out0_reg[31:0]
    19/48: $0\data_in15_reg[31:0]
    20/48: $0\data_in14_reg[31:0]
    21/48: $0\data_in13_reg[31:0]
    22/48: $0\data_in12_reg[31:0]
    23/48: $0\data_in11_reg[31:0]
    24/48: $0\data_in10_reg[31:0]
    25/48: $0\data_in9_reg[31:0]
    26/48: $0\data_in8_reg[31:0]
    27/48: $0\data_in7_reg[31:0]
    28/48: $0\data_in6_reg[31:0]
    29/48: $0\data_in5_reg[31:0]
    30/48: $0\data_in4_reg[31:0]
    31/48: $0\data_in3_reg[31:0]
    32/48: $0\data_in2_reg[31:0]
    33/48: $0\data_in1_reg[31:0]
    34/48: $0\data_in0_reg[31:0]
    35/48: $0\next_reg[0:0]
    36/48: $0\init_reg[0:0]
    37/48: $0\rounds_reg[4:0]
    38/48: $0\iv1_reg[31:0]
    39/48: $0\iv0_reg[31:0]
    40/48: $0\keylen_reg[0:0]
    41/48: $0\key7_reg[31:0]
    42/48: $0\key6_reg[31:0]
    43/48: $0\key5_reg[31:0]
    44/48: $0\key4_reg[31:0]
    45/48: $0\key3_reg[31:0]
    46/48: $0\key2_reg[31:0]
    47/48: $0\key1_reg[31:0]
    48/48: $0\key0_reg[31:0]
Creating decoders for process `\salsa20_core.$proc$/openlane/designs/salsa20/src/salsa20.v:1309$41'.
     1/40: $6\salsa20_ctrl_we[0:0]
     2/40: $6\salsa20_ctrl_new[2:0]
     3/40: $3\block_ctr_inc[0:0]
     4/40: $4\data_in_we[0:0]
     5/40: $3\data_out_valid_we[0:0]
     6/40: $3\data_out_valid_new[0:0]
     7/40: $5\salsa20_ctrl_we[0:0]
     8/40: $5\salsa20_ctrl_new[2:0]
     9/40: $3\block_ctr_rst[0:0]
    10/40: $3\sample_params[0:0]
    11/40: $3\data_in_we[0:0]
    12/40: $2\data_out_valid_we[0:0]
    13/40: $2\data_out_valid_new[0:0]
    14/40: $2\block_ctr_inc[0:0]
    15/40: $4\salsa20_ctrl_we[0:0]
    16/40: $4\salsa20_ctrl_new[2:0]
    17/40: $3\salsa20_ctrl_we[0:0]
    18/40: $3\salsa20_ctrl_new[2:0]
    19/40: $2\dr_ctr_inc[0:0]
    20/40: $2\salsa20_ctrl_we[0:0]
    21/40: $2\salsa20_ctrl_new[2:0]
    22/40: $2\block_ctr_rst[0:0]
    23/40: $2\sample_params[0:0]
    24/40: $2\data_in_we[0:0]
    25/40: $1\sample_params[0:0]
    26/40: $1\salsa20_ctrl_we[0:0]
    27/40: $1\salsa20_ctrl_new[2:0]
    28/40: $1\block_ctr_rst[0:0]
    29/40: $1\data_in_we[0:0]
    30/40: $1\ready_wire[0:0]
    31/40: $1\update_output[0:0]
    32/40: $1\update_state[0:0]
    33/40: $1\init_state[0:0]
    34/40: $1\block_ctr_inc[0:0]
    35/40: $1\dr_ctr_rst[0:0]
    36/40: $1\dr_ctr_inc[0:0]
    37/40: $1\qr_ctr_rst[0:0]
    38/40: $1\qr_ctr_inc[0:0]
    39/40: $1\data_out_valid_we[0:0]
    40/40: $1\data_out_valid_new[0:0]
Creating decoders for process `\salsa20_core.$proc$/openlane/designs/salsa20/src/salsa20.v:1276$37'.
     1/8: $3\block1_ctr_we[0:0]
     2/8: $2\block1_ctr_new[31:0]
     3/8: $2\block1_ctr_we[0:0]
     4/8: $1\block1_ctr_new[31:0]
     5/8: $2\block0_ctr_we[0:0]
     6/8: $1\block0_ctr_new[31:0]
     7/8: $1\block1_ctr_we[0:0]
     8/8: $1\block0_ctr_we[0:0]
Creating decoders for process `\salsa20_core.$proc$/openlane/designs/salsa20/src/salsa20.v:1252$35'.
     1/4: $2\dr_ctr_we[0:0]
     2/4: $2\dr_ctr_new[3:0]
     3/4: $1\dr_ctr_we[0:0]
     4/4: $1\dr_ctr_new[3:0]
Creating decoders for process `\salsa20_core.$proc$/openlane/designs/salsa20/src/salsa20.v:1228$33'.
     1/4: $2\qr_ctr_we[0:0]
     2/4: $2\qr_ctr_new[0:0]
     3/4: $1\qr_ctr_we[0:0]
     4/4: $1\qr_ctr_new[0:0]
Creating decoders for process `\salsa20_core.$proc$/openlane/designs/salsa20/src/salsa20.v:1171$32'.
     1/16: $1\qr3_d[31:0]
     2/16: $1\qr3_c[31:0]
     3/16: $1\qr3_b[31:0]
     4/16: $1\qr3_a[31:0]
     5/16: $1\qr2_d[31:0]
     6/16: $1\qr2_c[31:0]
     7/16: $1\qr2_b[31:0]
     8/16: $1\qr2_a[31:0]
     9/16: $1\qr1_d[31:0]
    10/16: $1\qr1_c[31:0]
    11/16: $1\qr1_b[31:0]
    12/16: $1\qr1_a[31:0]
    13/16: $1\qr0_d[31:0]
    14/16: $1\qr0_c[31:0]
    15/16: $1\qr0_b[31:0]
    16/16: $1\qr0_a[31:0]
Creating decoders for process `\salsa20_core.$proc$/openlane/designs/salsa20/src/salsa20.v:905$31'.
     1/137: $3\x15_we[0:0]
     2/137: $3\x11_we[0:0]
     3/137: $3\x7_we[0:0]
     4/137: $3\x3_we[0:0]
     5/137: $3\x15_new[31:0]
     6/137: $3\x11_new[31:0]
     7/137: $3\x7_new[31:0]
     8/137: $3\x3_new[31:0]
     9/137: $3\x14_we[0:0]
    10/137: $3\x10_we[0:0]
    11/137: $3\x6_we[0:0]
    12/137: $3\x2_we[0:0]
    13/137: $3\x14_new[31:0]
    14/137: $3\x10_new[31:0]
    15/137: $3\x6_new[31:0]
    16/137: $3\x2_new[31:0]
    17/137: $3\x13_we[0:0]
    18/137: $3\x9_we[0:0]
    19/137: $3\x5_we[0:0]
    20/137: $3\x1_we[0:0]
    21/137: $3\x13_new[31:0]
    22/137: $3\x9_new[31:0]
    23/137: $3\x5_new[31:0]
    24/137: $3\x1_new[31:0]
    25/137: $3\x12_we[0:0]
    26/137: $3\x8_we[0:0]
    27/137: $3\x4_we[0:0]
    28/137: $3\x0_we[0:0]
    29/137: $3\x12_new[31:0]
    30/137: $3\x8_new[31:0]
    31/137: $3\x4_new[31:0]
    32/137: $3\x0_new[31:0]
    33/137: $2\x15_we[0:0]
    34/137: $2\x15_new[31:0]
    35/137: $2\x14_we[0:0]
    36/137: $2\x14_new[31:0]
    37/137: $2\x13_we[0:0]
    38/137: $2\x13_new[31:0]
    39/137: $2\x12_we[0:0]
    40/137: $2\x12_new[31:0]
    41/137: $2\x11_we[0:0]
    42/137: $2\x11_new[31:0]
    43/137: $2\x10_we[0:0]
    44/137: $2\x10_new[31:0]
    45/137: $2\x9_we[0:0]
    46/137: $2\x9_new[31:0]
    47/137: $2\x8_we[0:0]
    48/137: $2\x8_new[31:0]
    49/137: $2\x7_we[0:0]
    50/137: $2\x7_new[31:0]
    51/137: $2\x6_we[0:0]
    52/137: $2\x6_new[31:0]
    53/137: $2\x5_we[0:0]
    54/137: $2\x5_new[31:0]
    55/137: $2\x4_we[0:0]
    56/137: $2\x4_new[31:0]
    57/137: $2\x3_we[0:0]
    58/137: $2\x3_new[31:0]
    59/137: $2\x2_we[0:0]
    60/137: $2\x2_new[31:0]
    61/137: $2\x1_we[0:0]
    62/137: $2\x1_new[31:0]
    63/137: $2\x0_we[0:0]
    64/137: $2\x0_new[31:0]
    65/137: $2\state_logic.new_state_word11[31:0]
    66/137: $2\state_logic.new_state_word10[31:0]
    67/137: $2\state_logic.new_state_word9[31:0]
    68/137: $2\state_logic.new_state_word8[31:0]
    69/137: $2\state_logic.new_state_word3[31:0]
    70/137: $2\state_logic.new_state_word2[31:0]
    71/137: $2\state_logic.new_state_word1[31:0]
    72/137: $2\state_logic.new_state_word0[31:0]
    73/137: $1\state_we[0:0]
    74/137: $1\state15_new[31:0]
    75/137: $1\state14_new[31:0]
    76/137: $1\state13_new[31:0]
    77/137: $1\state12_new[31:0]
    78/137: $1\state11_new[31:0]
    79/137: $1\state10_new[31:0]
    80/137: $1\state9_new[31:0]
    81/137: $1\state8_new[31:0]
    82/137: $1\state7_new[31:0]
    83/137: $1\state6_new[31:0]
    84/137: $1\state5_new[31:0]
    85/137: $1\state4_new[31:0]
    86/137: $1\state3_new[31:0]
    87/137: $1\state2_new[31:0]
    88/137: $1\state1_new[31:0]
    89/137: $1\state0_new[31:0]
    90/137: $1\x15_we[0:0]
    91/137: $1\x14_we[0:0]
    92/137: $1\x13_we[0:0]
    93/137: $1\x12_we[0:0]
    94/137: $1\x11_we[0:0]
    95/137: $1\x10_we[0:0]
    96/137: $1\x9_we[0:0]
    97/137: $1\x8_we[0:0]
    98/137: $1\x7_we[0:0]
    99/137: $1\x6_we[0:0]
   100/137: $1\x5_we[0:0]
   101/137: $1\x4_we[0:0]
   102/137: $1\x3_we[0:0]
   103/137: $1\x2_we[0:0]
   104/137: $1\x1_we[0:0]
   105/137: $1\x0_we[0:0]
   106/137: $1\x15_new[31:0]
   107/137: $1\x14_new[31:0]
   108/137: $1\x13_new[31:0]
   109/137: $1\x12_new[31:0]
   110/137: $1\x11_new[31:0]
   111/137: $1\x10_new[31:0]
   112/137: $1\x9_new[31:0]
   113/137: $1\x8_new[31:0]
   114/137: $1\x7_new[31:0]
   115/137: $1\x6_new[31:0]
   116/137: $1\x5_new[31:0]
   117/137: $1\x4_new[31:0]
   118/137: $1\x3_new[31:0]
   119/137: $1\x2_new[31:0]
   120/137: $1\x1_new[31:0]
   121/137: $1\x0_new[31:0]
   122/137: $1\state_logic.new_state_word11[31:0]
   123/137: $1\state_logic.new_state_word10[31:0]
   124/137: $1\state_logic.new_state_word9[31:0]
   125/137: $1\state_logic.new_state_word8[31:0]
   126/137: $1\state_logic.new_state_word3[31:0]
   127/137: $1\state_logic.new_state_word2[31:0]
   128/137: $1\state_logic.new_state_word1[31:0]
   129/137: $1\state_logic.new_state_word0[31:0]
   130/137: $1\state_logic.new_state_word15[31:0]
   131/137: $1\state_logic.new_state_word14[31:0]
   132/137: $1\state_logic.new_state_word13[31:0]
   133/137: $1\state_logic.new_state_word12[31:0]
   134/137: $1\state_logic.new_state_word7[31:0]
   135/137: $1\state_logic.new_state_word6[31:0]
   136/137: $1\state_logic.new_state_word5[31:0]
   137/137: $1\state_logic.new_state_word4[31:0]
Creating decoders for process `\salsa20_core.$proc$/openlane/designs/salsa20/src/salsa20.v:854$30'.
     1/12: $1\keylen_new[0:0]
     2/12: $1\rounds_new[3:0]
     3/12: $1\iv1_new[31:0]
     4/12: $1\iv0_new[31:0]
     5/12: $1\key7_new[31:0]
     6/12: $1\key6_new[31:0]
     7/12: $1\key5_new[31:0]
     8/12: $1\key4_new[31:0]
     9/12: $1\key3_new[31:0]
    10/12: $1\key2_new[31:0]
    11/12: $1\key1_new[31:0]
    12/12: $1\key0_new[31:0]
Creating decoders for process `\salsa20_core.$proc$/openlane/designs/salsa20/src/salsa20.v:692$12'.
     1/35: $1\data_out_we[0:0]
     2/35: $1\data_out_new[511:0]
     3/35: $1\data_out_logic.lsb_block_state[511:0]
     4/35: $1\data_out_logic.lsb_block_state15[31:0]
     5/35: $1\data_out_logic.lsb_block_state14[31:0]
     6/35: $1\data_out_logic.lsb_block_state13[31:0]
     7/35: $1\data_out_logic.lsb_block_state12[31:0]
     8/35: $1\data_out_logic.lsb_block_state11[31:0]
     9/35: $1\data_out_logic.lsb_block_state10[31:0]
    10/35: $1\data_out_logic.lsb_block_state9[31:0]
    11/35: $1\data_out_logic.lsb_block_state8[31:0]
    12/35: $1\data_out_logic.lsb_block_state7[31:0]
    13/35: $1\data_out_logic.lsb_block_state6[31:0]
    14/35: $1\data_out_logic.lsb_block_state5[31:0]
    15/35: $1\data_out_logic.lsb_block_state4[31:0]
    16/35: $1\data_out_logic.lsb_block_state3[31:0]
    17/35: $1\data_out_logic.lsb_block_state2[31:0]
    18/35: $1\data_out_logic.lsb_block_state1[31:0]
    19/35: $1\data_out_logic.lsb_block_state0[31:0]
    20/35: $1\data_out_logic.msb_block_state15[31:0]
    21/35: $1\data_out_logic.msb_block_state14[31:0]
    22/35: $1\data_out_logic.msb_block_state13[31:0]
    23/35: $1\data_out_logic.msb_block_state12[31:0]
    24/35: $1\data_out_logic.msb_block_state11[31:0]
    25/35: $1\data_out_logic.msb_block_state10[31:0]
    26/35: $1\data_out_logic.msb_block_state9[31:0]
    27/35: $1\data_out_logic.msb_block_state8[31:0]
    28/35: $1\data_out_logic.msb_block_state7[31:0]
    29/35: $1\data_out_logic.msb_block_state6[31:0]
    30/35: $1\data_out_logic.msb_block_state5[31:0]
    31/35: $1\data_out_logic.msb_block_state4[31:0]
    32/35: $1\data_out_logic.msb_block_state3[31:0]
    33/35: $1\data_out_logic.msb_block_state2[31:0]
    34/35: $1\data_out_logic.msb_block_state1[31:0]
    35/35: $1\data_out_logic.msb_block_state0[31:0]
Creating decoders for process `\salsa20_core.$proc$/openlane/designs/salsa20/src/salsa20.v:468$10'.
     1/52: $0\salsa20_ctrl_reg[2:0]
     2/52: $0\block1_ctr_reg[31:0]
     3/52: $0\block0_ctr_reg[31:0]
     4/52: $0\dr_ctr_reg[3:0]
     5/52: $0\qr_ctr_reg[0:0]
     6/52: $0\data_out_valid_reg[0:0]
     7/52: $0\data_out_reg[511:0]
     8/52: $0\data_in_reg[511:0]
     9/52: $0\rounds_reg[3:0]
    10/52: $0\x15_reg[31:0]
    11/52: $0\x14_reg[31:0]
    12/52: $0\x13_reg[31:0]
    13/52: $0\x12_reg[31:0]
    14/52: $0\x11_reg[31:0]
    15/52: $0\x10_reg[31:0]
    16/52: $0\x9_reg[31:0]
    17/52: $0\x8_reg[31:0]
    18/52: $0\x7_reg[31:0]
    19/52: $0\x6_reg[31:0]
    20/52: $0\x5_reg[31:0]
    21/52: $0\x4_reg[31:0]
    22/52: $0\x3_reg[31:0]
    23/52: $0\x2_reg[31:0]
    24/52: $0\x1_reg[31:0]
    25/52: $0\x0_reg[31:0]
    26/52: $0\state15_reg[31:0]
    27/52: $0\state14_reg[31:0]
    28/52: $0\state13_reg[31:0]
    29/52: $0\state12_reg[31:0]
    30/52: $0\state11_reg[31:0]
    31/52: $0\state10_reg[31:0]
    32/52: $0\state9_reg[31:0]
    33/52: $0\state8_reg[31:0]
    34/52: $0\state7_reg[31:0]
    35/52: $0\state6_reg[31:0]
    36/52: $0\state5_reg[31:0]
    37/52: $0\state4_reg[31:0]
    38/52: $0\state3_reg[31:0]
    39/52: $0\state2_reg[31:0]
    40/52: $0\state1_reg[31:0]
    41/52: $0\state0_reg[31:0]
    42/52: $0\iv1_reg[31:0]
    43/52: $0\iv0_reg[31:0]
    44/52: $0\keylen_reg[0:0]
    45/52: $0\key7_reg[31:0]
    46/52: $0\key6_reg[31:0]
    47/52: $0\key5_reg[31:0]
    48/52: $0\key4_reg[31:0]
    49/52: $0\key3_reg[31:0]
    50/52: $0\key2_reg[31:0]
    51/52: $0\key1_reg[31:0]
    52/52: $0\key0_reg[31:0]
Creating decoders for process `\salsa20_qr.$proc$/openlane/designs/salsa20/src/salsa20.v:76$1'.

13. Executing PROC_DLATCH pass (convert process syncs to latches).
No latch inferred for signal `\salsa20.\ctrl_we' from process `\salsa20.$proc$/openlane/designs/salsa20/src/salsa20.v:1947$47'.
No latch inferred for signal `\salsa20.\keylen_we' from process `\salsa20.$proc$/openlane/designs/salsa20/src/salsa20.v:1947$47'.
No latch inferred for signal `\salsa20.\rounds_we' from process `\salsa20.$proc$/openlane/designs/salsa20/src/salsa20.v:1947$47'.
No latch inferred for signal `\salsa20.\key0_we' from process `\salsa20.$proc$/openlane/designs/salsa20/src/salsa20.v:1947$47'.
No latch inferred for signal `\salsa20.\key1_we' from process `\salsa20.$proc$/openlane/designs/salsa20/src/salsa20.v:1947$47'.
No latch inferred for signal `\salsa20.\key2_we' from process `\salsa20.$proc$/openlane/designs/salsa20/src/salsa20.v:1947$47'.
No latch inferred for signal `\salsa20.\key3_we' from process `\salsa20.$proc$/openlane/designs/salsa20/src/salsa20.v:1947$47'.
No latch inferred for signal `\salsa20.\key4_we' from process `\salsa20.$proc$/openlane/designs/salsa20/src/salsa20.v:1947$47'.
No latch inferred for signal `\salsa20.\key5_we' from process `\salsa20.$proc$/openlane/designs/salsa20/src/salsa20.v:1947$47'.
No latch inferred for signal `\salsa20.\key6_we' from process `\salsa20.$proc$/openlane/designs/salsa20/src/salsa20.v:1947$47'.
No latch inferred for signal `\salsa20.\key7_we' from process `\salsa20.$proc$/openlane/designs/salsa20/src/salsa20.v:1947$47'.
No latch inferred for signal `\salsa20.\iv0_we' from process `\salsa20.$proc$/openlane/designs/salsa20/src/salsa20.v:1947$47'.
No latch inferred for signal `\salsa20.\iv1_we' from process `\salsa20.$proc$/openlane/designs/salsa20/src/salsa20.v:1947$47'.
No latch inferred for signal `\salsa20.\data_in0_we' from process `\salsa20.$proc$/openlane/designs/salsa20/src/salsa20.v:1947$47'.
No latch inferred for signal `\salsa20.\data_in1_we' from process `\salsa20.$proc$/openlane/designs/salsa20/src/salsa20.v:1947$47'.
No latch inferred for signal `\salsa20.\data_in2_we' from process `\salsa20.$proc$/openlane/designs/salsa20/src/salsa20.v:1947$47'.
No latch inferred for signal `\salsa20.\data_in3_we' from process `\salsa20.$proc$/openlane/designs/salsa20/src/salsa20.v:1947$47'.
No latch inferred for signal `\salsa20.\data_in4_we' from process `\salsa20.$proc$/openlane/designs/salsa20/src/salsa20.v:1947$47'.
No latch inferred for signal `\salsa20.\data_in5_we' from process `\salsa20.$proc$/openlane/designs/salsa20/src/salsa20.v:1947$47'.
No latch inferred for signal `\salsa20.\data_in6_we' from process `\salsa20.$proc$/openlane/designs/salsa20/src/salsa20.v:1947$47'.
No latch inferred for signal `\salsa20.\data_in7_we' from process `\salsa20.$proc$/openlane/designs/salsa20/src/salsa20.v:1947$47'.
No latch inferred for signal `\salsa20.\data_in8_we' from process `\salsa20.$proc$/openlane/designs/salsa20/src/salsa20.v:1947$47'.
No latch inferred for signal `\salsa20.\data_in9_we' from process `\salsa20.$proc$/openlane/designs/salsa20/src/salsa20.v:1947$47'.
No latch inferred for signal `\salsa20.\data_in10_we' from process `\salsa20.$proc$/openlane/designs/salsa20/src/salsa20.v:1947$47'.
No latch inferred for signal `\salsa20.\data_in11_we' from process `\salsa20.$proc$/openlane/designs/salsa20/src/salsa20.v:1947$47'.
No latch inferred for signal `\salsa20.\data_in12_we' from process `\salsa20.$proc$/openlane/designs/salsa20/src/salsa20.v:1947$47'.
No latch inferred for signal `\salsa20.\data_in13_we' from process `\salsa20.$proc$/openlane/designs/salsa20/src/salsa20.v:1947$47'.
No latch inferred for signal `\salsa20.\data_in14_we' from process `\salsa20.$proc$/openlane/designs/salsa20/src/salsa20.v:1947$47'.
No latch inferred for signal `\salsa20.\data_in15_we' from process `\salsa20.$proc$/openlane/designs/salsa20/src/salsa20.v:1947$47'.
No latch inferred for signal `\salsa20.\tmp_read_data' from process `\salsa20.$proc$/openlane/designs/salsa20/src/salsa20.v:1947$47'.
No latch inferred for signal `\salsa20.\tmp_error' from process `\salsa20.$proc$/openlane/designs/salsa20/src/salsa20.v:1947$47'.
No latch inferred for signal `\salsa20_core.\data_in_we' from process `\salsa20_core.$proc$/openlane/designs/salsa20/src/salsa20.v:1309$41'.
No latch inferred for signal `\salsa20_core.\data_out_valid_new' from process `\salsa20_core.$proc$/openlane/designs/salsa20/src/salsa20.v:1309$41'.
No latch inferred for signal `\salsa20_core.\data_out_valid_we' from process `\salsa20_core.$proc$/openlane/designs/salsa20/src/salsa20.v:1309$41'.
No latch inferred for signal `\salsa20_core.\qr_ctr_inc' from process `\salsa20_core.$proc$/openlane/designs/salsa20/src/salsa20.v:1309$41'.
No latch inferred for signal `\salsa20_core.\qr_ctr_rst' from process `\salsa20_core.$proc$/openlane/designs/salsa20/src/salsa20.v:1309$41'.
No latch inferred for signal `\salsa20_core.\dr_ctr_inc' from process `\salsa20_core.$proc$/openlane/designs/salsa20/src/salsa20.v:1309$41'.
No latch inferred for signal `\salsa20_core.\dr_ctr_rst' from process `\salsa20_core.$proc$/openlane/designs/salsa20/src/salsa20.v:1309$41'.
No latch inferred for signal `\salsa20_core.\block_ctr_inc' from process `\salsa20_core.$proc$/openlane/designs/salsa20/src/salsa20.v:1309$41'.
No latch inferred for signal `\salsa20_core.\block_ctr_rst' from process `\salsa20_core.$proc$/openlane/designs/salsa20/src/salsa20.v:1309$41'.
No latch inferred for signal `\salsa20_core.\salsa20_ctrl_new' from process `\salsa20_core.$proc$/openlane/designs/salsa20/src/salsa20.v:1309$41'.
No latch inferred for signal `\salsa20_core.\salsa20_ctrl_we' from process `\salsa20_core.$proc$/openlane/designs/salsa20/src/salsa20.v:1309$41'.
No latch inferred for signal `\salsa20_core.\sample_params' from process `\salsa20_core.$proc$/openlane/designs/salsa20/src/salsa20.v:1309$41'.
No latch inferred for signal `\salsa20_core.\init_state' from process `\salsa20_core.$proc$/openlane/designs/salsa20/src/salsa20.v:1309$41'.
No latch inferred for signal `\salsa20_core.\update_state' from process `\salsa20_core.$proc$/openlane/designs/salsa20/src/salsa20.v:1309$41'.
No latch inferred for signal `\salsa20_core.\update_output' from process `\salsa20_core.$proc$/openlane/designs/salsa20/src/salsa20.v:1309$41'.
No latch inferred for signal `\salsa20_core.\ready_wire' from process `\salsa20_core.$proc$/openlane/designs/salsa20/src/salsa20.v:1309$41'.
No latch inferred for signal `\salsa20_core.\block0_ctr_new' from process `\salsa20_core.$proc$/openlane/designs/salsa20/src/salsa20.v:1276$37'.
No latch inferred for signal `\salsa20_core.\block0_ctr_we' from process `\salsa20_core.$proc$/openlane/designs/salsa20/src/salsa20.v:1276$37'.
No latch inferred for signal `\salsa20_core.\block1_ctr_new' from process `\salsa20_core.$proc$/openlane/designs/salsa20/src/salsa20.v:1276$37'.
No latch inferred for signal `\salsa20_core.\block1_ctr_we' from process `\salsa20_core.$proc$/openlane/designs/salsa20/src/salsa20.v:1276$37'.
No latch inferred for signal `\salsa20_core.\dr_ctr_new' from process `\salsa20_core.$proc$/openlane/designs/salsa20/src/salsa20.v:1252$35'.
No latch inferred for signal `\salsa20_core.\dr_ctr_we' from process `\salsa20_core.$proc$/openlane/designs/salsa20/src/salsa20.v:1252$35'.
No latch inferred for signal `\salsa20_core.\qr_ctr_new' from process `\salsa20_core.$proc$/openlane/designs/salsa20/src/salsa20.v:1228$33'.
No latch inferred for signal `\salsa20_core.\qr_ctr_we' from process `\salsa20_core.$proc$/openlane/designs/salsa20/src/salsa20.v:1228$33'.
No latch inferred for signal `\salsa20_core.\qr0_a' from process `\salsa20_core.$proc$/openlane/designs/salsa20/src/salsa20.v:1171$32'.
No latch inferred for signal `\salsa20_core.\qr0_b' from process `\salsa20_core.$proc$/openlane/designs/salsa20/src/salsa20.v:1171$32'.
No latch inferred for signal `\salsa20_core.\qr0_c' from process `\salsa20_core.$proc$/openlane/designs/salsa20/src/salsa20.v:1171$32'.
No latch inferred for signal `\salsa20_core.\qr0_d' from process `\salsa20_core.$proc$/openlane/designs/salsa20/src/salsa20.v:1171$32'.
No latch inferred for signal `\salsa20_core.\qr1_a' from process `\salsa20_core.$proc$/openlane/designs/salsa20/src/salsa20.v:1171$32'.
No latch inferred for signal `\salsa20_core.\qr1_b' from process `\salsa20_core.$proc$/openlane/designs/salsa20/src/salsa20.v:1171$32'.
No latch inferred for signal `\salsa20_core.\qr1_c' from process `\salsa20_core.$proc$/openlane/designs/salsa20/src/salsa20.v:1171$32'.
No latch inferred for signal `\salsa20_core.\qr1_d' from process `\salsa20_core.$proc$/openlane/designs/salsa20/src/salsa20.v:1171$32'.
No latch inferred for signal `\salsa20_core.\qr2_a' from process `\salsa20_core.$proc$/openlane/designs/salsa20/src/salsa20.v:1171$32'.
No latch inferred for signal `\salsa20_core.\qr2_b' from process `\salsa20_core.$proc$/openlane/designs/salsa20/src/salsa20.v:1171$32'.
No latch inferred for signal `\salsa20_core.\qr2_c' from process `\salsa20_core.$proc$/openlane/designs/salsa20/src/salsa20.v:1171$32'.
No latch inferred for signal `\salsa20_core.\qr2_d' from process `\salsa20_core.$proc$/openlane/designs/salsa20/src/salsa20.v:1171$32'.
No latch inferred for signal `\salsa20_core.\qr3_a' from process `\salsa20_core.$proc$/openlane/designs/salsa20/src/salsa20.v:1171$32'.
No latch inferred for signal `\salsa20_core.\qr3_b' from process `\salsa20_core.$proc$/openlane/designs/salsa20/src/salsa20.v:1171$32'.
No latch inferred for signal `\salsa20_core.\qr3_c' from process `\salsa20_core.$proc$/openlane/designs/salsa20/src/salsa20.v:1171$32'.
No latch inferred for signal `\salsa20_core.\qr3_d' from process `\salsa20_core.$proc$/openlane/designs/salsa20/src/salsa20.v:1171$32'.
No latch inferred for signal `\salsa20_core.\state0_new' from process `\salsa20_core.$proc$/openlane/designs/salsa20/src/salsa20.v:905$31'.
No latch inferred for signal `\salsa20_core.\state1_new' from process `\salsa20_core.$proc$/openlane/designs/salsa20/src/salsa20.v:905$31'.
No latch inferred for signal `\salsa20_core.\state2_new' from process `\salsa20_core.$proc$/openlane/designs/salsa20/src/salsa20.v:905$31'.
No latch inferred for signal `\salsa20_core.\state3_new' from process `\salsa20_core.$proc$/openlane/designs/salsa20/src/salsa20.v:905$31'.
No latch inferred for signal `\salsa20_core.\state4_new' from process `\salsa20_core.$proc$/openlane/designs/salsa20/src/salsa20.v:905$31'.
No latch inferred for signal `\salsa20_core.\state5_new' from process `\salsa20_core.$proc$/openlane/designs/salsa20/src/salsa20.v:905$31'.
No latch inferred for signal `\salsa20_core.\state6_new' from process `\salsa20_core.$proc$/openlane/designs/salsa20/src/salsa20.v:905$31'.
No latch inferred for signal `\salsa20_core.\state7_new' from process `\salsa20_core.$proc$/openlane/designs/salsa20/src/salsa20.v:905$31'.
No latch inferred for signal `\salsa20_core.\state8_new' from process `\salsa20_core.$proc$/openlane/designs/salsa20/src/salsa20.v:905$31'.
No latch inferred for signal `\salsa20_core.\state9_new' from process `\salsa20_core.$proc$/openlane/designs/salsa20/src/salsa20.v:905$31'.
No latch inferred for signal `\salsa20_core.\state10_new' from process `\salsa20_core.$proc$/openlane/designs/salsa20/src/salsa20.v:905$31'.
No latch inferred for signal `\salsa20_core.\state11_new' from process `\salsa20_core.$proc$/openlane/designs/salsa20/src/salsa20.v:905$31'.
No latch inferred for signal `\salsa20_core.\state12_new' from process `\salsa20_core.$proc$/openlane/designs/salsa20/src/salsa20.v:905$31'.
No latch inferred for signal `\salsa20_core.\state13_new' from process `\salsa20_core.$proc$/openlane/designs/salsa20/src/salsa20.v:905$31'.
No latch inferred for signal `\salsa20_core.\state14_new' from process `\salsa20_core.$proc$/openlane/designs/salsa20/src/salsa20.v:905$31'.
No latch inferred for signal `\salsa20_core.\state15_new' from process `\salsa20_core.$proc$/openlane/designs/salsa20/src/salsa20.v:905$31'.
No latch inferred for signal `\salsa20_core.\state_we' from process `\salsa20_core.$proc$/openlane/designs/salsa20/src/salsa20.v:905$31'.
No latch inferred for signal `\salsa20_core.\x0_new' from process `\salsa20_core.$proc$/openlane/designs/salsa20/src/salsa20.v:905$31'.
No latch inferred for signal `\salsa20_core.\x0_we' from process `\salsa20_core.$proc$/openlane/designs/salsa20/src/salsa20.v:905$31'.
No latch inferred for signal `\salsa20_core.\x1_new' from process `\salsa20_core.$proc$/openlane/designs/salsa20/src/salsa20.v:905$31'.
No latch inferred for signal `\salsa20_core.\x1_we' from process `\salsa20_core.$proc$/openlane/designs/salsa20/src/salsa20.v:905$31'.
No latch inferred for signal `\salsa20_core.\x2_new' from process `\salsa20_core.$proc$/openlane/designs/salsa20/src/salsa20.v:905$31'.
No latch inferred for signal `\salsa20_core.\x2_we' from process `\salsa20_core.$proc$/openlane/designs/salsa20/src/salsa20.v:905$31'.
No latch inferred for signal `\salsa20_core.\x3_new' from process `\salsa20_core.$proc$/openlane/designs/salsa20/src/salsa20.v:905$31'.
No latch inferred for signal `\salsa20_core.\x3_we' from process `\salsa20_core.$proc$/openlane/designs/salsa20/src/salsa20.v:905$31'.
No latch inferred for signal `\salsa20_core.\x4_new' from process `\salsa20_core.$proc$/openlane/designs/salsa20/src/salsa20.v:905$31'.
No latch inferred for signal `\salsa20_core.\x4_we' from process `\salsa20_core.$proc$/openlane/designs/salsa20/src/salsa20.v:905$31'.
No latch inferred for signal `\salsa20_core.\x5_new' from process `\salsa20_core.$proc$/openlane/designs/salsa20/src/salsa20.v:905$31'.
No latch inferred for signal `\salsa20_core.\x5_we' from process `\salsa20_core.$proc$/openlane/designs/salsa20/src/salsa20.v:905$31'.
No latch inferred for signal `\salsa20_core.\x6_new' from process `\salsa20_core.$proc$/openlane/designs/salsa20/src/salsa20.v:905$31'.
No latch inferred for signal `\salsa20_core.\x6_we' from process `\salsa20_core.$proc$/openlane/designs/salsa20/src/salsa20.v:905$31'.
No latch inferred for signal `\salsa20_core.\x7_new' from process `\salsa20_core.$proc$/openlane/designs/salsa20/src/salsa20.v:905$31'.
No latch inferred for signal `\salsa20_core.\x7_we' from process `\salsa20_core.$proc$/openlane/designs/salsa20/src/salsa20.v:905$31'.
No latch inferred for signal `\salsa20_core.\x8_new' from process `\salsa20_core.$proc$/openlane/designs/salsa20/src/salsa20.v:905$31'.
No latch inferred for signal `\salsa20_core.\x8_we' from process `\salsa20_core.$proc$/openlane/designs/salsa20/src/salsa20.v:905$31'.
No latch inferred for signal `\salsa20_core.\x9_new' from process `\salsa20_core.$proc$/openlane/designs/salsa20/src/salsa20.v:905$31'.
No latch inferred for signal `\salsa20_core.\x9_we' from process `\salsa20_core.$proc$/openlane/designs/salsa20/src/salsa20.v:905$31'.
No latch inferred for signal `\salsa20_core.\x10_new' from process `\salsa20_core.$proc$/openlane/designs/salsa20/src/salsa20.v:905$31'.
No latch inferred for signal `\salsa20_core.\x10_we' from process `\salsa20_core.$proc$/openlane/designs/salsa20/src/salsa20.v:905$31'.
No latch inferred for signal `\salsa20_core.\x11_new' from process `\salsa20_core.$proc$/openlane/designs/salsa20/src/salsa20.v:905$31'.
No latch inferred for signal `\salsa20_core.\x11_we' from process `\salsa20_core.$proc$/openlane/designs/salsa20/src/salsa20.v:905$31'.
No latch inferred for signal `\salsa20_core.\x12_new' from process `\salsa20_core.$proc$/openlane/designs/salsa20/src/salsa20.v:905$31'.
No latch inferred for signal `\salsa20_core.\x12_we' from process `\salsa20_core.$proc$/openlane/designs/salsa20/src/salsa20.v:905$31'.
No latch inferred for signal `\salsa20_core.\x13_new' from process `\salsa20_core.$proc$/openlane/designs/salsa20/src/salsa20.v:905$31'.
No latch inferred for signal `\salsa20_core.\x13_we' from process `\salsa20_core.$proc$/openlane/designs/salsa20/src/salsa20.v:905$31'.
No latch inferred for signal `\salsa20_core.\x14_new' from process `\salsa20_core.$proc$/openlane/designs/salsa20/src/salsa20.v:905$31'.
No latch inferred for signal `\salsa20_core.\x14_we' from process `\salsa20_core.$proc$/openlane/designs/salsa20/src/salsa20.v:905$31'.
No latch inferred for signal `\salsa20_core.\x15_new' from process `\salsa20_core.$proc$/openlane/designs/salsa20/src/salsa20.v:905$31'.
No latch inferred for signal `\salsa20_core.\x15_we' from process `\salsa20_core.$proc$/openlane/designs/salsa20/src/salsa20.v:905$31'.
No latch inferred for signal `\salsa20_core.\state_logic.new_state_word0' from process `\salsa20_core.$proc$/openlane/designs/salsa20/src/salsa20.v:905$31'.
No latch inferred for signal `\salsa20_core.\state_logic.new_state_word1' from process `\salsa20_core.$proc$/openlane/designs/salsa20/src/salsa20.v:905$31'.
No latch inferred for signal `\salsa20_core.\state_logic.new_state_word2' from process `\salsa20_core.$proc$/openlane/designs/salsa20/src/salsa20.v:905$31'.
No latch inferred for signal `\salsa20_core.\state_logic.new_state_word3' from process `\salsa20_core.$proc$/openlane/designs/salsa20/src/salsa20.v:905$31'.
No latch inferred for signal `\salsa20_core.\state_logic.new_state_word4' from process `\salsa20_core.$proc$/openlane/designs/salsa20/src/salsa20.v:905$31'.
No latch inferred for signal `\salsa20_core.\state_logic.new_state_word5' from process `\salsa20_core.$proc$/openlane/designs/salsa20/src/salsa20.v:905$31'.
No latch inferred for signal `\salsa20_core.\state_logic.new_state_word6' from process `\salsa20_core.$proc$/openlane/designs/salsa20/src/salsa20.v:905$31'.
No latch inferred for signal `\salsa20_core.\state_logic.new_state_word7' from process `\salsa20_core.$proc$/openlane/designs/salsa20/src/salsa20.v:905$31'.
No latch inferred for signal `\salsa20_core.\state_logic.new_state_word8' from process `\salsa20_core.$proc$/openlane/designs/salsa20/src/salsa20.v:905$31'.
No latch inferred for signal `\salsa20_core.\state_logic.new_state_word9' from process `\salsa20_core.$proc$/openlane/designs/salsa20/src/salsa20.v:905$31'.
No latch inferred for signal `\salsa20_core.\state_logic.new_state_word10' from process `\salsa20_core.$proc$/openlane/designs/salsa20/src/salsa20.v:905$31'.
No latch inferred for signal `\salsa20_core.\state_logic.new_state_word11' from process `\salsa20_core.$proc$/openlane/designs/salsa20/src/salsa20.v:905$31'.
No latch inferred for signal `\salsa20_core.\state_logic.new_state_word12' from process `\salsa20_core.$proc$/openlane/designs/salsa20/src/salsa20.v:905$31'.
No latch inferred for signal `\salsa20_core.\state_logic.new_state_word13' from process `\salsa20_core.$proc$/openlane/designs/salsa20/src/salsa20.v:905$31'.
No latch inferred for signal `\salsa20_core.\state_logic.new_state_word14' from process `\salsa20_core.$proc$/openlane/designs/salsa20/src/salsa20.v:905$31'.
No latch inferred for signal `\salsa20_core.\state_logic.new_state_word15' from process `\salsa20_core.$proc$/openlane/designs/salsa20/src/salsa20.v:905$31'.
No latch inferred for signal `\salsa20_core.\key0_new' from process `\salsa20_core.$proc$/openlane/designs/salsa20/src/salsa20.v:854$30'.
No latch inferred for signal `\salsa20_core.\key1_new' from process `\salsa20_core.$proc$/openlane/designs/salsa20/src/salsa20.v:854$30'.
No latch inferred for signal `\salsa20_core.\key2_new' from process `\salsa20_core.$proc$/openlane/designs/salsa20/src/salsa20.v:854$30'.
No latch inferred for signal `\salsa20_core.\key3_new' from process `\salsa20_core.$proc$/openlane/designs/salsa20/src/salsa20.v:854$30'.
No latch inferred for signal `\salsa20_core.\key4_new' from process `\salsa20_core.$proc$/openlane/designs/salsa20/src/salsa20.v:854$30'.
No latch inferred for signal `\salsa20_core.\key5_new' from process `\salsa20_core.$proc$/openlane/designs/salsa20/src/salsa20.v:854$30'.
No latch inferred for signal `\salsa20_core.\key6_new' from process `\salsa20_core.$proc$/openlane/designs/salsa20/src/salsa20.v:854$30'.
No latch inferred for signal `\salsa20_core.\key7_new' from process `\salsa20_core.$proc$/openlane/designs/salsa20/src/salsa20.v:854$30'.
No latch inferred for signal `\salsa20_core.\keylen_new' from process `\salsa20_core.$proc$/openlane/designs/salsa20/src/salsa20.v:854$30'.
No latch inferred for signal `\salsa20_core.\iv0_new' from process `\salsa20_core.$proc$/openlane/designs/salsa20/src/salsa20.v:854$30'.
No latch inferred for signal `\salsa20_core.\iv1_new' from process `\salsa20_core.$proc$/openlane/designs/salsa20/src/salsa20.v:854$30'.
No latch inferred for signal `\salsa20_core.\rounds_new' from process `\salsa20_core.$proc$/openlane/designs/salsa20/src/salsa20.v:854$30'.
No latch inferred for signal `\salsa20_core.\data_out_new' from process `\salsa20_core.$proc$/openlane/designs/salsa20/src/salsa20.v:692$12'.
No latch inferred for signal `\salsa20_core.\data_out_we' from process `\salsa20_core.$proc$/openlane/designs/salsa20/src/salsa20.v:692$12'.
No latch inferred for signal `\salsa20_core.\data_out_logic.lsb_block_state' from process `\salsa20_core.$proc$/openlane/designs/salsa20/src/salsa20.v:692$12'.
Latch inferred for signal `\salsa20_core.\data_out_logic.msb_block_state0' from process `\salsa20_core.$proc$/openlane/designs/salsa20/src/salsa20.v:692$12': $auto$proc_dlatch.cc:427:proc_dlatch$2159
Latch inferred for signal `\salsa20_core.\data_out_logic.msb_block_state1' from process `\salsa20_core.$proc$/openlane/designs/salsa20/src/salsa20.v:692$12': $auto$proc_dlatch.cc:427:proc_dlatch$2162
Latch inferred for signal `\salsa20_core.\data_out_logic.msb_block_state2' from process `\salsa20_core.$proc$/openlane/designs/salsa20/src/salsa20.v:692$12': $auto$proc_dlatch.cc:427:proc_dlatch$2165
Latch inferred for signal `\salsa20_core.\data_out_logic.msb_block_state3' from process `\salsa20_core.$proc$/openlane/designs/salsa20/src/salsa20.v:692$12': $auto$proc_dlatch.cc:427:proc_dlatch$2168
Latch inferred for signal `\salsa20_core.\data_out_logic.msb_block_state4' from process `\salsa20_core.$proc$/openlane/designs/salsa20/src/salsa20.v:692$12': $auto$proc_dlatch.cc:427:proc_dlatch$2171
Latch inferred for signal `\salsa20_core.\data_out_logic.msb_block_state5' from process `\salsa20_core.$proc$/openlane/designs/salsa20/src/salsa20.v:692$12': $auto$proc_dlatch.cc:427:proc_dlatch$2174
Latch inferred for signal `\salsa20_core.\data_out_logic.msb_block_state6' from process `\salsa20_core.$proc$/openlane/designs/salsa20/src/salsa20.v:692$12': $auto$proc_dlatch.cc:427:proc_dlatch$2177
Latch inferred for signal `\salsa20_core.\data_out_logic.msb_block_state7' from process `\salsa20_core.$proc$/openlane/designs/salsa20/src/salsa20.v:692$12': $auto$proc_dlatch.cc:427:proc_dlatch$2180
Latch inferred for signal `\salsa20_core.\data_out_logic.msb_block_state8' from process `\salsa20_core.$proc$/openlane/designs/salsa20/src/salsa20.v:692$12': $auto$proc_dlatch.cc:427:proc_dlatch$2183
Latch inferred for signal `\salsa20_core.\data_out_logic.msb_block_state9' from process `\salsa20_core.$proc$/openlane/designs/salsa20/src/salsa20.v:692$12': $auto$proc_dlatch.cc:427:proc_dlatch$2186
Latch inferred for signal `\salsa20_core.\data_out_logic.msb_block_state10' from process `\salsa20_core.$proc$/openlane/designs/salsa20/src/salsa20.v:692$12': $auto$proc_dlatch.cc:427:proc_dlatch$2189
Latch inferred for signal `\salsa20_core.\data_out_logic.msb_block_state11' from process `\salsa20_core.$proc$/openlane/designs/salsa20/src/salsa20.v:692$12': $auto$proc_dlatch.cc:427:proc_dlatch$2192
Latch inferred for signal `\salsa20_core.\data_out_logic.msb_block_state12' from process `\salsa20_core.$proc$/openlane/designs/salsa20/src/salsa20.v:692$12': $auto$proc_dlatch.cc:427:proc_dlatch$2195
Latch inferred for signal `\salsa20_core.\data_out_logic.msb_block_state13' from process `\salsa20_core.$proc$/openlane/designs/salsa20/src/salsa20.v:692$12': $auto$proc_dlatch.cc:427:proc_dlatch$2198
Latch inferred for signal `\salsa20_core.\data_out_logic.msb_block_state14' from process `\salsa20_core.$proc$/openlane/designs/salsa20/src/salsa20.v:692$12': $auto$proc_dlatch.cc:427:proc_dlatch$2201
Latch inferred for signal `\salsa20_core.\data_out_logic.msb_block_state15' from process `\salsa20_core.$proc$/openlane/designs/salsa20/src/salsa20.v:692$12': $auto$proc_dlatch.cc:427:proc_dlatch$2204
Latch inferred for signal `\salsa20_core.\data_out_logic.lsb_block_state0' from process `\salsa20_core.$proc$/openlane/designs/salsa20/src/salsa20.v:692$12': $auto$proc_dlatch.cc:427:proc_dlatch$2207
Latch inferred for signal `\salsa20_core.\data_out_logic.lsb_block_state1' from process `\salsa20_core.$proc$/openlane/designs/salsa20/src/salsa20.v:692$12': $auto$proc_dlatch.cc:427:proc_dlatch$2210
Latch inferred for signal `\salsa20_core.\data_out_logic.lsb_block_state2' from process `\salsa20_core.$proc$/openlane/designs/salsa20/src/salsa20.v:692$12': $auto$proc_dlatch.cc:427:proc_dlatch$2213
Latch inferred for signal `\salsa20_core.\data_out_logic.lsb_block_state3' from process `\salsa20_core.$proc$/openlane/designs/salsa20/src/salsa20.v:692$12': $auto$proc_dlatch.cc:427:proc_dlatch$2216
Latch inferred for signal `\salsa20_core.\data_out_logic.lsb_block_state4' from process `\salsa20_core.$proc$/openlane/designs/salsa20/src/salsa20.v:692$12': $auto$proc_dlatch.cc:427:proc_dlatch$2219
Latch inferred for signal `\salsa20_core.\data_out_logic.lsb_block_state5' from process `\salsa20_core.$proc$/openlane/designs/salsa20/src/salsa20.v:692$12': $auto$proc_dlatch.cc:427:proc_dlatch$2222
Latch inferred for signal `\salsa20_core.\data_out_logic.lsb_block_state6' from process `\salsa20_core.$proc$/openlane/designs/salsa20/src/salsa20.v:692$12': $auto$proc_dlatch.cc:427:proc_dlatch$2225
Latch inferred for signal `\salsa20_core.\data_out_logic.lsb_block_state7' from process `\salsa20_core.$proc$/openlane/designs/salsa20/src/salsa20.v:692$12': $auto$proc_dlatch.cc:427:proc_dlatch$2228
Latch inferred for signal `\salsa20_core.\data_out_logic.lsb_block_state8' from process `\salsa20_core.$proc$/openlane/designs/salsa20/src/salsa20.v:692$12': $auto$proc_dlatch.cc:427:proc_dlatch$2231
Latch inferred for signal `\salsa20_core.\data_out_logic.lsb_block_state9' from process `\salsa20_core.$proc$/openlane/designs/salsa20/src/salsa20.v:692$12': $auto$proc_dlatch.cc:427:proc_dlatch$2234
Latch inferred for signal `\salsa20_core.\data_out_logic.lsb_block_state10' from process `\salsa20_core.$proc$/openlane/designs/salsa20/src/salsa20.v:692$12': $auto$proc_dlatch.cc:427:proc_dlatch$2237
Latch inferred for signal `\salsa20_core.\data_out_logic.lsb_block_state11' from process `\salsa20_core.$proc$/openlane/designs/salsa20/src/salsa20.v:692$12': $auto$proc_dlatch.cc:427:proc_dlatch$2240
Latch inferred for signal `\salsa20_core.\data_out_logic.lsb_block_state12' from process `\salsa20_core.$proc$/openlane/designs/salsa20/src/salsa20.v:692$12': $auto$proc_dlatch.cc:427:proc_dlatch$2243
Latch inferred for signal `\salsa20_core.\data_out_logic.lsb_block_state13' from process `\salsa20_core.$proc$/openlane/designs/salsa20/src/salsa20.v:692$12': $auto$proc_dlatch.cc:427:proc_dlatch$2246
Latch inferred for signal `\salsa20_core.\data_out_logic.lsb_block_state14' from process `\salsa20_core.$proc$/openlane/designs/salsa20/src/salsa20.v:692$12': $auto$proc_dlatch.cc:427:proc_dlatch$2249
Latch inferred for signal `\salsa20_core.\data_out_logic.lsb_block_state15' from process `\salsa20_core.$proc$/openlane/designs/salsa20/src/salsa20.v:692$12': $auto$proc_dlatch.cc:427:proc_dlatch$2252
No latch inferred for signal `\salsa20_qr.\tmp_z0' from process `\salsa20_qr.$proc$/openlane/designs/salsa20/src/salsa20.v:76$1'.
No latch inferred for signal `\salsa20_qr.\tmp_z1' from process `\salsa20_qr.$proc$/openlane/designs/salsa20/src/salsa20.v:76$1'.
No latch inferred for signal `\salsa20_qr.\tmp_z2' from process `\salsa20_qr.$proc$/openlane/designs/salsa20/src/salsa20.v:76$1'.
No latch inferred for signal `\salsa20_qr.\tmp_z3' from process `\salsa20_qr.$proc$/openlane/designs/salsa20/src/salsa20.v:76$1'.
No latch inferred for signal `\salsa20_qr.\qr.z0_0' from process `\salsa20_qr.$proc$/openlane/designs/salsa20/src/salsa20.v:76$1'.
No latch inferred for signal `\salsa20_qr.\qr.z1_0' from process `\salsa20_qr.$proc$/openlane/designs/salsa20/src/salsa20.v:76$1'.
No latch inferred for signal `\salsa20_qr.\qr.z2_0' from process `\salsa20_qr.$proc$/openlane/designs/salsa20/src/salsa20.v:76$1'.
No latch inferred for signal `\salsa20_qr.\qr.z3_0' from process `\salsa20_qr.$proc$/openlane/designs/salsa20/src/salsa20.v:76$1'.

14. Executing PROC_DFF pass (convert process syncs to FFs).
Creating register for signal `\salsa20.\key0_reg' using process `\salsa20.$proc$/openlane/designs/salsa20/src/salsa20.v:1713$45'.
  created $dff cell `$procdff$2253' with positive edge clock.
Creating register for signal `\salsa20.\key1_reg' using process `\salsa20.$proc$/openlane/designs/salsa20/src/salsa20.v:1713$45'.
  created $dff cell `$procdff$2254' with positive edge clock.
Creating register for signal `\salsa20.\key2_reg' using process `\salsa20.$proc$/openlane/designs/salsa20/src/salsa20.v:1713$45'.
  created $dff cell `$procdff$2255' with positive edge clock.
Creating register for signal `\salsa20.\key3_reg' using process `\salsa20.$proc$/openlane/designs/salsa20/src/salsa20.v:1713$45'.
  created $dff cell `$procdff$2256' with positive edge clock.
Creating register for signal `\salsa20.\key4_reg' using process `\salsa20.$proc$/openlane/designs/salsa20/src/salsa20.v:1713$45'.
  created $dff cell `$procdff$2257' with positive edge clock.
Creating register for signal `\salsa20.\key5_reg' using process `\salsa20.$proc$/openlane/designs/salsa20/src/salsa20.v:1713$45'.
  created $dff cell `$procdff$2258' with positive edge clock.
Creating register for signal `\salsa20.\key6_reg' using process `\salsa20.$proc$/openlane/designs/salsa20/src/salsa20.v:1713$45'.
  created $dff cell `$procdff$2259' with positive edge clock.
Creating register for signal `\salsa20.\key7_reg' using process `\salsa20.$proc$/openlane/designs/salsa20/src/salsa20.v:1713$45'.
  created $dff cell `$procdff$2260' with positive edge clock.
Creating register for signal `\salsa20.\keylen_reg' using process `\salsa20.$proc$/openlane/designs/salsa20/src/salsa20.v:1713$45'.
  created $dff cell `$procdff$2261' with positive edge clock.
Creating register for signal `\salsa20.\iv0_reg' using process `\salsa20.$proc$/openlane/designs/salsa20/src/salsa20.v:1713$45'.
  created $dff cell `$procdff$2262' with positive edge clock.
Creating register for signal `\salsa20.\iv1_reg' using process `\salsa20.$proc$/openlane/designs/salsa20/src/salsa20.v:1713$45'.
  created $dff cell `$procdff$2263' with positive edge clock.
Creating register for signal `\salsa20.\rounds_reg' using process `\salsa20.$proc$/openlane/designs/salsa20/src/salsa20.v:1713$45'.
  created $dff cell `$procdff$2264' with positive edge clock.
Creating register for signal `\salsa20.\data_out_valid_reg' using process `\salsa20.$proc$/openlane/designs/salsa20/src/salsa20.v:1713$45'.
  created $dff cell `$procdff$2265' with positive edge clock.
Creating register for signal `\salsa20.\init_reg' using process `\salsa20.$proc$/openlane/designs/salsa20/src/salsa20.v:1713$45'.
  created $dff cell `$procdff$2266' with positive edge clock.
Creating register for signal `\salsa20.\next_reg' using process `\salsa20.$proc$/openlane/designs/salsa20/src/salsa20.v:1713$45'.
  created $dff cell `$procdff$2267' with positive edge clock.
Creating register for signal `\salsa20.\ready_reg' using process `\salsa20.$proc$/openlane/designs/salsa20/src/salsa20.v:1713$45'.
  created $dff cell `$procdff$2268' with positive edge clock.
Creating register for signal `\salsa20.\data_in0_reg' using process `\salsa20.$proc$/openlane/designs/salsa20/src/salsa20.v:1713$45'.
  created $dff cell `$procdff$2269' with positive edge clock.
Creating register for signal `\salsa20.\data_in1_reg' using process `\salsa20.$proc$/openlane/designs/salsa20/src/salsa20.v:1713$45'.
  created $dff cell `$procdff$2270' with positive edge clock.
Creating register for signal `\salsa20.\data_in2_reg' using process `\salsa20.$proc$/openlane/designs/salsa20/src/salsa20.v:1713$45'.
  created $dff cell `$procdff$2271' with positive edge clock.
Creating register for signal `\salsa20.\data_in3_reg' using process `\salsa20.$proc$/openlane/designs/salsa20/src/salsa20.v:1713$45'.
  created $dff cell `$procdff$2272' with positive edge clock.
Creating register for signal `\salsa20.\data_in4_reg' using process `\salsa20.$proc$/openlane/designs/salsa20/src/salsa20.v:1713$45'.
  created $dff cell `$procdff$2273' with positive edge clock.
Creating register for signal `\salsa20.\data_in5_reg' using process `\salsa20.$proc$/openlane/designs/salsa20/src/salsa20.v:1713$45'.
  created $dff cell `$procdff$2274' with positive edge clock.
Creating register for signal `\salsa20.\data_in6_reg' using process `\salsa20.$proc$/openlane/designs/salsa20/src/salsa20.v:1713$45'.
  created $dff cell `$procdff$2275' with positive edge clock.
Creating register for signal `\salsa20.\data_in7_reg' using process `\salsa20.$proc$/openlane/designs/salsa20/src/salsa20.v:1713$45'.
  created $dff cell `$procdff$2276' with positive edge clock.
Creating register for signal `\salsa20.\data_in8_reg' using process `\salsa20.$proc$/openlane/designs/salsa20/src/salsa20.v:1713$45'.
  created $dff cell `$procdff$2277' with positive edge clock.
Creating register for signal `\salsa20.\data_in9_reg' using process `\salsa20.$proc$/openlane/designs/salsa20/src/salsa20.v:1713$45'.
  created $dff cell `$procdff$2278' with positive edge clock.
Creating register for signal `\salsa20.\data_in10_reg' using process `\salsa20.$proc$/openlane/designs/salsa20/src/salsa20.v:1713$45'.
  created $dff cell `$procdff$2279' with positive edge clock.
Creating register for signal `\salsa20.\data_in11_reg' using process `\salsa20.$proc$/openlane/designs/salsa20/src/salsa20.v:1713$45'.
  created $dff cell `$procdff$2280' with positive edge clock.
Creating register for signal `\salsa20.\data_in12_reg' using process `\salsa20.$proc$/openlane/designs/salsa20/src/salsa20.v:1713$45'.
  created $dff cell `$procdff$2281' with positive edge clock.
Creating register for signal `\salsa20.\data_in13_reg' using process `\salsa20.$proc$/openlane/designs/salsa20/src/salsa20.v:1713$45'.
  created $dff cell `$procdff$2282' with positive edge clock.
Creating register for signal `\salsa20.\data_in14_reg' using process `\salsa20.$proc$/openlane/designs/salsa20/src/salsa20.v:1713$45'.
  created $dff cell `$procdff$2283' with positive edge clock.
Creating register for signal `\salsa20.\data_in15_reg' using process `\salsa20.$proc$/openlane/designs/salsa20/src/salsa20.v:1713$45'.
  created $dff cell `$procdff$2284' with positive edge clock.
Creating register for signal `\salsa20.\data_out0_reg' using process `\salsa20.$proc$/openlane/designs/salsa20/src/salsa20.v:1713$45'.
  created $dff cell `$procdff$2285' with positive edge clock.
Creating register for signal `\salsa20.\data_out1_reg' using process `\salsa20.$proc$/openlane/designs/salsa20/src/salsa20.v:1713$45'.
  created $dff cell `$procdff$2286' with positive edge clock.
Creating register for signal `\salsa20.\data_out2_reg' using process `\salsa20.$proc$/openlane/designs/salsa20/src/salsa20.v:1713$45'.
  created $dff cell `$procdff$2287' with positive edge clock.
Creating register for signal `\salsa20.\data_out3_reg' using process `\salsa20.$proc$/openlane/designs/salsa20/src/salsa20.v:1713$45'.
  created $dff cell `$procdff$2288' with positive edge clock.
Creating register for signal `\salsa20.\data_out4_reg' using process `\salsa20.$proc$/openlane/designs/salsa20/src/salsa20.v:1713$45'.
  created $dff cell `$procdff$2289' with positive edge clock.
Creating register for signal `\salsa20.\data_out5_reg' using process `\salsa20.$proc$/openlane/designs/salsa20/src/salsa20.v:1713$45'.
  created $dff cell `$procdff$2290' with positive edge clock.
Creating register for signal `\salsa20.\data_out6_reg' using process `\salsa20.$proc$/openlane/designs/salsa20/src/salsa20.v:1713$45'.
  created $dff cell `$procdff$2291' with positive edge clock.
Creating register for signal `\salsa20.\data_out7_reg' using process `\salsa20.$proc$/openlane/designs/salsa20/src/salsa20.v:1713$45'.
  created $dff cell `$procdff$2292' with positive edge clock.
Creating register for signal `\salsa20.\data_out8_reg' using process `\salsa20.$proc$/openlane/designs/salsa20/src/salsa20.v:1713$45'.
  created $dff cell `$procdff$2293' with positive edge clock.
Creating register for signal `\salsa20.\data_out9_reg' using process `\salsa20.$proc$/openlane/designs/salsa20/src/salsa20.v:1713$45'.
  created $dff cell `$procdff$2294' with positive edge clock.
Creating register for signal `\salsa20.\data_out10_reg' using process `\salsa20.$proc$/openlane/designs/salsa20/src/salsa20.v:1713$45'.
  created $dff cell `$procdff$2295' with positive edge clock.
Creating register for signal `\salsa20.\data_out11_reg' using process `\salsa20.$proc$/openlane/designs/salsa20/src/salsa20.v:1713$45'.
  created $dff cell `$procdff$2296' with positive edge clock.
Creating register for signal `\salsa20.\data_out12_reg' using process `\salsa20.$proc$/openlane/designs/salsa20/src/salsa20.v:1713$45'.
  created $dff cell `$procdff$2297' with positive edge clock.
Creating register for signal `\salsa20.\data_out13_reg' using process `\salsa20.$proc$/openlane/designs/salsa20/src/salsa20.v:1713$45'.
  created $dff cell `$procdff$2298' with positive edge clock.
Creating register for signal `\salsa20.\data_out14_reg' using process `\salsa20.$proc$/openlane/designs/salsa20/src/salsa20.v:1713$45'.
  created $dff cell `$procdff$2299' with positive edge clock.
Creating register for signal `\salsa20.\data_out15_reg' using process `\salsa20.$proc$/openlane/designs/salsa20/src/salsa20.v:1713$45'.
  created $dff cell `$procdff$2300' with positive edge clock.
Creating register for signal `\salsa20_core.\key0_reg' using process `\salsa20_core.$proc$/openlane/designs/salsa20/src/salsa20.v:468$10'.
  created $dff cell `$procdff$2301' with positive edge clock.
Creating register for signal `\salsa20_core.\key1_reg' using process `\salsa20_core.$proc$/openlane/designs/salsa20/src/salsa20.v:468$10'.
  created $dff cell `$procdff$2302' with positive edge clock.
Creating register for signal `\salsa20_core.\key2_reg' using process `\salsa20_core.$proc$/openlane/designs/salsa20/src/salsa20.v:468$10'.
  created $dff cell `$procdff$2303' with positive edge clock.
Creating register for signal `\salsa20_core.\key3_reg' using process `\salsa20_core.$proc$/openlane/designs/salsa20/src/salsa20.v:468$10'.
  created $dff cell `$procdff$2304' with positive edge clock.
Creating register for signal `\salsa20_core.\key4_reg' using process `\salsa20_core.$proc$/openlane/designs/salsa20/src/salsa20.v:468$10'.
  created $dff cell `$procdff$2305' with positive edge clock.
Creating register for signal `\salsa20_core.\key5_reg' using process `\salsa20_core.$proc$/openlane/designs/salsa20/src/salsa20.v:468$10'.
  created $dff cell `$procdff$2306' with positive edge clock.
Creating register for signal `\salsa20_core.\key6_reg' using process `\salsa20_core.$proc$/openlane/designs/salsa20/src/salsa20.v:468$10'.
  created $dff cell `$procdff$2307' with positive edge clock.
Creating register for signal `\salsa20_core.\key7_reg' using process `\salsa20_core.$proc$/openlane/designs/salsa20/src/salsa20.v:468$10'.
  created $dff cell `$procdff$2308' with positive edge clock.
Creating register for signal `\salsa20_core.\keylen_reg' using process `\salsa20_core.$proc$/openlane/designs/salsa20/src/salsa20.v:468$10'.
  created $dff cell `$procdff$2309' with positive edge clock.
Creating register for signal `\salsa20_core.\iv0_reg' using process `\salsa20_core.$proc$/openlane/designs/salsa20/src/salsa20.v:468$10'.
  created $dff cell `$procdff$2310' with positive edge clock.
Creating register for signal `\salsa20_core.\iv1_reg' using process `\salsa20_core.$proc$/openlane/designs/salsa20/src/salsa20.v:468$10'.
  created $dff cell `$procdff$2311' with positive edge clock.
Creating register for signal `\salsa20_core.\state0_reg' using process `\salsa20_core.$proc$/openlane/designs/salsa20/src/salsa20.v:468$10'.
  created $dff cell `$procdff$2312' with positive edge clock.
Creating register for signal `\salsa20_core.\state1_reg' using process `\salsa20_core.$proc$/openlane/designs/salsa20/src/salsa20.v:468$10'.
  created $dff cell `$procdff$2313' with positive edge clock.
Creating register for signal `\salsa20_core.\state2_reg' using process `\salsa20_core.$proc$/openlane/designs/salsa20/src/salsa20.v:468$10'.
  created $dff cell `$procdff$2314' with positive edge clock.
Creating register for signal `\salsa20_core.\state3_reg' using process `\salsa20_core.$proc$/openlane/designs/salsa20/src/salsa20.v:468$10'.
  created $dff cell `$procdff$2315' with positive edge clock.
Creating register for signal `\salsa20_core.\state4_reg' using process `\salsa20_core.$proc$/openlane/designs/salsa20/src/salsa20.v:468$10'.
  created $dff cell `$procdff$2316' with positive edge clock.
Creating register for signal `\salsa20_core.\state5_reg' using process `\salsa20_core.$proc$/openlane/designs/salsa20/src/salsa20.v:468$10'.
  created $dff cell `$procdff$2317' with positive edge clock.
Creating register for signal `\salsa20_core.\state6_reg' using process `\salsa20_core.$proc$/openlane/designs/salsa20/src/salsa20.v:468$10'.
  created $dff cell `$procdff$2318' with positive edge clock.
Creating register for signal `\salsa20_core.\state7_reg' using process `\salsa20_core.$proc$/openlane/designs/salsa20/src/salsa20.v:468$10'.
  created $dff cell `$procdff$2319' with positive edge clock.
Creating register for signal `\salsa20_core.\state8_reg' using process `\salsa20_core.$proc$/openlane/designs/salsa20/src/salsa20.v:468$10'.
  created $dff cell `$procdff$2320' with positive edge clock.
Creating register for signal `\salsa20_core.\state9_reg' using process `\salsa20_core.$proc$/openlane/designs/salsa20/src/salsa20.v:468$10'.
  created $dff cell `$procdff$2321' with positive edge clock.
Creating register for signal `\salsa20_core.\state10_reg' using process `\salsa20_core.$proc$/openlane/designs/salsa20/src/salsa20.v:468$10'.
  created $dff cell `$procdff$2322' with positive edge clock.
Creating register for signal `\salsa20_core.\state11_reg' using process `\salsa20_core.$proc$/openlane/designs/salsa20/src/salsa20.v:468$10'.
  created $dff cell `$procdff$2323' with positive edge clock.
Creating register for signal `\salsa20_core.\state12_reg' using process `\salsa20_core.$proc$/openlane/designs/salsa20/src/salsa20.v:468$10'.
  created $dff cell `$procdff$2324' with positive edge clock.
Creating register for signal `\salsa20_core.\state13_reg' using process `\salsa20_core.$proc$/openlane/designs/salsa20/src/salsa20.v:468$10'.
  created $dff cell `$procdff$2325' with positive edge clock.
Creating register for signal `\salsa20_core.\state14_reg' using process `\salsa20_core.$proc$/openlane/designs/salsa20/src/salsa20.v:468$10'.
  created $dff cell `$procdff$2326' with positive edge clock.
Creating register for signal `\salsa20_core.\state15_reg' using process `\salsa20_core.$proc$/openlane/designs/salsa20/src/salsa20.v:468$10'.
  created $dff cell `$procdff$2327' with positive edge clock.
Creating register for signal `\salsa20_core.\x0_reg' using process `\salsa20_core.$proc$/openlane/designs/salsa20/src/salsa20.v:468$10'.
  created $dff cell `$procdff$2328' with positive edge clock.
Creating register for signal `\salsa20_core.\x1_reg' using process `\salsa20_core.$proc$/openlane/designs/salsa20/src/salsa20.v:468$10'.
  created $dff cell `$procdff$2329' with positive edge clock.
Creating register for signal `\salsa20_core.\x2_reg' using process `\salsa20_core.$proc$/openlane/designs/salsa20/src/salsa20.v:468$10'.
  created $dff cell `$procdff$2330' with positive edge clock.
Creating register for signal `\salsa20_core.\x3_reg' using process `\salsa20_core.$proc$/openlane/designs/salsa20/src/salsa20.v:468$10'.
  created $dff cell `$procdff$2331' with positive edge clock.
Creating register for signal `\salsa20_core.\x4_reg' using process `\salsa20_core.$proc$/openlane/designs/salsa20/src/salsa20.v:468$10'.
  created $dff cell `$procdff$2332' with positive edge clock.
Creating register for signal `\salsa20_core.\x5_reg' using process `\salsa20_core.$proc$/openlane/designs/salsa20/src/salsa20.v:468$10'.
  created $dff cell `$procdff$2333' with positive edge clock.
Creating register for signal `\salsa20_core.\x6_reg' using process `\salsa20_core.$proc$/openlane/designs/salsa20/src/salsa20.v:468$10'.
  created $dff cell `$procdff$2334' with positive edge clock.
Creating register for signal `\salsa20_core.\x7_reg' using process `\salsa20_core.$proc$/openlane/designs/salsa20/src/salsa20.v:468$10'.
  created $dff cell `$procdff$2335' with positive edge clock.
Creating register for signal `\salsa20_core.\x8_reg' using process `\salsa20_core.$proc$/openlane/designs/salsa20/src/salsa20.v:468$10'.
  created $dff cell `$procdff$2336' with positive edge clock.
Creating register for signal `\salsa20_core.\x9_reg' using process `\salsa20_core.$proc$/openlane/designs/salsa20/src/salsa20.v:468$10'.
  created $dff cell `$procdff$2337' with positive edge clock.
Creating register for signal `\salsa20_core.\x10_reg' using process `\salsa20_core.$proc$/openlane/designs/salsa20/src/salsa20.v:468$10'.
  created $dff cell `$procdff$2338' with positive edge clock.
Creating register for signal `\salsa20_core.\x11_reg' using process `\salsa20_core.$proc$/openlane/designs/salsa20/src/salsa20.v:468$10'.
  created $dff cell `$procdff$2339' with positive edge clock.
Creating register for signal `\salsa20_core.\x12_reg' using process `\salsa20_core.$proc$/openlane/designs/salsa20/src/salsa20.v:468$10'.
  created $dff cell `$procdff$2340' with positive edge clock.
Creating register for signal `\salsa20_core.\x13_reg' using process `\salsa20_core.$proc$/openlane/designs/salsa20/src/salsa20.v:468$10'.
  created $dff cell `$procdff$2341' with positive edge clock.
Creating register for signal `\salsa20_core.\x14_reg' using process `\salsa20_core.$proc$/openlane/designs/salsa20/src/salsa20.v:468$10'.
  created $dff cell `$procdff$2342' with positive edge clock.
Creating register for signal `\salsa20_core.\x15_reg' using process `\salsa20_core.$proc$/openlane/designs/salsa20/src/salsa20.v:468$10'.
  created $dff cell `$procdff$2343' with positive edge clock.
Creating register for signal `\salsa20_core.\rounds_reg' using process `\salsa20_core.$proc$/openlane/designs/salsa20/src/salsa20.v:468$10'.
  created $dff cell `$procdff$2344' with positive edge clock.
Creating register for signal `\salsa20_core.\data_in_reg' using process `\salsa20_core.$proc$/openlane/designs/salsa20/src/salsa20.v:468$10'.
  created $dff cell `$procdff$2345' with positive edge clock.
Creating register for signal `\salsa20_core.\data_out_reg' using process `\salsa20_core.$proc$/openlane/designs/salsa20/src/salsa20.v:468$10'.
  created $dff cell `$procdff$2346' with positive edge clock.
Creating register for signal `\salsa20_core.\data_out_valid_reg' using process `\salsa20_core.$proc$/openlane/designs/salsa20/src/salsa20.v:468$10'.
  created $dff cell `$procdff$2347' with positive edge clock.
Creating register for signal `\salsa20_core.\qr_ctr_reg' using process `\salsa20_core.$proc$/openlane/designs/salsa20/src/salsa20.v:468$10'.
  created $dff cell `$procdff$2348' with positive edge clock.
Creating register for signal `\salsa20_core.\dr_ctr_reg' using process `\salsa20_core.$proc$/openlane/designs/salsa20/src/salsa20.v:468$10'.
  created $dff cell `$procdff$2349' with positive edge clock.
Creating register for signal `\salsa20_core.\block0_ctr_reg' using process `\salsa20_core.$proc$/openlane/designs/salsa20/src/salsa20.v:468$10'.
  created $dff cell `$procdff$2350' with positive edge clock.
Creating register for signal `\salsa20_core.\block1_ctr_reg' using process `\salsa20_core.$proc$/openlane/designs/salsa20/src/salsa20.v:468$10'.
  created $dff cell `$procdff$2351' with positive edge clock.
Creating register for signal `\salsa20_core.\salsa20_ctrl_reg' using process `\salsa20_core.$proc$/openlane/designs/salsa20/src/salsa20.v:468$10'.
  created $dff cell `$procdff$2352' with positive edge clock.

15. Executing PROC_MEMWR pass (convert process memory writes to cells).

16. Executing PROC_CLEAN pass (remove empty switches from decision trees).
Found and cleaned up 4 empty switches in `\salsa20.$proc$/openlane/designs/salsa20/src/salsa20.v:1947$47'.
Removing empty process `salsa20.$proc$/openlane/designs/salsa20/src/salsa20.v:1947$47'.
Found and cleaned up 31 empty switches in `\salsa20.$proc$/openlane/designs/salsa20/src/salsa20.v:1713$45'.
Removing empty process `salsa20.$proc$/openlane/designs/salsa20/src/salsa20.v:1713$45'.
Found and cleaned up 6 empty switches in `\salsa20_core.$proc$/openlane/designs/salsa20/src/salsa20.v:1309$41'.
Removing empty process `salsa20_core.$proc$/openlane/designs/salsa20/src/salsa20.v:1309$41'.
Found and cleaned up 3 empty switches in `\salsa20_core.$proc$/openlane/designs/salsa20/src/salsa20.v:1276$37'.
Removing empty process `salsa20_core.$proc$/openlane/designs/salsa20/src/salsa20.v:1276$37'.
Found and cleaned up 2 empty switches in `\salsa20_core.$proc$/openlane/designs/salsa20/src/salsa20.v:1252$35'.
Removing empty process `salsa20_core.$proc$/openlane/designs/salsa20/src/salsa20.v:1252$35'.
Found and cleaned up 2 empty switches in `\salsa20_core.$proc$/openlane/designs/salsa20/src/salsa20.v:1228$33'.
Removing empty process `salsa20_core.$proc$/openlane/designs/salsa20/src/salsa20.v:1228$33'.
Found and cleaned up 1 empty switch in `\salsa20_core.$proc$/openlane/designs/salsa20/src/salsa20.v:1171$32'.
Removing empty process `salsa20_core.$proc$/openlane/designs/salsa20/src/salsa20.v:1171$32'.
Found and cleaned up 4 empty switches in `\salsa20_core.$proc$/openlane/designs/salsa20/src/salsa20.v:905$31'.
Removing empty process `salsa20_core.$proc$/openlane/designs/salsa20/src/salsa20.v:905$31'.
Found and cleaned up 1 empty switch in `\salsa20_core.$proc$/openlane/designs/salsa20/src/salsa20.v:854$30'.
Removing empty process `salsa20_core.$proc$/openlane/designs/salsa20/src/salsa20.v:854$30'.
Found and cleaned up 1 empty switch in `\salsa20_core.$proc$/openlane/designs/salsa20/src/salsa20.v:692$12'.
Removing empty process `salsa20_core.$proc$/openlane/designs/salsa20/src/salsa20.v:692$12'.
Found and cleaned up 27 empty switches in `\salsa20_core.$proc$/openlane/designs/salsa20/src/salsa20.v:468$10'.
Removing empty process `salsa20_core.$proc$/openlane/designs/salsa20/src/salsa20.v:468$10'.
Removing empty process `salsa20_qr.$proc$/openlane/designs/salsa20/src/salsa20.v:76$1'.
Cleaned up 82 empty switches.

17. Executing CHECK pass (checking for obvious problems).
Checking module salsa20...
Checking module salsa20_core...
Checking module salsa20_qr...
Found and reported 0 problems.

18. Executing OPT_EXPR pass (perform const folding).
Optimizing module salsa20.
<suppressed ~52 debug messages>
Optimizing module salsa20_core.
<suppressed ~179 debug messages>
Optimizing module salsa20_qr.

19. Executing FLATTEN pass (flatten design).
Deleting now unused module salsa20_core.
Deleting now unused module salsa20_qr.
<suppressed ~5 debug messages>

20. Executing OPT_EXPR pass (perform const folding).
Optimizing module salsa20.

21. Executing OPT_CLEAN pass (remove unused cells and wires).
Finding unused cells or wires in module \salsa20..
Removed 53 unused cells and 1602 unused wires.
<suppressed ~119 debug messages>

22. Executing OPT pass (performing simple optimizations).

22.1. Executing OPT_EXPR pass (perform const folding).
Optimizing module salsa20.

22.2. Executing OPT_MERGE pass (detect identical cells).
Finding identical cells in module `\salsa20'.
<suppressed ~378 debug messages>
Removed a total of 126 cells.

22.3. Executing OPT_MUXTREE pass (detect dead branches in mux trees).
Running muxtree optimizer on module \salsa20..
  Creating internal representation of mux trees.
  Evaluating internal representation of mux trees.
  Analyzing evaluation results.
    dead port 2/2 on $mux $flatten\core.$procmux$1103.
    dead port 1/2 on $mux $flatten\core.$procmux$1106.
    dead port 2/2 on $mux $flatten\core.$procmux$1112.
    dead port 1/2 on $mux $flatten\core.$procmux$1115.
    dead port 2/2 on $mux $flatten\core.$procmux$1121.
    dead port 1/2 on $mux $flatten\core.$procmux$1124.
    dead port 2/2 on $mux $flatten\core.$procmux$1130.
    dead port 1/2 on $mux $flatten\core.$procmux$1133.
    dead port 2/2 on $mux $flatten\core.$procmux$1139.
    dead port 1/2 on $mux $flatten\core.$procmux$1142.
    dead port 2/2 on $mux $flatten\core.$procmux$1148.
    dead port 1/2 on $mux $flatten\core.$procmux$1151.
    dead port 2/2 on $mux $flatten\core.$procmux$1157.
    dead port 1/2 on $mux $flatten\core.$procmux$1160.
    dead port 2/2 on $mux $flatten\core.$procmux$1166.
    dead port 1/2 on $mux $flatten\core.$procmux$1169.
    dead port 2/2 on $mux $flatten\core.$procmux$1175.
    dead port 1/2 on $mux $flatten\core.$procmux$1178.
    dead port 2/2 on $mux $flatten\core.$procmux$1184.
    dead port 1/2 on $mux $flatten\core.$procmux$1187.
    dead port 2/2 on $mux $flatten\core.$procmux$1193.
    dead port 1/2 on $mux $flatten\core.$procmux$1196.
    dead port 2/2 on $mux $flatten\core.$procmux$1202.
    dead port 1/2 on $mux $flatten\core.$procmux$1205.
    dead port 2/2 on $mux $flatten\core.$procmux$1211.
    dead port 1/2 on $mux $flatten\core.$procmux$1214.
    dead port 2/2 on $mux $flatten\core.$procmux$1220.
    dead port 1/2 on $mux $flatten\core.$procmux$1223.
    dead port 2/2 on $mux $flatten\core.$procmux$1229.
    dead port 1/2 on $mux $flatten\core.$procmux$1232.
    dead port 2/2 on $mux $flatten\core.$procmux$1238.
    dead port 1/2 on $mux $flatten\core.$procmux$1241.
    dead port 2/2 on $mux $flatten\core.$procmux$1247.
    dead port 1/2 on $mux $flatten\core.$procmux$1250.
    dead port 2/2 on $mux $flatten\core.$procmux$1256.
    dead port 1/2 on $mux $flatten\core.$procmux$1259.
    dead port 2/2 on $mux $flatten\core.$procmux$1265.
    dead port 1/2 on $mux $flatten\core.$procmux$1268.
    dead port 2/2 on $mux $flatten\core.$procmux$1274.
    dead port 1/2 on $mux $flatten\core.$procmux$1277.
    dead port 2/2 on $mux $flatten\core.$procmux$1283.
    dead port 1/2 on $mux $flatten\core.$procmux$1286.
    dead port 2/2 on $mux $flatten\core.$procmux$1292.
    dead port 1/2 on $mux $flatten\core.$procmux$1295.
    dead port 2/2 on $mux $flatten\core.$procmux$1301.
    dead port 1/2 on $mux $flatten\core.$procmux$1304.
    dead port 2/2 on $mux $flatten\core.$procmux$1310.
    dead port 1/2 on $mux $flatten\core.$procmux$1313.
    dead port 1/2 on $mux $flatten\core.$procmux$1319.
    dead port 1/2 on $mux $flatten\core.$procmux$1325.
    dead port 1/2 on $mux $flatten\core.$procmux$1331.
    dead port 1/2 on $mux $flatten\core.$procmux$1337.
    dead port 1/2 on $mux $flatten\core.$procmux$1343.
    dead port 1/2 on $mux $flatten\core.$procmux$1349.
    dead port 1/2 on $mux $flatten\core.$procmux$1355.
    dead port 1/2 on $mux $flatten\core.$procmux$1361.
    dead port 1/2 on $mux $flatten\core.$procmux$1367.
    dead port 1/2 on $mux $flatten\core.$procmux$1373.
    dead port 1/2 on $mux $flatten\core.$procmux$1379.
    dead port 1/2 on $mux $flatten\core.$procmux$1385.
    dead port 1/2 on $mux $flatten\core.$procmux$1391.
    dead port 1/2 on $mux $flatten\core.$procmux$1397.
    dead port 1/2 on $mux $flatten\core.$procmux$1403.
    dead port 1/2 on $mux $flatten\core.$procmux$1409.
    dead port 1/2 on $mux $flatten\core.$procmux$1415.
    dead port 1/2 on $mux $flatten\core.$procmux$1421.
    dead port 1/2 on $mux $flatten\core.$procmux$1427.
    dead port 1/2 on $mux $flatten\core.$procmux$1433.
    dead port 1/2 on $mux $flatten\core.$procmux$1439.
    dead port 1/2 on $mux $flatten\core.$procmux$1445.
    dead port 1/2 on $mux $flatten\core.$procmux$1451.
    dead port 1/2 on $mux $flatten\core.$procmux$1457.
    dead port 1/2 on $mux $flatten\core.$procmux$1463.
    dead port 1/2 on $mux $flatten\core.$procmux$1469.
    dead port 1/2 on $mux $flatten\core.$procmux$1475.
    dead port 1/2 on $mux $flatten\core.$procmux$1481.
    dead port 1/2 on $mux $flatten\core.$procmux$1487.
    dead port 1/2 on $mux $flatten\core.$procmux$1493.
    dead port 1/2 on $mux $flatten\core.$procmux$1499.
    dead port 1/2 on $mux $flatten\core.$procmux$1505.
    dead port 2/2 on $mux $flatten\core.$procmux$1511.
    dead port 2/2 on $mux $flatten\core.$procmux$1517.
    dead port 2/2 on $mux $flatten\core.$procmux$1523.
    dead port 2/2 on $mux $flatten\core.$procmux$1529.
    dead port 2/2 on $mux $flatten\core.$procmux$1534.
    dead port 2/2 on $mux $flatten\core.$procmux$1540.
    dead port 2/2 on $mux $flatten\core.$procmux$1546.
    dead port 2/2 on $mux $flatten\core.$procmux$1551.
    dead port 2/2 on $mux $flatten\core.$procmux$1749.
    dead port 2/2 on $mux $flatten\core.$procmux$1752.
    dead port 2/2 on $mux $flatten\core.$procmux$1755.
    dead port 2/2 on $mux $flatten\core.$procmux$1758.
    dead port 2/2 on $mux $flatten\core.$procmux$1761.
    dead port 2/2 on $mux $flatten\core.$procmux$1764.
    dead port 2/2 on $mux $flatten\core.$procmux$1767.
    dead port 2/2 on $mux $flatten\core.$procmux$1770.
    dead port 2/2 on $mux $flatten\core.$procmux$1773.
    dead port 2/2 on $mux $flatten\core.$procmux$1776.
    dead port 2/2 on $mux $flatten\core.$procmux$1779.
    dead port 2/2 on $mux $flatten\core.$procmux$1782.
    dead port 1/2 on $mux $flatten\core.$procmux$657.
    dead port 2/2 on $mux $flatten\core.$procmux$659.
    dead port 1/2 on $mux $flatten\core.$procmux$666.
    dead port 2/2 on $mux $flatten\core.$procmux$668.
    dead port 1/2 on $mux $flatten\core.$procmux$675.
    dead port 2/2 on $mux $flatten\core.$procmux$677.
    dead port 1/2 on $mux $flatten\core.$procmux$684.
    dead port 2/2 on $mux $flatten\core.$procmux$686.
    dead port 1/2 on $mux $flatten\core.$procmux$693.
    dead port 2/2 on $mux $flatten\core.$procmux$695.
    dead port 1/2 on $mux $flatten\core.$procmux$701.
    dead port 2/2 on $mux $flatten\core.$procmux$703.
    dead port 2/2 on $mux $flatten\core.$procmux$709.
    dead port 2/2 on $mux $flatten\core.$procmux$715.
    dead port 2/2 on $mux $flatten\core.$procmux$721.
    dead port 2/2 on $mux $flatten\core.$procmux$727.
    dead port 2/2 on $mux $flatten\core.$procmux$733.
    dead port 2/2 on $mux $flatten\core.$procmux$739.
    dead port 2/2 on $mux $flatten\core.$procmux$745.
    dead port 2/2 on $mux $flatten\core.$procmux$751.
    dead port 2/2 on $mux $flatten\core.$procmux$760.
    dead port 2/2 on $mux $flatten\core.$procmux$762.
    dead port 2/2 on $mux $flatten\core.$procmux$771.
    dead port 2/2 on $mux $flatten\core.$procmux$773.
    dead port 2/2 on $mux $flatten\core.$procmux$781.
    dead port 2/2 on $mux $flatten\core.$procmux$789.
    dead port 2/2 on $mux $flatten\core.$procmux$797.
    dead port 2/2 on $mux $flatten\core.$procmux$807.
    dead port 2/2 on $mux $flatten\core.$procmux$817.
    dead port 2/2 on $mux $flatten\core.$procmux$827.
    dead port 2/2 on $mux $flatten\core.$procmux$837.
    dead port 2/2 on $mux $flatten\core.$procmux$847.
    dead port 2/2 on $mux $flatten\core.$procmux$931.
    dead port 2/2 on $mux $flatten\core.$procmux$937.
    dead port 1/2 on $mux $procmux$124.
    dead port 2/2 on $mux $procmux$126.
    dead port 2/2 on $mux $procmux$133.
    dead port 2/2 on $mux $procmux$135.
    dead port 2/2 on $mux $procmux$141.
    dead port 2/2 on $mux $procmux$147.
    dead port 2/2 on $mux $procmux$153.
    dead port 2/2 on $mux $procmux$159.
    dead port 2/2 on $mux $procmux$165.
    dead port 2/2 on $mux $procmux$171.
    dead port 2/2 on $mux $procmux$177.
    dead port 2/2 on $mux $procmux$183.
    dead port 2/2 on $mux $procmux$189.
    dead port 2/2 on $mux $procmux$195.
    dead port 2/2 on $mux $procmux$201.
    dead port 2/2 on $mux $procmux$207.
    dead port 2/2 on $mux $procmux$213.
    dead port 2/2 on $mux $procmux$219.
    dead port 2/2 on $mux $procmux$225.
    dead port 2/2 on $mux $procmux$231.
    dead port 2/2 on $mux $procmux$237.
    dead port 2/2 on $mux $procmux$243.
    dead port 2/2 on $mux $procmux$249.
    dead port 2/2 on $mux $procmux$255.
    dead port 2/2 on $mux $procmux$261.
    dead port 2/2 on $mux $procmux$267.
    dead port 2/2 on $mux $procmux$273.
    dead port 2/2 on $mux $procmux$279.
    dead port 2/2 on $mux $procmux$285.
    dead port 2/2 on $mux $procmux$291.
    dead port 2/2 on $mux $procmux$297.
    dead port 2/2 on $mux $procmux$303.
    dead port 2/2 on $mux $procmux$309.
    dead port 2/2 on $mux $procmux$315.
    dead port 2/2 on $mux $procmux$321.
    dead port 2/2 on $mux $flatten\core.$procmux$1031.
    dead port 1/2 on $mux $flatten\core.$procmux$1034.
    dead port 2/2 on $mux $flatten\core.$procmux$1040.
    dead port 1/2 on $mux $flatten\core.$procmux$1043.
    dead port 2/2 on $mux $flatten\core.$procmux$1049.
    dead port 1/2 on $mux $flatten\core.$procmux$1052.
    dead port 2/2 on $mux $flatten\core.$procmux$1058.
    dead port 1/2 on $mux $flatten\core.$procmux$1061.
    dead port 2/2 on $mux $flatten\core.$procmux$1067.
    dead port 1/2 on $mux $flatten\core.$procmux$1070.
    dead port 2/2 on $mux $flatten\core.$procmux$1076.
    dead port 1/2 on $mux $flatten\core.$procmux$1079.
    dead port 1/2 on $mux $procmux$86.
    dead port 2/2 on $mux $procmux$88.
    dead port 2/2 on $mux $flatten\core.$procmux$1085.
    dead port 1/2 on $mux $flatten\core.$procmux$1088.
    dead port 2/2 on $mux $flatten\core.$procmux$1094.
    dead port 1/2 on $mux $flatten\core.$procmux$1097.
Removed 187 multiplexer ports.
<suppressed ~192 debug messages>

22.4. Executing OPT_REDUCE pass (consolidate $*mux and $reduce_* inputs).
  Optimizing cells in module \salsa20.
    New ctrl vector for $pmux cell $flatten\core.$procmux$1199: $auto$opt_reduce.cc:134:opt_pmux$2354
    New ctrl vector for $pmux cell $flatten\core.$procmux$1307: $auto$opt_reduce.cc:134:opt_pmux$2356
    New ctrl vector for $pmux cell $flatten\core.$procmux$1109: $auto$opt_reduce.cc:134:opt_pmux$2358
    New ctrl vector for $pmux cell $flatten\core.$procmux$1127: $auto$opt_reduce.cc:134:opt_pmux$2360
    New ctrl vector for $pmux cell $flatten\core.$procmux$1163: $auto$opt_reduce.cc:134:opt_pmux$2362
    New ctrl vector for $pmux cell $flatten\core.$procmux$1235: $auto$opt_reduce.cc:134:opt_pmux$2364
    New ctrl vector for $pmux cell $flatten\core.$procmux$1100: $auto$opt_reduce.cc:134:opt_pmux$2366
    New ctrl vector for $pmux cell $flatten\core.$procmux$1244: $auto$opt_reduce.cc:134:opt_pmux$2368
    New ctrl vector for $pmux cell $flatten\core.$procmux$854: { $flatten\core.$procmux$808_CMP $flatten\core.$procmux$763_CMP $auto$opt_reduce.cc:134:opt_pmux$2370 $flatten\core.$procmux$660_CMP }
    New ctrl vector for $pmux cell $flatten\core.$procmux$876: $auto$opt_reduce.cc:134:opt_pmux$2372
    New ctrl vector for $pmux cell $flatten\core.$procmux$1000: $auto$opt_reduce.cc:134:opt_pmux$2374
    New ctrl vector for $pmux cell $flatten\core.$procmux$1012: $auto$opt_reduce.cc:134:opt_pmux$2376
    New ctrl vector for $pmux cell $flatten\core.$procmux$924: $flatten\core.$procmux$856_CMP
    New ctrl vector for $pmux cell $flatten\core.$procmux$1172: $auto$opt_reduce.cc:134:opt_pmux$2378
    New ctrl vector for $pmux cell $flatten\core.$procmux$988: $auto$opt_reduce.cc:134:opt_pmux$2380
    New ctrl vector for $pmux cell $flatten\core.$procmux$1024: $auto$opt_reduce.cc:134:opt_pmux$2382
    New ctrl vector for $pmux cell $flatten\core.$procmux$1028: $auto$opt_reduce.cc:134:opt_pmux$2384
    New ctrl vector for $pmux cell $flatten\core.$procmux$1253: $auto$opt_reduce.cc:134:opt_pmux$2386
    New ctrl vector for $pmux cell $flatten\core.$procmux$1262: $auto$opt_reduce.cc:134:opt_pmux$2388
    New ctrl vector for $pmux cell $flatten\core.$procmux$1181: $auto$opt_reduce.cc:134:opt_pmux$2390
    New ctrl vector for $pmux cell $flatten\core.$procmux$1271: $auto$opt_reduce.cc:134:opt_pmux$2392
    New ctrl vector for $pmux cell $flatten\core.$procmux$1118: $auto$opt_reduce.cc:134:opt_pmux$2394
    New ctrl vector for $pmux cell $flatten\core.$procmux$1190: $auto$opt_reduce.cc:134:opt_pmux$2396
    New ctrl vector for $pmux cell $flatten\core.$procmux$1037: $auto$opt_reduce.cc:134:opt_pmux$2398
    New ctrl vector for $pmux cell $flatten\core.$procmux$1046: $auto$opt_reduce.cc:134:opt_pmux$2400
    New ctrl vector for $pmux cell $flatten\core.$procmux$1055: $auto$opt_reduce.cc:134:opt_pmux$2402
    New ctrl vector for $pmux cell $procmux$92: $auto$opt_reduce.cc:134:opt_pmux$2404
    New ctrl vector for $pmux cell $flatten\core.$procmux$1091: $auto$opt_reduce.cc:134:opt_pmux$2406
  Optimizing cells in module \salsa20.
Performed a total of 29 changes.

22.5. Executing OPT_MERGE pass (detect identical cells).
Finding identical cells in module `\salsa20'.
<suppressed ~258 debug messages>
Removed a total of 86 cells.

22.6. Executing OPT_DFF pass (perform DFF optimizations).

22.7. Executing OPT_CLEAN pass (remove unused cells and wires).
Finding unused cells or wires in module \salsa20..
Removed 0 unused cells and 368 unused wires.
<suppressed ~1 debug messages>

22.8. Executing OPT_EXPR pass (perform const folding).
Optimizing module salsa20.
<suppressed ~10 debug messages>

22.9. Rerunning OPT passes. (Maybe there is more to do..)

22.10. Executing OPT_MUXTREE pass (detect dead branches in mux trees).
Running muxtree optimizer on module \salsa20..
  Creating internal representation of mux trees.
  Evaluating internal representation of mux trees.
  Analyzing evaluation results.
Removed 0 multiplexer ports.
<suppressed ~170 debug messages>

22.11. Executing OPT_REDUCE pass (consolidate $*mux and $reduce_* inputs).
  Optimizing cells in module \salsa20.
    New ctrl vector for $pmux cell $flatten\core.$procmux$850: $auto$opt_reduce.cc:134:opt_pmux$2408
  Optimizing cells in module \salsa20.
Performed a total of 1 changes.

22.12. Executing OPT_MERGE pass (detect identical cells).
Finding identical cells in module `\salsa20'.
<suppressed ~3 debug messages>
Removed a total of 1 cells.

22.13. Executing OPT_DFF pass (perform DFF optimizations).

22.14. Executing OPT_CLEAN pass (remove unused cells and wires).
Finding unused cells or wires in module \salsa20..
Removed 0 unused cells and 7 unused wires.
<suppressed ~1 debug messages>

22.15. Executing OPT_EXPR pass (perform const folding).
Optimizing module salsa20.

22.16. Rerunning OPT passes. (Maybe there is more to do..)

22.17. Executing OPT_MUXTREE pass (detect dead branches in mux trees).
Running muxtree optimizer on module \salsa20..
  Creating internal representation of mux trees.
  Evaluating internal representation of mux trees.
  Analyzing evaluation results.
Removed 0 multiplexer ports.
<suppressed ~170 debug messages>

22.18. Executing OPT_REDUCE pass (consolidate $*mux and $reduce_* inputs).
  Optimizing cells in module \salsa20.
Performed a total of 0 changes.

22.19. Executing OPT_MERGE pass (detect identical cells).
Finding identical cells in module `\salsa20'.
Removed a total of 0 cells.

22.20. Executing OPT_DFF pass (perform DFF optimizations).

22.21. Executing OPT_CLEAN pass (remove unused cells and wires).
Finding unused cells or wires in module \salsa20..

22.22. Executing OPT_EXPR pass (perform const folding).
Optimizing module salsa20.

22.23. Finished OPT passes. (There is nothing left to do.)

23. Executing FSM pass (extract and optimize FSM).

23.1. Executing FSM_DETECT pass (finding FSMs in design).
Found FSM state register salsa20.core.salsa20_ctrl_reg.
Not marking salsa20.core.state0_reg as FSM state register:
    Users of register don't seem to benefit from recoding.
Not marking salsa20.core.state1_reg as FSM state register:
    Users of register don't seem to benefit from recoding.
Not marking salsa20.core.state2_reg as FSM state register:
    Users of register don't seem to benefit from recoding.
Not marking salsa20.core.state3_reg as FSM state register:
    Users of register don't seem to benefit from recoding.

23.2. Executing FSM_EXTRACT pass (extracting FSM from design).
Extracting FSM `\core.salsa20_ctrl_reg' from module `\salsa20'.
  found $dff cell for state register: $flatten\core.$procdff$2352
  root of input selection tree: $flatten\core.$0\salsa20_ctrl_reg[2:0]
  found reset state: 3'000 (guessed from mux tree)
  found ctrl input: \reset_n
  found state code: 3'000
  found ctrl input: \core.salsa20_ctrl_we
  found ctrl input: $flatten\core.$procmux$660_CMP
  found ctrl input: $flatten\core.$procmux$856_CMP
  found ctrl input: $flatten\core.$procmux$763_CMP
  found ctrl input: $flatten\core.$procmux$858_CMP
  found ctrl input: $flatten\core.$procmux$808_CMP
  found ctrl input: \init_reg
  found ctrl input: \next_reg
  found state code: 3'001
  found state code: 3'100
  found ctrl input: \core.qr_ctr_reg
  found ctrl input: $flatten\core.$eq$/openlane/designs/salsa20/src/salsa20.v:1368$44_Y
  found state code: 3'011
  found state code: 3'010
  found ctrl output: $flatten\core.$procmux$858_CMP
  found ctrl output: $flatten\core.$procmux$856_CMP
  found ctrl output: $flatten\core.$procmux$808_CMP
  found ctrl output: $flatten\core.$procmux$763_CMP
  found ctrl output: $flatten\core.$procmux$660_CMP
  ctrl inputs: { \core.qr_ctr_reg \core.salsa20_ctrl_we $flatten\core.$eq$/openlane/designs/salsa20/src/salsa20.v:1368$44_Y \next_reg \init_reg \reset_n }
  ctrl outputs: { $flatten\core.$0\salsa20_ctrl_reg[2:0] $flatten\core.$procmux$660_CMP $flatten\core.$procmux$763_CMP $flatten\core.$procmux$808_CMP $flatten\core.$procmux$856_CMP $flatten\core.$procmux$858_CMP }
  transition:      3'000 6'-----0 ->      3'000 8'00000100
  transition:      3'000 6'-0---1 ->      3'000 8'00000100
  transition:      3'000 6'-1--01 ->      3'000 8'00000100
  transition:      3'000 6'-1--11 ->      3'001 8'00100100
  transition:      3'100 6'-----0 ->      3'000 8'00010000
  transition:      3'100 6'-0---1 ->      3'100 8'10010000
  transition:      3'100 6'-1-001 ->      3'000 8'00010000
  transition:      3'100 6'-1-101 ->      3'001 8'00110000
  transition:      3'100 6'-1--11 ->      3'001 8'00110000
  transition:      3'010 6'-----0 ->      3'000 8'00001000
  transition:      3'010 6'-0---1 ->      3'010 8'01001000
  transition:      3'010 6'01---1 ->      3'000 8'00001000
  transition:      3'010 6'110--1 ->      3'000 8'00001000
  transition:      3'010 6'111--1 ->      3'011 8'01101000
  transition:      3'001 6'-----0 ->      3'000 8'00000001
  transition:      3'001 6'-----1 ->      3'010 8'01000001
  transition:      3'011 6'-----0 ->      3'000 8'00000010
  transition:      3'011 6'-----1 ->      3'100 8'10000010

23.3. Executing FSM_OPT pass (simple optimizations of FSMs).
Optimizing FSM `$fsm$\core.salsa20_ctrl_reg$2409' from module `\salsa20'.

23.4. Executing OPT_CLEAN pass (remove unused cells and wires).
Finding unused cells or wires in module \salsa20..
Removed 14 unused cells and 14 unused wires.
<suppressed ~16 debug messages>

23.5. Executing FSM_OPT pass (simple optimizations of FSMs).
Optimizing FSM `$fsm$\core.salsa20_ctrl_reg$2409' from module `\salsa20'.
  Removing unused output signal $flatten\core.$0\salsa20_ctrl_reg[2:0] [0].
  Removing unused output signal $flatten\core.$0\salsa20_ctrl_reg[2:0] [1].
  Removing unused output signal $flatten\core.$0\salsa20_ctrl_reg[2:0] [2].

23.6. Executing FSM_RECODE pass (re-assigning FSM state encoding).
Recoding FSM `$fsm$\core.salsa20_ctrl_reg$2409' from module `\salsa20' using `auto' encoding:
  mapping auto encoding to `one-hot` for this FSM.
  000 -> ----1
  100 -> ---1-
  010 -> --1--
  001 -> -1---
  011 -> 1----

23.7. Executing FSM_INFO pass (dumping all available information on FSM cells).

FSM `$fsm$\core.salsa20_ctrl_reg$2409' from module `salsa20':
-------------------------------------

  Information on FSM $fsm$\core.salsa20_ctrl_reg$2409 (\core.salsa20_ctrl_reg):

  Number of input signals:    6
  Number of output signals:   5
  Number of state bits:       5

  Input signals:
    0: \reset_n
    1: \init_reg
    2: \next_reg
    3: $flatten\core.$eq$/openlane/designs/salsa20/src/salsa20.v:1368$44_Y
    4: \core.salsa20_ctrl_we
    5: \core.qr_ctr_reg

  Output signals:
    0: $flatten\core.$procmux$858_CMP
    1: $flatten\core.$procmux$856_CMP
    2: $flatten\core.$procmux$808_CMP
    3: $flatten\core.$procmux$763_CMP
    4: $flatten\core.$procmux$660_CMP

  State encoding:
    0:    5'----1  <RESET STATE>
    1:    5'---1-
    2:    5'--1--
    3:    5'-1---
    4:    5'1----

  Transition Table (state_in, ctrl_in, state_out, ctrl_out):
      0:     0 6'-----0   ->     0 5'00100
      1:     0 6'-1--01   ->     0 5'00100
      2:     0 6'-0---1   ->     0 5'00100
      3:     0 6'-1--11   ->     3 5'00100
      4:     1 6'-----0   ->     0 5'10000
      5:     1 6'-1-001   ->     0 5'10000
      6:     1 6'-0---1   ->     1 5'10000
      7:     1 6'-1-101   ->     3 5'10000
      8:     1 6'-1--11   ->     3 5'10000
      9:     2 6'-----0   ->     0 5'01000
     10:     2 6'110--1   ->     0 5'01000
     11:     2 6'01---1   ->     0 5'01000
     12:     2 6'-0---1   ->     2 5'01000
     13:     2 6'111--1   ->     4 5'01000
     14:     3 6'-----0   ->     0 5'00001
     15:     3 6'-----1   ->     2 5'00001
     16:     4 6'-----0   ->     0 5'00010
     17:     4 6'-----1   ->     1 5'00010

-------------------------------------

23.8. Executing FSM_MAP pass (mapping FSMs to basic logic).
Mapping FSM `$fsm$\core.salsa20_ctrl_reg$2409' from module `\salsa20'.

24. Executing OPT pass (performing simple optimizations).

24.1. Executing OPT_EXPR pass (perform const folding).
Optimizing module salsa20.
<suppressed ~3 debug messages>

24.2. Executing OPT_MERGE pass (detect identical cells).
Finding identical cells in module `\salsa20'.
<suppressed ~9 debug messages>
Removed a total of 3 cells.

24.3. Executing OPT_MUXTREE pass (detect dead branches in mux trees).
Running muxtree optimizer on module \salsa20..
  Creating internal representation of mux trees.
  Evaluating internal representation of mux trees.
  Analyzing evaluation results.
Removed 0 multiplexer ports.
<suppressed ~169 debug messages>

24.4. Executing OPT_REDUCE pass (consolidate $*mux and $reduce_* inputs).
  Optimizing cells in module \salsa20.
Performed a total of 0 changes.

24.5. Executing OPT_MERGE pass (detect identical cells).
Finding identical cells in module `\salsa20'.
Removed a total of 0 cells.

24.6. Executing OPT_DFF pass (perform DFF optimizations).
Adding SRST signal on $procdff$2300 ($dff) from module salsa20 (D = $procmux$422_Y, Q = \data_out15_reg, rval = 0).
Adding EN signal on $auto$ff.cc:266:slice$2476 ($sdff) from module salsa20 (D = \core.data_out_reg [31:0], Q = \data_out15_reg).
Adding SRST signal on $procdff$2299 ($dff) from module salsa20 (D = $procmux$427_Y, Q = \data_out14_reg, rval = 0).
Adding EN signal on $auto$ff.cc:266:slice$2478 ($sdff) from module salsa20 (D = \core.data_out_reg [63:32], Q = \data_out14_reg).
Adding SRST signal on $procdff$2298 ($dff) from module salsa20 (D = $procmux$432_Y, Q = \data_out13_reg, rval = 0).
Adding EN signal on $auto$ff.cc:266:slice$2480 ($sdff) from module salsa20 (D = \core.data_out_reg [95:64], Q = \data_out13_reg).
Adding SRST signal on $procdff$2297 ($dff) from module salsa20 (D = $procmux$437_Y, Q = \data_out12_reg, rval = 0).
Adding EN signal on $auto$ff.cc:266:slice$2482 ($sdff) from module salsa20 (D = \core.data_out_reg [127:96], Q = \data_out12_reg).
Adding SRST signal on $procdff$2296 ($dff) from module salsa20 (D = $procmux$442_Y, Q = \data_out11_reg, rval = 0).
Adding EN signal on $auto$ff.cc:266:slice$2484 ($sdff) from module salsa20 (D = \core.data_out_reg [159:128], Q = \data_out11_reg).
Adding SRST signal on $procdff$2295 ($dff) from module salsa20 (D = $procmux$447_Y, Q = \data_out10_reg, rval = 0).
Adding EN signal on $auto$ff.cc:266:slice$2486 ($sdff) from module salsa20 (D = \core.data_out_reg [191:160], Q = \data_out10_reg).
Adding SRST signal on $procdff$2294 ($dff) from module salsa20 (D = $procmux$452_Y, Q = \data_out9_reg, rval = 0).
Adding EN signal on $auto$ff.cc:266:slice$2488 ($sdff) from module salsa20 (D = \core.data_out_reg [223:192], Q = \data_out9_reg).
Adding SRST signal on $procdff$2293 ($dff) from module salsa20 (D = $procmux$457_Y, Q = \data_out8_reg, rval = 0).
Adding EN signal on $auto$ff.cc:266:slice$2490 ($sdff) from module salsa20 (D = \core.data_out_reg [255:224], Q = \data_out8_reg).
Adding SRST signal on $procdff$2292 ($dff) from module salsa20 (D = $procmux$462_Y, Q = \data_out7_reg, rval = 0).
Adding EN signal on $auto$ff.cc:266:slice$2492 ($sdff) from module salsa20 (D = \core.data_out_reg [287:256], Q = \data_out7_reg).
Adding SRST signal on $procdff$2291 ($dff) from module salsa20 (D = $procmux$467_Y, Q = \data_out6_reg, rval = 0).
Adding EN signal on $auto$ff.cc:266:slice$2494 ($sdff) from module salsa20 (D = \core.data_out_reg [319:288], Q = \data_out6_reg).
Adding SRST signal on $procdff$2290 ($dff) from module salsa20 (D = $procmux$472_Y, Q = \data_out5_reg, rval = 0).
Adding EN signal on $auto$ff.cc:266:slice$2496 ($sdff) from module salsa20 (D = \core.data_out_reg [351:320], Q = \data_out5_reg).
Adding SRST signal on $procdff$2289 ($dff) from module salsa20 (D = $procmux$477_Y, Q = \data_out4_reg, rval = 0).
Adding EN signal on $auto$ff.cc:266:slice$2498 ($sdff) from module salsa20 (D = \core.data_out_reg [383:352], Q = \data_out4_reg).
Adding SRST signal on $procdff$2288 ($dff) from module salsa20 (D = $procmux$482_Y, Q = \data_out3_reg, rval = 0).
Adding EN signal on $auto$ff.cc:266:slice$2500 ($sdff) from module salsa20 (D = \core.data_out_reg [415:384], Q = \data_out3_reg).
Adding SRST signal on $procdff$2287 ($dff) from module salsa20 (D = $procmux$487_Y, Q = \data_out2_reg, rval = 0).
Adding EN signal on $auto$ff.cc:266:slice$2502 ($sdff) from module salsa20 (D = \core.data_out_reg [447:416], Q = \data_out2_reg).
Adding SRST signal on $procdff$2286 ($dff) from module salsa20 (D = $procmux$492_Y, Q = \data_out1_reg, rval = 0).
Adding EN signal on $auto$ff.cc:266:slice$2504 ($sdff) from module salsa20 (D = \core.data_out_reg [479:448], Q = \data_out1_reg).
Adding SRST signal on $procdff$2285 ($dff) from module salsa20 (D = $procmux$497_Y, Q = \data_out0_reg, rval = 0).
Adding EN signal on $auto$ff.cc:266:slice$2506 ($sdff) from module salsa20 (D = \core.data_out_reg [511:480], Q = \data_out0_reg).
Adding SRST signal on $procdff$2284 ($dff) from module salsa20 (D = $procmux$502_Y, Q = \data_in15_reg, rval = 0).
Adding EN signal on $auto$ff.cc:266:slice$2508 ($sdff) from module salsa20 (D = \write_data, Q = \data_in15_reg).
Adding SRST signal on $procdff$2283 ($dff) from module salsa20 (D = $procmux$507_Y, Q = \data_in14_reg, rval = 0).
Adding EN signal on $auto$ff.cc:266:slice$2510 ($sdff) from module salsa20 (D = \write_data, Q = \data_in14_reg).
Adding SRST signal on $procdff$2282 ($dff) from module salsa20 (D = $procmux$512_Y, Q = \data_in13_reg, rval = 0).
Adding EN signal on $auto$ff.cc:266:slice$2512 ($sdff) from module salsa20 (D = \write_data, Q = \data_in13_reg).
Adding SRST signal on $procdff$2281 ($dff) from module salsa20 (D = $procmux$517_Y, Q = \data_in12_reg, rval = 0).
Adding EN signal on $auto$ff.cc:266:slice$2514 ($sdff) from module salsa20 (D = \write_data, Q = \data_in12_reg).
Adding SRST signal on $procdff$2280 ($dff) from module salsa20 (D = $procmux$522_Y, Q = \data_in11_reg, rval = 0).
Adding EN signal on $auto$ff.cc:266:slice$2516 ($sdff) from module salsa20 (D = \write_data, Q = \data_in11_reg).
Adding SRST signal on $procdff$2279 ($dff) from module salsa20 (D = $procmux$527_Y, Q = \data_in10_reg, rval = 0).
Adding EN signal on $auto$ff.cc:266:slice$2518 ($sdff) from module salsa20 (D = \write_data, Q = \data_in10_reg).
Adding SRST signal on $procdff$2278 ($dff) from module salsa20 (D = $procmux$532_Y, Q = \data_in9_reg, rval = 0).
Adding EN signal on $auto$ff.cc:266:slice$2520 ($sdff) from module salsa20 (D = \write_data, Q = \data_in9_reg).
Adding SRST signal on $procdff$2277 ($dff) from module salsa20 (D = $procmux$537_Y, Q = \data_in8_reg, rval = 0).
Adding EN signal on $auto$ff.cc:266:slice$2522 ($sdff) from module salsa20 (D = \write_data, Q = \data_in8_reg).
Adding SRST signal on $procdff$2276 ($dff) from module salsa20 (D = $procmux$542_Y, Q = \data_in7_reg, rval = 0).
Adding EN signal on $auto$ff.cc:266:slice$2524 ($sdff) from module salsa20 (D = \write_data, Q = \data_in7_reg).
Adding SRST signal on $procdff$2275 ($dff) from module salsa20 (D = $procmux$547_Y, Q = \data_in6_reg, rval = 0).
Adding EN signal on $auto$ff.cc:266:slice$2526 ($sdff) from module salsa20 (D = \write_data, Q = \data_in6_reg).
Adding SRST signal on $procdff$2274 ($dff) from module salsa20 (D = $procmux$552_Y, Q = \data_in5_reg, rval = 0).
Adding EN signal on $auto$ff.cc:266:slice$2528 ($sdff) from module salsa20 (D = \write_data, Q = \data_in5_reg).
Adding SRST signal on $procdff$2273 ($dff) from module salsa20 (D = $procmux$557_Y, Q = \data_in4_reg, rval = 0).
Adding EN signal on $auto$ff.cc:266:slice$2530 ($sdff) from module salsa20 (D = \write_data, Q = \data_in4_reg).
Adding SRST signal on $procdff$2272 ($dff) from module salsa20 (D = $procmux$562_Y, Q = \data_in3_reg, rval = 0).
Adding EN signal on $auto$ff.cc:266:slice$2532 ($sdff) from module salsa20 (D = \write_data, Q = \data_in3_reg).
Adding SRST signal on $procdff$2271 ($dff) from module salsa20 (D = $procmux$567_Y, Q = \data_in2_reg, rval = 0).
Adding EN signal on $auto$ff.cc:266:slice$2534 ($sdff) from module salsa20 (D = \write_data, Q = \data_in2_reg).
Adding SRST signal on $procdff$2270 ($dff) from module salsa20 (D = $procmux$572_Y, Q = \data_in1_reg, rval = 0).
Adding EN signal on $auto$ff.cc:266:slice$2536 ($sdff) from module salsa20 (D = \write_data, Q = \data_in1_reg).
Adding SRST signal on $procdff$2269 ($dff) from module salsa20 (D = $procmux$577_Y, Q = \data_in0_reg, rval = 0).
Adding EN signal on $auto$ff.cc:266:slice$2538 ($sdff) from module salsa20 (D = \write_data, Q = \data_in0_reg).
Adding SRST signal on $procdff$2268 ($dff) from module salsa20 (D = \core_ready, Q = \ready_reg, rval = 1'0).
Adding SRST signal on $procdff$2267 ($dff) from module salsa20 (D = $procmux$582_Y, Q = \next_reg, rval = 1'0).
Adding EN signal on $auto$ff.cc:266:slice$2541 ($sdff) from module salsa20 (D = \write_data [1], Q = \next_reg).
Adding SRST signal on $procdff$2266 ($dff) from module salsa20 (D = $procmux$587_Y, Q = \init_reg, rval = 1'0).
Adding EN signal on $auto$ff.cc:266:slice$2543 ($sdff) from module salsa20 (D = \write_data [0], Q = \init_reg).
Adding SRST signal on $procdff$2265 ($dff) from module salsa20 (D = \core.data_out_valid_reg, Q = \data_out_valid_reg, rval = 1'0).
Adding SRST signal on $procdff$2264 ($dff) from module salsa20 (D = $procmux$592_Y, Q = \rounds_reg, rval = 5'00000).
Adding EN signal on $auto$ff.cc:266:slice$2546 ($sdff) from module salsa20 (D = \write_data [4:0], Q = \rounds_reg).
Adding SRST signal on $procdff$2263 ($dff) from module salsa20 (D = $procmux$597_Y, Q = \iv1_reg, rval = 0).
Adding EN signal on $auto$ff.cc:266:slice$2548 ($sdff) from module salsa20 (D = \write_data, Q = \iv1_reg).
Adding SRST signal on $procdff$2262 ($dff) from module salsa20 (D = $procmux$602_Y, Q = \iv0_reg, rval = 0).
Adding EN signal on $auto$ff.cc:266:slice$2550 ($sdff) from module salsa20 (D = \write_data, Q = \iv0_reg).
Adding SRST signal on $procdff$2261 ($dff) from module salsa20 (D = $procmux$607_Y, Q = \keylen_reg, rval = 1'0).
Adding EN signal on $auto$ff.cc:266:slice$2552 ($sdff) from module salsa20 (D = \write_data [0], Q = \keylen_reg).
Adding SRST signal on $procdff$2260 ($dff) from module salsa20 (D = $procmux$612_Y, Q = \key7_reg, rval = 0).
Adding EN signal on $auto$ff.cc:266:slice$2554 ($sdff) from module salsa20 (D = \write_data, Q = \key7_reg).
Adding SRST signal on $procdff$2259 ($dff) from module salsa20 (D = $procmux$617_Y, Q = \key6_reg, rval = 0).
Adding EN signal on $auto$ff.cc:266:slice$2556 ($sdff) from module salsa20 (D = \write_data, Q = \key6_reg).
Adding SRST signal on $procdff$2258 ($dff) from module salsa20 (D = $procmux$622_Y, Q = \key5_reg, rval = 0).
Adding EN signal on $auto$ff.cc:266:slice$2558 ($sdff) from module salsa20 (D = \write_data, Q = \key5_reg).
Adding SRST signal on $procdff$2257 ($dff) from module salsa20 (D = $procmux$627_Y, Q = \key4_reg, rval = 0).
Adding EN signal on $auto$ff.cc:266:slice$2560 ($sdff) from module salsa20 (D = \write_data, Q = \key4_reg).
Adding SRST signal on $procdff$2256 ($dff) from module salsa20 (D = $procmux$632_Y, Q = \key3_reg, rval = 0).
Adding EN signal on $auto$ff.cc:266:slice$2562 ($sdff) from module salsa20 (D = \write_data, Q = \key3_reg).
Adding SRST signal on $procdff$2255 ($dff) from module salsa20 (D = $procmux$637_Y, Q = \key2_reg, rval = 0).
Adding EN signal on $auto$ff.cc:266:slice$2564 ($sdff) from module salsa20 (D = \write_data, Q = \key2_reg).
Adding SRST signal on $procdff$2254 ($dff) from module salsa20 (D = $procmux$642_Y, Q = \key1_reg, rval = 0).
Adding EN signal on $auto$ff.cc:266:slice$2566 ($sdff) from module salsa20 (D = \write_data, Q = \key1_reg).
Adding SRST signal on $procdff$2253 ($dff) from module salsa20 (D = $procmux$647_Y, Q = \key0_reg, rval = 0).
Adding EN signal on $auto$ff.cc:266:slice$2568 ($sdff) from module salsa20 (D = \write_data, Q = \key0_reg).
Adding SRST signal on $flatten\core.$procdff$2351 ($dff) from module salsa20 (D = $flatten\core.$procmux$1894_Y, Q = \core.block1_ctr_reg, rval = 0).
Adding EN signal on $auto$ff.cc:266:slice$2570 ($sdff) from module salsa20 (D = \core.block1_ctr_new, Q = \core.block1_ctr_reg).
Adding SRST signal on $flatten\core.$procdff$2350 ($dff) from module salsa20 (D = $flatten\core.$procmux$1899_Y, Q = \core.block0_ctr_reg, rval = 0).
Adding EN signal on $auto$ff.cc:266:slice$2572 ($sdff) from module salsa20 (D = \core.block0_ctr_new, Q = \core.block0_ctr_reg).
Adding SRST signal on $flatten\core.$procdff$2349 ($dff) from module salsa20 (D = $flatten\core.$procmux$1904_Y, Q = \core.dr_ctr_reg, rval = 4'0000).
Adding EN signal on $auto$ff.cc:266:slice$2574 ($sdff) from module salsa20 (D = \core.dr_ctr_new, Q = \core.dr_ctr_reg).
Adding SRST signal on $flatten\core.$procdff$2348 ($dff) from module salsa20 (D = $flatten\core.$procmux$1909_Y, Q = \core.qr_ctr_reg, rval = 1'0).
Adding EN signal on $auto$ff.cc:266:slice$2576 ($sdff) from module salsa20 (D = \core.qr_ctr_new, Q = \core.qr_ctr_reg).
Adding SRST signal on $flatten\core.$procdff$2347 ($dff) from module salsa20 (D = $flatten\core.$procmux$1914_Y, Q = \core.data_out_valid_reg, rval = 1'0).
Adding EN signal on $auto$ff.cc:266:slice$2578 ($sdff) from module salsa20 (D = \core.data_out_valid_new, Q = \core.data_out_valid_reg).
Adding SRST signal on $flatten\core.$procdff$2346 ($dff) from module salsa20 (D = $flatten\core.$procmux$1919_Y, Q = \core.data_out_reg, rval = 512'00000000000000000000000000000000000000000000000000000000000000000000000000000000000000000000000000000000000000000000000000000000000000000000000000000000000000000000000000000000000000000000000000000000000000000000000000000000000000000000000000000000000000000000000000000000000000000000000000000000000000000000000000000000000000000000000000000000000000000000000000000000000000000000000000000000000000000000000000000000000000000000000000000000000000000000000000000000000000000000000000000000000000000000000000000000).
Adding EN signal on $auto$ff.cc:266:slice$2580 ($sdff) from module salsa20 (D = \core.data_out_new, Q = \core.data_out_reg).
Adding SRST signal on $flatten\core.$procdff$2345 ($dff) from module salsa20 (D = $flatten\core.$procmux$1924_Y, Q = \core.data_in_reg, rval = 512'00000000000000000000000000000000000000000000000000000000000000000000000000000000000000000000000000000000000000000000000000000000000000000000000000000000000000000000000000000000000000000000000000000000000000000000000000000000000000000000000000000000000000000000000000000000000000000000000000000000000000000000000000000000000000000000000000000000000000000000000000000000000000000000000000000000000000000000000000000000000000000000000000000000000000000000000000000000000000000000000000000000000000000000000000000000).
Adding EN signal on $auto$ff.cc:266:slice$2582 ($sdff) from module salsa20 (D = { \data_in0_reg \data_in1_reg \data_in2_reg \data_in3_reg \data_in4_reg \data_in5_reg \data_in6_reg \data_in7_reg \data_in8_reg \data_in9_reg \data_in10_reg \data_in11_reg \data_in12_reg \data_in13_reg \data_in14_reg \data_in15_reg }, Q = \core.data_in_reg).
Adding SRST signal on $flatten\core.$procdff$2344 ($dff) from module salsa20 (D = $flatten\core.$procmux$1929_Y, Q = \core.rounds_reg, rval = 4'0000).
Adding EN signal on $auto$ff.cc:266:slice$2584 ($sdff) from module salsa20 (D = \rounds_reg [4:1], Q = \core.rounds_reg).
Adding SRST signal on $flatten\core.$procdff$2343 ($dff) from module salsa20 (D = $flatten\core.$procmux$1934_Y, Q = \core.x15_reg, rval = 0).
Adding EN signal on $auto$ff.cc:266:slice$2586 ($sdff) from module salsa20 (D = \core.x15_new, Q = \core.x15_reg).
Adding SRST signal on $flatten\core.$procdff$2342 ($dff) from module salsa20 (D = $flatten\core.$procmux$1939_Y, Q = \core.x14_reg, rval = 0).
Adding EN signal on $auto$ff.cc:266:slice$2588 ($sdff) from module salsa20 (D = \core.x14_new, Q = \core.x14_reg).
Adding SRST signal on $flatten\core.$procdff$2341 ($dff) from module salsa20 (D = $flatten\core.$procmux$1944_Y, Q = \core.x13_reg, rval = 0).
Adding EN signal on $auto$ff.cc:266:slice$2590 ($sdff) from module salsa20 (D = \core.x13_new, Q = \core.x13_reg).
Adding SRST signal on $flatten\core.$procdff$2340 ($dff) from module salsa20 (D = $flatten\core.$procmux$1949_Y, Q = \core.x12_reg, rval = 0).
Adding EN signal on $auto$ff.cc:266:slice$2592 ($sdff) from module salsa20 (D = \core.x12_new, Q = \core.x12_reg).
Adding SRST signal on $flatten\core.$procdff$2339 ($dff) from module salsa20 (D = $flatten\core.$procmux$1954_Y, Q = \core.x11_reg, rval = 0).
Adding EN signal on $auto$ff.cc:266:slice$2594 ($sdff) from module salsa20 (D = \core.x11_new, Q = \core.x11_reg).
Adding SRST signal on $flatten\core.$procdff$2338 ($dff) from module salsa20 (D = $flatten\core.$procmux$1959_Y, Q = \core.x10_reg, rval = 0).
Adding EN signal on $auto$ff.cc:266:slice$2596 ($sdff) from module salsa20 (D = \core.x10_new, Q = \core.x10_reg).
Adding SRST signal on $flatten\core.$procdff$2337 ($dff) from module salsa20 (D = $flatten\core.$procmux$1964_Y, Q = \core.x9_reg, rval = 0).
Adding EN signal on $auto$ff.cc:266:slice$2598 ($sdff) from module salsa20 (D = \core.x9_new, Q = \core.x9_reg).
Adding SRST signal on $flatten\core.$procdff$2336 ($dff) from module salsa20 (D = $flatten\core.$procmux$1969_Y, Q = \core.x8_reg, rval = 0).
Adding EN signal on $auto$ff.cc:266:slice$2600 ($sdff) from module salsa20 (D = \core.x8_new, Q = \core.x8_reg).
Adding SRST signal on $flatten\core.$procdff$2335 ($dff) from module salsa20 (D = $flatten\core.$procmux$1974_Y, Q = \core.x7_reg, rval = 0).
Adding EN signal on $auto$ff.cc:266:slice$2602 ($sdff) from module salsa20 (D = \core.x7_new, Q = \core.x7_reg).
Adding SRST signal on $flatten\core.$procdff$2334 ($dff) from module salsa20 (D = $flatten\core.$procmux$1979_Y, Q = \core.x6_reg, rval = 0).
Adding EN signal on $auto$ff.cc:266:slice$2604 ($sdff) from module salsa20 (D = \core.x6_new, Q = \core.x6_reg).
Adding SRST signal on $flatten\core.$procdff$2333 ($dff) from module salsa20 (D = $flatten\core.$procmux$1984_Y, Q = \core.x5_reg, rval = 0).
Adding EN signal on $auto$ff.cc:266:slice$2606 ($sdff) from module salsa20 (D = \core.x5_new, Q = \core.x5_reg).
Adding SRST signal on $flatten\core.$procdff$2332 ($dff) from module salsa20 (D = $flatten\core.$procmux$1989_Y, Q = \core.x4_reg, rval = 0).
Adding EN signal on $auto$ff.cc:266:slice$2608 ($sdff) from module salsa20 (D = \core.x4_new, Q = \core.x4_reg).
Adding SRST signal on $flatten\core.$procdff$2331 ($dff) from module salsa20 (D = $flatten\core.$procmux$1994_Y, Q = \core.x3_reg, rval = 0).
Adding EN signal on $auto$ff.cc:266:slice$2610 ($sdff) from module salsa20 (D = \core.x3_new, Q = \core.x3_reg).
Adding SRST signal on $flatten\core.$procdff$2330 ($dff) from module salsa20 (D = $flatten\core.$procmux$1999_Y, Q = \core.x2_reg, rval = 0).
Adding EN signal on $auto$ff.cc:266:slice$2612 ($sdff) from module salsa20 (D = \core.x2_new, Q = \core.x2_reg).
Adding SRST signal on $flatten\core.$procdff$2329 ($dff) from module salsa20 (D = $flatten\core.$procmux$2004_Y, Q = \core.x1_reg, rval = 0).
Adding EN signal on $auto$ff.cc:266:slice$2614 ($sdff) from module salsa20 (D = \core.x1_new, Q = \core.x1_reg).
Adding SRST signal on $flatten\core.$procdff$2328 ($dff) from module salsa20 (D = $flatten\core.$procmux$2009_Y, Q = \core.x0_reg, rval = 0).
Adding EN signal on $auto$ff.cc:266:slice$2616 ($sdff) from module salsa20 (D = \core.x0_new, Q = \core.x0_reg).
Adding SRST signal on $flatten\core.$procdff$2327 ($dff) from module salsa20 (D = $flatten\core.$procmux$2014_Y, Q = \core.state15_reg, rval = 0).
Adding EN signal on $auto$ff.cc:266:slice$2618 ($sdff) from module salsa20 (D = \core.state15_new, Q = \core.state15_reg).
Adding SRST signal on $flatten\core.$procdff$2326 ($dff) from module salsa20 (D = $flatten\core.$procmux$2019_Y, Q = \core.state14_reg, rval = 0).
Adding EN signal on $auto$ff.cc:266:slice$2620 ($sdff) from module salsa20 (D = \core.state14_new, Q = \core.state14_reg).
Adding SRST signal on $flatten\core.$procdff$2325 ($dff) from module salsa20 (D = $flatten\core.$procmux$2024_Y, Q = \core.state13_reg, rval = 0).
Adding EN signal on $auto$ff.cc:266:slice$2622 ($sdff) from module salsa20 (D = \core.state13_new, Q = \core.state13_reg).
Adding SRST signal on $flatten\core.$procdff$2324 ($dff) from module salsa20 (D = $flatten\core.$procmux$2029_Y, Q = \core.state12_reg, rval = 0).
Adding EN signal on $auto$ff.cc:266:slice$2624 ($sdff) from module salsa20 (D = \core.state12_new, Q = \core.state12_reg).
Adding SRST signal on $flatten\core.$procdff$2323 ($dff) from module salsa20 (D = $flatten\core.$procmux$2034_Y, Q = \core.state11_reg, rval = 0).
Adding EN signal on $auto$ff.cc:266:slice$2626 ($sdff) from module salsa20 (D = \core.state11_new, Q = \core.state11_reg).
Adding SRST signal on $flatten\core.$procdff$2322 ($dff) from module salsa20 (D = $flatten\core.$procmux$2039_Y, Q = \core.state10_reg, rval = 0).
Adding EN signal on $auto$ff.cc:266:slice$2628 ($sdff) from module salsa20 (D = \core.state10_new, Q = \core.state10_reg).
Adding SRST signal on $flatten\core.$procdff$2321 ($dff) from module salsa20 (D = $flatten\core.$procmux$2044_Y, Q = \core.state9_reg, rval = 0).
Adding EN signal on $auto$ff.cc:266:slice$2630 ($sdff) from module salsa20 (D = \core.state9_new, Q = \core.state9_reg).
Adding SRST signal on $flatten\core.$procdff$2320 ($dff) from module salsa20 (D = $flatten\core.$procmux$2049_Y, Q = \core.state8_reg, rval = 0).
Adding EN signal on $auto$ff.cc:266:slice$2632 ($sdff) from module salsa20 (D = \core.state8_new, Q = \core.state8_reg).
Adding SRST signal on $flatten\core.$procdff$2319 ($dff) from module salsa20 (D = $flatten\core.$procmux$2054_Y, Q = \core.state7_reg, rval = 0).
Adding EN signal on $auto$ff.cc:266:slice$2634 ($sdff) from module salsa20 (D = \core.state7_new, Q = \core.state7_reg).
Adding SRST signal on $flatten\core.$procdff$2318 ($dff) from module salsa20 (D = $flatten\core.$procmux$2059_Y, Q = \core.state6_reg, rval = 0).
Adding EN signal on $auto$ff.cc:266:slice$2636 ($sdff) from module salsa20 (D = \core.state6_new, Q = \core.state6_reg).
Adding SRST signal on $flatten\core.$procdff$2317 ($dff) from module salsa20 (D = $flatten\core.$procmux$2064_Y, Q = \core.state5_reg, rval = 0).
Adding EN signal on $auto$ff.cc:266:slice$2638 ($sdff) from module salsa20 (D = \core.state5_new, Q = \core.state5_reg).
Adding SRST signal on $flatten\core.$procdff$2316 ($dff) from module salsa20 (D = $flatten\core.$procmux$2069_Y, Q = \core.state4_reg, rval = 0).
Adding EN signal on $auto$ff.cc:266:slice$2640 ($sdff) from module salsa20 (D = \core.state4_new, Q = \core.state4_reg).
Adding SRST signal on $flatten\core.$procdff$2315 ($dff) from module salsa20 (D = $flatten\core.$procmux$2074_Y, Q = \core.state3_reg, rval = 0).
Adding EN signal on $auto$ff.cc:266:slice$2642 ($sdff) from module salsa20 (D = \core.state3_new, Q = \core.state3_reg).
Adding SRST signal on $flatten\core.$procdff$2314 ($dff) from module salsa20 (D = $flatten\core.$procmux$2079_Y, Q = \core.state2_reg, rval = 0).
Adding EN signal on $auto$ff.cc:266:slice$2644 ($sdff) from module salsa20 (D = \core.state2_new, Q = \core.state2_reg).
Adding SRST signal on $flatten\core.$procdff$2313 ($dff) from module salsa20 (D = $flatten\core.$procmux$2084_Y, Q = \core.state1_reg, rval = 0).
Adding EN signal on $auto$ff.cc:266:slice$2646 ($sdff) from module salsa20 (D = \core.state1_new, Q = \core.state1_reg).
Adding SRST signal on $flatten\core.$procdff$2312 ($dff) from module salsa20 (D = $flatten\core.$procmux$2089_Y, Q = \core.state0_reg, rval = 0).
Adding EN signal on $auto$ff.cc:266:slice$2648 ($sdff) from module salsa20 (D = \core.state0_new, Q = \core.state0_reg).
Adding SRST signal on $flatten\core.$procdff$2311 ($dff) from module salsa20 (D = $flatten\core.$procmux$2094_Y, Q = \core.iv1_reg, rval = 0).
Adding EN signal on $auto$ff.cc:266:slice$2650 ($sdff) from module salsa20 (D = { \iv1_reg [7:0] \iv1_reg [15:8] \iv1_reg [23:16] \iv1_reg [31:24] }, Q = \core.iv1_reg).
Adding SRST signal on $flatten\core.$procdff$2310 ($dff) from module salsa20 (D = $flatten\core.$procmux$2099_Y, Q = \core.iv0_reg, rval = 0).
Adding EN signal on $auto$ff.cc:266:slice$2652 ($sdff) from module salsa20 (D = { \iv0_reg [7:0] \iv0_reg [15:8] \iv0_reg [23:16] \iv0_reg [31:24] }, Q = \core.iv0_reg).
Adding EN signal on $flatten\core.$procdff$2309 ($dff) from module salsa20 (D = \keylen_reg, Q = \core.keylen_reg).
Adding SRST signal on $flatten\core.$procdff$2308 ($dff) from module salsa20 (D = $flatten\core.$procmux$2109_Y, Q = \core.key7_reg, rval = 0).
Adding EN signal on $auto$ff.cc:266:slice$2657 ($sdff) from module salsa20 (D = { \key7_reg [7:0] \key7_reg [15:8] \key7_reg [23:16] \key7_reg [31:24] }, Q = \core.key7_reg).
Adding SRST signal on $flatten\core.$procdff$2307 ($dff) from module salsa20 (D = $flatten\core.$procmux$2114_Y, Q = \core.key6_reg, rval = 0).
Adding EN signal on $auto$ff.cc:266:slice$2659 ($sdff) from module salsa20 (D = { \key6_reg [7:0] \key6_reg [15:8] \key6_reg [23:16] \key6_reg [31:24] }, Q = \core.key6_reg).
Adding SRST signal on $flatten\core.$procdff$2306 ($dff) from module salsa20 (D = $flatten\core.$procmux$2119_Y, Q = \core.key5_reg, rval = 0).
Adding EN signal on $auto$ff.cc:266:slice$2661 ($sdff) from module salsa20 (D = { \key5_reg [7:0] \key5_reg [15:8] \key5_reg [23:16] \key5_reg [31:24] }, Q = \core.key5_reg).
Adding SRST signal on $flatten\core.$procdff$2305 ($dff) from module salsa20 (D = $flatten\core.$procmux$2124_Y, Q = \core.key4_reg, rval = 0).
Adding EN signal on $auto$ff.cc:266:slice$2663 ($sdff) from module salsa20 (D = { \key4_reg [7:0] \key4_reg [15:8] \key4_reg [23:16] \key4_reg [31:24] }, Q = \core.key4_reg).
Adding SRST signal on $flatten\core.$procdff$2304 ($dff) from module salsa20 (D = $flatten\core.$procmux$2129_Y, Q = \core.key3_reg, rval = 0).
Adding EN signal on $auto$ff.cc:266:slice$2665 ($sdff) from module salsa20 (D = { \key3_reg [7:0] \key3_reg [15:8] \key3_reg [23:16] \key3_reg [31:24] }, Q = \core.key3_reg).
Adding SRST signal on $flatten\core.$procdff$2303 ($dff) from module salsa20 (D = $flatten\core.$procmux$2134_Y, Q = \core.key2_reg, rval = 0).
Adding EN signal on $auto$ff.cc:266:slice$2667 ($sdff) from module salsa20 (D = { \key2_reg [7:0] \key2_reg [15:8] \key2_reg [23:16] \key2_reg [31:24] }, Q = \core.key2_reg).
Adding SRST signal on $flatten\core.$procdff$2302 ($dff) from module salsa20 (D = $flatten\core.$procmux$2139_Y, Q = \core.key1_reg, rval = 0).
Adding EN signal on $auto$ff.cc:266:slice$2669 ($sdff) from module salsa20 (D = { \key1_reg [7:0] \key1_reg [15:8] \key1_reg [23:16] \key1_reg [31:24] }, Q = \core.key1_reg).
Adding SRST signal on $flatten\core.$procdff$2301 ($dff) from module salsa20 (D = $flatten\core.$procmux$2144_Y, Q = \core.key0_reg, rval = 0).
Adding EN signal on $auto$ff.cc:266:slice$2671 ($sdff) from module salsa20 (D = { \key0_reg [7:0] \key0_reg [15:8] \key0_reg [23:16] \key0_reg [31:24] }, Q = \core.key0_reg).

24.7. Executing OPT_CLEAN pass (remove unused cells and wires).
Finding unused cells or wires in module \salsa20..
Removed 196 unused cells and 209 unused wires.
<suppressed ~197 debug messages>

24.8. Executing OPT_EXPR pass (perform const folding).
Optimizing module salsa20.

24.9. Rerunning OPT passes. (Maybe there is more to do..)

24.10. Executing OPT_MUXTREE pass (detect dead branches in mux trees).
Running muxtree optimizer on module \salsa20..
  Creating internal representation of mux trees.
  Evaluating internal representation of mux trees.
  Analyzing evaluation results.
Removed 0 multiplexer ports.
<suppressed ~108 debug messages>

24.11. Executing OPT_REDUCE pass (consolidate $*mux and $reduce_* inputs).
  Optimizing cells in module \salsa20.
Performed a total of 0 changes.

24.12. Executing OPT_MERGE pass (detect identical cells).
Finding identical cells in module `\salsa20'.
Removed a total of 0 cells.

24.13. Executing OPT_DFF pass (perform DFF optimizations).

24.14. Executing OPT_CLEAN pass (remove unused cells and wires).
Finding unused cells or wires in module \salsa20..

24.15. Executing OPT_EXPR pass (perform const folding).
Optimizing module salsa20.

24.16. Finished OPT passes. (There is nothing left to do.)

25. Executing WREDUCE pass (reducing word size of cells).
Removed top 25 address bits (of 32) from memory init port salsa20.$auto$mem.cc:319:emit$51 ($auto$proc_rom.cc:150:do_switch$49).
Removed top 2 bits (of 8) from port B of cell salsa20.$procmux$109_CMP0 ($eq).
Removed top 2 bits (of 8) from port B of cell salsa20.$procmux$110_CMP0 ($eq).
Removed top 3 bits (of 8) from port B of cell salsa20.$procmux$111_CMP0 ($eq).
Removed top 3 bits (of 8) from port B of cell salsa20.$procmux$112_CMP0 ($eq).
Removed top 3 bits (of 8) from port B of cell salsa20.$procmux$113_CMP0 ($eq).
Removed top 3 bits (of 8) from port B of cell salsa20.$procmux$114_CMP0 ($eq).
Removed top 3 bits (of 8) from port B of cell salsa20.$procmux$115_CMP0 ($eq).
Removed top 3 bits (of 8) from port B of cell salsa20.$procmux$116_CMP0 ($eq).
Removed top 3 bits (of 8) from port B of cell salsa20.$procmux$117_CMP0 ($eq).
Removed top 3 bits (of 8) from port B of cell salsa20.$procmux$118_CMP0 ($eq).
Removed top 4 bits (of 8) from port B of cell salsa20.$procmux$119_CMP0 ($eq).
Removed top 4 bits (of 8) from port B of cell salsa20.$procmux$120_CMP0 ($eq).
Removed top 7 bits (of 8) from port B of cell salsa20.$procmux$121_CMP0 ($eq).
Removed top 1 bits (of 2) from port B of cell salsa20.$auto$fsm_map.cc:77:implement_pattern_cache$2453 ($eq).
Removed top 1 bits (of 32) from mux cell salsa20.$flatten\core.$procmux$1602 ($mux).
Removed top 1 bits (of 32) from mux cell salsa20.$flatten\core.$procmux$1593 ($mux).
Removed top 6 bits (of 32) from mux cell salsa20.$flatten\core.$procmux$1544 ($mux).
Removed top 29 bits (of 32) from mux cell salsa20.$flatten\core.$procmux$1538 ($mux).
Removed top 1 bits (of 3) from port B of cell salsa20.$auto$fsm_map.cc:77:implement_pattern_cache$2439 ($eq).
Removed top 31 bits (of 32) from port B of cell salsa20.$flatten\core.$sub$/openlane/designs/salsa20/src/salsa20.v:1368$43 ($sub).
Removed top 27 bits (of 32) from port Y of cell salsa20.$flatten\core.$sub$/openlane/designs/salsa20/src/salsa20.v:1368$43 ($sub).
Removed top 31 bits (of 32) from port B of cell salsa20.$flatten\core.$add$/openlane/designs/salsa20/src/salsa20.v:1298$40 ($add).
Removed top 31 bits (of 32) from port B of cell salsa20.$flatten\core.$add$/openlane/designs/salsa20/src/salsa20.v:1292$38 ($add).
Removed top 6 bits (of 32) from wire salsa20.$flatten\core.$2\state_logic.new_state_word1[31:0].

26. Executing PEEPOPT pass (run peephole optimizers).

27. Executing OPT_CLEAN pass (remove unused cells and wires).
Finding unused cells or wires in module \salsa20..
Removed 0 unused cells and 1 unused wires.
<suppressed ~1 debug messages>

28. Executing ALUMACC pass (create $alu and $macc cells).
Extracting $alu and $macc cells in module salsa20:
  creating $macc model for $flatten\core.$add$/openlane/designs/salsa20/src/salsa20.v:1241$34 ($add).
  creating $macc model for $flatten\core.$add$/openlane/designs/salsa20/src/salsa20.v:1265$36 ($add).
  creating $macc model for $flatten\core.$add$/openlane/designs/salsa20/src/salsa20.v:1292$38 ($add).
  creating $macc model for $flatten\core.$add$/openlane/designs/salsa20/src/salsa20.v:1298$40 ($add).
  creating $macc model for $flatten\core.$add$/openlane/designs/salsa20/src/salsa20.v:737$13 ($add).
  creating $macc model for $flatten\core.$add$/openlane/designs/salsa20/src/salsa20.v:738$14 ($add).
  creating $macc model for $flatten\core.$add$/openlane/designs/salsa20/src/salsa20.v:739$15 ($add).
  creating $macc model for $flatten\core.$add$/openlane/designs/salsa20/src/salsa20.v:740$16 ($add).
  creating $macc model for $flatten\core.$add$/openlane/designs/salsa20/src/salsa20.v:741$17 ($add).
  creating $macc model for $flatten\core.$add$/openlane/designs/salsa20/src/salsa20.v:742$18 ($add).
  creating $macc model for $flatten\core.$add$/openlane/designs/salsa20/src/salsa20.v:743$19 ($add).
  creating $macc model for $flatten\core.$add$/openlane/designs/salsa20/src/salsa20.v:744$20 ($add).
  creating $macc model for $flatten\core.$add$/openlane/designs/salsa20/src/salsa20.v:745$21 ($add).
  creating $macc model for $flatten\core.$add$/openlane/designs/salsa20/src/salsa20.v:746$22 ($add).
  creating $macc model for $flatten\core.$add$/openlane/designs/salsa20/src/salsa20.v:747$23 ($add).
  creating $macc model for $flatten\core.$add$/openlane/designs/salsa20/src/salsa20.v:748$24 ($add).
  creating $macc model for $flatten\core.$add$/openlane/designs/salsa20/src/salsa20.v:749$25 ($add).
  creating $macc model for $flatten\core.$add$/openlane/designs/salsa20/src/salsa20.v:750$26 ($add).
  creating $macc model for $flatten\core.$add$/openlane/designs/salsa20/src/salsa20.v:751$27 ($add).
  creating $macc model for $flatten\core.$add$/openlane/designs/salsa20/src/salsa20.v:752$28 ($add).
  creating $macc model for $flatten\core.$sub$/openlane/designs/salsa20/src/salsa20.v:1368$43 ($sub).
  creating $macc model for $flatten\core.\qr0.$add$/openlane/designs/salsa20/src/salsa20.v:83$2 ($add).
  creating $macc model for $flatten\core.\qr0.$add$/openlane/designs/salsa20/src/salsa20.v:86$4 ($add).
  creating $macc model for $flatten\core.\qr0.$add$/openlane/designs/salsa20/src/salsa20.v:89$6 ($add).
  creating $macc model for $flatten\core.\qr0.$add$/openlane/designs/salsa20/src/salsa20.v:92$8 ($add).
  creating $macc model for $flatten\core.\qr1.$add$/openlane/designs/salsa20/src/salsa20.v:83$2 ($add).
  creating $macc model for $flatten\core.\qr1.$add$/openlane/designs/salsa20/src/salsa20.v:86$4 ($add).
  creating $macc model for $flatten\core.\qr1.$add$/openlane/designs/salsa20/src/salsa20.v:89$6 ($add).
  creating $macc model for $flatten\core.\qr1.$add$/openlane/designs/salsa20/src/salsa20.v:92$8 ($add).
  creating $macc model for $flatten\core.\qr2.$add$/openlane/designs/salsa20/src/salsa20.v:83$2 ($add).
  creating $macc model for $flatten\core.\qr2.$add$/openlane/designs/salsa20/src/salsa20.v:86$4 ($add).
  creating $macc model for $flatten\core.\qr2.$add$/openlane/designs/salsa20/src/salsa20.v:89$6 ($add).
  creating $macc model for $flatten\core.\qr2.$add$/openlane/designs/salsa20/src/salsa20.v:92$8 ($add).
  creating $macc model for $flatten\core.\qr3.$add$/openlane/designs/salsa20/src/salsa20.v:83$2 ($add).
  creating $macc model for $flatten\core.\qr3.$add$/openlane/designs/salsa20/src/salsa20.v:86$4 ($add).
  creating $macc model for $flatten\core.\qr3.$add$/openlane/designs/salsa20/src/salsa20.v:89$6 ($add).
  creating $macc model for $flatten\core.\qr3.$add$/openlane/designs/salsa20/src/salsa20.v:92$8 ($add).
  creating $alu model for $macc $flatten\core.\qr3.$add$/openlane/designs/salsa20/src/salsa20.v:92$8.
  creating $alu model for $macc $flatten\core.\qr3.$add$/openlane/designs/salsa20/src/salsa20.v:89$6.
  creating $alu model for $macc $flatten\core.\qr3.$add$/openlane/designs/salsa20/src/salsa20.v:86$4.
  creating $alu model for $macc $flatten\core.\qr3.$add$/openlane/designs/salsa20/src/salsa20.v:83$2.
  creating $alu model for $macc $flatten\core.\qr2.$add$/openlane/designs/salsa20/src/salsa20.v:92$8.
  creating $alu model for $macc $flatten\core.\qr2.$add$/openlane/designs/salsa20/src/salsa20.v:89$6.
  creating $alu model for $macc $flatten\core.\qr2.$add$/openlane/designs/salsa20/src/salsa20.v:86$4.
  creating $alu model for $macc $flatten\core.\qr2.$add$/openlane/designs/salsa20/src/salsa20.v:83$2.
  creating $alu model for $macc $flatten\core.\qr1.$add$/openlane/designs/salsa20/src/salsa20.v:92$8.
  creating $alu model for $macc $flatten\core.\qr1.$add$/openlane/designs/salsa20/src/salsa20.v:89$6.
  creating $alu model for $macc $flatten\core.\qr1.$add$/openlane/designs/salsa20/src/salsa20.v:86$4.
  creating $alu model for $macc $flatten\core.\qr1.$add$/openlane/designs/salsa20/src/salsa20.v:83$2.
  creating $alu model for $macc $flatten\core.\qr0.$add$/openlane/designs/salsa20/src/salsa20.v:92$8.
  creating $alu model for $macc $flatten\core.\qr0.$add$/openlane/designs/salsa20/src/salsa20.v:89$6.
  creating $alu model for $macc $flatten\core.\qr0.$add$/openlane/designs/salsa20/src/salsa20.v:86$4.
  creating $alu model for $macc $flatten\core.\qr0.$add$/openlane/designs/salsa20/src/salsa20.v:83$2.
  creating $alu model for $macc $flatten\core.$sub$/openlane/designs/salsa20/src/salsa20.v:1368$43.
  creating $alu model for $macc $flatten\core.$add$/openlane/designs/salsa20/src/salsa20.v:752$28.
  creating $alu model for $macc $flatten\core.$add$/openlane/designs/salsa20/src/salsa20.v:751$27.
  creating $alu model for $macc $flatten\core.$add$/openlane/designs/salsa20/src/salsa20.v:750$26.
  creating $alu model for $macc $flatten\core.$add$/openlane/designs/salsa20/src/salsa20.v:749$25.
  creating $alu model for $macc $flatten\core.$add$/openlane/designs/salsa20/src/salsa20.v:748$24.
  creating $alu model for $macc $flatten\core.$add$/openlane/designs/salsa20/src/salsa20.v:747$23.
  creating $alu model for $macc $flatten\core.$add$/openlane/designs/salsa20/src/salsa20.v:746$22.
  creating $alu model for $macc $flatten\core.$add$/openlane/designs/salsa20/src/salsa20.v:745$21.
  creating $alu model for $macc $flatten\core.$add$/openlane/designs/salsa20/src/salsa20.v:744$20.
  creating $alu model for $macc $flatten\core.$add$/openlane/designs/salsa20/src/salsa20.v:743$19.
  creating $alu model for $macc $flatten\core.$add$/openlane/designs/salsa20/src/salsa20.v:742$18.
  creating $alu model for $macc $flatten\core.$add$/openlane/designs/salsa20/src/salsa20.v:741$17.
  creating $alu model for $macc $flatten\core.$add$/openlane/designs/salsa20/src/salsa20.v:740$16.
  creating $alu model for $macc $flatten\core.$add$/openlane/designs/salsa20/src/salsa20.v:739$15.
  creating $alu model for $macc $flatten\core.$add$/openlane/designs/salsa20/src/salsa20.v:738$14.
  creating $alu model for $macc $flatten\core.$add$/openlane/designs/salsa20/src/salsa20.v:737$13.
  creating $alu model for $macc $flatten\core.$add$/openlane/designs/salsa20/src/salsa20.v:1298$40.
  creating $alu model for $macc $flatten\core.$add$/openlane/designs/salsa20/src/salsa20.v:1292$38.
  creating $alu model for $macc $flatten\core.$add$/openlane/designs/salsa20/src/salsa20.v:1265$36.
  creating $alu model for $macc $flatten\core.$add$/openlane/designs/salsa20/src/salsa20.v:1241$34.
  creating $alu cell for $flatten\core.$add$/openlane/designs/salsa20/src/salsa20.v:1241$34: $auto$alumacc.cc:485:replace_alu$2674
  creating $alu cell for $flatten\core.$add$/openlane/designs/salsa20/src/salsa20.v:1265$36: $auto$alumacc.cc:485:replace_alu$2677
  creating $alu cell for $flatten\core.$add$/openlane/designs/salsa20/src/salsa20.v:1292$38: $auto$alumacc.cc:485:replace_alu$2680
  creating $alu cell for $flatten\core.$add$/openlane/designs/salsa20/src/salsa20.v:1298$40: $auto$alumacc.cc:485:replace_alu$2683
  creating $alu cell for $flatten\core.$add$/openlane/designs/salsa20/src/salsa20.v:737$13: $auto$alumacc.cc:485:replace_alu$2686
  creating $alu cell for $flatten\core.$add$/openlane/designs/salsa20/src/salsa20.v:738$14: $auto$alumacc.cc:485:replace_alu$2689
  creating $alu cell for $flatten\core.$add$/openlane/designs/salsa20/src/salsa20.v:739$15: $auto$alumacc.cc:485:replace_alu$2692
  creating $alu cell for $flatten\core.$add$/openlane/designs/salsa20/src/salsa20.v:740$16: $auto$alumacc.cc:485:replace_alu$2695
  creating $alu cell for $flatten\core.$add$/openlane/designs/salsa20/src/salsa20.v:741$17: $auto$alumacc.cc:485:replace_alu$2698
  creating $alu cell for $flatten\core.$add$/openlane/designs/salsa20/src/salsa20.v:742$18: $auto$alumacc.cc:485:replace_alu$2701
  creating $alu cell for $flatten\core.$add$/openlane/designs/salsa20/src/salsa20.v:743$19: $auto$alumacc.cc:485:replace_alu$2704
  creating $alu cell for $flatten\core.$add$/openlane/designs/salsa20/src/salsa20.v:744$20: $auto$alumacc.cc:485:replace_alu$2707
  creating $alu cell for $flatten\core.$add$/openlane/designs/salsa20/src/salsa20.v:745$21: $auto$alumacc.cc:485:replace_alu$2710
  creating $alu cell for $flatten\core.$add$/openlane/designs/salsa20/src/salsa20.v:746$22: $auto$alumacc.cc:485:replace_alu$2713
  creating $alu cell for $flatten\core.$add$/openlane/designs/salsa20/src/salsa20.v:747$23: $auto$alumacc.cc:485:replace_alu$2716
  creating $alu cell for $flatten\core.$add$/openlane/designs/salsa20/src/salsa20.v:748$24: $auto$alumacc.cc:485:replace_alu$2719
  creating $alu cell for $flatten\core.$add$/openlane/designs/salsa20/src/salsa20.v:749$25: $auto$alumacc.cc:485:replace_alu$2722
  creating $alu cell for $flatten\core.$add$/openlane/designs/salsa20/src/salsa20.v:750$26: $auto$alumacc.cc:485:replace_alu$2725
  creating $alu cell for $flatten\core.$add$/openlane/designs/salsa20/src/salsa20.v:751$27: $auto$alumacc.cc:485:replace_alu$2728
  creating $alu cell for $flatten\core.$add$/openlane/designs/salsa20/src/salsa20.v:752$28: $auto$alumacc.cc:485:replace_alu$2731
  creating $alu cell for $flatten\core.$sub$/openlane/designs/salsa20/src/salsa20.v:1368$43: $auto$alumacc.cc:485:replace_alu$2734
  creating $alu cell for $flatten\core.\qr0.$add$/openlane/designs/salsa20/src/salsa20.v:83$2: $auto$alumacc.cc:485:replace_alu$2737
  creating $alu cell for $flatten\core.\qr0.$add$/openlane/designs/salsa20/src/salsa20.v:86$4: $auto$alumacc.cc:485:replace_alu$2740
  creating $alu cell for $flatten\core.\qr0.$add$/openlane/designs/salsa20/src/salsa20.v:89$6: $auto$alumacc.cc:485:replace_alu$2743
  creating $alu cell for $flatten\core.\qr0.$add$/openlane/designs/salsa20/src/salsa20.v:92$8: $auto$alumacc.cc:485:replace_alu$2746
  creating $alu cell for $flatten\core.\qr1.$add$/openlane/designs/salsa20/src/salsa20.v:83$2: $auto$alumacc.cc:485:replace_alu$2749
  creating $alu cell for $flatten\core.\qr1.$add$/openlane/designs/salsa20/src/salsa20.v:86$4: $auto$alumacc.cc:485:replace_alu$2752
  creating $alu cell for $flatten\core.\qr1.$add$/openlane/designs/salsa20/src/salsa20.v:89$6: $auto$alumacc.cc:485:replace_alu$2755
  creating $alu cell for $flatten\core.\qr1.$add$/openlane/designs/salsa20/src/salsa20.v:92$8: $auto$alumacc.cc:485:replace_alu$2758
  creating $alu cell for $flatten\core.\qr2.$add$/openlane/designs/salsa20/src/salsa20.v:83$2: $auto$alumacc.cc:485:replace_alu$2761
  creating $alu cell for $flatten\core.\qr2.$add$/openlane/designs/salsa20/src/salsa20.v:86$4: $auto$alumacc.cc:485:replace_alu$2764
  creating $alu cell for $flatten\core.\qr2.$add$/openlane/designs/salsa20/src/salsa20.v:89$6: $auto$alumacc.cc:485:replace_alu$2767
  creating $alu cell for $flatten\core.\qr2.$add$/openlane/designs/salsa20/src/salsa20.v:92$8: $auto$alumacc.cc:485:replace_alu$2770
  creating $alu cell for $flatten\core.\qr3.$add$/openlane/designs/salsa20/src/salsa20.v:83$2: $auto$alumacc.cc:485:replace_alu$2773
  creating $alu cell for $flatten\core.\qr3.$add$/openlane/designs/salsa20/src/salsa20.v:86$4: $auto$alumacc.cc:485:replace_alu$2776
  creating $alu cell for $flatten\core.\qr3.$add$/openlane/designs/salsa20/src/salsa20.v:89$6: $auto$alumacc.cc:485:replace_alu$2779
  creating $alu cell for $flatten\core.\qr3.$add$/openlane/designs/salsa20/src/salsa20.v:92$8: $auto$alumacc.cc:485:replace_alu$2782
  created 37 $alu and 0 $macc cells.

29. Executing SHARE pass (SAT-based resource sharing).

30. Executing OPT pass (performing simple optimizations).

30.1. Executing OPT_EXPR pass (perform const folding).
Optimizing module salsa20.

30.2. Executing OPT_MERGE pass (detect identical cells).
Finding identical cells in module `\salsa20'.
Removed a total of 0 cells.

30.3. Executing OPT_MUXTREE pass (detect dead branches in mux trees).
Running muxtree optimizer on module \salsa20..
  Creating internal representation of mux trees.
  Evaluating internal representation of mux trees.
  Analyzing evaluation results.
Removed 0 multiplexer ports.
<suppressed ~108 debug messages>

30.4. Executing OPT_REDUCE pass (consolidate $*mux and $reduce_* inputs).
  Optimizing cells in module \salsa20.
Performed a total of 0 changes.

30.5. Executing OPT_MERGE pass (detect identical cells).
Finding identical cells in module `\salsa20'.
Removed a total of 0 cells.

30.6. Executing OPT_DFF pass (perform DFF optimizations).
Setting constant 0-bit at position 31 on $auto$ff.cc:266:slice$2643 ($sdffe) from module salsa20.
Setting constant 0-bit at position 31 on $auto$ff.cc:266:slice$2649 ($sdffe) from module salsa20.

30.7. Executing OPT_CLEAN pass (remove unused cells and wires).
Finding unused cells or wires in module \salsa20..

30.8. Executing OPT_EXPR pass (perform const folding).
Optimizing module salsa20.

30.9. Rerunning OPT passes. (Maybe there is more to do..)

30.10. Executing OPT_MUXTREE pass (detect dead branches in mux trees).
Running muxtree optimizer on module \salsa20..
  Creating internal representation of mux trees.
  Evaluating internal representation of mux trees.
  Analyzing evaluation results.
Removed 0 multiplexer ports.
<suppressed ~108 debug messages>

30.11. Executing OPT_REDUCE pass (consolidate $*mux and $reduce_* inputs).
  Optimizing cells in module \salsa20.
Performed a total of 0 changes.

30.12. Executing OPT_MERGE pass (detect identical cells).
Finding identical cells in module `\salsa20'.
Removed a total of 0 cells.

30.13. Executing OPT_DFF pass (perform DFF optimizations).

30.14. Executing OPT_CLEAN pass (remove unused cells and wires).
Finding unused cells or wires in module \salsa20..

30.15. Executing OPT_EXPR pass (perform const folding).
Optimizing module salsa20.

30.16. Finished OPT passes. (There is nothing left to do.)

31. Executing MEMORY pass.

31.1. Executing OPT_MEM pass (optimize memories).
Performed a total of 0 transformations.

31.2. Executing OPT_MEM_PRIORITY pass (removing unnecessary memory write priority relations).
Performed a total of 0 transformations.

31.3. Executing OPT_MEM_FEEDBACK pass (finding memory read-to-write feedback paths).

31.4. Executing MEMORY_BMUX2ROM pass (converting muxes to ROMs).

31.5. Executing MEMORY_DFF pass (merging $dff cells to $memrd).
Checking read port `$auto$proc_rom.cc:150:do_switch$49'[0] in module `\salsa20': no output FF found.
Checking read port address `$auto$proc_rom.cc:150:do_switch$49'[0] in module `\salsa20': no address FF found.

31.6. Executing OPT_CLEAN pass (remove unused cells and wires).
Finding unused cells or wires in module \salsa20..

31.7. Executing MEMORY_SHARE pass (consolidating $memrd/$memwr cells).

31.8. Executing OPT_MEM_WIDEN pass (optimize memories where all ports are wide).
Performed a total of 0 transformations.

31.9. Executing OPT_CLEAN pass (remove unused cells and wires).
Finding unused cells or wires in module \salsa20..

31.10. Executing MEMORY_COLLECT pass (generating $mem cells).

32. Executing OPT_CLEAN pass (remove unused cells and wires).
Finding unused cells or wires in module \salsa20..

33. Executing OPT pass (performing simple optimizations).

33.1. Executing OPT_EXPR pass (perform const folding).
Optimizing module salsa20.
<suppressed ~108 debug messages>

33.2. Executing OPT_MERGE pass (detect identical cells).
Finding identical cells in module `\salsa20'.
<suppressed ~3 debug messages>
Removed a total of 1 cells.

33.3. Executing OPT_DFF pass (perform DFF optimizations).

33.4. Executing OPT_CLEAN pass (remove unused cells and wires).
Finding unused cells or wires in module \salsa20..
Removed 1 unused cells and 8 unused wires.
<suppressed ~2 debug messages>

33.5. Finished fast OPT passes.

34. Executing MEMORY_MAP pass (converting memories to logic and flip-flops).
Mapping memory $auto$proc_rom.cc:150:do_switch$49 in module \salsa20:
  created 128 $dff cells and 0 static cells of width 30.
  read interface: 0 $dff and 127 $mux cells.
  write interface: 0 write mux blocks.

35. Executing OPT pass (performing simple optimizations).

35.1. Executing OPT_EXPR pass (perform const folding).
Optimizing module salsa20.
<suppressed ~87 debug messages>

35.2. Executing OPT_MERGE pass (detect identical cells).
Finding identical cells in module `\salsa20'.
Removed a total of 0 cells.

35.3. Executing OPT_MUXTREE pass (detect dead branches in mux trees).
Running muxtree optimizer on module \salsa20..
  Creating internal representation of mux trees.
  Evaluating internal representation of mux trees.
  Analyzing evaluation results.
Removed 0 multiplexer ports.
<suppressed ~62 debug messages>

35.4. Executing OPT_REDUCE pass (consolidate $*mux and $reduce_* inputs).
  Optimizing cells in module \salsa20.
    Consolidated identical input bits for $mux cell $memory$auto$proc_rom.cc:150:do_switch$49$rdmux[0][6][16]$3026:
      Old ports: A=30'000000000000000000010000000000, B=30'000000000000000000100000000000, Y=$memory$auto$proc_rom.cc:150:do_switch$49$rdmux[0][5][8]$a$2907
      New ports: A=2'01, B=2'10, Y=$memory$auto$proc_rom.cc:150:do_switch$49$rdmux[0][5][8]$a$2907 [11:10]
      New connections: { $memory$auto$proc_rom.cc:150:do_switch$49$rdmux[0][5][8]$a$2907 [29:12] $memory$auto$proc_rom.cc:150:do_switch$49$rdmux[0][5][8]$a$2907 [9:0] } = 28'0000000000000000000000000000
    Consolidated identical input bits for $mux cell $memory$auto$proc_rom.cc:150:do_switch$49$rdmux[0][6][11]$3011:
      Old ports: A=30'000000000000000000000100000000, B=30'000000000000000000001000000000, Y=$memory$auto$proc_rom.cc:150:do_switch$49$rdmux[0][5][5]$b$2899
      New ports: A=2'01, B=2'10, Y=$memory$auto$proc_rom.cc:150:do_switch$49$rdmux[0][5][5]$b$2899 [9:8]
      New connections: { $memory$auto$proc_rom.cc:150:do_switch$49$rdmux[0][5][5]$b$2899 [29:10] $memory$auto$proc_rom.cc:150:do_switch$49$rdmux[0][5][5]$b$2899 [7:0] } = 28'0000000000000000000000000000
    Consolidated identical input bits for $mux cell $memory$auto$proc_rom.cc:150:do_switch$49$rdmux[0][6][9]$3005:
      Old ports: A=30'000000000000000000000000010000, B=30'000000000000000000000000100000, Y=$memory$auto$proc_rom.cc:150:do_switch$49$rdmux[0][5][4]$b$2896
      New ports: A=2'01, B=2'10, Y=$memory$auto$proc_rom.cc:150:do_switch$49$rdmux[0][5][4]$b$2896 [5:4]
      New connections: { $memory$auto$proc_rom.cc:150:do_switch$49$rdmux[0][5][4]$b$2896 [29:6] $memory$auto$proc_rom.cc:150:do_switch$49$rdmux[0][5][4]$b$2896 [3:0] } = 28'0000000000000000000000000000
    Consolidated identical input bits for $mux cell $memory$auto$proc_rom.cc:150:do_switch$49$rdmux[0][6][8]$3002:
      Old ports: A=30'000000000000000000000000000100, B=30'000000000000000000000000001000, Y=$memory$auto$proc_rom.cc:150:do_switch$49$rdmux[0][5][4]$a$2895
      New ports: A=2'01, B=2'10, Y=$memory$auto$proc_rom.cc:150:do_switch$49$rdmux[0][5][4]$a$2895 [3:2]
      New connections: { $memory$auto$proc_rom.cc:150:do_switch$49$rdmux[0][5][4]$a$2895 [29:4] $memory$auto$proc_rom.cc:150:do_switch$49$rdmux[0][5][4]$a$2895 [1:0] } = 28'0000000000000000000000000000
    Consolidated identical input bits for $mux cell $memory$auto$proc_rom.cc:150:do_switch$49$rdmux[0][6][32]$3074:
      Old ports: A=30'000000000000000001000000000000, B=30'000000000000000010000000000000, Y=$memory$auto$proc_rom.cc:150:do_switch$49$rdmux[0][5][16]$a$2931
      New ports: A=2'01, B=2'10, Y=$memory$auto$proc_rom.cc:150:do_switch$49$rdmux[0][5][16]$a$2931 [13:12]
      New connections: { $memory$auto$proc_rom.cc:150:do_switch$49$rdmux[0][5][16]$a$2931 [29:14] $memory$auto$proc_rom.cc:150:do_switch$49$rdmux[0][5][16]$a$2931 [11:0] } = 28'0000000000000000000000000000
    Consolidated identical input bits for $mux cell $memory$auto$proc_rom.cc:150:do_switch$49$rdmux[0][6][34]$3080:
      Old ports: A=30'000000000000010000000000000000, B=30'000000000000100000000000000000, Y=$memory$auto$proc_rom.cc:150:do_switch$49$rdmux[0][5][17]$a$2934
      New ports: A=2'01, B=2'10, Y=$memory$auto$proc_rom.cc:150:do_switch$49$rdmux[0][5][17]$a$2934 [17:16]
      New connections: { $memory$auto$proc_rom.cc:150:do_switch$49$rdmux[0][5][17]$a$2934 [29:18] $memory$auto$proc_rom.cc:150:do_switch$49$rdmux[0][5][17]$a$2934 [15:0] } = 28'0000000000000000000000000000
    Consolidated identical input bits for $mux cell $memory$auto$proc_rom.cc:150:do_switch$49$rdmux[0][6][37]$3089:
      Old ports: A=30'000000010000000000000000000000, B=30'000000100000000000000000000000, Y=$memory$auto$proc_rom.cc:150:do_switch$49$rdmux[0][5][18]$b$2938
      New ports: A=2'01, B=2'10, Y=$memory$auto$proc_rom.cc:150:do_switch$49$rdmux[0][5][18]$b$2938 [23:22]
      New connections: { $memory$auto$proc_rom.cc:150:do_switch$49$rdmux[0][5][18]$b$2938 [29:24] $memory$auto$proc_rom.cc:150:do_switch$49$rdmux[0][5][18]$b$2938 [21:0] } = 28'0000000000000000000000000000
    Consolidated identical input bits for $mux cell $memory$auto$proc_rom.cc:150:do_switch$49$rdmux[0][6][36]$3086:
      Old ports: A=30'000000000100000000000000000000, B=30'000000001000000000000000000000, Y=$memory$auto$proc_rom.cc:150:do_switch$49$rdmux[0][5][18]$a$2937
      New ports: A=2'01, B=2'10, Y=$memory$auto$proc_rom.cc:150:do_switch$49$rdmux[0][5][18]$a$2937 [21:20]
      New connections: { $memory$auto$proc_rom.cc:150:do_switch$49$rdmux[0][5][18]$a$2937 [29:22] $memory$auto$proc_rom.cc:150:do_switch$49$rdmux[0][5][18]$a$2937 [19:0] } = 28'0000000000000000000000000000
    Consolidated identical input bits for $mux cell $memory$auto$proc_rom.cc:150:do_switch$49$rdmux[0][6][39]$3095:
      Old ports: A=30'000100000000000000000000000000, B=30'001000000000000000000000000000, Y=$memory$auto$proc_rom.cc:150:do_switch$49$rdmux[0][5][19]$b$2941
      New ports: A=2'01, B=2'10, Y=$memory$auto$proc_rom.cc:150:do_switch$49$rdmux[0][5][19]$b$2941 [27:26]
      New connections: { $memory$auto$proc_rom.cc:150:do_switch$49$rdmux[0][5][19]$b$2941 [29:28] $memory$auto$proc_rom.cc:150:do_switch$49$rdmux[0][5][19]$b$2941 [25:0] } = 28'0000000000000000000000000000
    Consolidated identical input bits for $mux cell $memory$auto$proc_rom.cc:150:do_switch$49$rdmux[0][6][38]$3092:
      Old ports: A=30'000001000000000000000000000000, B=30'000010000000000000000000000000, Y=$memory$auto$proc_rom.cc:150:do_switch$49$rdmux[0][5][19]$a$2940
      New ports: A=2'01, B=2'10, Y=$memory$auto$proc_rom.cc:150:do_switch$49$rdmux[0][5][19]$a$2940 [25:24]
      New connections: { $memory$auto$proc_rom.cc:150:do_switch$49$rdmux[0][5][19]$a$2940 [29:26] $memory$auto$proc_rom.cc:150:do_switch$49$rdmux[0][5][19]$a$2940 [23:0] } = 28'0000000000000000000000000000
    Consolidated identical input bits for $mux cell $memory$auto$proc_rom.cc:150:do_switch$49$rdmux[0][6][4]$2990:
      Old ports: A=30'000000000000000000000000000001, B=30'000000000000000000000000000010, Y=$memory$auto$proc_rom.cc:150:do_switch$49$rdmux[0][5][2]$a$2889
      New ports: A=2'01, B=2'10, Y=$memory$auto$proc_rom.cc:150:do_switch$49$rdmux[0][5][2]$a$2889 [1:0]
      New connections: $memory$auto$proc_rom.cc:150:do_switch$49$rdmux[0][5][2]$a$2889 [29:2] = 28'0000000000000000000000000000
    Consolidated identical input bits for $mux cell $memory$auto$proc_rom.cc:150:do_switch$49$rdmux[0][6][10]$3008:
      Old ports: A=30'000000000000000000000001000000, B=30'000000000000000000000010000000, Y=$memory$auto$proc_rom.cc:150:do_switch$49$rdmux[0][5][5]$a$2898
      New ports: A=2'01, B=2'10, Y=$memory$auto$proc_rom.cc:150:do_switch$49$rdmux[0][5][5]$a$2898 [7:6]
      New connections: { $memory$auto$proc_rom.cc:150:do_switch$49$rdmux[0][5][5]$a$2898 [29:8] $memory$auto$proc_rom.cc:150:do_switch$49$rdmux[0][5][5]$a$2898 [5:0] } = 28'0000000000000000000000000000
    Consolidated identical input bits for $mux cell $memory$auto$proc_rom.cc:150:do_switch$49$rdmux[0][6][33]$3077:
      Old ports: A=30'000000000000000100000000000000, B=30'000000000000001000000000000000, Y=$memory$auto$proc_rom.cc:150:do_switch$49$rdmux[0][5][16]$b$2932
      New ports: A=2'01, B=2'10, Y=$memory$auto$proc_rom.cc:150:do_switch$49$rdmux[0][5][16]$b$2932 [15:14]
      New connections: { $memory$auto$proc_rom.cc:150:do_switch$49$rdmux[0][5][16]$b$2932 [29:16] $memory$auto$proc_rom.cc:150:do_switch$49$rdmux[0][5][16]$b$2932 [13:0] } = 28'0000000000000000000000000000
    Consolidated identical input bits for $mux cell $memory$auto$proc_rom.cc:150:do_switch$49$rdmux[0][6][35]$3083:
      Old ports: A=30'000000000001000000000000000000, B=30'000000000010000000000000000000, Y=$memory$auto$proc_rom.cc:150:do_switch$49$rdmux[0][5][17]$b$2935
      New ports: A=2'01, B=2'10, Y=$memory$auto$proc_rom.cc:150:do_switch$49$rdmux[0][5][17]$b$2935 [19:18]
      New connections: { $memory$auto$proc_rom.cc:150:do_switch$49$rdmux[0][5][17]$b$2935 [29:20] $memory$auto$proc_rom.cc:150:do_switch$49$rdmux[0][5][17]$b$2935 [17:0] } = 28'0000000000000000000000000000
    Consolidated identical input bits for $mux cell $memory$auto$proc_rom.cc:150:do_switch$49$rdmux[0][6][0]$2978:
      Old ports: A=30'100000000000000000000000000000, B=30'010000000000000000000000000000, Y=$memory$auto$proc_rom.cc:150:do_switch$49$rdmux[0][5][0]$a$2883
      New ports: A=2'10, B=2'01, Y=$memory$auto$proc_rom.cc:150:do_switch$49$rdmux[0][5][0]$a$2883 [29:28]
      New connections: $memory$auto$proc_rom.cc:150:do_switch$49$rdmux[0][5][0]$a$2883 [27:0] = 28'0000000000000000000000000000
    Consolidated identical input bits for $mux cell $flatten\core.$procmux$1538:
      Old ports: A=3'110, B=3'010, Y=$flatten\core.$2\state_logic.new_state_word2[31:0] [2:0]
      New ports: A=1'1, B=1'0, Y=$flatten\core.$2\state_logic.new_state_word2[31:0] [2]
      New connections: $flatten\core.$2\state_logic.new_state_word2[31:0] [1:0] = 2'10
    Consolidated identical input bits for $mux cell $flatten\core.$procmux$1544:
      Old ports: A=26'01001000000110010001101110, B=26'11001000000110010001101110, Y=$auto$wreduce.cc:455:run$2673 [25:0]
      New ports: A=1'0, B=1'1, Y=$auto$wreduce.cc:455:run$2673 [25]
      New connections: $auto$wreduce.cc:455:run$2673 [24:0] = 25'1001000000110010001101110
    Consolidated identical input bits for $mux cell $flatten\core.$procmux$1593:
      Old ports: A=31'0000000000000000000000000000000, B=31'1101011001000000110010101110100, Y=\core.state3_new [30:0]
      New ports: A=1'0, B=1'1, Y=\core.state3_new [2]
      New connections: { \core.state3_new [30:3] \core.state3_new [1:0] } = { \core.state3_new [2] \core.state3_new [2] 1'0 \core.state3_new [2] 1'0 \core.state3_new [2] \core.state3_new [2] 2'00 \core.state3_new [2] 6'000000 \core.state3_new [2] \core.state3_new [2] 2'00 \core.state3_new [2] 1'0 \core.state3_new [2] 1'0 \core.state3_new [2] \core.state3_new [2] \core.state3_new [2] 3'000 }
    Consolidated identical input bits for $mux cell $flatten\core.$procmux$1596:
      Old ports: A=0, B={ 29'01111001011000100010110100110 $flatten\core.$2\state_logic.new_state_word2[31:0] [2:0] }, Y=\core.state2_new
      New ports: A=4'0000, B={ 1'1 $flatten\core.$2\state_logic.new_state_word2[31:0] [2:0] }, Y={ \core.state2_new [4] \core.state2_new [2:0] }
      New connections: { \core.state2_new [31:5] \core.state2_new [3] } = { 1'0 \core.state2_new [4] \core.state2_new [4] \core.state2_new [4] \core.state2_new [4] 2'00 \core.state2_new [4] 1'0 \core.state2_new [4] \core.state2_new [4] 3'000 \core.state2_new [4] 3'000 \core.state2_new [4] 1'0 \core.state2_new [4] \core.state2_new [4] 1'0 \core.state2_new [4] 2'00 \core.state2_new [4] 1'0 }
    Consolidated identical input bits for $mux cell $flatten\core.$procmux$1599:
      Old ports: A=0, B={ 6'001100 $auto$wreduce.cc:455:run$2673 [25:0] }, Y=\core.state1_new
      New ports: A=27'000000000000000000000000000, B={ 1'1 $auto$wreduce.cc:455:run$2673 [25:0] }, Y={ \core.state1_new [28] \core.state1_new [25:0] }
      New connections: { \core.state1_new [31:29] \core.state1_new [27:26] } = { 2'00 \core.state1_new [28] 2'00 }
    Consolidated identical input bits for $mux cell $flatten\core.$procmux$1602:
      Old ports: A=31'0000000000000000000000000000000, B=31'1100001011100000111100001100101, Y=\core.state0_new [30:0]
      New ports: A=1'0, B=1'1, Y=\core.state0_new [0]
      New connections: \core.state0_new [30:1] = { \core.state0_new [0] \core.state0_new [0] 4'0000 \core.state0_new [0] 1'0 \core.state0_new [0] \core.state0_new [0] \core.state0_new [0] 5'00000 \core.state0_new [0] \core.state0_new [0] \core.state0_new [0] \core.state0_new [0] 4'0000 \core.state0_new [0] \core.state0_new [0] 2'00 \core.state0_new [0] 1'0 }
  Optimizing cells in module \salsa20.
    Consolidated identical input bits for $mux cell $memory$auto$proc_rom.cc:150:do_switch$49$rdmux[0][5][5]$2897:
      Old ports: A=$memory$auto$proc_rom.cc:150:do_switch$49$rdmux[0][5][5]$a$2898, B=$memory$auto$proc_rom.cc:150:do_switch$49$rdmux[0][5][5]$b$2899, Y=$memory$auto$proc_rom.cc:150:do_switch$49$rdmux[0][4][2]$b$2842
      New ports: A={ 2'00 $memory$auto$proc_rom.cc:150:do_switch$49$rdmux[0][5][5]$a$2898 [7:6] }, B={ $memory$auto$proc_rom.cc:150:do_switch$49$rdmux[0][5][5]$b$2899 [9:8] 2'00 }, Y=$memory$auto$proc_rom.cc:150:do_switch$49$rdmux[0][4][2]$b$2842 [9:6]
      New connections: { $memory$auto$proc_rom.cc:150:do_switch$49$rdmux[0][4][2]$b$2842 [29:10] $memory$auto$proc_rom.cc:150:do_switch$49$rdmux[0][4][2]$b$2842 [5:0] } = 26'00000000000000000000000000
    Consolidated identical input bits for $mux cell $memory$auto$proc_rom.cc:150:do_switch$49$rdmux[0][5][4]$2894:
      Old ports: A=$memory$auto$proc_rom.cc:150:do_switch$49$rdmux[0][5][4]$a$2895, B=$memory$auto$proc_rom.cc:150:do_switch$49$rdmux[0][5][4]$b$2896, Y=$memory$auto$proc_rom.cc:150:do_switch$49$rdmux[0][4][2]$a$2841
      New ports: A={ 2'00 $memory$auto$proc_rom.cc:150:do_switch$49$rdmux[0][5][4]$a$2895 [3:2] }, B={ $memory$auto$proc_rom.cc:150:do_switch$49$rdmux[0][5][4]$b$2896 [5:4] 2'00 }, Y=$memory$auto$proc_rom.cc:150:do_switch$49$rdmux[0][4][2]$a$2841 [5:2]
      New connections: { $memory$auto$proc_rom.cc:150:do_switch$49$rdmux[0][4][2]$a$2841 [29:6] $memory$auto$proc_rom.cc:150:do_switch$49$rdmux[0][4][2]$a$2841 [1:0] } = 26'00000000000000000000000000
    Consolidated identical input bits for $mux cell $memory$auto$proc_rom.cc:150:do_switch$49$rdmux[0][5][2]$2888:
      Old ports: A=$memory$auto$proc_rom.cc:150:do_switch$49$rdmux[0][5][2]$a$2889, B=30'010000000000000000000000000000, Y=$memory$auto$proc_rom.cc:150:do_switch$49$rdmux[0][4][1]$a$2838
      New ports: A={ 1'0 $memory$auto$proc_rom.cc:150:do_switch$49$rdmux[0][5][2]$a$2889 [1:0] }, B=3'100, Y={ $memory$auto$proc_rom.cc:150:do_switch$49$rdmux[0][4][1]$a$2838 [28] $memory$auto$proc_rom.cc:150:do_switch$49$rdmux[0][4][1]$a$2838 [1:0] }
      New connections: { $memory$auto$proc_rom.cc:150:do_switch$49$rdmux[0][4][1]$a$2838 [29] $memory$auto$proc_rom.cc:150:do_switch$49$rdmux[0][4][1]$a$2838 [27:2] } = 27'000000000000000000000000000
    Consolidated identical input bits for $mux cell $memory$auto$proc_rom.cc:150:do_switch$49$rdmux[0][5][0]$2882:
      Old ports: A=$memory$auto$proc_rom.cc:150:do_switch$49$rdmux[0][5][0]$a$2883, B=30'010000000000000000000000000000, Y=$memory$auto$proc_rom.cc:150:do_switch$49$rdmux[0][4][0]$a$2835
      New ports: A=$memory$auto$proc_rom.cc:150:do_switch$49$rdmux[0][5][0]$a$2883 [29:28], B=2'01, Y=$memory$auto$proc_rom.cc:150:do_switch$49$rdmux[0][4][0]$a$2835 [29:28]
      New connections: $memory$auto$proc_rom.cc:150:do_switch$49$rdmux[0][4][0]$a$2835 [27:0] = 28'0000000000000000000000000000
    Consolidated identical input bits for $mux cell $memory$auto$proc_rom.cc:150:do_switch$49$rdmux[0][5][16]$2930:
      Old ports: A=$memory$auto$proc_rom.cc:150:do_switch$49$rdmux[0][5][16]$a$2931, B=$memory$auto$proc_rom.cc:150:do_switch$49$rdmux[0][5][16]$b$2932, Y=$memory$auto$proc_rom.cc:150:do_switch$49$rdmux[0][4][8]$a$2859
      New ports: A={ 2'00 $memory$auto$proc_rom.cc:150:do_switch$49$rdmux[0][5][16]$a$2931 [13:12] }, B={ $memory$auto$proc_rom.cc:150:do_switch$49$rdmux[0][5][16]$b$2932 [15:14] 2'00 }, Y=$memory$auto$proc_rom.cc:150:do_switch$49$rdmux[0][4][8]$a$2859 [15:12]
      New connections: { $memory$auto$proc_rom.cc:150:do_switch$49$rdmux[0][4][8]$a$2859 [29:16] $memory$auto$proc_rom.cc:150:do_switch$49$rdmux[0][4][8]$a$2859 [11:0] } = 26'00000000000000000000000000
    Consolidated identical input bits for $mux cell $memory$auto$proc_rom.cc:150:do_switch$49$rdmux[0][5][17]$2933:
      Old ports: A=$memory$auto$proc_rom.cc:150:do_switch$49$rdmux[0][5][17]$a$2934, B=$memory$auto$proc_rom.cc:150:do_switch$49$rdmux[0][5][17]$b$2935, Y=$memory$auto$proc_rom.cc:150:do_switch$49$rdmux[0][4][8]$b$2860
      New ports: A={ 2'00 $memory$auto$proc_rom.cc:150:do_switch$49$rdmux[0][5][17]$a$2934 [17:16] }, B={ $memory$auto$proc_rom.cc:150:do_switch$49$rdmux[0][5][17]$b$2935 [19:18] 2'00 }, Y=$memory$auto$proc_rom.cc:150:do_switch$49$rdmux[0][4][8]$b$2860 [19:16]
      New connections: { $memory$auto$proc_rom.cc:150:do_switch$49$rdmux[0][4][8]$b$2860 [29:20] $memory$auto$proc_rom.cc:150:do_switch$49$rdmux[0][4][8]$b$2860 [15:0] } = 26'00000000000000000000000000
    Consolidated identical input bits for $mux cell $memory$auto$proc_rom.cc:150:do_switch$49$rdmux[0][5][8]$2906:
      Old ports: A=$memory$auto$proc_rom.cc:150:do_switch$49$rdmux[0][5][8]$a$2907, B=30'010000000000000000000000000000, Y=$memory$auto$proc_rom.cc:150:do_switch$49$rdmux[0][4][4]$a$2847
      New ports: A={ 1'0 $memory$auto$proc_rom.cc:150:do_switch$49$rdmux[0][5][8]$a$2907 [11:10] }, B=3'100, Y={ $memory$auto$proc_rom.cc:150:do_switch$49$rdmux[0][4][4]$a$2847 [28] $memory$auto$proc_rom.cc:150:do_switch$49$rdmux[0][4][4]$a$2847 [11:10] }
      New connections: { $memory$auto$proc_rom.cc:150:do_switch$49$rdmux[0][4][4]$a$2847 [29] $memory$auto$proc_rom.cc:150:do_switch$49$rdmux[0][4][4]$a$2847 [27:12] $memory$auto$proc_rom.cc:150:do_switch$49$rdmux[0][4][4]$a$2847 [9:0] } = 27'000000000000000000000000000
    Consolidated identical input bits for $mux cell $memory$auto$proc_rom.cc:150:do_switch$49$rdmux[0][5][18]$2936:
      Old ports: A=$memory$auto$proc_rom.cc:150:do_switch$49$rdmux[0][5][18]$a$2937, B=$memory$auto$proc_rom.cc:150:do_switch$49$rdmux[0][5][18]$b$2938, Y=$memory$auto$proc_rom.cc:150:do_switch$49$rdmux[0][4][9]$a$2862
      New ports: A={ 2'00 $memory$auto$proc_rom.cc:150:do_switch$49$rdmux[0][5][18]$a$2937 [21:20] }, B={ $memory$auto$proc_rom.cc:150:do_switch$49$rdmux[0][5][18]$b$2938 [23:22] 2'00 }, Y=$memory$auto$proc_rom.cc:150:do_switch$49$rdmux[0][4][9]$a$2862 [23:20]
      New connections: { $memory$auto$proc_rom.cc:150:do_switch$49$rdmux[0][4][9]$a$2862 [29:24] $memory$auto$proc_rom.cc:150:do_switch$49$rdmux[0][4][9]$a$2862 [19:0] } = 26'00000000000000000000000000
    Consolidated identical input bits for $mux cell $memory$auto$proc_rom.cc:150:do_switch$49$rdmux[0][5][19]$2939:
      Old ports: A=$memory$auto$proc_rom.cc:150:do_switch$49$rdmux[0][5][19]$a$2940, B=$memory$auto$proc_rom.cc:150:do_switch$49$rdmux[0][5][19]$b$2941, Y=$memory$auto$proc_rom.cc:150:do_switch$49$rdmux[0][4][9]$b$2863
      New ports: A={ 2'00 $memory$auto$proc_rom.cc:150:do_switch$49$rdmux[0][5][19]$a$2940 [25:24] }, B={ $memory$auto$proc_rom.cc:150:do_switch$49$rdmux[0][5][19]$b$2941 [27:26] 2'00 }, Y=$memory$auto$proc_rom.cc:150:do_switch$49$rdmux[0][4][9]$b$2863 [27:24]
      New connections: { $memory$auto$proc_rom.cc:150:do_switch$49$rdmux[0][4][9]$b$2863 [29:28] $memory$auto$proc_rom.cc:150:do_switch$49$rdmux[0][4][9]$b$2863 [23:0] } = 26'00000000000000000000000000
    Consolidated identical input bits for $mux cell $flatten\core.$procmux$1596:
      Old ports: A=4'0000, B={ 1'1 $flatten\core.$2\state_logic.new_state_word2[31:0] [2:0] }, Y={ \core.state2_new [4] \core.state2_new [2:0] }
      New ports: A=2'00, B={ $flatten\core.$2\state_logic.new_state_word2[31:0] [2] 1'1 }, Y=\core.state2_new [2:1]
      New connections: { \core.state2_new [4] \core.state2_new [0] } = { \core.state2_new [1] 1'0 }
    Consolidated identical input bits for $mux cell $flatten\core.$procmux$1599:
      Old ports: A=27'000000000000000000000000000, B={ 1'1 $auto$wreduce.cc:455:run$2673 [25:0] }, Y={ \core.state1_new [28] \core.state1_new [25:0] }
      New ports: A=2'00, B={ $auto$wreduce.cc:455:run$2673 [25] 1'1 }, Y={ \core.state1_new [25] \core.state1_new [1] }
      New connections: { \core.state1_new [28] \core.state1_new [24:2] \core.state1_new [0] } = { \core.state1_new [1] \core.state1_new [1] 2'00 \core.state1_new [1] 6'000000 \core.state1_new [1] \core.state1_new [1] 2'00 \core.state1_new [1] 3'000 \core.state1_new [1] \core.state1_new [1] 1'0 \core.state1_new [1] \core.state1_new [1] 1'0 }
  Optimizing cells in module \salsa20.
    Consolidated identical input bits for $mux cell $memory$auto$proc_rom.cc:150:do_switch$49$rdmux[0][4][9]$2861:
      Old ports: A=$memory$auto$proc_rom.cc:150:do_switch$49$rdmux[0][4][9]$a$2862, B=$memory$auto$proc_rom.cc:150:do_switch$49$rdmux[0][4][9]$b$2863, Y=$memory$auto$proc_rom.cc:150:do_switch$49$rdmux[0][3][4]$b$2824
      New ports: A={ 4'0000 $memory$auto$proc_rom.cc:150:do_switch$49$rdmux[0][4][9]$a$2862 [23:20] }, B={ $memory$auto$proc_rom.cc:150:do_switch$49$rdmux[0][4][9]$b$2863 [27:24] 4'0000 }, Y=$memory$auto$proc_rom.cc:150:do_switch$49$rdmux[0][3][4]$b$2824 [27:20]
      New connections: { $memory$auto$proc_rom.cc:150:do_switch$49$rdmux[0][3][4]$b$2824 [29:28] $memory$auto$proc_rom.cc:150:do_switch$49$rdmux[0][3][4]$b$2824 [19:0] } = 22'0000000000000000000000
    Consolidated identical input bits for $mux cell $memory$auto$proc_rom.cc:150:do_switch$49$rdmux[0][4][8]$2858:
      Old ports: A=$memory$auto$proc_rom.cc:150:do_switch$49$rdmux[0][4][8]$a$2859, B=$memory$auto$proc_rom.cc:150:do_switch$49$rdmux[0][4][8]$b$2860, Y=$memory$auto$proc_rom.cc:150:do_switch$49$rdmux[0][3][4]$a$2823
      New ports: A={ 4'0000 $memory$auto$proc_rom.cc:150:do_switch$49$rdmux[0][4][8]$a$2859 [15:12] }, B={ $memory$auto$proc_rom.cc:150:do_switch$49$rdmux[0][4][8]$b$2860 [19:16] 4'0000 }, Y=$memory$auto$proc_rom.cc:150:do_switch$49$rdmux[0][3][4]$a$2823 [19:12]
      New connections: { $memory$auto$proc_rom.cc:150:do_switch$49$rdmux[0][3][4]$a$2823 [29:20] $memory$auto$proc_rom.cc:150:do_switch$49$rdmux[0][3][4]$a$2823 [11:0] } = 22'0000000000000000000000
    Consolidated identical input bits for $mux cell $memory$auto$proc_rom.cc:150:do_switch$49$rdmux[0][4][4]$2846:
      Old ports: A=$memory$auto$proc_rom.cc:150:do_switch$49$rdmux[0][4][4]$a$2847, B=30'010000000000000000000000000000, Y=$memory$auto$proc_rom.cc:150:do_switch$49$rdmux[0][3][2]$a$2817
      New ports: A={ $memory$auto$proc_rom.cc:150:do_switch$49$rdmux[0][4][4]$a$2847 [28] $memory$auto$proc_rom.cc:150:do_switch$49$rdmux[0][4][4]$a$2847 [11:10] }, B=3'100, Y={ $memory$auto$proc_rom.cc:150:do_switch$49$rdmux[0][3][2]$a$2817 [28] $memory$auto$proc_rom.cc:150:do_switch$49$rdmux[0][3][2]$a$2817 [11:10] }
      New connections: { $memory$auto$proc_rom.cc:150:do_switch$49$rdmux[0][3][2]$a$2817 [29] $memory$auto$proc_rom.cc:150:do_switch$49$rdmux[0][3][2]$a$2817 [27:12] $memory$auto$proc_rom.cc:150:do_switch$49$rdmux[0][3][2]$a$2817 [9:0] } = 27'000000000000000000000000000
    Consolidated identical input bits for $mux cell $memory$auto$proc_rom.cc:150:do_switch$49$rdmux[0][4][2]$2840:
      Old ports: A=$memory$auto$proc_rom.cc:150:do_switch$49$rdmux[0][4][2]$a$2841, B=$memory$auto$proc_rom.cc:150:do_switch$49$rdmux[0][4][2]$b$2842, Y=$memory$auto$proc_rom.cc:150:do_switch$49$rdmux[0][3][1]$a$2814
      New ports: A={ 4'0000 $memory$auto$proc_rom.cc:150:do_switch$49$rdmux[0][4][2]$a$2841 [5:2] }, B={ $memory$auto$proc_rom.cc:150:do_switch$49$rdmux[0][4][2]$b$2842 [9:6] 4'0000 }, Y=$memory$auto$proc_rom.cc:150:do_switch$49$rdmux[0][3][1]$a$2814 [9:2]
      New connections: { $memory$auto$proc_rom.cc:150:do_switch$49$rdmux[0][3][1]$a$2814 [29:10] $memory$auto$proc_rom.cc:150:do_switch$49$rdmux[0][3][1]$a$2814 [1:0] } = 22'0000000000000000000000
    Consolidated identical input bits for $mux cell $memory$auto$proc_rom.cc:150:do_switch$49$rdmux[0][4][1]$2837:
      Old ports: A=$memory$auto$proc_rom.cc:150:do_switch$49$rdmux[0][4][1]$a$2838, B=30'010000000000000000000000000000, Y=$memory$auto$proc_rom.cc:150:do_switch$49$rdmux[0][3][0]$b$2812
      New ports: A={ $memory$auto$proc_rom.cc:150:do_switch$49$rdmux[0][4][1]$a$2838 [28] $memory$auto$proc_rom.cc:150:do_switch$49$rdmux[0][4][1]$a$2838 [1:0] }, B=3'100, Y={ $memory$auto$proc_rom.cc:150:do_switch$49$rdmux[0][3][0]$b$2812 [28] $memory$auto$proc_rom.cc:150:do_switch$49$rdmux[0][3][0]$b$2812 [1:0] }
      New connections: { $memory$auto$proc_rom.cc:150:do_switch$49$rdmux[0][3][0]$b$2812 [29] $memory$auto$proc_rom.cc:150:do_switch$49$rdmux[0][3][0]$b$2812 [27:2] } = 27'000000000000000000000000000
    Consolidated identical input bits for $mux cell $memory$auto$proc_rom.cc:150:do_switch$49$rdmux[0][4][0]$2834:
      Old ports: A=$memory$auto$proc_rom.cc:150:do_switch$49$rdmux[0][4][0]$a$2835, B=30'010000000000000000000000000000, Y=$memory$auto$proc_rom.cc:150:do_switch$49$rdmux[0][3][0]$a$2811
      New ports: A=$memory$auto$proc_rom.cc:150:do_switch$49$rdmux[0][4][0]$a$2835 [29:28], B=2'01, Y=$memory$auto$proc_rom.cc:150:do_switch$49$rdmux[0][3][0]$a$2811 [29:28]
      New connections: $memory$auto$proc_rom.cc:150:do_switch$49$rdmux[0][3][0]$a$2811 [27:0] = 28'0000000000000000000000000000
  Optimizing cells in module \salsa20.
    Consolidated identical input bits for $mux cell $memory$auto$proc_rom.cc:150:do_switch$49$rdmux[0][3][4]$2822:
      Old ports: A=$memory$auto$proc_rom.cc:150:do_switch$49$rdmux[0][3][4]$a$2823, B=$memory$auto$proc_rom.cc:150:do_switch$49$rdmux[0][3][4]$b$2824, Y=$memory$auto$proc_rom.cc:150:do_switch$49$rdmux[0][2][2]$a$2805
      New ports: A={ 8'00000000 $memory$auto$proc_rom.cc:150:do_switch$49$rdmux[0][3][4]$a$2823 [19:12] }, B={ $memory$auto$proc_rom.cc:150:do_switch$49$rdmux[0][3][4]$b$2824 [27:20] 8'00000000 }, Y=$memory$auto$proc_rom.cc:150:do_switch$49$rdmux[0][2][2]$a$2805 [27:12]
      New connections: { $memory$auto$proc_rom.cc:150:do_switch$49$rdmux[0][2][2]$a$2805 [29:28] $memory$auto$proc_rom.cc:150:do_switch$49$rdmux[0][2][2]$a$2805 [11:0] } = 14'00000000000000
    Consolidated identical input bits for $mux cell $memory$auto$proc_rom.cc:150:do_switch$49$rdmux[0][3][2]$2816:
      Old ports: A=$memory$auto$proc_rom.cc:150:do_switch$49$rdmux[0][3][2]$a$2817, B=30'010000000000000000000000000000, Y=$memory$auto$proc_rom.cc:150:do_switch$49$rdmux[0][2][1]$a$2802
      New ports: A={ $memory$auto$proc_rom.cc:150:do_switch$49$rdmux[0][3][2]$a$2817 [28] $memory$auto$proc_rom.cc:150:do_switch$49$rdmux[0][3][2]$a$2817 [11:10] }, B=3'100, Y={ $memory$auto$proc_rom.cc:150:do_switch$49$rdmux[0][2][1]$a$2802 [28] $memory$auto$proc_rom.cc:150:do_switch$49$rdmux[0][2][1]$a$2802 [11:10] }
      New connections: { $memory$auto$proc_rom.cc:150:do_switch$49$rdmux[0][2][1]$a$2802 [29] $memory$auto$proc_rom.cc:150:do_switch$49$rdmux[0][2][1]$a$2802 [27:12] $memory$auto$proc_rom.cc:150:do_switch$49$rdmux[0][2][1]$a$2802 [9:0] } = 27'000000000000000000000000000
    Consolidated identical input bits for $mux cell $memory$auto$proc_rom.cc:150:do_switch$49$rdmux[0][3][1]$2813:
      Old ports: A=$memory$auto$proc_rom.cc:150:do_switch$49$rdmux[0][3][1]$a$2814, B=30'010000000000000000000000000000, Y=$memory$auto$proc_rom.cc:150:do_switch$49$rdmux[0][2][0]$b$2800
      New ports: A={ 1'0 $memory$auto$proc_rom.cc:150:do_switch$49$rdmux[0][3][1]$a$2814 [9:2] }, B=9'100000000, Y={ $memory$auto$proc_rom.cc:150:do_switch$49$rdmux[0][2][0]$b$2800 [28] $memory$auto$proc_rom.cc:150:do_switch$49$rdmux[0][2][0]$b$2800 [9:2] }
      New connections: { $memory$auto$proc_rom.cc:150:do_switch$49$rdmux[0][2][0]$b$2800 [29] $memory$auto$proc_rom.cc:150:do_switch$49$rdmux[0][2][0]$b$2800 [27:10] $memory$auto$proc_rom.cc:150:do_switch$49$rdmux[0][2][0]$b$2800 [1:0] } = 21'000000000000000000000
    Consolidated identical input bits for $mux cell $memory$auto$proc_rom.cc:150:do_switch$49$rdmux[0][3][0]$2810:
      Old ports: A=$memory$auto$proc_rom.cc:150:do_switch$49$rdmux[0][3][0]$a$2811, B=$memory$auto$proc_rom.cc:150:do_switch$49$rdmux[0][3][0]$b$2812, Y=$memory$auto$proc_rom.cc:150:do_switch$49$rdmux[0][2][0]$a$2799
      New ports: A={ $memory$auto$proc_rom.cc:150:do_switch$49$rdmux[0][3][0]$a$2811 [29:28] 2'00 }, B={ 1'0 $memory$auto$proc_rom.cc:150:do_switch$49$rdmux[0][3][0]$b$2812 [28] $memory$auto$proc_rom.cc:150:do_switch$49$rdmux[0][3][0]$b$2812 [1:0] }, Y={ $memory$auto$proc_rom.cc:150:do_switch$49$rdmux[0][2][0]$a$2799 [29:28] $memory$auto$proc_rom.cc:150:do_switch$49$rdmux[0][2][0]$a$2799 [1:0] }
      New connections: $memory$auto$proc_rom.cc:150:do_switch$49$rdmux[0][2][0]$a$2799 [27:2] = 26'00000000000000000000000000
  Optimizing cells in module \salsa20.
    Consolidated identical input bits for $mux cell $memory$auto$proc_rom.cc:150:do_switch$49$rdmux[0][2][2]$2804:
      Old ports: A=$memory$auto$proc_rom.cc:150:do_switch$49$rdmux[0][2][2]$a$2805, B=30'010000000000000000000000000000, Y=$memory$auto$proc_rom.cc:150:do_switch$49$rdmux[0][1][1]$a$2796
      New ports: A={ 1'0 $memory$auto$proc_rom.cc:150:do_switch$49$rdmux[0][2][2]$a$2805 [27:12] }, B=17'10000000000000000, Y=$memory$auto$proc_rom.cc:150:do_switch$49$rdmux[0][1][1]$a$2796 [28:12]
      New connections: { $memory$auto$proc_rom.cc:150:do_switch$49$rdmux[0][1][1]$a$2796 [29] $memory$auto$proc_rom.cc:150:do_switch$49$rdmux[0][1][1]$a$2796 [11:0] } = 13'0000000000000
    Consolidated identical input bits for $mux cell $memory$auto$proc_rom.cc:150:do_switch$49$rdmux[0][2][1]$2801:
      Old ports: A=$memory$auto$proc_rom.cc:150:do_switch$49$rdmux[0][2][1]$a$2802, B=30'010000000000000000000000000000, Y=$memory$auto$proc_rom.cc:150:do_switch$49$rdmux[0][1][0]$b$2794
      New ports: A={ $memory$auto$proc_rom.cc:150:do_switch$49$rdmux[0][2][1]$a$2802 [28] $memory$auto$proc_rom.cc:150:do_switch$49$rdmux[0][2][1]$a$2802 [11:10] }, B=3'100, Y={ $memory$auto$proc_rom.cc:150:do_switch$49$rdmux[0][1][0]$b$2794 [28] $memory$auto$proc_rom.cc:150:do_switch$49$rdmux[0][1][0]$b$2794 [11:10] }
      New connections: { $memory$auto$proc_rom.cc:150:do_switch$49$rdmux[0][1][0]$b$2794 [29] $memory$auto$proc_rom.cc:150:do_switch$49$rdmux[0][1][0]$b$2794 [27:12] $memory$auto$proc_rom.cc:150:do_switch$49$rdmux[0][1][0]$b$2794 [9:0] } = 27'000000000000000000000000000
    Consolidated identical input bits for $mux cell $memory$auto$proc_rom.cc:150:do_switch$49$rdmux[0][2][0]$2798:
      Old ports: A=$memory$auto$proc_rom.cc:150:do_switch$49$rdmux[0][2][0]$a$2799, B=$memory$auto$proc_rom.cc:150:do_switch$49$rdmux[0][2][0]$b$2800, Y=$memory$auto$proc_rom.cc:150:do_switch$49$rdmux[0][1][0]$a$2793
      New ports: A={ $memory$auto$proc_rom.cc:150:do_switch$49$rdmux[0][2][0]$a$2799 [29:28] 8'00000000 $memory$auto$proc_rom.cc:150:do_switch$49$rdmux[0][2][0]$a$2799 [1:0] }, B={ 1'0 $memory$auto$proc_rom.cc:150:do_switch$49$rdmux[0][2][0]$b$2800 [28] $memory$auto$proc_rom.cc:150:do_switch$49$rdmux[0][2][0]$b$2800 [9:2] 2'00 }, Y={ $memory$auto$proc_rom.cc:150:do_switch$49$rdmux[0][1][0]$a$2793 [29:28] $memory$auto$proc_rom.cc:150:do_switch$49$rdmux[0][1][0]$a$2793 [9:0] }
      New connections: $memory$auto$proc_rom.cc:150:do_switch$49$rdmux[0][1][0]$a$2793 [27:10] = 18'000000000000000000
  Optimizing cells in module \salsa20.
    Consolidated identical input bits for $mux cell $memory$auto$proc_rom.cc:150:do_switch$49$rdmux[0][1][1]$2795:
      Old ports: A=$memory$auto$proc_rom.cc:150:do_switch$49$rdmux[0][1][1]$a$2796, B=30'010000000000000000000000000000, Y=$memory$auto$proc_rom.cc:150:do_switch$49$rdmux[0][0][0]$b$2791
      New ports: A=$memory$auto$proc_rom.cc:150:do_switch$49$rdmux[0][1][1]$a$2796 [28:12], B=17'10000000000000000, Y=$memory$auto$proc_rom.cc:150:do_switch$49$rdmux[0][0][0]$b$2791 [28:12]
      New connections: { $memory$auto$proc_rom.cc:150:do_switch$49$rdmux[0][0][0]$b$2791 [29] $memory$auto$proc_rom.cc:150:do_switch$49$rdmux[0][0][0]$b$2791 [11:0] } = 13'0000000000000
    Consolidated identical input bits for $mux cell $memory$auto$proc_rom.cc:150:do_switch$49$rdmux[0][1][0]$2792:
      Old ports: A=$memory$auto$proc_rom.cc:150:do_switch$49$rdmux[0][1][0]$a$2793, B=$memory$auto$proc_rom.cc:150:do_switch$49$rdmux[0][1][0]$b$2794, Y=$memory$auto$proc_rom.cc:150:do_switch$49$rdmux[0][0][0]$a$2790
      New ports: A={ $memory$auto$proc_rom.cc:150:do_switch$49$rdmux[0][1][0]$a$2793 [29:28] 2'00 $memory$auto$proc_rom.cc:150:do_switch$49$rdmux[0][1][0]$a$2793 [9:0] }, B={ 1'0 $memory$auto$proc_rom.cc:150:do_switch$49$rdmux[0][1][0]$b$2794 [28] $memory$auto$proc_rom.cc:150:do_switch$49$rdmux[0][1][0]$b$2794 [11:10] 10'0000000000 }, Y={ $memory$auto$proc_rom.cc:150:do_switch$49$rdmux[0][0][0]$a$2790 [29:28] $memory$auto$proc_rom.cc:150:do_switch$49$rdmux[0][0][0]$a$2790 [11:0] }
      New connections: $memory$auto$proc_rom.cc:150:do_switch$49$rdmux[0][0][0]$a$2790 [27:12] = 16'0000000000000000
  Optimizing cells in module \salsa20.
Performed a total of 47 changes.

35.5. Executing OPT_MERGE pass (detect identical cells).
Finding identical cells in module `\salsa20'.
<suppressed ~69 debug messages>
Removed a total of 23 cells.

35.6. Executing OPT_SHARE pass.

35.7. Executing OPT_DFF pass (perform DFF optimizations).

35.8. Executing OPT_CLEAN pass (remove unused cells and wires).
Finding unused cells or wires in module \salsa20..
Removed 0 unused cells and 237 unused wires.
<suppressed ~1 debug messages>

35.9. Executing OPT_EXPR pass (perform const folding).
Optimizing module salsa20.
<suppressed ~3 debug messages>

35.10. Rerunning OPT passes. (Maybe there is more to do..)

35.11. Executing OPT_MUXTREE pass (detect dead branches in mux trees).
Running muxtree optimizer on module \salsa20..
  Creating internal representation of mux trees.
  Evaluating internal representation of mux trees.
  Analyzing evaluation results.
Removed 0 multiplexer ports.
<suppressed ~61 debug messages>

35.12. Executing OPT_REDUCE pass (consolidate $*mux and $reduce_* inputs).
  Optimizing cells in module \salsa20.
Performed a total of 0 changes.

35.13. Executing OPT_MERGE pass (detect identical cells).
Finding identical cells in module `\salsa20'.
Removed a total of 0 cells.

35.14. Executing OPT_SHARE pass.

35.15. Executing OPT_DFF pass (perform DFF optimizations).
Setting constant 0-bit at position 0 on $auto$ff.cc:266:slice$2645 ($sdffe) from module salsa20.
Setting constant 0-bit at position 3 on $auto$ff.cc:266:slice$2645 ($sdffe) from module salsa20.
Setting constant 0-bit at position 6 on $auto$ff.cc:266:slice$2645 ($sdffe) from module salsa20.
Setting constant 0-bit at position 7 on $auto$ff.cc:266:slice$2645 ($sdffe) from module salsa20.
Setting constant 0-bit at position 9 on $auto$ff.cc:266:slice$2645 ($sdffe) from module salsa20.
Setting constant 0-bit at position 12 on $auto$ff.cc:266:slice$2645 ($sdffe) from module salsa20.
Setting constant 0-bit at position 14 on $auto$ff.cc:266:slice$2645 ($sdffe) from module salsa20.
Setting constant 0-bit at position 15 on $auto$ff.cc:266:slice$2645 ($sdffe) from module salsa20.
Setting constant 0-bit at position 16 on $auto$ff.cc:266:slice$2645 ($sdffe) from module salsa20.
Setting constant 0-bit at position 18 on $auto$ff.cc:266:slice$2645 ($sdffe) from module salsa20.
Setting constant 0-bit at position 19 on $auto$ff.cc:266:slice$2645 ($sdffe) from module salsa20.
Setting constant 0-bit at position 20 on $auto$ff.cc:266:slice$2645 ($sdffe) from module salsa20.
Setting constant 0-bit at position 23 on $auto$ff.cc:266:slice$2645 ($sdffe) from module salsa20.
Setting constant 0-bit at position 25 on $auto$ff.cc:266:slice$2645 ($sdffe) from module salsa20.
Setting constant 0-bit at position 26 on $auto$ff.cc:266:slice$2645 ($sdffe) from module salsa20.
Setting constant 0-bit at position 31 on $auto$ff.cc:266:slice$2645 ($sdffe) from module salsa20.
Setting constant 0-bit at position 0 on $auto$ff.cc:266:slice$2647 ($sdffe) from module salsa20.
Setting constant 0-bit at position 4 on $auto$ff.cc:266:slice$2647 ($sdffe) from module salsa20.
Setting constant 0-bit at position 7 on $auto$ff.cc:266:slice$2647 ($sdffe) from module salsa20.
Setting constant 0-bit at position 8 on $auto$ff.cc:266:slice$2647 ($sdffe) from module salsa20.
Setting constant 0-bit at position 9 on $auto$ff.cc:266:slice$2647 ($sdffe) from module salsa20.
Setting constant 0-bit at position 11 on $auto$ff.cc:266:slice$2647 ($sdffe) from module salsa20.
Setting constant 0-bit at position 12 on $auto$ff.cc:266:slice$2647 ($sdffe) from module salsa20.
Setting constant 0-bit at position 15 on $auto$ff.cc:266:slice$2647 ($sdffe) from module salsa20.
Setting constant 0-bit at position 16 on $auto$ff.cc:266:slice$2647 ($sdffe) from module salsa20.
Setting constant 0-bit at position 17 on $auto$ff.cc:266:slice$2647 ($sdffe) from module salsa20.
Setting constant 0-bit at position 18 on $auto$ff.cc:266:slice$2647 ($sdffe) from module salsa20.
Setting constant 0-bit at position 19 on $auto$ff.cc:266:slice$2647 ($sdffe) from module salsa20.
Setting constant 0-bit at position 20 on $auto$ff.cc:266:slice$2647 ($sdffe) from module salsa20.
Setting constant 0-bit at position 22 on $auto$ff.cc:266:slice$2647 ($sdffe) from module salsa20.
Setting constant 0-bit at position 23 on $auto$ff.cc:266:slice$2647 ($sdffe) from module salsa20.
Setting constant 0-bit at position 26 on $auto$ff.cc:266:slice$2647 ($sdffe) from module salsa20.
Setting constant 0-bit at position 27 on $auto$ff.cc:266:slice$2647 ($sdffe) from module salsa20.
Setting constant 0-bit at position 30 on $auto$ff.cc:266:slice$2647 ($sdffe) from module salsa20.
Setting constant 0-bit at position 31 on $auto$ff.cc:266:slice$2647 ($sdffe) from module salsa20.
Setting constant 0-bit at position 0 on $auto$ff.cc:266:slice$2785 ($sdffe) from module salsa20.
Setting constant 0-bit at position 1 on $auto$ff.cc:266:slice$2785 ($sdffe) from module salsa20.
Setting constant 0-bit at position 3 on $auto$ff.cc:266:slice$2785 ($sdffe) from module salsa20.
Setting constant 0-bit at position 7 on $auto$ff.cc:266:slice$2785 ($sdffe) from module salsa20.
Setting constant 0-bit at position 9 on $auto$ff.cc:266:slice$2785 ($sdffe) from module salsa20.
Setting constant 0-bit at position 11 on $auto$ff.cc:266:slice$2785 ($sdffe) from module salsa20.
Setting constant 0-bit at position 12 on $auto$ff.cc:266:slice$2785 ($sdffe) from module salsa20.
Setting constant 0-bit at position 15 on $auto$ff.cc:266:slice$2785 ($sdffe) from module salsa20.
Setting constant 0-bit at position 16 on $auto$ff.cc:266:slice$2785 ($sdffe) from module salsa20.
Setting constant 0-bit at position 17 on $auto$ff.cc:266:slice$2785 ($sdffe) from module salsa20.
Setting constant 0-bit at position 18 on $auto$ff.cc:266:slice$2785 ($sdffe) from module salsa20.
Setting constant 0-bit at position 19 on $auto$ff.cc:266:slice$2785 ($sdffe) from module salsa20.
Setting constant 0-bit at position 20 on $auto$ff.cc:266:slice$2785 ($sdffe) from module salsa20.
Setting constant 0-bit at position 22 on $auto$ff.cc:266:slice$2785 ($sdffe) from module salsa20.
Setting constant 0-bit at position 23 on $auto$ff.cc:266:slice$2785 ($sdffe) from module salsa20.
Setting constant 0-bit at position 26 on $auto$ff.cc:266:slice$2785 ($sdffe) from module salsa20.
Setting constant 0-bit at position 28 on $auto$ff.cc:266:slice$2785 ($sdffe) from module salsa20.
Setting constant 0-bit at position 1 on $auto$ff.cc:266:slice$2786 ($sdffe) from module salsa20.
Setting constant 0-bit at position 3 on $auto$ff.cc:266:slice$2786 ($sdffe) from module salsa20.
Setting constant 0-bit at position 4 on $auto$ff.cc:266:slice$2786 ($sdffe) from module salsa20.
Setting constant 0-bit at position 7 on $auto$ff.cc:266:slice$2786 ($sdffe) from module salsa20.
Setting constant 0-bit at position 8 on $auto$ff.cc:266:slice$2786 ($sdffe) from module salsa20.
Setting constant 0-bit at position 9 on $auto$ff.cc:266:slice$2786 ($sdffe) from module salsa20.
Setting constant 0-bit at position 10 on $auto$ff.cc:266:slice$2786 ($sdffe) from module salsa20.
Setting constant 0-bit at position 15 on $auto$ff.cc:266:slice$2786 ($sdffe) from module salsa20.
Setting constant 0-bit at position 16 on $auto$ff.cc:266:slice$2786 ($sdffe) from module salsa20.
Setting constant 0-bit at position 17 on $auto$ff.cc:266:slice$2786 ($sdffe) from module salsa20.
Setting constant 0-bit at position 18 on $auto$ff.cc:266:slice$2786 ($sdffe) from module salsa20.
Setting constant 0-bit at position 19 on $auto$ff.cc:266:slice$2786 ($sdffe) from module salsa20.
Setting constant 0-bit at position 23 on $auto$ff.cc:266:slice$2786 ($sdffe) from module salsa20.
Setting constant 0-bit at position 25 on $auto$ff.cc:266:slice$2786 ($sdffe) from module salsa20.
Setting constant 0-bit at position 26 on $auto$ff.cc:266:slice$2786 ($sdffe) from module salsa20.
Setting constant 0-bit at position 27 on $auto$ff.cc:266:slice$2786 ($sdffe) from module salsa20.
Setting constant 0-bit at position 28 on $auto$ff.cc:266:slice$2786 ($sdffe) from module salsa20.

35.16. Executing OPT_CLEAN pass (remove unused cells and wires).
Finding unused cells or wires in module \salsa20..
Removed 0 unused cells and 1 unused wires.
<suppressed ~1 debug messages>

35.17. Executing OPT_EXPR pass (perform const folding).
Optimizing module salsa20.
<suppressed ~3 debug messages>

35.18. Rerunning OPT passes. (Maybe there is more to do..)

35.19. Executing OPT_MUXTREE pass (detect dead branches in mux trees).
Running muxtree optimizer on module \salsa20..
  Creating internal representation of mux trees.
  Evaluating internal representation of mux trees.
  Analyzing evaluation results.
Removed 0 multiplexer ports.
<suppressed ~61 debug messages>

35.20. Executing OPT_REDUCE pass (consolidate $*mux and $reduce_* inputs).
  Optimizing cells in module \salsa20.
Performed a total of 0 changes.

35.21. Executing OPT_MERGE pass (detect identical cells).
Finding identical cells in module `\salsa20'.
<suppressed ~3 debug messages>
Removed a total of 1 cells.

35.22. Executing OPT_SHARE pass.

35.23. Executing OPT_DFF pass (perform DFF optimizations).

35.24. Executing OPT_CLEAN pass (remove unused cells and wires).
Finding unused cells or wires in module \salsa20..

35.25. Executing OPT_EXPR pass (perform const folding).
Optimizing module salsa20.

35.26. Rerunning OPT passes. (Maybe there is more to do..)

35.27. Executing OPT_MUXTREE pass (detect dead branches in mux trees).
Running muxtree optimizer on module \salsa20..
  Creating internal representation of mux trees.
  Evaluating internal representation of mux trees.
  Analyzing evaluation results.
Removed 0 multiplexer ports.
<suppressed ~61 debug messages>

35.28. Executing OPT_REDUCE pass (consolidate $*mux and $reduce_* inputs).
  Optimizing cells in module \salsa20.
Performed a total of 0 changes.

35.29. Executing OPT_MERGE pass (detect identical cells).
Finding identical cells in module `\salsa20'.
Removed a total of 0 cells.

35.30. Executing OPT_SHARE pass.

35.31. Executing OPT_DFF pass (perform DFF optimizations).

35.32. Executing OPT_CLEAN pass (remove unused cells and wires).
Finding unused cells or wires in module \salsa20..

35.33. Executing OPT_EXPR pass (perform const folding).
Optimizing module salsa20.

35.34. Finished OPT passes. (There is nothing left to do.)

36. Executing TECHMAP pass (map to technology primitives).

36.1. Executing Verilog-2005 frontend: /build/bin/../share/yosys/techmap.v
Parsing Verilog input from `/build/bin/../share/yosys/techmap.v' to AST representation.
Generating RTLIL representation for module `\_90_simplemap_bool_ops'.
Generating RTLIL representation for module `\_90_simplemap_reduce_ops'.
Generating RTLIL representation for module `\_90_simplemap_logic_ops'.
Generating RTLIL representation for module `\_90_simplemap_compare_ops'.
Generating RTLIL representation for module `\_90_simplemap_various'.
Generating RTLIL representation for module `\_90_simplemap_registers'.
Generating RTLIL representation for module `\_90_shift_ops_shr_shl_sshl_sshr'.
Generating RTLIL representation for module `\_90_shift_shiftx'.
Generating RTLIL representation for module `\_90_fa'.
Generating RTLIL representation for module `\_90_lcu'.
Generating RTLIL representation for module `\_90_alu'.
Generating RTLIL representation for module `\_90_macc'.
Generating RTLIL representation for module `\_90_alumacc'.
Generating RTLIL representation for module `\$__div_mod_u'.
Generating RTLIL representation for module `\$__div_mod_trunc'.
Generating RTLIL representation for module `\_90_div'.
Generating RTLIL representation for module `\_90_mod'.
Generating RTLIL representation for module `\$__div_mod_floor'.
Generating RTLIL representation for module `\_90_divfloor'.
Generating RTLIL representation for module `\_90_modfloor'.
Generating RTLIL representation for module `\_90_pow'.
Generating RTLIL representation for module `\_90_pmux'.
Generating RTLIL representation for module `\_90_demux'.
Generating RTLIL representation for module `\_90_lut'.
Successfully finished Verilog frontend.

36.2. Continuing TECHMAP pass.
Using extmapper simplemap for cells of type $eq.
Using template $paramod$b1b84ea6577090e4343ab204585f770b9ac9f33b\_90_pmux for cells of type $pmux.
Using extmapper simplemap for cells of type $not.
Using extmapper simplemap for cells of type $logic_not.
Using extmapper simplemap for cells of type $reduce_or.
Using extmapper simplemap for cells of type $mux.
Using extmapper simplemap for cells of type $and.
Using extmapper simplemap for cells of type $sdffe.
Using extmapper simplemap for cells of type $dffe.
Using extmapper simplemap for cells of type $sdff.
Using extmapper simplemap for cells of type $dff.
Using template $paramod$fc972a7a46956c1788f3cb5257b53c8f1df2d0cc\_90_alu for cells of type $alu.
Using extmapper simplemap for cells of type $xor.
Using template $paramod$fbc7873bff55778c0b3173955b7e4bce1d9d6834\_90_alu for cells of type $alu.
Using extmapper simplemap for cells of type $or.
Using extmapper simplemap for cells of type $reduce_and.
Using template $paramod$c5c783b17ab1d780abfad8cfe6563a0a7b47a3b0\_90_pmux for cells of type $pmux.
Using template $paramod$b3b6ac92d800c6f07aa48f510f923d86a674e5a7\_90_pmux for cells of type $pmux.
Using template $paramod$6a42b6fefed750f8a1c58eab59479d960557103c\_90_alu for cells of type $alu.
Using template $paramod$32a7b7b86c07519b7537abc18e96f0331f97914d\_90_alu for cells of type $alu.
Using template $paramod$dde52db7035cb02b3cc5e73865788532339e3bcb\_90_alu for cells of type $alu.
Using template $paramod$403d07c18de10cda2ac652a859c56aea81aaf9b5\_90_alu for cells of type $alu.
Using template $paramod$ebf89ea36a793f0f77858f212141d47c833068ad\_90_alu for cells of type $alu.
Using extmapper simplemap for cells of type $pos.
Using template $paramod\_90_lcu\WIDTH=32'00000000000000000000000000100000 for cells of type $lcu.
Using template $paramod\_90_lcu\WIDTH=32'00000000000000000000000000000001 for cells of type $lcu.
Using template $paramod\_90_lcu\WIDTH=32'00000000000000000000000000000100 for cells of type $lcu.
Using template $paramod\_90_lcu\WIDTH=32'00000000000000000000000000000101 for cells of type $lcu.
Using template $paramod\_90_lcu\WIDTH=32'00000000000000000000000000011110 for cells of type $lcu.
Using template $paramod\_90_lcu\WIDTH=32'00000000000000000000000000011111 for cells of type $lcu.
No more expansions possible.
<suppressed ~6557 debug messages>

37. Executing OPT pass (performing simple optimizations).

37.1. Executing OPT_EXPR pass (perform const folding).
Optimizing module salsa20.
<suppressed ~2481 debug messages>

37.2. Executing OPT_MERGE pass (detect identical cells).
Finding identical cells in module `\salsa20'.
<suppressed ~1278 debug messages>
Removed a total of 426 cells.

37.3. Executing OPT_DFF pass (perform DFF optimizations).

37.4. Executing OPT_CLEAN pass (remove unused cells and wires).
Finding unused cells or wires in module \salsa20..
Removed 1384 unused cells and 2053 unused wires.
<suppressed ~1385 debug messages>

37.5. Finished fast OPT passes.

38. Executing ABC pass (technology mapping using ABC).

38.1. Extracting gate netlist of module `\salsa20' to `<abc-temp-dir>/input.blif'..
Extracted 13120 gates and 15785 wires to a netlist network with 2663 inputs and 1555 outputs.

38.1.1. Executing ABC.
Running ABC command: "<yosys-exe-dir>/yosys-abc" -s -f <abc-temp-dir>/abc.script 2>&1
ABC: ABC command line: "source <abc-temp-dir>/abc.script".
ABC: 
ABC: + read_blif <abc-temp-dir>/input.blif 
ABC: + read_library <abc-temp-dir>/stdcells.genlib 
ABC: Entered genlib library with 13 gates from file "<abc-temp-dir>/stdcells.genlib".
ABC: + strash 
ABC: + dretime 
ABC: + map 
ABC: + write_blif <abc-temp-dir>/output.blif 

38.1.2. Re-integrating ABC results.
ABC RESULTS:              NAND cells:      596
ABC RESULTS:             ORNOT cells:      277
ABC RESULTS:              XNOR cells:      727
ABC RESULTS:               NOR cells:      647
ABC RESULTS:               XOR cells:     2310
ABC RESULTS:               MUX cells:     1288
ABC RESULTS:               AND cells:      484
ABC RESULTS:               NOT cells:      781
ABC RESULTS:            ANDNOT cells:     4971
ABC RESULTS:                OR cells:     1694
ABC RESULTS:        internal signals:    11567
ABC RESULTS:           input signals:     2663
ABC RESULTS:          output signals:     1555
Removing temp directory.

39. Executing OPT pass (performing simple optimizations).

39.1. Executing OPT_EXPR pass (perform const folding).
Optimizing module salsa20.
<suppressed ~484 debug messages>

39.2. Executing OPT_MERGE pass (detect identical cells).
Finding identical cells in module `\salsa20'.
<suppressed ~12 debug messages>
Removed a total of 4 cells.

39.3. Executing OPT_DFF pass (perform DFF optimizations).

39.4. Executing OPT_CLEAN pass (remove unused cells and wires).
Finding unused cells or wires in module \salsa20..
Removed 0 unused cells and 7820 unused wires.
<suppressed ~92 debug messages>

39.5. Finished fast OPT passes.

40. Executing HIERARCHY pass (managing design hierarchy).

40.1. Analyzing design hierarchy..
Top module:  \salsa20

40.2. Analyzing design hierarchy..
Top module:  \salsa20
Removed 0 unused modules.

41. Printing statistics.

=== salsa20 ===

   Number of wires:              12474
   Number of wire bits:          21093
   Number of public wires:         252
   Number of public wire bits:    8871
   Number of memories:               0
   Number of memory bits:            0
   Number of processes:              0
   Number of cells:              17448
     $_ANDNOT_                    4971
     $_AND_                        484
     $_DFFE_PP_                      1
     $_DFF_P_                        5
     $_MUX_                       1288
     $_NAND_                       596
     $_NOR_                        646
     $_NOT_                        781
     $_ORNOT_                      277
     $_OR_                        1691
     $_SDFFE_PN0P_                3669
     $_SDFF_PN0_                     2
     $_XNOR_                       727
     $_XOR_                       2310

42. Executing CHECK pass (checking for obvious problems).
Checking module salsa20...
Found and reported 0 problems.

43. Generating Graphviz representation of design.
Writing dot description to `/openlane/designs/salsa20/runs/RUN_2026.07.11_07.13.07/tmp/synthesis/post_techmap.dot'.
Dumping module salsa20 to page 1.

44. Executing SHARE pass (SAT-based resource sharing).

45. Executing OPT pass (performing simple optimizations).

45.1. Executing OPT_EXPR pass (perform const folding).
Optimizing module salsa20.

45.2. Executing OPT_MERGE pass (detect identical cells).
Finding identical cells in module `\salsa20'.
Removed a total of 0 cells.

45.3. Executing OPT_MUXTREE pass (detect dead branches in mux trees).
Running muxtree optimizer on module \salsa20..
  Creating internal representation of mux trees.
  No muxes found in this module.
Removed 0 multiplexer ports.

45.4. Executing OPT_REDUCE pass (consolidate $*mux and $reduce_* inputs).
  Optimizing cells in module \salsa20.
Performed a total of 0 changes.

45.5. Executing OPT_MERGE pass (detect identical cells).
Finding identical cells in module `\salsa20'.
Removed a total of 0 cells.

45.6. Executing OPT_DFF pass (perform DFF optimizations).

45.7. Executing OPT_CLEAN pass (remove unused cells and wires).
Finding unused cells or wires in module \salsa20..

45.8. Executing OPT_EXPR pass (perform const folding).
Optimizing module salsa20.

45.9. Finished OPT passes. (There is nothing left to do.)

46. Executing OPT_CLEAN pass (remove unused cells and wires).
Finding unused cells or wires in module \salsa20..
Removed 0 unused cells and 93 unused wires.
<suppressed ~93 debug messages>

47. Printing statistics.

=== salsa20 ===

   Number of wires:              12381
   Number of wire bits:          17650
   Number of public wires:         159
   Number of public wire bits:    5428
   Number of memories:               0
   Number of memory bits:            0
   Number of processes:              0
   Number of cells:              17448
     $_ANDNOT_                    4971
     $_AND_                        484
     $_DFFE_PP_                      1
     $_DFF_P_                        5
     $_MUX_                       1288
     $_NAND_                       596
     $_NOR_                        646
     $_NOT_                        781
     $_ORNOT_                      277
     $_OR_                        1691
     $_SDFFE_PN0P_                3669
     $_SDFF_PN0_                     2
     $_XNOR_                       727
     $_XOR_                       2310

mapping tbuf

48. Executing TECHMAP pass (map to technology primitives).

48.1. Executing Verilog-2005 frontend: /openlane/pdks/sky130A/libs.tech/openlane/sky130_fd_sc_hd/tribuff_map.v
Parsing Verilog input from `/openlane/pdks/sky130A/libs.tech/openlane/sky130_fd_sc_hd/tribuff_map.v' to AST representation.
Generating RTLIL representation for module `\$_TBUF_'.
Successfully finished Verilog frontend.

48.2. Continuing TECHMAP pass.
No more expansions possible.
<suppressed ~3 debug messages>

49. Executing SIMPLEMAP pass (map simple cells to gate primitives).

50. Executing TECHMAP pass (map to technology primitives).

50.1. Executing Verilog-2005 frontend: /openlane/pdks/sky130A/libs.tech/openlane/sky130_fd_sc_hd/latch_map.v
Parsing Verilog input from `/openlane/pdks/sky130A/libs.tech/openlane/sky130_fd_sc_hd/latch_map.v' to AST representation.
Generating RTLIL representation for module `\$_DLATCH_P_'.
Generating RTLIL representation for module `\$_DLATCH_N_'.
Successfully finished Verilog frontend.

50.2. Continuing TECHMAP pass.
No more expansions possible.
<suppressed ~4 debug messages>

51. Executing SIMPLEMAP pass (map simple cells to gate primitives).

52. Executing DFFLIBMAP pass (mapping DFF cells to sequential cells from liberty file).
  cell sky130_fd_sc_hd__dfxtp_2 (noninv, pins=3, area=21.27) is a direct match for cell type $_DFF_P_.
  cell sky130_fd_sc_hd__dfrtp_2 (noninv, pins=4, area=26.28) is a direct match for cell type $_DFF_PN0_.
  cell sky130_fd_sc_hd__dfstp_2 (noninv, pins=4, area=26.28) is a direct match for cell type $_DFF_PN1_.
  cell sky130_fd_sc_hd__dfbbn_2 (noninv, pins=6, area=35.03) is a direct match for cell type $_DFFSR_NNN_.
  final dff cell mappings:
    unmapped dff cell: $_DFF_N_
    \sky130_fd_sc_hd__dfxtp_2 _DFF_P_ (.CLK( C), .D( D), .Q( Q));
    unmapped dff cell: $_DFF_NN0_
    unmapped dff cell: $_DFF_NN1_
    unmapped dff cell: $_DFF_NP0_
    unmapped dff cell: $_DFF_NP1_
    \sky130_fd_sc_hd__dfrtp_2 _DFF_PN0_ (.CLK( C), .D( D), .Q( Q), .RESET_B( R));
    \sky130_fd_sc_hd__dfstp_2 _DFF_PN1_ (.CLK( C), .D( D), .Q( Q), .SET_B( R));
    unmapped dff cell: $_DFF_PP0_
    unmapped dff cell: $_DFF_PP1_
    \sky130_fd_sc_hd__dfbbn_2 _DFFSR_NNN_ (.CLK_N( C), .D( D), .Q( Q), .Q_N(~Q), .RESET_B( R), .SET_B( S));
    unmapped dff cell: $_DFFSR_NNP_
    unmapped dff cell: $_DFFSR_NPN_
    unmapped dff cell: $_DFFSR_NPP_
    unmapped dff cell: $_DFFSR_PNN_
    unmapped dff cell: $_DFFSR_PNP_
    unmapped dff cell: $_DFFSR_PPN_
    unmapped dff cell: $_DFFSR_PPP_

52.1. Executing DFFLEGALIZE pass (convert FFs to types supported by the target).
Mapping DFF cells in module `\salsa20':
  mapped 3677 $_DFF_P_ cells to \sky130_fd_sc_hd__dfxtp_2 cells.

53. Printing statistics.

=== salsa20 ===

   Number of wires:              19722
   Number of wire bits:          24991
   Number of public wires:         159
   Number of public wire bits:    5428
   Number of memories:               0
   Number of memory bits:            0
   Number of processes:              0
   Number of cells:              24789
     $_ANDNOT_                    4971
     $_AND_                        484
     $_MUX_                       8629
     $_NAND_                       596
     $_NOR_                        646
     $_NOT_                        781
     $_ORNOT_                      277
     $_OR_                        1691
     $_XNOR_                       727
     $_XOR_                       2310
     sky130_fd_sc_hd__dfxtp_2     3677

[INFO]: USING STRATEGY AREA 0

54. Executing ABC pass (technology mapping using ABC).

54.1. Extracting gate netlist of module `\salsa20' to `/tmp/yosys-abc-4LB9UD/input.blif'..
Extracted 21112 gates and 24833 wires to a netlist network with 3720 inputs and 3710 outputs.

54.1.1. Executing ABC.
Running ABC command: "/build/bin/yosys-abc" -s -f /tmp/yosys-abc-4LB9UD/abc.script 2>&1
ABC: ABC command line: "source /tmp/yosys-abc-4LB9UD/abc.script".
ABC: 
ABC: + read_blif /tmp/yosys-abc-4LB9UD/input.blif 
ABC: + read_lib -w /openlane/designs/salsa20/runs/RUN_2026.07.11_07.13.07/tmp/synthesis/trimmed.lib 
ABC: Parsing finished successfully.  Parsing time =     0.04 sec
ABC: Scl_LibertyReadGenlib() skipped sequential cell "sky130_fd_sc_hd__dfbbn_2".
ABC: Scl_LibertyReadGenlib() skipped sequential cell "sky130_fd_sc_hd__dfrbp_2".
ABC: Scl_LibertyReadGenlib() skipped sequential cell "sky130_fd_sc_hd__dfrtp_2".
ABC: Scl_LibertyReadGenlib() skipped sequential cell "sky130_fd_sc_hd__dfrtp_4".
ABC: Scl_LibertyReadGenlib() skipped sequential cell "sky130_fd_sc_hd__dfsbp_2".
ABC: Scl_LibertyReadGenlib() skipped sequential cell "sky130_fd_sc_hd__dfstp_2".
ABC: Scl_LibertyReadGenlib() skipped sequential cell "sky130_fd_sc_hd__dfstp_4".
ABC: Scl_LibertyReadGenlib() skipped sequential cell "sky130_fd_sc_hd__dfxbp_2".
ABC: Scl_LibertyReadGenlib() skipped sequential cell "sky130_fd_sc_hd__dfxtp_2".
ABC: Scl_LibertyReadGenlib() skipped sequential cell "sky130_fd_sc_hd__dfxtp_4".
ABC: Scl_LibertyReadGenlib() skipped sequential cell "sky130_fd_sc_hd__dlxtn_1".
ABC: Scl_LibertyReadGenlib() skipped sequential cell "sky130_fd_sc_hd__dlxtn_2".
ABC: Scl_LibertyReadGenlib() skipped sequential cell "sky130_fd_sc_hd__dlxtn_4".
ABC: Scl_LibertyReadGenlib() skipped sequential cell "sky130_fd_sc_hd__dlxtp_1".
ABC: Scl_LibertyReadGenlib() skipped three-state cell "sky130_fd_sc_hd__ebufn_2".
ABC: Scl_LibertyReadGenlib() skipped three-state cell "sky130_fd_sc_hd__ebufn_4".
ABC: Scl_LibertyReadGenlib() skipped three-state cell "sky130_fd_sc_hd__ebufn_8".
ABC: Library "sky130A_merged" from "/openlane/designs/salsa20/runs/RUN_2026.07.11_07.13.07/tmp/synthesis/trimmed.lib" has 175 cells (17 skipped: 14 seq; 3 tri-state; 0 no func; 0 dont_use).  Time =     0.06 sec
ABC: Memory =    9.54 MB. Time =     0.06 sec
ABC: Warning: Detected 2 multi-output gates (for example, "sky130_fd_sc_hd__fa_1").
ABC: + read_constr -v /openlane/designs/salsa20/runs/RUN_2026.07.11_07.13.07/tmp/synthesis/synthesis.sdc 
ABC: Setting driving cell to be "sky130_fd_sc_hd__inv_2".
ABC: Setting output load to be 33.442001.
ABC: + read_constr /openlane/designs/salsa20/runs/RUN_2026.07.11_07.13.07/tmp/synthesis/synthesis.sdc 
ABC: + fx 
ABC: Abc_NtkFastExtract: Nodes have duplicated fanins. FX is not performed.
ABC: + mfs 
ABC: + strash 
ABC: + refactor 
ABC: + balance 
ABC: + rewrite 
ABC: + refactor 
ABC: + balance 
ABC: + rewrite 
ABC: + rewrite -z 
ABC: + balance 
ABC: + refactor -z 
ABC: + rewrite -z 
ABC: + balance 
ABC: + retime -D -D 38000 -M 5 
ABC: + scleanup 
ABC: Error: The network is combinational.
ABC: + fraig_store 
ABC: + balance 
ABC: + fraig_store 
ABC: + balance 
ABC: + rewrite 
ABC: + refactor 
ABC: + balance 
ABC: + rewrite 
ABC: + rewrite -z 
ABC: + balance 
ABC: + refactor -z 
ABC: + rewrite -z 
ABC: + balance 
ABC: + fraig_store 
ABC: + balance 
ABC: + rewrite 
ABC: + refactor 
ABC: + balance 
ABC: + rewrite 
ABC: + rewrite -z 
ABC: + balance 
ABC: + refactor -z 
ABC: + rewrite -z 
ABC: + balance 
ABC: + fraig_store 
ABC: + balance 
ABC: + rewrite 
ABC: + refactor 
ABC: + balance 
ABC: + rewrite 
ABC: + rewrite -z 
ABC: + balance 
ABC: + refactor -z 
ABC: + rewrite -z 
ABC: + balance 
ABC: + fraig_store 
ABC: + fraig_restore 
ABC: + amap -m -Q 0.1 -F 20 -A 20 -C 5000 
ABC: + retime -D -D 38000 
ABC: + &get -n 
ABC: + &st 
ABC: + &dch 
ABC: + &nf 
ABC: + &put 
ABC: + buffer -N 6 -S 750.0 
ABC: + upsize -D 38000 
ABC: Current delay (13156.71 ps) does not exceed the target delay (38000.00 ps). Upsizing is not performed.
ABC: + dnsize -D 38000 
ABC: + stime -p 
ABC: WireLoad = "none"  Gates =  19994 ( 19.7 %)   Cap = 11.1 ff (  4.8 %)   Area =   161715.09 ( 80.3 %)   Delay = 13430.22 ps  (  0.9 %)               
ABC: Path  0 --      72 : 0    3 pi                        A =   0.00  Df =  26.6  -15.2 ps  S =  42.6 ps  Cin =  0.0 ff  Cout =   7.7 ff  Cmax =   0.0 ff  G =    0  
ABC: Path  1 --    7456 : 1    6 sky130_fd_sc_hd__buf_1    A =   3.75  Df = 216.3  -73.6 ps  S = 203.8 ps  Cin =  2.1 ff  Cout =  16.6 ff  Cmax = 130.0 ff  G =  758  
ABC: Path  2 --   14764 : 1    6 sky130_fd_sc_hd__buf_1    A =   3.75  Df = 458.6 -142.5 ps  S = 230.5 ps  Cin =  2.1 ff  Cout =  19.0 ff  Cmax = 130.0 ff  G =  864  
ABC: Path  3 --   14765 : 1    6 sky130_fd_sc_hd__buf_1    A =   3.75  Df = 704.7 -210.1 ps  S = 230.3 ps  Cin =  2.1 ff  Cout =  19.0 ff  Cmax = 130.0 ff  G =  864  
ABC: Path  4 --   14804 : 3    3 sky130_fd_sc_hd__mux2_2   A =  11.26  Df =1046.8 -168.8 ps  S =  97.3 ps  Cin =  2.3 ff  Cout =  15.2 ff  Cmax = 297.6 ff  G =  640  
ABC: Path  5 --   14805 : 2    2 sky130_fd_sc_hd__or2_2    A =   6.26  Df =1172.6   -0.3 ps  S =  64.5 ps  Cin =  1.5 ff  Cout =   5.9 ff  Cmax = 299.4 ff  G =  397  
ABC: Path  6 --   14807 : 2    2 sky130_fd_sc_hd__nand2_2  A =   6.26  Df =1256.0  -26.3 ps  S =  74.3 ps  Cin =  4.4 ff  Cout =  10.6 ff  Cmax = 295.7 ff  G =  229  
ABC: Path  7 --   14812 : 2    2 sky130_fd_sc_hd__or2_2    A =   6.26  Df =1524.5 -155.3 ps  S =  59.2 ps  Cin =  1.5 ff  Cout =   4.4 ff  Cmax = 299.4 ff  G =  284  
ABC: Path  8 --   14821 : 4    2 sky130_fd_sc_hd__or4_2    A =   8.76  Df =2169.2 -591.5 ps  S = 104.0 ps  Cin =  1.5 ff  Cout =   3.9 ff  Cmax = 310.4 ff  G =  253  
ABC: Path  9 --   14832 : 4    3 sky130_fd_sc_hd__a211o_2  A =  10.01  Df =2500.7 -734.5 ps  S =  64.0 ps  Cin =  2.4 ff  Cout =   9.0 ff  Cmax = 325.0 ff  G =  366  
ABC: Path 10 --   14944 : 3    2 sky130_fd_sc_hd__a21o_2   A =   8.76  Df =2718.4 -796.5 ps  S =  40.0 ps  Cin =  2.4 ff  Cout =   4.9 ff  Cmax = 309.5 ff  G =  197  
ABC: Path 11 --   14954 : 5    3 sky130_fd_sc_hd__a311o_2  A =  11.26  Df =3096.6 -990.3 ps  S =  72.6 ps  Cin =  2.3 ff  Cout =   9.5 ff  Cmax = 298.5 ff  G =  401  
ABC: Path 12 --   14999 : 4    2 sky130_fd_sc_hd__a211o_2  A =  10.01  Df =3409.0-1112.1 ps  S =  59.3 ps  Cin =  2.4 ff  Cout =   7.2 ff  Cmax = 325.0 ff  G =  289  
ABC: Path 13 --   15004 : 4    4 sky130_fd_sc_hd__a31o_2   A =   8.76  Df =3685.6-1197.1 ps  S =  92.9 ps  Cin =  2.4 ff  Cout =  13.3 ff  Cmax = 271.9 ff  G =  545  
ABC: Path 14 --   15016 : 3    3 sky130_fd_sc_hd__and3b_2  A =  10.01  Df =3904.4 -207.0 ps  S =  57.5 ps  Cin =  1.5 ff  Cout =   5.7 ff  Cmax = 309.5 ff  G =  368  
ABC: Path 15 --   15020 : 3    3 sky130_fd_sc_hd__o21a_2   A =   8.76  Df =4124.2 -156.2 ps  S =  64.3 ps  Cin =  2.4 ff  Cout =   8.8 ff  Cmax = 294.8 ff  G =  346  
ABC: Path 16 --   15036 : 4    1 sky130_fd_sc_hd__or4b_2   A =  10.01  Df =4759.6 -248.8 ps  S = 106.8 ps  Cin =  1.5 ff  Cout =   4.7 ff  Cmax = 265.5 ff  G =  298  
ABC: Path 17 --   15042 : 5    4 sky130_fd_sc_hd__o32ai_2  A =  16.27  Df =5108.9 -112.5 ps  S = 372.0 ps  Cin =  4.4 ff  Cout =  15.3 ff  Cmax =  88.8 ff  G =  339  
ABC: Path 18 --   15118 : 3    4 sky130_fd_sc_hd__a21oi_2  A =   8.76  Df =5234.6  -37.1 ps  S = 170.9 ps  Cin =  4.6 ff  Cout =  11.3 ff  Cmax = 128.2 ff  G =  232  
ABC: Path 19 --   15134 : 4    4 sky130_fd_sc_hd__o31a_2   A =  10.01  Df =5585.1 -178.6 ps  S = 117.5 ps  Cin =  2.3 ff  Cout =  19.0 ff  Cmax = 285.7 ff  G =  775  
ABC: Path 20 --   15215 : 5    2 sky130_fd_sc_hd__o311a_2  A =  11.26  Df =6012.7 -390.2 ps  S =  73.9 ps  Cin =  2.4 ff  Cout =   9.7 ff  Cmax = 293.9 ff  G =  393  
ABC: Path 21 --   15289 : 3    2 sky130_fd_sc_hd__a21oi_2  A =   8.76  Df =6173.3 -488.3 ps  S = 118.7 ps  Cin =  4.6 ff  Cout =   6.4 ff  Cmax = 128.2 ff  G =  131  
ABC: Path 22 --   15293 : 4    2 sky130_fd_sc_hd__o31ai_2  A =  12.51  Df =6259.7 -326.7 ps  S = 230.1 ps  Cin =  4.4 ff  Cout =   6.6 ff  Cmax =  80.6 ff  G =  144  
ABC: Path 23 --   15301 : 3    2 sky130_fd_sc_hd__and3_2   A =   7.51  Df =6466.4 -301.0 ps  S =  62.9 ps  Cin =  1.5 ff  Cout =   6.7 ff  Cmax = 309.5 ff  G =  430  
ABC: Path 24 --   15305 : 3    4 sky130_fd_sc_hd__or3_2    A =   7.51  Df =6971.6 -402.5 ps  S = 101.5 ps  Cin =  1.5 ff  Cout =  10.1 ff  Cmax = 310.4 ff  G =  641  
ABC: Path 25 --   15404 : 3    2 sky130_fd_sc_hd__and3_2   A =   7.51  Df =7183.5 -341.5 ps  S =  47.0 ps  Cin =  1.5 ff  Cout =   3.1 ff  Cmax = 309.5 ff  G =  196  
ABC: Path 26 --   15408 : 4    1 sky130_fd_sc_hd__or4_2    A =   8.76  Df =7774.7 -532.0 ps  S =  95.2 ps  Cin =  1.5 ff  Cout =   2.5 ff  Cmax = 310.4 ff  G =  155  
ABC: Path 27 --   15409 : 4    3 sky130_fd_sc_hd__a31o_2   A =   8.76  Df =8020.1 -670.1 ps  S =  67.9 ps  Cin =  2.4 ff  Cout =   8.5 ff  Cmax = 271.9 ff  G =  348  
ABC: Path 28 --   15418 : 4    4 sky130_fd_sc_hd__a31o_2   A =   8.76  Df =8274.5 -739.0 ps  S =  83.3 ps  Cin =  2.4 ff  Cout =  11.5 ff  Cmax = 271.9 ff  G =  466  
ABC: Path 29 --   15454 : 3    3 sky130_fd_sc_hd__a21o_2   A =   8.76  Df =8510.4 -818.4 ps  S =  70.0 ps  Cin =  2.4 ff  Cout =  11.5 ff  Cmax = 309.5 ff  G =  473  
ABC: Path 30 --   15468 : 3    4 sky130_fd_sc_hd__a21o_2   A =   8.76  Df =8726.3 -880.2 ps  S =  77.6 ps  Cin =  2.4 ff  Cout =  13.1 ff  Cmax = 309.5 ff  G =  534  
ABC: Path 31 --   15532 : 5    3 sky130_fd_sc_hd__a311o_2  A =  11.26  Df =9107.8-1070.7 ps  S =  69.9 ps  Cin =  2.3 ff  Cout =   8.5 ff  Cmax = 298.5 ff  G =  360  
ABC: Path 32 --   15609 : 3    3 sky130_fd_sc_hd__a21o_2   A =   8.76  Df =9347.0-1159.0 ps  S =  69.1 ps  Cin =  2.4 ff  Cout =  11.3 ff  Cmax = 309.5 ff  G =  458  
ABC: Path 33 --   15610 : 3    5 sky130_fd_sc_hd__and3_2   A =   7.51  Df =9589.6 -153.4 ps  S = 100.1 ps  Cin =  1.5 ff  Cout =  15.2 ff  Cmax = 309.5 ff  G =  976  
ABC: Path 34 --   15617 : 4    2 sky130_fd_sc_hd__or4_2    A =   8.76  Df =10244.0 -649.4 ps  S =  97.8 ps  Cin =  1.5 ff  Cout =   2.9 ff  Cmax = 310.4 ff  G =  183  
ABC: Path 35 --   15618 : 4    1 sky130_fd_sc_hd__or4_2    A =   8.76  Df =10781.7 -981.1 ps  S =  95.2 ps  Cin =  1.5 ff  Cout =   2.5 ff  Cmax = 310.4 ff  G =  155  
ABC: Path 36 --   15619 : 4    2 sky130_fd_sc_hd__a31o_2   A =   8.76  Df =11011.7 -852.7 ps  S =  44.5 ps  Cin =  2.4 ff  Cout =   3.9 ff  Cmax = 271.9 ff  G =  161  
ABC: Path 37 --   15671 : 4    4 sky130_fd_sc_hd__a211o_2  A =  10.01  Df =11318.7-1026.1 ps  S =  64.0 ps  Cin =  2.4 ff  Cout =   8.8 ff  Cmax = 325.0 ff  G =  360  
ABC: Path 38 --   15804 : 4    2 sky130_fd_sc_hd__a211o_2  A =  10.01  Df =11615.6-1203.1 ps  S =  51.0 ps  Cin =  2.4 ff  Cout =   4.0 ff  Cmax = 325.0 ff  G =  164  
ABC: Path 39 --   15853 : 5    2 sky130_fd_sc_hd__a2111o_2 A =  12.51  Df =12087.4-1543.2 ps  S =  72.2 ps  Cin =  2.4 ff  Cout =   6.1 ff  Cmax = 324.1 ff  G =  243  
ABC: Path 40 --   15865 : 3    4 sky130_fd_sc_hd__a21oi_2  A =   8.76  Df =12239.4-1642.8 ps  S = 126.1 ps  Cin =  4.6 ff  Cout =   7.1 ff  Cmax = 128.2 ff  G =  146  
ABC: Path 41 --   15889 : 2    1 sky130_fd_sc_hd__or2_2    A =   6.26  Df =12374.0-1481.7 ps  S =  61.7 ps  Cin =  1.5 ff  Cout =   5.1 ff  Cmax = 299.4 ff  G =  333  
ABC: Path 42 --   15896 : 3    2 sky130_fd_sc_hd__a21oi_2  A =   8.76  Df =12426.6-1379.0 ps  S = 117.6 ps  Cin =  4.6 ff  Cout =   6.3 ff  Cmax = 128.2 ff  G =  128  
ABC: Path 43 --   15898 : 4    1 sky130_fd_sc_hd__or4_2    A =   8.76  Df =13012.0 -424.9 ps  S =  91.3 ps  Cin =  1.5 ff  Cout =   1.5 ff  Cmax = 310.4 ff  G =  100  
ABC: Path 44 --   15902 : 3    1 sky130_fd_sc_hd__and3_2   A =   7.51  Df =13215.8 -419.4 ps  S =  42.0 ps  Cin =  1.5 ff  Cout =   2.2 ff  Cmax = 309.5 ff  G =  141  
ABC: Path 45 --   15903 : 1    1 sky130_fd_sc_hd__buf_1    A =   3.75  Df =13430.2 -311.6 ps  S = 396.7 ps  Cin =  2.1 ff  Cout =  33.4 ff  Cmax = 130.0 ff  G = 1590  
ABC: Start-point = pi71 (\core.qr_ctr_reg).  End-point = po2114 ($auto$rtlil.cc:2607:MuxGate$47652).
ABC: + print_stats -m 
ABC: netlist                       : i/o = 3720/ 3710  lat =    0  nd = 19994  edge =  48246  area =161736.02  delay =49.00  lev = 49
ABC: + write_blif /tmp/yosys-abc-4LB9UD/output.blif 

54.1.2. Re-integrating ABC results.
ABC RESULTS:   sky130_fd_sc_hd__buf_2 cells:        1
ABC RESULTS:   sky130_fd_sc_hd__or4bb_2 cells:        1
ABC RESULTS:   sky130_fd_sc_hd__o32ai_2 cells:        1
ABC RESULTS:   sky130_fd_sc_hd__o221ai_2 cells:        5
ABC RESULTS:   sky130_fd_sc_hd__nand2b_2 cells:        5
ABC RESULTS:   sky130_fd_sc_hd__o2111ai_2 cells:        1
ABC RESULTS:   sky130_fd_sc_hd__o2bb2a_2 cells:        2
ABC RESULTS:   sky130_fd_sc_hd__and4bb_2 cells:        5
ABC RESULTS:   sky130_fd_sc_hd__a22oi_2 cells:        1
ABC RESULTS:   sky130_fd_sc_hd__a311oi_2 cells:        4
ABC RESULTS:   sky130_fd_sc_hd__o22a_2 cells:        4
ABC RESULTS:   sky130_fd_sc_hd__or4b_2 cells:       11
ABC RESULTS:   sky130_fd_sc_hd__o2111a_2 cells:        1
ABC RESULTS:   sky130_fd_sc_hd__nand4_2 cells:        5
ABC RESULTS:   sky130_fd_sc_hd__o32a_2 cells:        5
ABC RESULTS:   sky130_fd_sc_hd__o211ai_2 cells:        9
ABC RESULTS:   sky130_fd_sc_hd__a221oi_2 cells:        2
ABC RESULTS:   sky130_fd_sc_hd__o311ai_2 cells:        1
ABC RESULTS:   sky130_fd_sc_hd__a2111oi_2 cells:        2
ABC RESULTS:   sky130_fd_sc_hd__nor3b_2 cells:        3
ABC RESULTS:   sky130_fd_sc_hd__nand3b_2 cells:       11
ABC RESULTS:   sky130_fd_sc_hd__a211o_2 cells:       66
ABC RESULTS:   sky130_fd_sc_hd__a31oi_2 cells:        9
ABC RESULTS:   sky130_fd_sc_hd__a2111o_2 cells:       33
ABC RESULTS:   sky130_fd_sc_hd__or4_2 cells:       44
ABC RESULTS:   sky130_fd_sc_hd__a41o_2 cells:       11
ABC RESULTS:   sky130_fd_sc_hd__a311o_2 cells:       19
ABC RESULTS:   sky130_fd_sc_hd__o21bai_2 cells:       13
ABC RESULTS:   sky130_fd_sc_hd__nor4_2 cells:        6
ABC RESULTS:   sky130_fd_sc_hd__and2b_2 cells:       81
ABC RESULTS:   sky130_fd_sc_hd__a211oi_2 cells:       12
ABC RESULTS:   sky130_fd_sc_hd__o21ba_2 cells:       30
ABC RESULTS:   sky130_fd_sc_hd__a221o_2 cells:      242
ABC RESULTS:   sky130_fd_sc_hd__o31a_2 cells:       79
ABC RESULTS:   sky130_fd_sc_hd__or2b_2 cells:      155
ABC RESULTS:   sky130_fd_sc_hd__or3_2 cells:       81
ABC RESULTS:   sky130_fd_sc_hd__a21bo_2 cells:       41
ABC RESULTS:   sky130_fd_sc_hd__nor3_2 cells:       12
ABC RESULTS:   sky130_fd_sc_hd__o31ai_2 cells:       25
ABC RESULTS:   sky130_fd_sc_hd__xor2_2 cells:      300
ABC RESULTS:   sky130_fd_sc_hd__xnor2_2 cells:     1236
ABC RESULTS:   sky130_fd_sc_hd__and3b_2 cells:       20
ABC RESULTS:   sky130_fd_sc_hd__or3b_2 cells:       13
ABC RESULTS:   sky130_fd_sc_hd__o221a_2 cells:      323
ABC RESULTS:   sky130_fd_sc_hd__a22o_2 cells:      478
ABC RESULTS:   sky130_fd_sc_hd__a21boi_2 cells:       26
ABC RESULTS:   sky130_fd_sc_hd__and4b_2 cells:       12
ABC RESULTS:   sky130_fd_sc_hd__nor2_2 cells:     1113
ABC RESULTS:   sky130_fd_sc_hd__mux2_2 cells:     1447
ABC RESULTS:   sky130_fd_sc_hd__nand3_2 cells:       69
ABC RESULTS:   sky130_fd_sc_hd__and4_2 cells:       19
ABC RESULTS:   sky130_fd_sc_hd__a21o_2 cells:      460
ABC RESULTS:   sky130_fd_sc_hd__o21ai_2 cells:      220
ABC RESULTS:   sky130_fd_sc_hd__or2_2 cells:     2643
ABC RESULTS:   sky130_fd_sc_hd__a32o_2 cells:       62
ABC RESULTS:   sky130_fd_sc_hd__nand2_2 cells:     1430
ABC RESULTS:   sky130_fd_sc_hd__buf_1 cells:     3663
ABC RESULTS:   sky130_fd_sc_hd__and3_2 cells:      145
ABC RESULTS:   sky130_fd_sc_hd__a2bb2o_2 cells:       81
ABC RESULTS:   sky130_fd_sc_hd__o211a_2 cells:     2045
ABC RESULTS:   sky130_fd_sc_hd__a21oi_2 cells:      297
ABC RESULTS:   sky130_fd_sc_hd__inv_2 cells:      266
ABC RESULTS:   sky130_fd_sc_hd__a31o_2 cells:      152
ABC RESULTS:   sky130_fd_sc_hd__o311a_2 cells:       20
ABC RESULTS:   sky130_fd_sc_hd__and2_2 cells:     1443
ABC RESULTS:   sky130_fd_sc_hd__o21a_2 cells:      972
ABC RESULTS:        internal signals:    17403
ABC RESULTS:           input signals:     3720
ABC RESULTS:          output signals:     3710
Removing temp directory.

55. Executing SETUNDEF pass (replace undef values with defined constants).

56. Executing HILOMAP pass (mapping to constant drivers).

57. Executing SPLITNETS pass (splitting up multi-bit signals).

58. Executing OPT_CLEAN pass (remove unused cells and wires).
Finding unused cells or wires in module \salsa20..
Removed 88 unused cells and 25078 unused wires.
<suppressed ~1763 debug messages>

59. Executing INSBUF pass (insert buffer cells for connected wires).

60. Executing CHECK pass (checking for obvious problems).
Checking module salsa20...
Warning: Wire salsa20.\read_data [31] is used but has no driver.
Warning: Wire salsa20.\read_data [30] is used but has no driver.
Warning: Wire salsa20.\read_data [29] is used but has no driver.
Warning: Wire salsa20.\read_data [28] is used but has no driver.
Warning: Wire salsa20.\read_data [27] is used but has no driver.
Warning: Wire salsa20.\read_data [26] is used but has no driver.
Warning: Wire salsa20.\read_data [25] is used but has no driver.
Warning: Wire salsa20.\read_data [24] is used but has no driver.
Warning: Wire salsa20.\read_data [23] is used but has no driver.
Warning: Wire salsa20.\read_data [22] is used but has no driver.
Warning: Wire salsa20.\read_data [21] is used but has no driver.
Warning: Wire salsa20.\read_data [20] is used but has no driver.
Warning: Wire salsa20.\read_data [19] is used but has no driver.
Warning: Wire salsa20.\read_data [18] is used but has no driver.
Warning: Wire salsa20.\read_data [17] is used but has no driver.
Warning: Wire salsa20.\read_data [16] is used but has no driver.
Warning: Wire salsa20.\read_data [15] is used but has no driver.
Warning: Wire salsa20.\read_data [14] is used but has no driver.
Warning: Wire salsa20.\read_data [13] is used but has no driver.
Warning: Wire salsa20.\read_data [12] is used but has no driver.
Warning: Wire salsa20.\read_data [11] is used but has no driver.
Warning: Wire salsa20.\read_data [10] is used but has no driver.
Warning: Wire salsa20.\read_data [9] is used but has no driver.
Warning: Wire salsa20.\read_data [8] is used but has no driver.
Warning: Wire salsa20.\read_data [7] is used but has no driver.
Warning: Wire salsa20.\read_data [6] is used but has no driver.
Warning: Wire salsa20.\read_data [5] is used but has no driver.
Warning: Wire salsa20.\read_data [4] is used but has no driver.
Warning: Wire salsa20.\read_data [3] is used but has no driver.
Warning: Wire salsa20.\read_data [2] is used but has no driver.
Warning: Wire salsa20.\read_data [1] is used but has no driver.
Warning: Wire salsa20.\read_data [0] is used but has no driver.
Warning: Wire salsa20.\error is used but has no driver.
Found and reported 33 problems.

61. Printing statistics.

=== salsa20 ===

   Number of wires:              23646
   Number of wire bits:          23715
   Number of public wires:        3685
   Number of public wire bits:    3754
   Number of memories:               0
   Number of memory bits:            0
   Number of processes:              0
   Number of cells:              23671
     sky130_fd_sc_hd__a2111o_2      33
     sky130_fd_sc_hd__a2111oi_2      2
     sky130_fd_sc_hd__a211o_2       66
     sky130_fd_sc_hd__a211oi_2      12
     sky130_fd_sc_hd__a21bo_2       41
     sky130_fd_sc_hd__a21boi_2      26
     sky130_fd_sc_hd__a21o_2       460
     sky130_fd_sc_hd__a21oi_2      297
     sky130_fd_sc_hd__a221o_2      242
     sky130_fd_sc_hd__a221oi_2       2
     sky130_fd_sc_hd__a22o_2       478
     sky130_fd_sc_hd__a22oi_2        1
     sky130_fd_sc_hd__a2bb2o_2      81
     sky130_fd_sc_hd__a311o_2       19
     sky130_fd_sc_hd__a311oi_2       4
     sky130_fd_sc_hd__a31o_2       152
     sky130_fd_sc_hd__a31oi_2        9
     sky130_fd_sc_hd__a32o_2        62
     sky130_fd_sc_hd__a41o_2        11
     sky130_fd_sc_hd__and2_2      1443
     sky130_fd_sc_hd__and2b_2       81
     sky130_fd_sc_hd__and3_2       145
     sky130_fd_sc_hd__and3b_2       20
     sky130_fd_sc_hd__and4_2        19
     sky130_fd_sc_hd__and4b_2       12
     sky130_fd_sc_hd__and4bb_2       5
     sky130_fd_sc_hd__buf_1       3663
     sky130_fd_sc_hd__buf_2          1
     sky130_fd_sc_hd__dfxtp_2     3677
     sky130_fd_sc_hd__inv_2        266
     sky130_fd_sc_hd__mux2_2      1447
     sky130_fd_sc_hd__nand2_2     1430
     sky130_fd_sc_hd__nand2b_2       5
     sky130_fd_sc_hd__nand3_2       69
     sky130_fd_sc_hd__nand3b_2      11
     sky130_fd_sc_hd__nand4_2        5
     sky130_fd_sc_hd__nor2_2      1113
     sky130_fd_sc_hd__nor3_2        12
     sky130_fd_sc_hd__nor3b_2        3
     sky130_fd_sc_hd__nor4_2         6
     sky130_fd_sc_hd__o2111a_2       1
     sky130_fd_sc_hd__o2111ai_2      1
     sky130_fd_sc_hd__o211a_2     2045
     sky130_fd_sc_hd__o211ai_2       9
     sky130_fd_sc_hd__o21a_2       972
     sky130_fd_sc_hd__o21ai_2      220
     sky130_fd_sc_hd__o21ba_2       30
     sky130_fd_sc_hd__o21bai_2      13
     sky130_fd_sc_hd__o221a_2      323
     sky130_fd_sc_hd__o221ai_2       5
     sky130_fd_sc_hd__o22a_2         4
     sky130_fd_sc_hd__o2bb2a_2       2
     sky130_fd_sc_hd__o311a_2       20
     sky130_fd_sc_hd__o311ai_2       1
     sky130_fd_sc_hd__o31a_2        79
     sky130_fd_sc_hd__o31ai_2       25
     sky130_fd_sc_hd__o32a_2         5
     sky130_fd_sc_hd__o32ai_2        1
     sky130_fd_sc_hd__or2_2       2643
     sky130_fd_sc_hd__or2b_2       155
     sky130_fd_sc_hd__or3_2         81
     sky130_fd_sc_hd__or3b_2        13
     sky130_fd_sc_hd__or4_2         44
     sky130_fd_sc_hd__or4b_2        11
     sky130_fd_sc_hd__or4bb_2        1
     sky130_fd_sc_hd__xnor2_2     1236
     sky130_fd_sc_hd__xor2_2       300

   Chip area for module '\salsa20': 239926.358400

62. Executing Verilog backend.
Dumping module `\salsa20'.

Warnings: 33 unique messages, 33 total
End of script. Logfile hash: 3451b60aa8, CPU: user 14.07s system 0.17s, MEM: 125.05 MB peak
Yosys 0.30+48 (git sha1 14d50a176d5, gcc 8.3.1 -fPIC -Os)
Time spent: 92% 2x abc (176 sec), 1% 2x write_verilog (3 sec), ...
